time,type,mark
1.3598638079378191,0,1.0
1.364815473585083,0,1.0
8.775795445811694,0,1.0
9.343069111878421,0,1.0
9.597371333301853,0,1.0
10.661637016575986,0,1.0
10.670837055259678,0,1.0
15.037403747720536,0,1.0
15.090094102910298,1,1.0
15.180730512619265,0,1.0
18.57322968574239,0,1.0
20.124352049256974,1,1.0
20.156971481304478,1,1.0
23.287242990654796,0,1.0
23.35712867416102,0,1.0
23.615953606982263,0,1.0
23.970458544151345,1,1.0
23.998006505098253,1,1.0
24.04428767723475,1,1.0
24.22177757161353,0,1.0
25.044611527436693,1,1.0
27.695735170254366,0,1.0
27.920392155898764,1,1.0
29.950582312014678,1,1.0
30.40195671475185,1,1.0
39.75697791290783,0,1.0
41.228853555026014,1,1.0
41.56918360224112,1,1.0
42.57527447675401,0,1.0
42.961349253763636,0,1.0
44.29399016849751,0,1.0
44.54310588119011,0,1.0
44.66496115659983,1,1.0
44.744851135548345,0,1.0
44.830454545764205,0,1.0
44.841448595492835,0,1.0
45.49612722789981,1,1.0
49.44348274046379,0,1.0
49.52240496397111,1,1.0
49.580878218835885,0,1.0
49.746898860836,1,1.0
49.90372404991159,0,1.0
49.91723814979525,1,1.0
51.471248877906405,1,1.0
52.68318246420818,0,1.0
61.07354590125517,0,1.0
64.28052061366306,0,1.0
69.88345721801763,1,1.0
70.16048745611641,1,1.0
71.20981653080598,1,1.0
72.66328163907323,1,1.0
72.81101422673774,0,1.0
73.2705498499134,1,1.0
74.65211323050437,0,1.0
74.96789364913145,1,1.0
75.06464385076872,1,1.0
75.37879814605648,0,1.0
77.07565419099494,0,1.0
81.50487649107923,0,1.0
81.5297292944258,0,1.0
82.12245274119401,0,1.0
82.18912963383441,0,1.0
82.24002756679369,1,1.0
82.41951591730685,1,1.0
89.25953088817609,1,1.0
90.21303805221358,1,1.0
90.45757773147419,1,1.0
96.29557285528816,1,1.0
96.4273104622725,1,1.0
96.50449917335257,1,1.0
96.579023992021,1,1.0
96.57909264224227,1,1.0
96.90217969668282,1,1.0
100.33598341261727,1,1.0
105.58934943783375,1,1.0
105.80132396624931,1,1.0
106.15437633332117,1,1.0
106.24614044679451,1,1.0
106.3070716459097,1,1.0
106.5134088541592,0,1.0
108.46286818743722,0,1.0
111.07434661036596,0,1.0
113.37133919352824,0,1.0
114.50130447835586,1,1.0
114.73666888534093,0,1.0
114.87473673676337,1,1.0
114.98870985988414,1,1.0
114.99073450859123,0,1.0
115.0105451773971,1,1.0
115.09346138885742,0,1.0
115.1104401500594,0,1.0
115.34360296176418,0,1.0
117.0482820397125,1,1.0
117.17574513001406,0,1.0
117.18361366479317,1,1.0
117.32805012334894,1,1.0
117.91906480681033,0,1.0
117.9205994777105,1,1.0
117.94160127717593,0,1.0
118.00620847779494,0,1.0
118.49188167942457,0,1.0
118.96959998904457,0,1.0
121.54390556493958,1,1.0
123.59572910000908,1,1.0
124.01076166269193,1,1.0
131.43761669923478,0,1.0
131.44176409743443,0,1.0
134.28643697337955,1,1.0
141.35290995584637,1,1.0
143.0272021369538,0,1.0
146.98716877610948,0,1.0
149.90684797276336,0,1.0
150.00703714676231,1,1.0
150.13535770551655,1,1.0
150.17742857183367,1,1.0
150.23113704343896,0,1.0
151.54004309902663,0,1.0
151.81889260577623,1,1.0
152.28755729935932,1,1.0
152.30786288006956,1,1.0
152.59833093781018,0,1.0
152.63946918417886,1,1.0
153.0042566314219,0,1.0
153.42742410588463,0,1.0
153.745317960855,1,1.0
153.77803195923315,1,1.0
154.55595563651235,0,1.0
156.8703209921016,0,1.0
157.7592056389632,1,1.0
158.85661233384397,1,1.0
159.90809981753975,1,1.0
161.2398148943351,1,1.0
161.46157508206963,1,1.0
161.4714284863694,1,1.0
164.94695245362132,1,1.0
165.16574126882495,0,1.0
165.4673671510757,0,1.0
165.52831915822804,1,1.0
165.6303876307342,1,1.0
166.4912307643008,1,1.0
166.57703614418574,0,1.0
166.6871176426844,1,1.0
166.72024618616598,1,1.0
166.7700895493362,0,1.0
166.81014715607094,1,1.0
166.8745021243891,0,1.0
166.93021781785927,1,1.0
167.07581932267755,1,1.0
167.1083620510375,0,1.0
167.35881957667232,1,1.0
167.40815578541373,0,1.0
168.50779781330775,0,1.0
168.5598197584531,0,1.0
168.58427910298496,0,1.0
168.7239787560321,0,1.0
168.7502772768546,0,1.0
168.77578800989502,0,1.0
168.80606009709774,0,1.0
171.28337617557546,0,1.0
171.72880230270098,0,1.0
171.73647753452056,0,1.0
174.00495651991616,1,1.0
174.26592375622505,1,1.0
174.42666816023882,1,1.0
174.42870042569842,1,1.0
176.02069060861922,1,1.0
176.02266113918043,0,1.0
176.09551997747332,1,1.0
176.117098224134,1,1.0
176.16757672995146,1,1.0
176.4926319491008,1,1.0
177.24213184690353,1,1.0
177.62620029151827,1,1.0
179.65155469270516,1,1.0
179.68371426209535,0,1.0
180.96602387999081,1,1.0
181.0283120375745,0,1.0
185.70425563977176,0,1.0
186.4138864869609,1,1.0
186.66016215458617,0,1.0
187.458124925535,0,1.0
187.62991615061318,1,1.0
187.90048495683453,0,1.0
189.14651461871364,0,1.0
189.29818174900268,0,1.0
189.37401911916558,1,1.0
191.10361380841965,0,1.0
191.10924314295696,0,1.0
191.25064611731102,0,1.0
191.6475893232837,0,1.0
192.36858766116978,0,1.0
193.0857491941307,0,1.0
194.5472241498382,0,1.0
194.6707087295054,1,1.0
196.0846483946454,0,1.0
196.27037201050652,1,1.0
196.46837884771443,0,1.0
199.5817904776466,0,1.0
202.96770341310116,1,1.0
203.4852114542453,1,1.0
203.5457877373105,1,1.0
203.5872951650023,1,1.0
203.61259947999838,1,1.0
203.67113418555817,0,1.0
203.69682980635744,1,1.0
203.84482694592901,1,1.0
207.56230347894493,1,1.0
207.73670677978282,1,1.0
207.95532810255187,1,1.0
208.5450994996491,1,1.0
211.92419475393768,1,1.0
211.96368601870586,1,1.0
212.07705950028628,1,1.0
213.23203570963963,0,1.0
215.2596936907116,1,1.0
215.6315300368381,1,1.0
218.6061554569554,0,1.0
218.6932893385358,0,1.0
218.72421947921126,0,1.0
218.841794933625,0,1.0
218.9130080612476,0,1.0
218.95571620528986,0,1.0
219.06207629227094,1,1.0
219.19092985119065,1,1.0
221.91639757420228,1,1.0
222.02642056845153,0,1.0
222.0627850000582,1,1.0
223.5457440884544,0,1.0
224.35847190408194,0,1.0
224.5804480793675,0,1.0
224.63137746334738,0,1.0
226.73523832278642,0,1.0
227.34247752745227,0,1.0
228.00715582859013,1,1.0
228.03224432061188,0,1.0
228.2208496820696,0,1.0
228.62573218447412,1,1.0
229.3480827155107,1,1.0
229.66289555093635,0,1.0
235.19601249828926,0,1.0
235.25349808852016,0,1.0
235.4120612821678,1,1.0
235.46381443877434,1,1.0
235.5421364029318,0,1.0
235.63099848468875,1,1.0
235.6984073348689,1,1.0
235.96372826231342,1,1.0
235.96648309646878,1,1.0
236.14144027991074,1,1.0
238.17186554355604,1,1.0
239.3957731683975,0,1.0
239.63419107904596,1,1.0
240.17208748770457,1,1.0
242.78535648939624,0,1.0
243.46391772281862,0,1.0
243.5174982585559,0,1.0
245.56605403295148,1,1.0
246.8158934978431,0,1.0
247.05950028041647,0,1.0
247.62085142494777,0,1.0
250.4261644287265,1,1.0
255.82408977747417,0,1.0
255.92508165210276,0,1.0
256.4623855880984,0,1.0
256.6054475531627,1,1.0
264.97597353111234,0,1.0
265.4101032290661,0,1.0
265.54393598271463,1,1.0
265.84185434401843,0,1.0
271.4016591027232,0,1.0
271.46987640443024,1,1.0
271.5085420193087,1,1.0
273.28004995105385,1,1.0
273.8503581584715,1,1.0
274.7097830325167,1,1.0
275.7942263652146,0,1.0
276.58190326338223,0,1.0
277.2695311711835,1,1.0
277.3988278802784,0,1.0
277.59268567858413,0,1.0
277.6343124924655,0,1.0
277.6345255466842,1,1.0
277.68937100406777,1,1.0
277.79904382760765,0,1.0
277.8035245553994,0,1.0
277.8072171693572,0,1.0
277.85093605034376,0,1.0
277.8874231688785,0,1.0
278.19077475058003,1,1.0
278.20370431092994,1,1.0
278.28029454850565,1,1.0
278.3107526981191,0,1.0
278.4265325249482,1,1.0
278.4856848500129,1,1.0
278.5621993309511,1,1.0
278.71804394560723,1,1.0
278.7778777014333,1,1.0
279.3376138477246,0,1.0
279.3773344644187,0,1.0
279.3993599478879,1,1.0
279.55863419981455,1,1.0
279.6076394865231,0,1.0
279.7302732264046,1,1.0
279.963366554522,1,1.0
279.96706890241586,0,1.0
283.57763417506476,1,1.0
285.0733168019152,1,1.0
285.09963470460525,1,1.0
285.3489877809919,0,1.0
286.4859857898306,0,1.0
287.7813768043236,1,1.0
291.28541729053114,0,1.0
291.36129504233463,0,1.0
291.5181845028793,0,1.0
291.5679509246583,0,1.0
291.7277189629067,1,1.0
291.8306313937362,0,1.0
291.97916278835635,0,1.0
291.98527928072883,1,1.0
292.07484652625425,0,1.0
292.15939615167605,0,1.0
292.1682927964653,1,1.0
292.4122392670083,0,1.0
292.4433237496401,0,1.0
292.5464007174205,1,1.0
292.9300579698149,1,1.0
294.01941634883195,0,1.0
298.3181155285845,1,1.0
298.32004784284953,1,1.0
298.6512598873474,0,1.0
298.68997484941184,1,1.0
299.5423109905062,0,1.0
300.03837675475916,0,1.0
300.2732604551976,0,1.0
300.46286736153775,1,1.0
300.67819573996684,1,1.0
310.13262679958854,0,1.0
317.5008405571334,0,1.0
317.69799243102096,0,1.0
320.0121306698135,0,1.0
320.14702782349127,1,1.0
320.4345831002117,0,1.0
322.2076606281029,0,1.0
322.9915818870468,1,1.0
326.1400997219407,0,1.0
326.2966517011816,1,1.0
326.3836899886836,0,1.0
326.47670231953117,1,1.0
326.6452612000589,1,1.0
326.6564418817828,0,1.0
326.9190565321938,1,1.0
328.87040483458486,0,1.0
328.9084209427134,0,1.0
333.44938292061397,1,1.0
334.5646638795937,0,1.0
334.69973732251736,1,1.0
334.79341539005645,1,1.0
334.86512674216493,0,1.0
334.8703962628882,1,1.0
334.9351200649156,1,1.0
335.03418163658046,1,1.0
335.0982327870422,0,1.0
335.178869764408,0,1.0
335.1814817452602,0,1.0
335.1870447133355,1,1.0
335.251355980318,0,1.0
335.25178018951357,1,1.0
335.2782215612454,1,1.0
335.29714421094025,1,1.0
335.320113342101,1,1.0
335.64364985154447,1,1.0
335.70955916992745,1,1.0
335.71033439526803,1,1.0
335.713640449284,1,1.0
335.7615318003117,0,1.0
335.78338541184576,1,1.0
335.8027438652681,1,1.0
335.8634168385604,0,1.0
336.2962943620243,0,1.0
336.51673098824875,0,1.0
336.7609761064827,0,1.0
336.8474285350607,1,1.0
338.5210405028368,0,1.0
338.5496910278688,0,1.0
338.63023175359695,0,1.0
338.7949968976484,1,1.0
341.38209482404164,0,1.0
341.57063036860455,0,1.0
341.5817485398315,0,1.0
341.61500896470193,0,1.0
341.6443020130813,0,1.0
341.73637965085686,0,1.0
341.73692903663755,0,1.0
341.78996123606396,0,1.0
341.87723193709405,1,1.0
341.932824886568,1,1.0
342.061625694446,1,1.0
342.0995548333413,1,1.0
342.16470655749515,0,1.0
342.1881099243988,1,1.0
342.1912470183849,0,1.0
342.2152473314736,0,1.0
342.24908701608484,0,1.0
342.32799157520697,0,1.0
342.3401955788281,0,1.0
342.351725166787,0,1.0
342.50711830519435,0,1.0
342.64159652191614,0,1.0
343.0389161404162,1,1.0
343.13863167998977,1,1.0
343.2283232182459,1,1.0
343.46612769532805,1,1.0
343.96068399151994,1,1.0
348.61361971169,0,1.0
348.7285941605014,1,1.0
356.9363293142237,1,1.0
358.07044184290015,0,1.0
358.175361570838,1,1.0
358.34633179091634,1,1.0
358.3728198375587,1,1.0
363.8213047445448,0,1.0
364.1094163331604,0,1.0
369.9430616168192,0,1.0
370.09562723020315,0,1.0
370.43846443884087,0,1.0
370.44986505541067,1,1.0
370.47758555748374,1,1.0
370.5154962939354,0,1.0
370.5638904001835,1,1.0
370.60406117032295,0,1.0
370.66507702416055,1,1.0
370.74293722651737,1,1.0
370.7487200079819,0,1.0
370.81700695666416,1,1.0
370.82202525782174,0,1.0
370.89421141414687,0,1.0
370.92793776132936,0,1.0
370.9881776721298,1,1.0
371.0446720514127,0,1.0
371.091832650757,0,1.0
371.11154873984276,1,1.0
371.1939597508016,1,1.0
371.3115283518275,1,1.0
371.51321629767807,0,1.0
371.5356237480781,0,1.0
371.60559655284686,1,1.0
371.70176900980226,1,1.0
371.7652056985214,1,1.0
371.9821775565389,1,1.0
371.9896100591964,1,1.0
371.9917464598286,0,1.0
371.9931693664094,1,1.0
372.1970781072905,0,1.0
372.2201277644285,0,1.0
372.249679246812,1,1.0
374.95287712531194,0,1.0
375.0052622383161,0,1.0
375.1221759763769,0,1.0
375.4706920326643,1,1.0
376.7564335910875,0,1.0
377.8438295485788,0,1.0
378.61899405526293,0,1.0
378.7721408760686,0,1.0
378.8797766828206,0,1.0
384.64289167900336,0,1.0
384.7800422910177,0,1.0
385.67458284550634,0,1.0
385.7032037020116,0,1.0
385.86636297233144,1,1.0
388.4525585396966,0,1.0
388.65244982382495,1,1.0
388.6751844944763,1,1.0
388.7226564538406,0,1.0
388.83678662421227,1,1.0
389.2234096930088,0,1.0
392.98881427535156,1,1.0
398.70938553419626,1,1.0
399.8991505142432,1,1.0
402.8587841060152,1,1.0
403.20388899587124,0,1.0
403.2361138091689,1,1.0
403.2721375582659,0,1.0
403.28524974099787,1,1.0
403.33732786002264,1,1.0
403.352502518565,1,1.0
403.3565397316503,0,1.0
403.4216475724298,1,1.0
403.43218830384797,1,1.0
403.4961555481909,0,1.0
403.51682070189355,0,1.0
403.54070049153205,0,1.0
403.5650991677604,1,1.0
403.57260931835117,0,1.0
403.6706225708853,0,1.0
404.1342863791285,1,1.0
404.3488004542578,1,1.0
405.91833474714923,0,1.0
409.0370467690017,0,1.0
409.54976514107034,1,1.0
412.30972021220634,1,1.0
412.6191221877057,0,1.0
412.7159688038224,0,1.0
412.8703230807431,1,1.0
412.96981731037056,1,1.0
412.9744319521978,1,1.0
412.9888655096269,0,1.0
413.0310073244423,1,1.0
413.1364273819065,0,1.0
418.7978945188215,1,1.0
418.93025473181655,1,1.0
418.96599039992964,0,1.0
420.2178563103886,0,1.0
420.40444690769306,0,1.0
420.7164325383942,1,1.0
421.2481494706446,1,1.0
423.343592904043,0,1.0
424.28470705154945,1,1.0
426.5597138322489,1,1.0
426.5941661580819,1,1.0
426.61341875703744,0,1.0
426.8797466629092,1,1.0
427.1026343349733,1,1.0
427.16290043905695,0,1.0
429.3400820295214,1,1.0
429.50092839011506,1,1.0
438.6488584845962,0,1.0
439.4954440559054,1,1.0
439.9004500850704,1,1.0
442.11705800197905,1,1.0
443.5474003270189,0,1.0
443.78772883550516,1,1.0
443.9378765869737,0,1.0
443.9649312054093,1,1.0
444.1285994087817,0,1.0
445.3107585672871,0,1.0
445.3428970845503,0,1.0
445.405426428673,0,1.0
445.53562364485043,0,1.0
445.56502991595096,0,1.0
445.6205069483776,0,1.0
445.6569477539177,0,1.0
445.6684245182489,1,1.0
445.69427155190533,0,1.0
445.6977709063475,0,1.0
445.73742325844023,0,1.0
445.7538616201192,0,1.0
445.7580946831217,0,1.0
445.8146281697242,0,1.0
445.8838593480619,0,1.0
445.90205495387926,1,1.0
445.90405562237936,0,1.0
445.9299498958627,0,1.0
446.11844869845527,1,1.0
446.1215670435417,0,1.0
446.39519897229036,1,1.0
446.43040383499397,0,1.0
446.4804925787655,0,1.0
446.5227908502668,1,1.0
446.53190029083504,0,1.0
446.5322772246321,1,1.0
446.9012081081196,1,1.0
447.0130677231537,1,1.0
447.4072087460341,1,1.0
447.5982361733492,1,1.0
447.7076317197324,1,1.0
450.57171417968124,0,1.0
450.6938061406359,0,1.0
450.750028675913,0,1.0
450.9027994528837,1,1.0
452.0922134789153,0,1.0
452.09824379593255,1,1.0
452.4428620330315,1,1.0
452.6542479947498,0,1.0
452.7585511496627,1,1.0
452.80734227240276,0,1.0
452.83647342757337,1,1.0
452.85404887772756,1,1.0
452.88100025141574,0,1.0
452.90130856898264,0,1.0
453.0110697793164,0,1.0
453.016853162771,0,1.0
453.07152130789973,0,1.0
453.09727914573034,0,1.0
453.10489182271033,0,1.0
453.1180289552408,1,1.0
453.1371115069685,1,1.0
453.3473719649439,0,1.0
453.3782355996138,1,1.0
453.4079216875851,1,1.0
453.41327431920786,0,1.0
453.453890364101,0,1.0
453.51408507369706,1,1.0
453.6238902278089,1,1.0
453.6396059574997,0,1.0
454.2136788575647,0,1.0
454.4453482898819,0,1.0
454.7261675286537,0,1.0
454.8034762947701,1,1.0
454.86643269026524,0,1.0
454.8729253218477,1,1.0
455.7656065826247,1,1.0
455.868746493428,1,1.0
456.0766863214136,0,1.0
456.39074180223025,0,1.0
456.43860139259726,0,1.0
456.4434340805727,0,1.0
456.47122934248466,0,1.0
456.70898578670887,0,1.0
456.7719688630525,0,1.0
456.8480438778624,1,1.0
459.5735824445021,1,1.0
459.6415307181764,1,1.0
460.46131765259287,0,1.0
460.67020587250533,0,1.0
460.7350693285427,0,1.0
461.23996798738375,1,1.0
461.55392849148404,0,1.0
463.1107507887593,0,1.0
463.1360758372371,0,1.0
463.1937708821909,0,1.0
463.6214896052655,0,1.0
463.73898016571985,1,1.0
464.19590202831057,0,1.0
464.3880554898739,0,1.0
466.67732639201165,0,1.0
466.9113687902243,0,1.0
467.2281129735662,1,1.0
467.36982543478587,1,1.0
467.6700867389484,1,1.0
468.1082502222775,1,1.0
468.8004092305767,0,1.0
468.94772973633354,0,1.0
469.09911599606147,0,1.0
474.65720209783785,0,1.0
475.479676323448,0,1.0
475.8609138548029,1,1.0
478.3094422556274,1,1.0
478.39724244127603,1,1.0
478.4691757744174,1,1.0
479.5672502940565,1,1.0
479.6183374998247,1,1.0
479.8872830208023,1,1.0
479.8929989514884,1,1.0
479.96315461068014,0,1.0
480.0204032411332,0,1.0
480.1045882728717,0,1.0
480.1058751351734,1,1.0
480.12143152790856,0,1.0
480.18173492173855,0,1.0
480.29966768138047,0,1.0
480.30509702443595,0,1.0
480.3459515811704,0,1.0
480.34638503206077,0,1.0
480.3787214001907,0,1.0
480.39619895598105,1,1.0
480.47356503654873,1,1.0
481.06973676546136,1,1.0
481.14168613582854,1,1.0
481.18790188820526,1,1.0
481.2145387829627,0,1.0
481.9923990994255,0,1.0
482.02595172649495,0,1.0
485.35552175289837,1,1.0
487.49160629692784,0,1.0
487.8554203530539,0,1.0
487.9069474859902,0,1.0
487.92924510489104,0,1.0
488.2381313053893,1,1.0
488.59577955994666,1,1.0
488.69045545566195,0,1.0
488.7715060627851,1,1.0
488.7811182865965,0,1.0
488.8234311942793,0,1.0
488.891431194585,1,1.0
488.91657006895304,1,1.0
488.91777195849755,0,1.0
489.08910228710937,1,1.0
491.95879097310035,1,1.0
492.10197780018535,1,1.0
492.1602260272539,1,1.0
492.9014846818558,1,1.0
493.22894983708954,1,1.0
498.1390159181788,1,1.0
498.19299267793485,1,1.0
498.6352915064858,1,1.0
499.7962023338003,0,1.0
500.42129607938955,0,1.0
500.77099165925847,1,1.0
502.0549395918181,1,1.0
502.06271104741967,0,1.0
502.1790987607601,1,1.0
502.2838226637031,1,1.0
504.77238657636946,1,1.0
504.77367801985787,1,1.0
504.85368735375505,1,1.0
505.2375016241431,1,1.0
507.09061696613503,1,1.0
507.17262360400395,0,1.0
507.37725050627546,0,1.0
507.38726390380776,1,1.0
507.411826610261,1,1.0
507.43150174916684,0,1.0
507.49951509506315,1,1.0
507.5020533651165,1,1.0
507.5412718392285,1,1.0
507.5625210562694,0,1.0
507.5989448860214,1,1.0
507.6585643586907,1,1.0
507.65995182251106,1,1.0
507.6671203556448,0,1.0
507.854200191183,1,1.0
507.9455702866527,0,1.0
509.41724105052845,1,1.0
512.258925561251,0,1.0
512.5639359702175,1,1.0
513.2746844836671,1,1.0
514.1518539591997,0,1.0
515.352822425991,1,1.0
515.5551936753934,1,1.0
517.2345882148396,0,1.0
517.3011014669526,1,1.0
517.3011560546892,0,1.0
517.5630544025058,1,1.0
517.6382515119707,1,1.0
517.700132303373,1,1.0
517.7216162260171,1,1.0
518.0751029769616,1,1.0
518.4410618642702,1,1.0
518.5053140006115,1,1.0
518.5096821559961,0,1.0
518.6099168420352,0,1.0
519.1535662971922,1,1.0
519.9829651441246,0,1.0
521.2965931887948,1,1.0
521.5275015672815,1,1.0
525.0759235267452,0,1.0
525.1802733001033,0,1.0
526.5692576092006,1,1.0
527.1218860274903,1,1.0
537.8960146312879,1,1.0
538.9653589040543,1,1.0
540.4616941648219,0,1.0
540.5006918765674,0,1.0
541.3985794300925,1,1.0
541.4503188223844,1,1.0
541.5460035327426,1,1.0
541.5847713450098,1,1.0
541.7575429278273,1,1.0
543.0655041319659,0,1.0
543.0831074255858,0,1.0
543.1421568508582,0,1.0
543.3327914032708,1,1.0
543.53073898586,0,1.0
543.7965843778007,1,1.0
544.4939374677685,0,1.0
549.5291999524816,1,1.0
549.6240020655615,1,1.0
551.1194182371075,1,1.0
553.4265688231084,0,1.0
556.4350924896288,0,1.0
557.587737403182,0,1.0
557.9824457097847,0,1.0
565.4814650250123,1,1.0
566.1350539933162,1,1.0
566.2551500432623,0,1.0
566.2832594423561,1,1.0
566.3520372739109,1,1.0
566.374375448371,0,1.0
566.6226357294751,0,1.0
566.6312040955777,0,1.0
567.7857086268233,0,1.0
568.0374411604034,0,1.0
569.2173634362578,1,1.0
569.9550060647676,0,1.0
570.7430750872533,0,1.0
570.7546400549979,0,1.0
570.8143841588197,1,1.0
571.5082827714707,0,1.0
571.6970859647844,1,1.0
573.3749988111878,1,1.0
573.911392154465,0,1.0
573.9384702335224,1,1.0
574.0761628815811,1,1.0
574.1793100539063,1,1.0
576.5387110556562,0,1.0
576.8120953923267,0,1.0
576.9016317489164,0,1.0
576.9067864004029,0,1.0
576.9085156538296,0,1.0
577.0677979199083,0,1.0
577.0834708671479,0,1.0
577.2480831390054,1,1.0
577.5277610080312,0,1.0
577.5744466399917,1,1.0
578.1970607011499,0,1.0
579.8377344034768,0,1.0
579.8829749145301,1,1.0
579.8934260398252,0,1.0
579.9296296206317,1,1.0
580.0454627818236,0,1.0
580.1489936178249,0,1.0
580.2428769494346,0,1.0
580.3394027065069,1,1.0
580.4468252543052,1,1.0
580.4999161696685,1,1.0
580.5023042902283,0,1.0
580.5050174302984,1,1.0
580.7200745976393,0,1.0
581.2970423984282,0,1.0
586.7545531048257,0,1.0
587.9786072097598,0,1.0
588.2191934172241,1,1.0
588.2607543871346,1,1.0
591.4152240019556,1,1.0
591.844859210203,0,1.0
597.2152077446452,1,1.0
599.0365847995469,0,1.0
599.2817595166872,0,1.0
599.5442603308459,1,1.0
599.6426126990469,1,1.0
600.6654518097127,0,1.0
601.8561422108872,0,1.0
601.9034083346497,1,1.0
601.9710256285401,1,1.0
602.0200988452273,0,1.0
602.214669274535,1,1.0
602.2359018947922,1,1.0
603.1516401895534,1,1.0
603.4139835606051,0,1.0
603.4860543396954,0,1.0
603.6062856869803,1,1.0
603.80986102702,0,1.0
603.9693727541824,0,1.0
603.9694743567146,0,1.0
604.010221288912,0,1.0
604.0228361347926,0,1.0
604.1203151506819,0,1.0
604.1210542079376,0,1.0
604.1561336113275,1,1.0
604.1699549281099,0,1.0
604.2888233400099,0,1.0
604.3857984283317,0,1.0
604.4114444495373,1,1.0
604.4512809520813,1,1.0
604.5004808322134,1,1.0
604.5142924097944,1,1.0
604.5388670169734,1,1.0
604.5559839640607,1,1.0
604.8218628766957,0,1.0
604.8239834932205,1,1.0
604.8497923958988,0,1.0
604.8745420095725,1,1.0
604.9679372582021,0,1.0
605.0639776092512,1,1.0
605.1768357179049,1,1.0
605.2026947072343,0,1.0
606.8218460623071,0,1.0
607.0189887549172,1,1.0
607.1950175086246,1,1.0
607.198323273127,0,1.0
607.4220452392196,0,1.0
607.5212401734557,1,1.0
607.6103327955626,0,1.0
607.7085271374301,0,1.0
607.8131613519313,1,1.0
607.8874709027791,1,1.0
607.9931450661348,0,1.0
608.0552689886165,0,1.0
608.1082320622116,0,1.0
608.1715202128116,1,1.0
608.1973226068428,1,1.0
608.2564941830759,1,1.0
608.4435612732071,0,1.0
608.5205135853072,0,1.0
608.5744722433117,1,1.0
610.4668711477474,0,1.0
611.3540344374762,1,1.0
613.3726968931629,1,1.0
613.8980850118504,1,1.0
614.1106434337669,1,1.0
614.2717267138663,0,1.0
617.4978864593689,0,1.0
618.4095951409151,1,1.0
618.7477820397351,0,1.0
620.7786201058948,0,1.0
620.9661534498824,1,1.0
623.7244006233751,1,1.0
625.5868020857697,1,1.0
625.6216520730333,1,1.0
626.0595123094648,0,1.0
629.4763197712131,0,1.0
629.7075503279132,1,1.0
633.9340902553128,0,1.0
634.0214132463211,1,1.0
634.1005531714761,1,1.0
634.1330115554271,0,1.0
634.3015575604106,0,1.0
634.681596338519,0,1.0
638.9106200665946,1,1.0
639.2591544991176,1,1.0
640.0372522434291,1,1.0
643.7146395339788,0,1.0
650.205677014574,1,1.0
651.0181946714215,0,1.0
652.9328093629645,1,1.0
653.0000459628069,0,1.0
658.6698002573174,0,1.0
659.692518386576,1,1.0
659.7165657676313,1,1.0
660.3329164382998,0,1.0
660.4221924388542,0,1.0
661.1538774199138,1,1.0
662.3450181649051,0,1.0
662.6241621436175,0,1.0
663.10351595149,0,1.0
663.9882991809532,1,1.0
664.6202166298008,0,1.0
664.9135175316153,1,1.0
669.005070963881,0,1.0
669.0925843559678,0,1.0
670.8449815477445,0,1.0
670.9085626341946,0,1.0
671.3867982300355,0,1.0
674.5617775133396,0,1.0
675.3153671004296,0,1.0
675.4131291662999,0,1.0
675.528409419114,1,1.0
675.5370219240324,1,1.0
675.5843207800797,0,1.0
675.6303276028527,1,1.0
675.7090765446702,0,1.0
675.9682834276848,0,1.0
676.05681175498,1,1.0
676.0660061695207,1,1.0
677.4582851684495,0,1.0
677.8974099801844,0,1.0
678.6843255596556,1,1.0
679.0094536255423,1,1.0
679.0800661562978,1,1.0
679.1206546028213,1,1.0
680.8380209475807,0,1.0
680.8821611415972,1,1.0
680.9237160990938,1,1.0
680.9463198050545,1,1.0
682.9710440777566,0,1.0
683.3676496196837,0,1.0
683.4240107159081,0,1.0
683.5916305585803,0,1.0
683.8021597297626,0,1.0
685.723839299329,0,1.0
685.8405533532742,1,1.0
685.9604380296191,1,1.0
685.9781622435892,0,1.0
686.0136865288266,1,1.0
686.0665020408937,1,1.0
686.1386659107508,1,1.0
686.1510867604827,1,1.0
686.1539202524822,0,1.0
686.2531389497868,1,1.0
686.2833981860313,1,1.0
686.2835636076408,1,1.0
686.4293661455248,0,1.0
686.5226139158907,0,1.0
686.6369721043733,0,1.0
686.6629864702167,0,1.0
686.6876822360751,0,1.0
686.7908854903638,0,1.0
686.8204731812666,0,1.0
686.9072807575516,0,1.0
687.5336445463563,0,1.0
687.669041284287,1,1.0
687.9578173348035,1,1.0
688.2509477761851,1,1.0
688.5729962722493,1,1.0
688.6739773542771,0,1.0
688.7186555886178,1,1.0
688.761636671921,1,1.0
688.8622465861099,0,1.0
688.9861370839607,0,1.0
697.0840061794323,0,1.0
697.1133639934552,1,1.0
697.1359718494234,0,1.0
697.1678191008926,0,1.0
697.2123148773587,0,1.0
697.3823485001537,1,1.0
700.6471317106859,1,1.0
702.6442281529115,0,1.0
703.33465601709,0,1.0
707.9780037044806,1,1.0
708.6949584113819,1,1.0
708.7923361630696,1,1.0
708.863177091223,1,1.0
710.6052496164266,1,1.0
710.6237706082131,1,1.0
711.306585969949,1,1.0
711.4033834057358,1,1.0
711.8872915120967,1,1.0
712.7905886501384,1,1.0
713.0833267740651,0,1.0
717.1255097907969,0,1.0
719.9279620259932,0,1.0
720.8333750690512,1,1.0
723.2464424550188,1,1.0
723.5053110015764,1,1.0
723.8893912805521,1,1.0
723.9159892055247,1,1.0
723.9514038542065,1,1.0
724.0134798029255,1,1.0
724.0874698184832,0,1.0
724.1365181048839,1,1.0
724.2257893397535,1,1.0
724.2365732772207,1,1.0
726.7276421992105,0,1.0
730.0567125401766,0,1.0
732.8649052311372,0,1.0
732.8691636863789,1,1.0
732.8804555333639,1,1.0
732.882787816409,1,1.0
732.9789598708107,0,1.0
733.3309849479222,1,1.0
733.7230711717776,0,1.0
733.8046005730723,0,1.0
733.8270793210295,0,1.0
733.836338293633,1,1.0
733.8374702512248,1,1.0
733.8578622670029,1,1.0
733.9833802472986,0,1.0
734.0723855604739,1,1.0
734.177864202837,1,1.0
734.1926135501518,1,1.0
734.2930081401028,1,1.0
735.452413836691,0,1.0
735.5900641435746,0,1.0
735.6102076756401,0,1.0
735.6732923712598,0,1.0
735.7045959319021,1,1.0
735.7978097542174,0,1.0
735.8413942841034,0,1.0
736.0714302273382,0,1.0
736.2011639919011,1,1.0
736.2981266155581,1,1.0
737.225386081785,1,1.0
738.3962129045169,0,1.0
738.4169918434872,0,1.0
738.42134425324,0,1.0
738.5613209240078,0,1.0
738.7526020080383,0,1.0
738.9660923678916,0,1.0
739.4620055879636,1,1.0
741.9808237390401,0,1.0
743.265296101961,0,1.0
743.2811055530494,0,1.0
743.4356957703799,0,1.0
743.6284425373822,1,1.0
745.4714047614369,0,1.0
745.8651619524767,1,1.0
750.9234398029446,1,1.0
754.6923589707332,0,1.0
754.7207566117964,0,1.0
754.7946316171286,0,1.0
754.8332526962191,1,1.0
754.8362867579311,1,1.0
754.8565201116286,0,1.0
755.2974959055791,1,1.0
758.144115767108,0,1.0
758.2617386733052,0,1.0
761.0210857704363,0,1.0
764.8611695779372,1,1.0
764.9487068151369,1,1.0
766.9218265337254,0,1.0
770.5026356542782,1,1.0
772.626772420513,0,1.0
777.6336147326424,0,1.0
777.6551570404708,0,1.0
777.8134138493508,0,1.0
778.0590303265304,0,1.0
778.182146584019,0,1.0
778.2011354621992,0,1.0
778.3334301293537,0,1.0
778.493206114193,1,1.0
778.628470842138,1,1.0
778.6812494654647,1,1.0
778.9189781115087,1,1.0
779.0944739773347,1,1.0
779.1814202318236,1,1.0
779.3772391418752,1,1.0
779.3927614356381,0,1.0
779.486983627476,0,1.0
780.7202775010405,0,1.0
781.0603637079173,1,1.0
781.3551380541456,0,1.0
784.1375789382697,1,1.0
784.6207212377603,1,1.0
787.415341953348,0,1.0
787.5135305897215,0,1.0
788.9508750341264,1,1.0
791.2773693900257,1,1.0
793.6406437884623,0,1.0
796.2493261024874,1,1.0
797.5234442464416,0,1.0
804.1833493320459,0,1.0
805.7392929615263,0,1.0
805.8495535218891,0,1.0
805.8892364612419,0,1.0
805.9224657103812,1,1.0
806.0919561415948,0,1.0
806.1512171066346,0,1.0
806.2109235159152,0,1.0
806.2431995962561,1,1.0
808.4609874613233,0,1.0
808.9534127550775,0,1.0
809.5034497537761,1,1.0
809.8494793945424,0,1.0
809.9205845821886,0,1.0
811.5609763558509,0,1.0
811.7829238274388,0,1.0
812.5947933736444,0,1.0
812.7364406831887,0,1.0
812.9037045578544,0,1.0
812.915418724526,0,1.0
814.8185076268142,1,1.0
818.8100433888843,0,1.0
818.8563830761179,0,1.0
818.9195416028372,0,1.0
819.4376169976557,0,1.0
819.5267136591107,0,1.0
819.6006521640223,0,1.0
819.6569205320845,0,1.0
819.7717543668347,1,1.0
819.8024072106591,0,1.0
819.8543426012419,1,1.0
819.9542705687865,1,1.0
819.9679847829221,1,1.0
820.0586995349197,1,1.0
820.0866268571514,0,1.0
820.0983614323222,0,1.0
820.1724748200901,1,1.0
820.1843321277726,0,1.0
820.191858896842,0,1.0
820.3355548272947,1,1.0
820.5709741968806,0,1.0
820.6386600662039,1,1.0
820.8722030941393,1,1.0
825.1131711008694,1,1.0
828.8917764203198,0,1.0
828.9418844137173,1,1.0
829.2840326364756,0,1.0
829.2868023817523,0,1.0
829.7705338690873,0,1.0
830.2434400501862,1,1.0
830.6716009059422,0,1.0
831.3930956543985,0,1.0
831.4262885139832,1,1.0
831.4263849013242,0,1.0
831.4276701603674,0,1.0
831.4966200220151,0,1.0
831.5374085111466,1,1.0
831.9102463108236,1,1.0
831.9210230936729,1,1.0
832.3075809459718,1,1.0
832.8221419070535,1,1.0
833.4983277746063,1,1.0
833.776731704907,0,1.0
833.8850250345864,1,1.0
833.9255207801265,1,1.0
833.9660972572111,0,1.0
833.9687276298248,0,1.0
834.14823808819,0,1.0
834.2032352368516,0,1.0
834.8446146000765,0,1.0
834.8852336192396,0,1.0
841.2100967342506,0,1.0
845.3134666587985,0,1.0
845.3607454220368,1,1.0
845.3891990616044,1,1.0
845.4050708582281,1,1.0
845.4266354262583,1,1.0
845.4284832579617,1,1.0
845.5466117595153,1,1.0
845.5824009107349,1,1.0
847.6013436322787,0,1.0
849.4361999959331,1,1.0
850.3597212625307,0,1.0
850.458255663493,0,1.0
850.537361921026,1,1.0
856.6735539151272,0,1.0
857.4272772052411,0,1.0
858.2111719629376,1,1.0
858.3511859702636,1,1.0
858.351850900097,0,1.0
858.6023400866134,0,1.0
858.8253536957659,1,1.0
860.4531931530566,0,1.0
860.4691411150378,0,1.0
860.6295186885557,0,1.0
861.084103530809,0,1.0
861.1077855820384,1,1.0
861.2787946593315,0,1.0
861.296013227651,1,1.0
861.3336419785537,0,1.0
861.4802966057802,0,1.0
861.6255433570013,0,1.0
861.7792327932378,1,1.0
862.3886456225092,1,1.0
863.1929949069344,1,1.0
866.726357648937,0,1.0
867.4072236140868,1,1.0
869.6864600191124,0,1.0
869.7333515609705,1,1.0
869.7570109829776,0,1.0
869.8051874868042,1,1.0
869.9015046839238,0,1.0
870.1606776720757,1,1.0
876.715161283851,0,1.0
878.9700783613505,0,1.0
879.0314070423715,0,1.0
879.7914770268551,1,1.0
880.2933346069432,1,1.0
881.868224356093,1,1.0
882.3629793687186,0,1.0
883.5656822697274,1,1.0
883.759671993322,1,1.0
884.533325815886,0,1.0
884.7085190599327,0,1.0
886.7044228865199,1,1.0
886.8429420711429,0,1.0
888.8625625482645,0,1.0
903.6353862612592,0,1.0
903.6692875377436,0,1.0
904.2036542431924,1,1.0
906.2395283790867,1,1.0
906.2979846366753,0,1.0
906.7557897864081,1,1.0
907.9574615258853,1,1.0
909.4339028115737,0,1.0
909.4620526827928,0,1.0
912.3314769108839,0,1.0
912.5441951795201,1,1.0
912.62581836611,0,1.0
913.656505225437,1,1.0
913.6734943784857,1,1.0
914.008727221334,1,1.0
914.2219937690666,1,1.0
914.5282036916986,1,1.0
914.7640356857922,1,1.0
915.225562640459,0,1.0
915.5509184347627,0,1.0
916.0603363525571,1,1.0
916.1458902735377,1,1.0
916.3655482778825,0,1.0
916.5480807114309,1,1.0
917.1698377168357,1,1.0
917.2089054578834,1,1.0
917.9477843078083,0,1.0
918.1319960818594,0,1.0
921.1828476696155,0,1.0
921.2328960839279,1,1.0
921.2796323433224,1,1.0
923.5168595732745,0,1.0
927.0149760607335,1,1.0
927.0275519437671,1,1.0
927.0373458388966,1,1.0
927.3246087159332,1,1.0
927.4374507487948,0,1.0
927.4685776597493,0,1.0
930.8678362389504,0,1.0
933.1631171593855,0,1.0
934.5849495164077,0,1.0
934.8629313101243,1,1.0
934.9167395185116,1,1.0
934.9986298354473,0,1.0
935.0091008451441,1,1.0
937.2528915031904,0,1.0
940.0055875621302,0,1.0
940.0337949681415,0,1.0
940.2621444022074,1,1.0
940.3094138492936,1,1.0
940.3837915207138,0,1.0
944.3426243557811,0,1.0
945.8341931660311,0,1.0
946.0496735897484,0,1.0
946.2581859298415,1,1.0
946.2763445165544,0,1.0
946.565078048623,0,1.0
947.2013218236738,0,1.0
948.000842006732,1,1.0
948.0567799591794,1,1.0
948.0956234873834,1,1.0
948.1094385769801,1,1.0
948.1255880512869,0,1.0
948.160178781227,1,1.0
948.2996398691897,0,1.0
948.3250895976877,1,1.0
948.9131055822851,1,1.0
949.2947381726785,1,1.0
950.102277327152,1,1.0
950.8853505426008,1,1.0
955.2573543890533,0,1.0
957.9810539416723,0,1.0
958.9097330859071,0,1.0
959.7746250860849,0,1.0
959.7835159749945,0,1.0
964.0164008762188,1,1.0
964.4171595291243,1,1.0
964.5917202523318,0,1.0
964.7235894760146,0,1.0
966.1572651400719,0,1.0
966.9958794990572,1,1.0
967.00688006047,1,1.0
967.4894752993974,0,1.0
967.6818036795796,1,1.0
967.7382697683453,0,1.0
967.8357722713945,0,1.0
967.8593145576767,0,1.0
968.0207532235578,1,1.0
968.3569931240936,0,1.0
968.4072146716818,1,1.0
968.6081988036566,1,1.0
968.6272513800552,1,1.0
968.6577838113285,1,1.0
968.6932513657407,0,1.0
968.9019187600057,1,1.0
968.927889432969,1,1.0
968.9701917037357,1,1.0
969.0621035267351,1,1.0
970.0078461309515,1,1.0
970.7120668702385,1,1.0
971.4937301341724,1,1.0
974.4773742464466,1,1.0
975.588565482287,1,1.0
975.678301623872,1,1.0
975.7127267390553,0,1.0
975.748542147166,0,1.0
975.8940358952366,1,1.0
977.9362025860366,1,1.0
979.620272815905,0,1.0
979.7118663195363,0,1.0
980.0004341273816,0,1.0
980.2097498540397,0,1.0
980.2536399199819,0,1.0
980.3669964231385,1,1.0
980.5750544607497,1,1.0
981.0369233275538,1,1.0
982.1560486568701,0,1.0
982.789799768363,0,1.0
982.8454527740754,0,1.0
982.9239306711382,1,1.0
982.9302964221882,0,1.0
982.9554309066024,1,1.0
982.9704247550172,1,1.0
982.9742227838765,0,1.0
983.3320058218823,1,1.0
983.4279589073533,0,1.0
983.4682411771142,0,1.0
983.7066711433525,0,1.0
990.5723919405858,0,1.0
990.7766694042313,0,1.0
990.8595830072418,1,1.0
992.1299044525531,1,1.0
993.190857215565,1,1.0
993.2831897583596,1,1.0
993.3032803546499,1,1.0
993.9249931693522,0,1.0
993.9515727776962,1,1.0
993.9937784456744,1,1.0
994.109034149161,1,1.0
994.477527793428,0,1.0
997.9309753696457,1,1.0
998.830360718185,0,1.0
1003.2480892594609,0,1.0
1008.2947665800491,1,1.0
1008.3050010640127,0,1.0
1009.8867224511033,0,1.0
1009.9429479149455,1,1.0
1010.6722603276257,0,1.0
1010.7138305562005,1,1.0
1010.8441326534937,0,1.0
1010.8895992947188,0,1.0
1019.3096563362992,1,1.0
1019.6875494399083,0,1.0
1019.7219810715387,1,1.0
1020.2358491766944,1,1.0
1021.4771580916687,1,1.0
1021.6449098804238,1,1.0
1022.4291620888115,1,1.0
1022.5938136705149,1,1.0
1022.8611622503496,1,1.0
1025.677204111392,1,1.0
1026.9279303266226,1,1.0
1026.9873201542023,0,1.0
1027.0551152481291,1,1.0
1027.0891566293917,0,1.0
1027.110190476788,0,1.0
1027.1220060214534,0,1.0
1027.1281755268747,1,1.0
1027.2793061695143,0,1.0
1027.3236856487497,0,1.0
1027.3473942715489,1,1.0
1027.416153972313,1,1.0
1027.4512468368841,0,1.0
1027.6606271552919,0,1.0
1027.7382357304944,1,1.0
1027.8444604036363,0,1.0
1034.0040866894672,0,1.0
1036.2569362090924,0,1.0
1036.3130437572943,0,1.0
1038.5408023265288,1,1.0
1039.2224112833833,1,1.0
1039.688113280395,1,1.0
1039.773301329593,1,1.0
1041.5853929336467,0,1.0
1041.6707566501607,0,1.0
1043.4927693858656,0,1.0
1047.0592948203973,0,1.0
1047.120660755904,1,1.0
1047.139870330582,0,1.0
1047.5654288499688,0,1.0
1047.575383214592,0,1.0
1047.5976748277376,0,1.0
1047.619146493355,1,1.0
1047.6297120186202,1,1.0
1047.6311367888416,0,1.0
1047.6577929432508,0,1.0
1047.9420380094105,0,1.0
1047.9639173320536,0,1.0
1048.0718910702094,0,1.0
1048.274416810561,1,1.0
1048.301336633694,1,1.0
1049.2298757395868,0,1.0
1049.291842950516,1,1.0
1052.7925382186822,0,1.0
1054.5547506946166,0,1.0
1054.7108655990342,0,1.0
1054.8117471013443,1,1.0
1060.1900695322965,1,1.0
1060.845308761209,0,1.0
1060.8614278542386,1,1.0
1061.4007760371612,0,1.0
1066.7120479658663,1,1.0
1067.7018946471517,1,1.0
1069.7519991947136,1,1.0
1069.815570918052,0,1.0
1070.5020037971958,1,1.0
1071.8915890417586,1,1.0
1072.063932535724,0,1.0
1074.226641511123,1,1.0
1075.0693298899605,0,1.0
1082.95444407002,1,1.0
1083.1088958072914,1,1.0
1087.0728220871301,0,1.0
1087.1301138876213,0,1.0
1087.3315506156648,0,1.0
1087.8376533585347,0,1.0
1089.7775387572378,1,1.0
1093.1756882532302,0,1.0
1093.2059402326286,0,1.0
1093.2239998440498,1,1.0
1093.2258206319461,1,1.0
1093.2851058954416,1,1.0
1093.4791645970213,0,1.0
1093.9014838192988,0,1.0
1096.878518639537,0,1.0
1096.989296808718,0,1.0
1097.0659246891303,0,1.0
1103.676581965417,0,1.0
1103.6821876607216,1,1.0
1103.9300006884605,1,1.0
1107.8114896466425,1,1.0
1110.1021671358542,1,1.0
1112.5086068818375,1,1.0
1112.6675808584419,0,1.0
1112.9721693508825,0,1.0
1113.0517925578715,1,1.0
1113.5739981563195,1,1.0
1113.5797366113488,0,1.0
1114.822631451711,0,1.0
1120.594183001511,0,1.0
1120.6724327031006,0,1.0
1120.7444838575896,1,1.0
1120.7655708999312,0,1.0
1120.778956797769,0,1.0
1121.020419137505,1,1.0
1121.0501620444625,1,1.0
1121.5298118673059,1,1.0
1121.5865974525202,1,1.0
1121.618205569727,1,1.0
1126.212320358894,0,1.0
1126.4716733924404,0,1.0
1126.5614674437995,0,1.0
1126.5645904296582,0,1.0
1126.7520124832913,0,1.0
1126.7974789749398,1,1.0
1126.8534657524947,0,1.0
1126.9467461094623,1,1.0
1127.0202352398787,1,1.0
1127.0298169266814,0,1.0
1127.0462315537807,1,1.0
1127.0654222504584,0,1.0
1127.0682810399392,1,1.0
1127.0711441231288,0,1.0
1127.1100644460644,0,1.0
1127.11306744921,0,1.0
1127.161896472352,1,1.0
1127.170779050369,0,1.0
1127.2581885997115,0,1.0
1127.2896500504094,0,1.0
1127.3011300398564,1,1.0
1127.3086782454473,0,1.0
1127.309453898192,0,1.0
1127.3187135613089,1,1.0
1127.33773800735,1,1.0
1127.383831251217,1,1.0
1127.41417572156,1,1.0
1127.4190651425888,1,1.0
1127.46448872011,1,1.0
1127.6686263083882,0,1.0
1127.6713496284037,0,1.0
1127.835635383047,0,1.0
1127.965253081751,1,1.0
1127.9813933386538,0,1.0
1127.990881699357,1,1.0
1128.090653576449,1,1.0
1131.2802404193696,1,1.0
1131.651178816684,0,1.0
1131.738190275704,1,1.0
1131.789618361162,0,1.0
1131.874971217186,1,1.0
1132.3223754289636,0,1.0
1134.486798751595,1,1.0
1137.704034337286,1,1.0
1137.965125243049,1,1.0
1138.8520494037332,1,1.0
1139.2164271422916,1,1.0
1141.997194534682,1,1.0
1142.0425590076495,0,1.0
1142.143872684013,0,1.0
1142.228606619836,1,1.0
1142.5054164615676,0,1.0
1143.0357146283918,1,1.0
1143.5946584416142,1,1.0
1147.3154816402462,1,1.0
1147.3595956210766,1,1.0
1147.433213622362,0,1.0
1147.4641679422325,0,1.0
1147.5083049242367,0,1.0
1147.5175337425746,1,1.0
1147.5494127764332,1,1.0
1147.661128184228,1,1.0
1149.0127050827064,0,1.0
1149.6967745238967,0,1.0
1149.7995564275927,0,1.0
1150.813776767524,0,1.0
1151.3743448286573,1,1.0
1151.5211880017173,0,1.0
1151.802957184207,1,1.0
1151.8362323155666,1,1.0
1152.009760295788,1,1.0
1154.6703853528325,0,1.0
1154.7510218724872,0,1.0
1155.9711055757793,1,1.0
1155.9895786989487,0,1.0
1156.135914072015,0,1.0
1156.510756052134,0,1.0
1156.6795004285461,1,1.0
1156.7342363514322,1,1.0
1158.156690111337,0,1.0
1161.2344001830443,0,1.0
1161.8427073001924,1,1.0
1161.8767749994765,1,1.0
1161.9690970740464,1,1.0
1162.0255416692119,1,1.0
1162.1214008044585,1,1.0
1162.1692458661805,1,1.0
1162.2014957017052,0,1.0
1162.3451240205193,0,1.0
1162.414972024691,1,1.0
1162.4208711112988,0,1.0
1162.4586740292686,1,1.0
1162.5035800561063,1,1.0
1162.5544299246471,1,1.0
1162.6530657850747,1,1.0
1162.6601463915185,0,1.0
1162.7681595907734,1,1.0
1162.7977185357015,1,1.0
1162.815876377128,0,1.0
1162.8664038192585,1,1.0
1162.9158133455087,0,1.0
1162.9771683333051,1,1.0
1162.9907173464517,1,1.0
1163.1473151699768,0,1.0
1163.3063514527153,1,1.0
1163.3787086709883,1,1.0
1163.4380952073082,1,1.0
1163.5192582790216,1,1.0
1163.5244417972096,0,1.0
1163.5949654732408,1,1.0
1163.7222906429674,1,1.0
1164.8902886253336,0,1.0
1164.926626303691,1,1.0
1165.4941721234645,1,1.0
1171.0656899495934,0,1.0
1171.1316713950412,1,1.0
1172.6776904040973,0,1.0
1172.958841855721,0,1.0
1175.7666304357792,1,1.0
1177.879591963224,1,1.0
1180.5591377395106,0,1.0
1180.5763264552627,0,1.0
1181.0181380209635,0,1.0
1181.0797360959405,0,1.0
1182.2616600711824,0,1.0
1182.2856327457764,1,1.0
1183.0648178229649,0,1.0
1183.6421553457135,0,1.0
1183.9771536837327,0,1.0
1184.7860091026096,1,1.0
1190.7533796304622,0,1.0
1190.9921606151204,1,1.0
1191.5132910499008,1,1.0
1193.1690757351694,0,1.0
1193.2399669374731,0,1.0
1193.4902250039984,1,1.0
1201.969348877586,0,1.0
1202.0847242515795,1,1.0
1202.2655690255804,1,1.0
1203.6342937428428,0,1.0
1204.7427543600948,1,1.0
1207.6851989650884,1,1.0
1208.1802852498877,0,1.0
1208.2470313387048,0,1.0
1208.571190576733,0,1.0
1209.6609458589792,0,1.0
1209.8769426915198,1,1.0
1210.2624831497458,0,1.0
1210.2839285111934,1,1.0
1210.6660490214813,1,1.0
1210.7807874668952,1,1.0
1211.3120193291616,0,1.0
1211.577388728666,1,1.0
1213.451118971515,0,1.0
1213.6271059955136,1,1.0
1214.4408308311874,0,1.0
1214.641636893308,0,1.0
1216.8656910047866,1,1.0
1216.9478812135208,0,1.0
1217.0270074004611,0,1.0
1217.5550039441944,0,1.0
1219.8863117016203,0,1.0
1220.1370536016752,1,1.0
1225.6896169149345,1,1.0
1226.1627830487887,1,1.0
1227.5637335856488,0,1.0
1230.8528054463702,1,1.0
1232.7050621789504,0,1.0
1232.9991201794803,1,1.0
1233.8862730818626,0,1.0
1235.0736197400834,0,1.0
1235.1346097033036,1,1.0
1235.3021907717714,1,1.0
1235.3117758159474,0,1.0
1235.372388381571,1,1.0
1235.6769378371698,1,1.0
1235.905016385439,0,1.0
1236.0086656848239,1,1.0
1236.0371748601915,1,1.0
1236.1503899377517,1,1.0
1236.3519112640627,0,1.0
1236.3530899184134,0,1.0
1236.3953602643244,0,1.0
1236.4773753556751,0,1.0
1236.4789485584495,0,1.0
1236.4884456269792,1,1.0
1236.7430678876008,0,1.0
1238.5202848872361,1,1.0
1238.5537938600928,1,1.0
1241.7209339728938,0,1.0
1242.682937071134,1,1.0
1243.5520666074408,0,1.0
1243.7552153099684,1,1.0
1244.2728877487464,0,1.0
1244.607614896317,0,1.0
1244.7462995332307,0,1.0
1244.8470798799078,1,1.0
1244.856438776445,0,1.0
1244.8770217371973,0,1.0
1244.8877619636357,1,1.0
1244.9558570793088,0,1.0
1245.054680654003,0,1.0
1245.0834900123152,1,1.0
1245.127369155435,1,1.0
1245.1533405043863,0,1.0
1245.243815228827,1,1.0
1245.2957253752572,1,1.0
1245.3204100711457,1,1.0
1245.543137606453,0,1.0
1248.1090370692946,0,1.0
1248.5342010325926,0,1.0
1248.71396101704,0,1.0
1248.8186491797078,0,1.0
1248.8956514032254,0,1.0
1248.9735557483043,0,1.0
1249.0175788254137,0,1.0
1249.024297427823,1,1.0
1249.0345653731965,0,1.0
1249.222809350138,0,1.0
1249.5295551077504,0,1.0
1250.8827845282694,0,1.0
1256.113714634372,0,1.0
1256.1832331464914,0,1.0
1256.2833044678032,1,1.0
1258.165886778207,0,1.0
1258.96733490696,0,1.0
1260.879447577361,0,1.0
1261.7349847243358,0,1.0
1262.690886551221,0,1.0
1262.7200328435945,0,1.0
1266.0120751772495,0,1.0
1266.0197034598932,0,1.0
1266.035695724433,0,1.0
1266.261976638919,0,1.0
1266.4651018454574,1,1.0
1266.4936846026437,1,1.0
1266.5035957795512,0,1.0
1266.5496367720068,1,1.0
1266.8305312214327,1,1.0
1267.0339407809875,1,1.0
1268.8515281469784,1,1.0
1269.1539018446222,1,1.0
1269.2478257184173,0,1.0
1273.700723733169,0,1.0
1275.110863170588,1,1.0
1276.8391087594864,0,1.0
1277.8324198999408,0,1.0
1277.867923566722,1,1.0
1277.899672429968,0,1.0
1278.3905554628934,1,1.0
1278.8844856896333,0,1.0
1279.3230171865594,1,1.0
1284.9053186400163,1,1.0
1285.5108487905652,1,1.0
1285.724441883006,0,1.0
1288.0002188320443,0,1.0
1288.015890915511,0,1.0
1288.2262557190475,0,1.0
1288.786192476465,0,1.0
1293.2533884692027,0,1.0
1293.4857499369114,0,1.0
1293.579656271431,1,1.0
1293.644449507278,0,1.0
1293.8390706565483,0,1.0
1293.8548460672669,0,1.0
1293.8950970205397,0,1.0
1293.9807673193525,1,1.0
1294.1181934462084,0,1.0
1294.1794083985437,0,1.0
1294.1919463976278,1,1.0
1295.2334710275718,0,1.0
1295.3122428293298,1,1.0
1295.435112802466,0,1.0
1295.5402348050502,0,1.0
1295.6724454587184,0,1.0
1295.721584968747,1,1.0
1295.7518172998502,1,1.0
1295.8963863820743,1,1.0
1296.0473792129412,0,1.0
1296.1799994611335,0,1.0
1296.2481119977544,0,1.0
1296.3190776560662,1,1.0
1296.3200281499453,1,1.0
1296.3542912399846,0,1.0
1296.3888210487646,0,1.0
1296.5386067170755,1,1.0
1296.569350046626,1,1.0
1296.6766941024357,1,1.0
1296.911970259704,0,1.0
1297.1769605193745,1,1.0
1298.2407812925214,0,1.0
1298.3045118120758,1,1.0
1298.983251023801,1,1.0
1299.0285825283945,1,1.0
1299.6033292678817,1,1.0
1299.7011558538786,0,1.0
1299.7284367245866,1,1.0
1299.8462169656823,0,1.0
1299.8751362764885,1,1.0
1299.903629995091,1,1.0
1299.9258921204025,0,1.0
1300.0606118857268,0,1.0
1300.0748284875694,1,1.0
1300.1285530683956,1,1.0
1300.1512417140484,0,1.0
1300.2440785079862,1,1.0
1300.2690460070119,1,1.0
1300.418567702404,1,1.0
1300.446744611965,0,1.0
1301.8433706968467,0,1.0
1301.9099471532454,0,1.0
1301.9537682586383,1,1.0
1302.2336021309138,0,1.0
1303.1306425544678,0,1.0
1303.5522346596708,0,1.0
1313.0400174665924,0,1.0
1317.0969401195189,0,1.0
1317.3501359510374,0,1.0
1317.4407812155798,0,1.0
1320.6327825056667,0,1.0
1320.6404148183728,0,1.0
1320.6876189532597,1,1.0
1325.1412629460217,0,1.0
1325.90777236588,0,1.0
1329.1826296043425,0,1.0
1329.2540355794183,0,1.0
1329.2690100096372,1,1.0
1329.3366997050503,1,1.0
1329.4396684810354,0,1.0
1329.569194526645,0,1.0
1329.6164532879577,0,1.0
1330.2244408890163,1,1.0
1330.3458545085716,0,1.0
1331.115837749322,0,1.0
1331.4114493428149,1,1.0
1331.5965744039909,0,1.0
1331.6497279063356,0,1.0
1331.8461253658902,0,1.0
1331.9150141007983,0,1.0
1332.0426226250956,0,1.0
1332.4251757947113,0,1.0
1333.441020453141,0,1.0
1334.7840092367046,0,1.0
1334.86797931083,1,1.0
1334.9488374060595,1,1.0
1334.9550210032394,0,1.0
1335.0445285260491,0,1.0
1335.060628075973,0,1.0
1335.0688598729184,1,1.0
1335.0696341128219,1,1.0
1335.1077681706279,0,1.0
1335.1164454851116,1,1.0
1335.2281150013312,0,1.0
1335.2543536389112,0,1.0
1335.2826681710533,1,1.0
1335.3336401358472,1,1.0
1335.3783947927216,0,1.0
1335.3859584457703,1,1.0
1335.4197408114094,1,1.0
1335.494665305868,0,1.0
1335.498284994316,1,1.0
1335.5066940924596,1,1.0
1335.5207918694582,1,1.0
1335.5354867245396,0,1.0
1335.611470653446,0,1.0
1335.6333717076907,0,1.0
1335.643210654642,0,1.0
1335.6773899495295,1,1.0
1335.7124382949673,0,1.0
1335.7508267944463,0,1.0
1335.7841475943371,0,1.0
1335.9156106952596,1,1.0
1336.0925591267942,1,1.0
1336.162532121089,1,1.0
1342.139439752563,1,1.0
1342.1986722814117,1,1.0
1342.3822562596101,1,1.0
1342.402054448497,0,1.0
1342.4666907309154,1,1.0
1342.8269787755592,1,1.0
1355.604366356136,0,1.0
1356.1575950300687,0,1.0
1356.2770840509927,0,1.0
1359.4763272726555,0,1.0
1359.949870307392,0,1.0
1360.6393466513705,0,1.0
1360.87682918592,0,1.0
1360.9519922486393,0,1.0
1361.052457441555,1,1.0
1363.1406979568676,0,1.0
1363.1710810169534,1,1.0
1364.6031238805433,0,1.0
1367.26743637248,0,1.0
1367.3206745999191,1,1.0
1367.5449623520285,1,1.0
1367.5778946994478,1,1.0
1367.6349113378067,0,1.0
1368.8565962920422,0,1.0
1370.2350750159148,0,1.0
1371.3958326409238,1,1.0
1371.8748064452113,1,1.0
1372.1740433014847,1,1.0
1374.2834484778903,0,1.0
1375.0019749390588,0,1.0
1375.212950367302,0,1.0
1376.4459956322569,1,1.0
1376.5302296813063,0,1.0
1376.692976146018,0,1.0
1377.1919338623843,0,1.0
1377.2259642103163,0,1.0
1377.2323754223237,1,1.0
1377.242411224518,1,1.0
1377.252136126554,1,1.0
1377.2692614452294,1,1.0
1377.2832248667278,1,1.0
1377.3179569318272,0,1.0
1377.4013767743154,1,1.0
1377.4610261796577,1,1.0
1377.476593099975,1,1.0
1377.95044068847,0,1.0
1377.9893014188626,0,1.0
1378.3410838012776,1,1.0
1378.3819526992854,0,1.0
1378.3870481457107,1,1.0
1378.4460624414482,0,1.0
1378.813102923919,0,1.0
1378.8175484858468,0,1.0
1378.8602187830231,1,1.0
1378.9597441245876,1,1.0
1378.979546910411,0,1.0
1379.1599335029846,1,1.0
1379.420524401541,0,1.0
1379.7582817477562,1,1.0
1379.9512766115554,1,1.0
1380.182193655002,1,1.0
1381.1919435313253,0,1.0
1381.235044176547,1,1.0
1381.2755982733784,0,1.0
1381.4608666999443,1,1.0
1381.4716519619262,0,1.0
1381.4729107115727,0,1.0
1381.5064569801427,0,1.0
1381.6170391426408,0,1.0
1382.6959925836036,0,1.0
1386.7883337162912,1,1.0
1386.8340680727763,1,1.0
1387.0558982467608,1,1.0
1387.321044569541,1,1.0
1387.4539858896485,1,1.0
1387.4644361828662,0,1.0
1387.5178616002752,1,1.0
1387.5324995657968,0,1.0
1388.7748961733287,0,1.0
1389.7861821181245,0,1.0
1389.8213455252187,0,1.0
1390.8224912444673,1,1.0
1390.8455918219413,0,1.0
1390.9504477406354,0,1.0
1391.1228305582654,0,1.0
1391.1682371757363,0,1.0
1391.2056892670055,1,1.0
1391.435009486712,1,1.0
1392.4089117173532,0,1.0
1394.8384262701088,1,1.0
1394.8798813792305,0,1.0
1395.1615288646628,1,1.0
1395.2050403931314,1,1.0
1399.0729704453217,0,1.0
1399.1176467174907,0,1.0
1399.1254917356423,1,1.0
1399.1621894864745,0,1.0
1399.3177613601654,0,1.0
1401.968673531993,0,1.0
1401.9716629132238,0,1.0
1401.996938466706,0,1.0
1402.2931268571735,0,1.0
1402.3763123850588,1,1.0
1402.4252102413375,0,1.0
1402.5097154944983,0,1.0
1404.1170451773467,0,1.0
1404.2234121237614,1,1.0
1404.2313066619404,1,1.0
1404.3749787149472,1,1.0
1404.5942325760755,1,1.0
1405.02950119528,1,1.0
1405.0694313629817,1,1.0
1405.07788208949,0,1.0
1405.0827883740214,0,1.0
1405.4217642932592,1,1.0
1405.4509030968031,1,1.0
1405.466224985998,1,1.0
1405.7112098673376,0,1.0
1405.7353747161267,1,1.0
1405.7681028873117,0,1.0
1405.785208679265,0,1.0
1405.8000109852342,0,1.0
1405.8025545493613,1,1.0
1405.8675457560232,1,1.0
1405.9417700596543,1,1.0
1406.0931456346898,0,1.0
1406.1438630624202,0,1.0
1406.181249999326,1,1.0
1406.1898399859958,0,1.0
1406.2290554009523,1,1.0
1409.2455896868014,0,1.0
1410.4586112089578,1,1.0
1410.7725835294216,0,1.0
1410.9209730892774,0,1.0
1410.955207618041,0,1.0
1410.9608170062916,1,1.0
1410.9814335032563,0,1.0
1411.2178505042166,1,1.0
1411.4898887335262,0,1.0
1411.6252063000175,0,1.0
1411.7581885609325,0,1.0
1412.113260696976,0,1.0
1412.189887614426,0,1.0
1412.2118959628094,0,1.0
1412.286339175643,0,1.0
1412.4315234878231,0,1.0
1412.7521516854229,1,1.0
1412.8716855491382,1,1.0
1412.9205000147342,1,1.0
1412.941824297086,0,1.0
1413.0157590252784,1,1.0
1413.1349555951654,0,1.0
1413.1455603644931,1,1.0
1413.160057434383,0,1.0
1413.2137491822866,1,1.0
1413.2747232999657,1,1.0
1413.2852271851855,0,1.0
1413.3623492588006,0,1.0
1413.5680773635474,0,1.0
1413.6136567207834,1,1.0
1413.7194158308268,0,1.0
1413.725695258296,0,1.0
1413.7815775404329,1,1.0
1414.3115453982082,1,1.0
1414.9474959556203,0,1.0
1415.119213606149,1,1.0
1415.3010470624145,0,1.0
1415.6710832195186,0,1.0
1416.508962129082,0,1.0
1416.5840429235182,1,1.0
1416.6357546379752,0,1.0
1423.4274221927915,1,1.0
1425.570919900282,1,1.0
1426.0054290908913,1,1.0
1427.6619073942475,0,1.0
1427.906058217729,1,1.0
1427.9182841693705,1,1.0
1427.9304186675618,0,1.0
1431.0714641054738,1,1.0
1436.8041275251003,0,1.0
1437.0117755012968,1,1.0
1437.1141920994908,1,1.0
1440.0007865869438,0,1.0
1440.246291226189,1,1.0
1441.4846368587173,1,1.0
1441.5737175700567,1,1.0
1441.9400644333455,1,1.0
1442.7853763339863,0,1.0
1443.5990912903935,0,1.0
1445.5082039211193,1,1.0
1446.475214510997,0,1.0
1446.854769865191,0,1.0
1448.0856894866151,1,1.0
1448.2284150951966,1,1.0
1448.312130473821,0,1.0
1448.3282313508585,0,1.0
1448.3328230928119,0,1.0
1448.6433959770902,1,1.0
1448.6996102843302,0,1.0
1448.797495201691,0,1.0
1448.9002910627587,0,1.0
1449.6920677308938,1,1.0
1449.9004900192817,0,1.0
1451.1456982011537,0,1.0
1456.048414338059,0,1.0
1457.7407379615997,1,1.0
1457.932017398419,1,1.0
1458.166876094625,1,1.0
1458.5756338794456,0,1.0
1459.009229823378,1,1.0
1459.0983429517519,0,1.0
1459.2099752232914,1,1.0
1466.0807565474731,1,1.0
1466.1279850290614,0,1.0
1466.1544942964442,0,1.0
1467.0562594574005,0,1.0
1467.1120600271245,1,1.0
1467.8546825199983,0,1.0
1467.9089254453124,0,1.0
1468.2354544500365,0,1.0
1468.3141252118303,1,1.0
1471.451556412405,0,1.0
1471.570040393814,0,1.0
1471.6417600073614,1,1.0
1471.915861710337,1,1.0
1472.025394579958,1,1.0
1472.412844735448,0,1.0
1472.6101075044721,0,1.0
1472.6443279706218,0,1.0
1472.905052047983,1,1.0
1473.3628624062007,1,1.0
1474.2915178915152,0,1.0
1474.5893253133288,1,1.0
1474.7534933230545,0,1.0
1475.1877319038922,1,1.0
1475.2548621355756,0,1.0
1475.3255231719588,0,1.0
1475.347407331293,1,1.0
1475.5313783585327,1,1.0
1475.781113151174,0,1.0
1475.8648712297268,0,1.0
1475.886903944762,1,1.0
1475.9321265202018,1,1.0
1476.141244161532,0,1.0
1476.254161733178,1,1.0
1476.446253014676,1,1.0
1477.2465912009795,0,1.0
1478.2756414597914,1,1.0
1478.4045943705228,0,1.0
1480.630658203272,0,1.0
1480.7154355613561,1,1.0
1480.7439882254585,0,1.0
1486.1859105287892,0,1.0
1486.459727473225,0,1.0
1486.5371519288121,1,1.0
1489.3461653957188,1,1.0
1489.4269854291879,0,1.0
1489.7488904159993,0,1.0
1489.8526591068016,1,1.0
1489.900358996371,1,1.0
1489.976447300853,0,1.0
1490.21193133799,1,1.0
1490.6498051645674,1,1.0
1490.6617551797315,0,1.0
1490.7573918281078,1,1.0
1490.8140903834446,1,1.0
1490.8349751720648,1,1.0
1490.8763423394385,0,1.0
1491.0890040913334,1,1.0
1492.0796836057948,1,1.0
1493.967668142311,1,1.0
1494.479541397994,0,1.0
1495.6908431160766,0,1.0
1501.2312740660714,1,1.0
1501.733461912251,0,1.0
1501.7982909069306,1,1.0
1502.471234321997,0,1.0
1504.501903670998,0,1.0
1509.0292041456432,0,1.0
1509.1534653317283,1,1.0
1509.1637275680853,1,1.0
1509.2742522674664,0,1.0
1509.304395901944,1,1.0
1509.4586707076935,1,1.0
1509.4635854252251,0,1.0
1509.708776736104,0,1.0
1509.7135974759535,0,1.0
1510.5541861153013,0,1.0
1510.657896738538,0,1.0
1510.6870095222928,0,1.0
1510.7455835166784,0,1.0
1510.805143768974,0,1.0
1510.8967808387856,0,1.0
1510.9687807384657,0,1.0
1511.1531092177727,0,1.0
1513.2070962880307,1,1.0
1514.6133846220537,1,1.0
1514.9875443280434,0,1.0
1519.3660273879752,1,1.0
1521.2909293900263,0,1.0
1521.41067307696,0,1.0
1524.6778536359757,0,1.0
1527.873264243111,1,1.0
1528.075304848333,1,1.0
1528.317296708033,0,1.0
1529.7520164536666,0,1.0
1529.7827198870839,1,1.0
1529.8299983995182,1,1.0
1529.9895144284037,0,1.0
1530.2704534859226,0,1.0
1530.411117710365,1,1.0
1530.9494312383154,0,1.0
1530.9766505658142,1,1.0
1536.7706876846707,1,1.0
1536.8607331990825,0,1.0
1537.8962303381793,0,1.0
1538.1378835107507,0,1.0
1539.0137570280513,0,1.0
1541.9668369982708,0,1.0
1542.019980762147,1,1.0
1542.026148629868,1,1.0
1542.3528268269868,0,1.0
1543.2020866972389,0,1.0
1544.2238775540184,1,1.0
1544.3081087359822,1,1.0
1544.3122962847124,1,1.0
1544.3926045635951,1,1.0
1544.5279495364432,1,1.0
1544.5486954501491,1,1.0
1544.6224992031073,1,1.0
1545.2876098054294,0,1.0
1545.7068017228642,0,1.0
1545.791322515218,0,1.0
1545.8559777117691,0,1.0
1545.8994107684218,0,1.0
1545.94712861296,0,1.0
1545.963269986393,0,1.0
1545.9827784834058,0,1.0
1546.0094229412323,1,1.0
1546.0200815179026,0,1.0
1546.0334427575183,0,1.0
1546.1301373758497,0,1.0
1546.1374246965477,1,1.0
1546.191257182541,0,1.0
1546.27978586867,1,1.0
1546.301238467627,0,1.0
1546.3401319153052,1,1.0
1546.372235149041,0,1.0
1546.3835294741832,0,1.0
1546.5890486423352,0,1.0
1546.5998663877492,0,1.0
1546.6035408109462,1,1.0
1546.6395071028132,0,1.0
1546.847743355217,1,1.0
1546.9227442757522,1,1.0
1547.0168794393724,1,1.0
1547.0558276555826,1,1.0
1547.0652549182873,0,1.0
1547.0777053539764,0,1.0
1547.166729833423,1,1.0
1547.1907772190743,0,1.0
1547.2251441934156,1,1.0
1547.6462484758779,1,1.0
1547.817230220595,1,1.0
1549.9967399105653,1,1.0
1552.845354910537,0,1.0
1554.2787256999152,0,1.0
1554.3313756431712,0,1.0
1556.2035864712798,0,1.0
1556.2283765389948,0,1.0
1558.292545485773,0,1.0
1558.4144698154373,1,1.0
1564.8627409631213,0,1.0
1568.3834275214533,0,1.0
1568.5223238631822,0,1.0
1569.1870009488428,0,1.0
1569.254512596207,0,1.0
1570.279791109225,0,1.0
1572.1952662453796,0,1.0
1572.3129288294763,0,1.0
1573.8293357995285,1,1.0
1573.9329124299227,1,1.0
1574.8215750809447,1,1.0
1574.8233468985704,1,1.0
1575.222924547229,0,1.0
1577.4590920218259,0,1.0
1577.6018211384717,0,1.0
1577.6315377057917,1,1.0
1577.6418049943181,1,1.0
1577.669571800134,0,1.0
1577.7883735922455,0,1.0
1577.805655792119,1,1.0
1577.836899026797,1,1.0
1577.8623318110351,0,1.0
1577.87136875664,1,1.0
1577.8737015431147,1,1.0
1578.029182979886,1,1.0
1578.0349728245221,1,1.0
1578.0673240197477,0,1.0
1578.0725602137636,1,1.0
1578.085024762523,0,1.0
1578.1108506213066,0,1.0
1578.157201298765,0,1.0
1578.1844833740474,1,1.0
1578.250424854345,1,1.0
1578.2927289190443,0,1.0
1578.348309798111,1,1.0
1578.3504932872086,1,1.0
1578.43670275649,1,1.0
1578.5742448908313,1,1.0
1578.599669479766,0,1.0
1579.5389422990181,0,1.0
1579.557562721271,1,1.0
1580.044341794792,1,1.0
1586.5577244568544,0,1.0
1586.9689481841417,0,1.0
1587.0172488788824,0,1.0
1596.8514511149192,0,1.0
1604.1052118375699,1,1.0
1605.238476705962,1,1.0
1605.3420788195451,1,1.0
1605.3569640000064,0,1.0
1605.5236525875257,1,1.0
1605.6778969764628,1,1.0
1605.689984819487,1,1.0
1605.71470909596,1,1.0
1605.9344715626557,1,1.0
1605.9725339504157,0,1.0
1606.0436264076998,1,1.0
1606.2171921641743,0,1.0
1606.2574654792575,0,1.0
1606.351094291567,0,1.0
1607.839839275533,0,1.0
1608.4644129614373,1,1.0
1608.609247191083,1,1.0
1608.7321614296573,1,1.0
1609.996906317536,0,1.0
1614.9992078002106,1,1.0
1615.7258925234034,1,1.0
1616.837969620526,1,1.0
1617.4317245799314,0,1.0
1617.4694675668588,1,1.0
1617.6044710027177,1,1.0
1618.8750168448673,0,1.0
1618.8935275540418,0,1.0
1619.1504076589474,0,1.0
1619.6843135554786,0,1.0
1619.7513994585895,1,1.0
1620.0058537779012,0,1.0
1621.4496708475347,0,1.0
1624.6231408630267,0,1.0
1624.9409672566321,0,1.0
1625.0565905950277,1,1.0
1625.5406517095964,0,1.0
1629.6392756934779,1,1.0
1629.7631942827934,1,1.0
1630.5631848182945,1,1.0
1636.0123111399466,0,1.0
1636.302112770268,1,1.0
1636.3705244244863,1,1.0
1637.2584166942927,1,1.0
1637.2616004593563,1,1.0
1637.42119285196,0,1.0
1637.4578557723873,1,1.0
1637.4818097578404,0,1.0
1637.513724566968,0,1.0
1637.8873279246543,1,1.0
1638.182749193778,0,1.0
1645.5164351805706,0,1.0
1645.9916907407685,0,1.0
1646.3964906154897,1,1.0
1646.459199787596,1,1.0
1646.5617555270758,0,1.0
1647.318679350996,1,1.0
1648.2643461935659,1,1.0
1648.3500654160903,0,1.0
1648.468320103579,0,1.0
1649.7996324729384,0,1.0
1649.844493721237,1,1.0
1649.8796622329228,0,1.0
1650.0776201280096,0,1.0
1650.355639132402,0,1.0
1650.8605351401986,0,1.0
1650.9036088332691,0,1.0
1652.0911810409889,0,1.0
1652.2738258724166,0,1.0
1652.2749301735557,0,1.0
1652.5050972472416,1,1.0
1652.5057275703928,0,1.0
1653.5687705268963,0,1.0
1655.058739190324,1,1.0
1655.1152948166948,0,1.0
1655.1797317904648,1,1.0
1655.9015058719708,1,1.0
1656.1235734564964,0,1.0
1656.3050217090158,0,1.0
1656.3624042880988,0,1.0
1657.3691794348388,1,1.0
1657.5826183793877,1,1.0
1657.7021973134408,1,1.0
1657.8215149332782,1,1.0
1658.9319714222784,1,1.0
1659.1704557567953,1,1.0
1661.9729029017399,0,1.0
1662.373701258541,1,1.0
1663.2935349993113,0,1.0
1663.5308438463705,0,1.0
1665.6731731414036,1,1.0
1665.8019756172498,0,1.0
1665.906743304083,1,1.0
1666.0169315635762,0,1.0
1666.0589241408622,1,1.0
1666.2391200612724,1,1.0
1666.2753831452019,1,1.0
1666.321160470929,0,1.0
1666.5497539442092,1,1.0
1668.8685428447461,0,1.0
1671.400473907611,1,1.0
1675.2243312170833,0,1.0
1675.2522798704526,1,1.0
1675.7916269788439,1,1.0
1675.874702388361,1,1.0
1675.9622543708847,1,1.0
1676.0486721082398,1,1.0
1676.7456501231334,1,1.0
1676.986830009179,0,1.0
1677.2463023957525,1,1.0
1679.315564907799,0,1.0
1680.8800202560794,0,1.0
1680.9129831681387,0,1.0
1681.1690783203267,0,1.0
1681.1826417522311,0,1.0
1683.3127865470703,0,1.0
1683.6818539670505,1,1.0
1686.2684341465094,0,1.0
1686.346198672358,1,1.0
1686.4399900377118,1,1.0
1687.106149000976,1,1.0
1687.1343036746323,1,1.0
1687.495242646342,0,1.0
1691.2939938292695,1,1.0
1691.4026694307195,1,1.0
1692.5950612068395,0,1.0
1694.5977006659127,0,1.0
1698.4885208792493,1,1.0
1698.5963381750064,1,1.0
1698.8820503032327,1,1.0
1699.1339387858004,0,1.0
1699.3893771296866,0,1.0
1700.9636922473503,0,1.0
1701.030986647765,1,1.0
1701.4234635229259,0,1.0
1705.0793105308712,0,1.0
1706.3105202767847,1,1.0
1706.5743753568509,1,1.0
1712.3689821973883,1,1.0
1717.4922891726449,0,1.0
1718.8743968747733,0,1.0
1719.1937621397055,0,1.0
1719.6502645277264,0,1.0
1720.3502084422605,1,1.0
1720.4008989865315,1,1.0
1722.8357149627245,0,1.0
1726.929973808046,0,1.0
1727.4936513619677,1,1.0
1727.8188697014762,0,1.0
1728.3448970823815,0,1.0
1728.3522722448029,1,1.0
1728.6085006518126,0,1.0
1728.6254933797857,1,1.0
1729.2536692897302,0,1.0
1731.6512148305976,1,1.0
1731.8729803159251,0,1.0
1732.4874976936808,0,1.0
1733.7711996179614,0,1.0
1733.8872127995214,0,1.0
1734.0870585856258,1,1.0
1734.092515423711,0,1.0
1734.4693305645244,0,1.0
1734.924477763562,0,1.0
1735.0802832539946,0,1.0
1735.1163829992197,0,1.0
1735.1615047453088,1,1.0
1735.173651745291,1,1.0
1735.189778361081,0,1.0
1735.2055290587155,0,1.0
1735.2533355654855,0,1.0
1735.267889483893,0,1.0
1735.3278807401234,0,1.0
1735.348870008788,1,1.0
1735.3977709730284,1,1.0
1735.6289802712033,1,1.0
1735.6590675844275,1,1.0
1735.6859144847567,0,1.0
1735.7089293009974,1,1.0
1735.7434954004727,1,1.0
1735.7806027398433,1,1.0
1735.7933060156738,0,1.0
1735.8721708144938,0,1.0
1735.8960580528376,0,1.0
1735.9034203129263,1,1.0
1735.9085458603536,0,1.0
1735.9308325240772,0,1.0
1735.9859369199037,1,1.0
1736.028570861364,1,1.0
1736.0866491780619,1,1.0
1736.1134082578074,0,1.0
1736.1162494393393,1,1.0
1736.1262571806544,1,1.0
1736.1784634117857,0,1.0
1736.2121121224347,0,1.0
1736.2628456830685,0,1.0
1736.316112258308,0,1.0
1736.355247025203,0,1.0
1736.4092854325663,1,1.0
1736.4228950805493,0,1.0
1736.4614249078918,1,1.0
1736.5609043051518,0,1.0
1737.5618318637582,0,1.0
1737.6616947492894,0,1.0
1737.6927007603936,1,1.0
1738.6493941115966,0,1.0
1740.3823920833295,1,1.0
1741.2502630185832,0,1.0
1741.9845903730188,0,1.0
1742.0289311633605,0,1.0
1742.1981751191554,0,1.0
1742.2101564492903,1,1.0
1742.2604182687396,1,1.0
1742.2849397584368,1,1.0
1742.3184897893607,0,1.0
1744.0185688695187,1,1.0
1745.759635391938,1,1.0
1745.8069399843346,1,1.0
1746.9657731833965,0,1.0
1746.978895069943,0,1.0
1746.9959716027608,0,1.0
1746.9972006131254,1,1.0
1747.103453833283,1,1.0
1747.1460423874978,1,1.0
1747.176614607132,1,1.0
1747.2070045925973,1,1.0
1747.504015318605,1,1.0
1747.5383127711482,1,1.0
1747.600976961551,1,1.0
1747.6096041923943,1,1.0
1747.6530642748764,1,1.0
1747.7065096368174,1,1.0
1747.8579564616748,1,1.0
1747.9002130235915,1,1.0
1748.0682550945633,0,1.0
1748.6977670667723,1,1.0
1748.7074694679873,1,1.0
1748.7129710197466,0,1.0
1749.3069613069013,1,1.0
1749.4489909566387,1,1.0
1749.4688689932757,1,1.0
1750.4571293816323,1,1.0
1750.6494503482468,0,1.0
1751.3881882703126,1,1.0
1752.6349567825669,0,1.0
1752.6980486484551,1,1.0
1752.8059995657777,1,1.0
1755.5139388905209,1,1.0
1758.524568221802,0,1.0
1763.418406109309,0,1.0
1763.7229135206053,0,1.0
1763.8008373477683,1,1.0
1763.8629403764526,0,1.0
1763.8726254311487,0,1.0
1767.8435998560221,0,1.0
1768.901298535777,0,1.0
1772.6668354594924,1,1.0
1772.8118630307997,1,1.0
1772.8608995782838,1,1.0
1772.9221769310846,1,1.0
1772.959255086302,1,1.0
1773.1134461460285,0,1.0
1773.1178924360775,1,1.0
1773.2367364873658,0,1.0
1773.2807524740801,0,1.0
1773.2878989028352,0,1.0
1773.2990725650072,0,1.0
1773.3743367397662,0,1.0
1773.3931451483575,1,1.0
1773.490140498018,0,1.0
1773.6523067696726,0,1.0
1773.7038068382494,1,1.0
1773.7099445738952,1,1.0
1773.740960682064,0,1.0
1773.76984958352,0,1.0
1773.7970892436272,0,1.0
1773.9092246096677,1,1.0
1773.982862696611,0,1.0
1774.1834325110256,1,1.0
1774.208983771904,1,1.0
1774.218357996178,0,1.0
1774.2796464181945,1,1.0
1774.2955839201793,1,1.0
1774.3170140846685,0,1.0
1774.4126642693063,1,1.0
1774.4315160597887,1,1.0
1774.5050171712828,1,1.0
1776.7015991608073,0,1.0
1776.7218326465913,1,1.0
1786.8200672707771,0,1.0
1787.9278595230212,1,1.0
1787.9313165077622,1,1.0
1788.4651122428036,0,1.0
1792.77929165063,1,1.0
1792.985696860873,1,1.0
1793.0350543886905,1,1.0
1793.211158457933,1,1.0
1793.2363502538835,1,1.0
1793.3619949866588,0,1.0
1793.3873474889228,1,1.0
1793.4386751621992,0,1.0
1793.6600745587166,1,1.0
1793.6984792983274,1,1.0
1793.7456723505447,1,1.0
1793.9226958019415,0,1.0
1794.1287065471483,0,1.0
1795.717824492854,0,1.0
1795.7942084445253,1,1.0
1795.9045549068765,0,1.0
1797.3438007627335,0,1.0
1797.3785064407323,0,1.0
1797.76127183376,0,1.0
1797.9060555350234,1,1.0
1798.2211457771841,0,1.0
1799.1780044745572,1,1.0
1799.5212903766644,0,1.0
1799.813773946887,1,1.0
1802.5114437192492,0,1.0
1803.914674787526,0,1.0
1804.7337655048077,0,1.0
1807.6581221135211,0,1.0
1808.062005992124,1,1.0
1808.182905053441,1,1.0
1808.4032780550249,0,1.0
1808.5537550935278,0,1.0
1808.6151497742887,0,1.0
1808.683177016973,0,1.0
1808.7082209073449,0,1.0
1808.9754667679729,0,1.0
1811.856421077211,1,1.0
1816.2552852045906,1,1.0
1817.9880759785237,0,1.0
1818.6479703256655,0,1.0
1819.229574916045,1,1.0
1819.466542679056,0,1.0
1821.8910125801483,1,1.0
1821.994314915767,1,1.0
1822.013303201619,1,1.0
1822.1335772320883,0,1.0
1822.2900853752344,1,1.0
1822.413088703776,1,1.0
1822.4654259647548,0,1.0
1822.5126781195427,0,1.0
1822.5189223609082,0,1.0
1822.5190723234398,1,1.0
1822.6384220830807,1,1.0
1822.7723207731533,0,1.0
1823.0303922137866,1,1.0
1823.1769162338135,1,1.0
1823.41701153781,1,1.0
1823.5239366286216,1,1.0
1824.0065199946207,1,1.0
1828.2582441373936,1,1.0
1830.1675740318221,1,1.0
1835.1761460509156,0,1.0
1835.2949226248975,0,1.0
1836.7230620148725,0,1.0
1837.8550664014454,1,1.0
1837.954628666354,0,1.0
1837.979783054319,0,1.0
1838.0973227730237,0,1.0
1838.1871484555152,0,1.0
1838.2016509989269,0,1.0
1838.2591481612626,1,1.0
1838.7374335278903,0,1.0
1839.2067384603708,1,1.0
1840.7999930079202,0,1.0
1840.8580364795291,1,1.0
1840.9069402770488,1,1.0
1841.0320711726627,0,1.0
1841.186755007292,0,1.0
1841.2638487647566,0,1.0
1842.319955415512,1,1.0
1842.3335861624066,1,1.0
1848.8606945530648,0,1.0
1849.5010029173877,1,1.0
1850.2608336490523,0,1.0
1850.6521715244232,0,1.0
1850.6583529236539,0,1.0
1850.7596922973983,1,1.0
1854.8568916088418,0,1.0
1854.8629420355182,1,1.0
1855.1957339576302,1,1.0
1855.2167960551753,0,1.0
1855.298786009892,1,1.0
1855.490627557265,0,1.0
1855.7122018518207,1,1.0
1856.5174872375997,0,1.0
1856.519022910612,1,1.0
1856.585426826165,1,1.0
1856.5983823285787,0,1.0
1856.6260332393442,0,1.0
1856.63681719842,0,1.0
1856.6504113864476,0,1.0
1856.7218574941708,1,1.0
1856.745586753739,0,1.0
1856.8249863024687,1,1.0
1857.6098205624728,0,1.0
1857.8051346349712,0,1.0
1857.898291713731,1,1.0
1858.1940786967925,1,1.0
1858.240874295806,0,1.0
1858.3076147321676,1,1.0
1858.320160199272,1,1.0
1858.3300545582329,1,1.0
1858.400935171108,0,1.0
1858.4656300997406,0,1.0
1858.7745316646042,0,1.0
1858.7796192141177,1,1.0
1858.7896545180272,1,1.0
1858.8440806400183,0,1.0
1858.9753119500874,1,1.0
1859.1648805705522,1,1.0
1860.1748150039589,1,1.0
1860.9760274645737,0,1.0
1861.646033790285,1,1.0
1862.162513253417,1,1.0
1862.338861232833,1,1.0
1862.3684516841279,1,1.0
1864.583627149042,1,1.0
1864.8619080635606,1,1.0
1865.6031149516914,0,1.0
1866.0425708872244,0,1.0
1866.6482034621633,0,1.0
1869.219993432866,1,1.0
1869.2887668314963,0,1.0
1869.3599557941573,0,1.0
1869.4427920242256,1,1.0
1872.6751361784227,1,1.0
1873.0065332829301,0,1.0
1875.0735325217636,0,1.0
1875.2922104029938,1,1.0
1875.2938075288978,0,1.0
1875.375911267741,0,1.0
1876.2503005843678,0,1.0
1877.5167941787888,1,1.0
1877.8260653223117,0,1.0
1878.7578264712747,0,1.0
1880.5721200180758,1,1.0
1880.6498627793665,1,1.0
1881.7779413123367,1,1.0
1881.9050124452065,1,1.0
1881.909092779755,1,1.0
1882.089177005971,1,1.0
1884.34911879829,1,1.0
1884.404216832875,0,1.0
1885.4100679807627,0,1.0
1887.4941194417686,0,1.0
1890.632154695242,0,1.0
1895.7864763489908,0,1.0
1895.8206077184457,0,1.0
1899.1970736981418,0,1.0
1899.2793347626393,0,1.0
1899.4096633960332,0,1.0
1902.144245412362,1,1.0
1902.2961896178615,1,1.0
1905.5816191992544,0,1.0
1909.0767864985546,0,1.0
1911.1266571584483,1,1.0
1911.2565209549357,1,1.0
1911.2710958884,0,1.0
1919.2449057811482,1,1.0
1919.5548910972627,1,1.0
1922.2798020093685,0,1.0
1927.315577025357,0,1.0
1928.8434492745707,1,1.0
1932.1899416873416,1,1.0
1932.2908723879655,1,1.0
1932.4261721363891,1,1.0
1937.0161134440746,0,1.0
1937.120226404795,1,1.0
1937.8367389356438,0,1.0
1938.850116198164,1,1.0
1941.0909572762287,1,1.0
1949.058097488606,1,1.0
1951.6966469922854,1,1.0
1952.2859291804102,1,1.0
1954.8284650212167,1,1.0
1955.7386257497062,0,1.0
1956.4033304469372,1,1.0
1956.462539257559,1,1.0
1956.5943640432988,0,1.0
1956.6148963432408,1,1.0
1956.7671069070118,1,1.0
1957.0085509546643,1,1.0
1957.1676335839256,1,1.0
1957.2934284459836,1,1.0
1957.4624925720975,0,1.0
1957.9418870938264,1,1.0
1958.0442428625295,0,1.0
1958.164020840778,1,1.0
1958.327817700521,1,1.0
1961.4857591991454,1,1.0
1965.1394152190687,0,1.0
1965.999986198113,1,1.0
1966.1475080515206,0,1.0
1966.5911224646036,0,1.0
1966.5976965043556,0,1.0
1966.6030805111297,1,1.0
1966.627476760048,0,1.0
1966.7138126167445,1,1.0
1967.439186849008,0,1.0
1969.611915896681,0,1.0
1969.7444066773949,0,1.0
1969.8778310851721,1,1.0
1970.0613830869813,1,1.0
1970.6087846862865,0,1.0
1970.614192576534,0,1.0
1970.6433406026076,0,1.0
1970.7768112058168,0,1.0
1971.0210190424232,0,1.0
1971.266829794834,1,1.0
1975.1782575482262,0,1.0
1977.47295721859,0,1.0
1980.5042417023494,0,1.0
1982.2300590910004,0,1.0
1982.6516601463252,1,1.0
1985.1389901048212,1,1.0
1985.2453275696746,0,1.0
1985.325594538336,1,1.0
1985.3379918294213,1,1.0
1985.383974144738,0,1.0
1985.44543003236,0,1.0
1988.6591562269127,0,1.0
1988.9068245664914,0,1.0
1988.9591711950986,0,1.0
1989.0459048221417,1,1.0
1989.093392862522,0,1.0
1989.2603671629115,0,1.0
1989.2804430402293,0,1.0
1989.3758136430113,1,1.0
1989.4200789198574,0,1.0
1989.450043772556,1,1.0
1989.4818918258295,0,1.0
1989.5488264889013,0,1.0
1989.6049146983673,0,1.0
1989.610072663399,1,1.0
1990.157978628945,0,1.0
1990.4728202831252,0,1.0
1992.1632287558725,0,1.0
1992.1880748101225,1,1.0
1992.5467145321368,0,1.0
1992.5490214436918,0,1.0
1992.6071289218062,1,1.0
1992.723902367658,1,1.0
1992.8330538318462,1,1.0
1993.289497666438,1,1.0
1993.3568206788877,0,1.0
1993.360820599596,1,1.0
1993.6104536256632,1,1.0
1994.0230656331921,0,1.0
2005.54271645893,1,1.0
2005.634252943685,0,1.0
2007.2512271572016,0,1.0
2007.396227378072,1,1.0
2007.4113052533141,0,1.0
2007.6344127667555,0,1.0
2012.2625645988676,0,1.0
2012.453679412907,1,1.0
2015.2675824371508,1,1.0
2015.3536478141295,1,1.0
2015.3829852241136,1,1.0
2015.4125581595601,0,1.0
2015.457998777994,1,1.0
2015.4598308712082,1,1.0
2015.6056821277327,1,1.0
2016.0462786532225,1,1.0
2016.0662157602271,1,1.0
2016.192546276047,1,1.0
2016.5782430792317,0,1.0
2019.5244684180786,0,1.0
2019.6142505408416,1,1.0
2019.6337846087756,0,1.0
2019.6343520264613,1,1.0
2019.6663623312477,1,1.0
2019.6858418768174,1,1.0
2019.7016348088443,0,1.0
2019.73315442861,0,1.0
2022.0583752286082,0,1.0
2022.1313237514166,0,1.0
2022.6248849401247,1,1.0
2028.0546366127135,0,1.0
2028.1152604359222,1,1.0
2028.2331973104538,0,1.0
2028.3135548555488,1,1.0
2028.4587889648901,0,1.0
2028.5130791448491,1,1.0
2028.7636977703746,0,1.0
2028.8524342201288,1,1.0
2028.8633529368462,1,1.0
2029.047375719608,1,1.0
2030.6880806052761,0,1.0
2030.908550067382,0,1.0
2031.005793263143,0,1.0
2031.1390888255162,0,1.0
2031.2034450634344,0,1.0
2031.3342467911227,1,1.0
2031.3343644816784,0,1.0
2031.3866064376823,1,1.0
2031.3975565786275,1,1.0
2034.3851809336386,1,1.0
2034.592348081463,0,1.0
2034.7645298114862,1,1.0
2034.8066796740125,1,1.0
2035.5641881971833,0,1.0
2035.8933510551365,1,1.0
2037.3371428374217,1,1.0
2037.4584907129888,1,1.0
2037.6842903364543,1,1.0
2037.7508444020991,1,1.0
2037.787893205348,1,1.0
2037.841509381031,0,1.0
2037.9068289046652,1,1.0
2037.9837261900739,1,1.0
2038.9185281656437,1,1.0
2042.8705364997058,1,1.0
2042.9292368363683,0,1.0
2043.0001401002587,1,1.0
2043.005794657939,0,1.0
2043.0645270757157,1,1.0
2043.4303390480313,0,1.0
2043.8402643547192,1,1.0
2046.5944610804177,0,1.0
2048.0702237005635,0,1.0
2050.0871447311183,1,1.0
2050.2297607590776,1,1.0
2053.336500351942,0,1.0
2053.6200774640592,1,1.0
2055.7734046381147,1,1.0
2055.8510728902115,0,1.0
2056.561896218543,1,1.0
2056.9582922269883,1,1.0
2057.0372317170736,1,1.0
2058.3020068473993,1,1.0
2059.242958397228,1,1.0
2059.4257847933072,1,1.0
2059.563198671205,1,1.0
2060.0104855351315,1,1.0
2065.088288408474,0,1.0
2065.612353101075,0,1.0
2068.5308469816455,0,1.0
2070.5457240892665,0,1.0
2070.8931602218177,0,1.0
2075.1319053740763,1,1.0
2082.0178630088576,1,1.0
2083.3346169431506,0,1.0
2083.7512140720137,1,1.0
2083.9125740379814,0,1.0
2084.02683980324,1,1.0
2084.231307331718,1,1.0
2084.845825718891,1,1.0
2084.848533833077,0,1.0
2085.3230568327917,1,1.0
2086.6035609490277,0,1.0
2087.098275630159,1,1.0
2087.293424494322,1,1.0
2087.4125580928157,1,1.0
2087.442874331764,0,1.0
2087.459492215409,1,1.0
2087.590404694403,0,1.0
2087.7214455137164,0,1.0
2089.1831016436513,1,1.0
2089.2065893880463,0,1.0
2091.4183489649204,1,1.0
2091.583076585109,1,1.0
2091.597804607976,0,1.0
2091.7208473206015,0,1.0
2092.0832378614255,1,1.0
2092.3193827495593,1,1.0
2092.4319006487303,0,1.0
2092.4338735530373,0,1.0
2092.4604187679347,1,1.0
2097.096207436865,0,1.0
2097.5744102072013,1,1.0
2099.0825456424454,1,1.0
2104.8823997083528,1,1.0
2104.9671857695475,1,1.0
2104.9981969024757,0,1.0
2105.002821284282,1,1.0
2105.1242335406155,1,1.0
2108.749663073965,1,1.0
2108.761154172901,1,1.0
2108.7666740190048,1,1.0
2108.7909129602704,1,1.0
2108.8790878943882,1,1.0
2109.100402154801,1,1.0
2109.1751005157707,1,1.0
2109.2002696708764,0,1.0
2109.2125115994145,0,1.0
2109.283934982394,1,1.0
2109.405403042763,0,1.0
2109.508365622432,0,1.0
2109.648143082882,1,1.0
2109.9711976532703,1,1.0
2110.025564548612,0,1.0
2110.363416296183,1,1.0
2110.4515564211188,1,1.0
2110.5666659765197,1,1.0
2110.9054923513872,0,1.0
2111.3135094542636,1,1.0
2111.396761917969,0,1.0
2113.961542672243,1,1.0
2120.138970700843,1,1.0
2120.1436512533114,0,1.0
2120.2207768201615,0,1.0
2120.2880302317826,1,1.0
2125.821042272408,0,1.0
2125.974288008503,1,1.0
2126.113562268854,0,1.0
2126.527363104697,1,1.0
2126.692508383103,1,1.0
2127.290587773968,1,1.0
2127.468637154019,1,1.0
2129.0030411220387,1,1.0
2129.059160860534,0,1.0
2129.1613573844998,1,1.0
2129.1650557040284,1,1.0
2129.254951173875,0,1.0
2129.515755906871,0,1.0
2130.8315108882566,1,1.0
2131.077957240465,1,1.0
2131.394237971764,0,1.0
2131.4019356973367,0,1.0
2131.4959554839043,0,1.0
2131.6953568128897,1,1.0
2132.8272670280594,0,1.0
2133.0430827035684,0,1.0
2133.472574230424,0,1.0
2133.677125892977,1,1.0
2134.2069498754013,1,1.0
2136.3188469586553,0,1.0
2136.3695648774133,1,1.0
2136.501842367988,0,1.0
2140.585510463149,0,1.0
2141.0247881419286,0,1.0
2141.1462362646257,0,1.0
2141.2541551029212,0,1.0
2141.462420698782,1,1.0
2141.4744360755058,0,1.0
2141.785018106772,1,1.0
2142.3707005515757,0,1.0
2143.0692521620113,0,1.0
2143.127459393929,1,1.0
2144.238351798887,0,1.0
2146.65578652902,1,1.0
2146.6808919696373,1,1.0
2146.769258119399,0,1.0
2146.8163223633655,1,1.0
2151.759209389979,1,1.0
2151.880793168751,1,1.0
2153.2291931917234,1,1.0
2156.7429600179526,1,1.0
2158.1801740443107,1,1.0
2158.401538158161,1,1.0
2158.81935941855,1,1.0
2160.716812909377,1,1.0
2161.571002845163,0,1.0
2163.2335864056486,1,1.0
2164.820126629769,1,1.0
2168.228864100662,0,1.0
2168.2585705290307,0,1.0
2168.277251404984,0,1.0
2168.573174099252,0,1.0
2168.611441264669,1,1.0
2168.7371107843073,0,1.0
2168.767525009612,0,1.0
2168.8261987868473,1,1.0
2168.920814855171,0,1.0
2169.029618464049,1,1.0
2169.05329797646,1,1.0
2169.1080557612872,1,1.0
2169.1357942922978,0,1.0
2170.1282280849546,0,1.0
2170.290783939058,1,1.0
2174.7096620673556,0,1.0
2182.9482586767717,1,1.0
2183.246388165532,1,1.0
2183.288372452637,1,1.0
2183.5950996688935,1,1.0
2183.6140841962056,1,1.0
2183.670562873083,0,1.0
2184.414067286689,1,1.0
2184.6735884138093,0,1.0
2184.77282264808,0,1.0
2185.10543687764,0,1.0
2185.1593141151056,1,1.0
2185.2993506835974,0,1.0
2185.507165994844,1,1.0
2185.7719508305186,0,1.0
2185.785373668542,1,1.0
2190.624705767945,0,1.0
2193.1798195412525,0,1.0
2193.3839398789883,0,1.0
2193.7146643115343,0,1.0
2194.418738056913,0,1.0
2194.659382332766,1,1.0
2196.942530328716,0,1.0
2197.699063718583,0,1.0
2197.828903883943,1,1.0
2197.984717936948,1,1.0
2198.0778888666327,1,1.0
2198.198805896083,0,1.0
2198.2589144536396,0,1.0
2198.269164974535,0,1.0
2198.452754148557,0,1.0
2198.6897209478316,0,1.0
2198.7201759710097,1,1.0
2198.7368547711753,0,1.0
2199.8933888578326,1,1.0
2199.9728025076874,1,1.0
2200.4515472824637,1,1.0
2201.122974723985,1,1.0
2201.281961536333,0,1.0
2202.7088983433528,0,1.0
2207.762921219101,1,1.0
2211.3295780689864,0,1.0
2214.327103868209,0,1.0
2214.4625272976705,0,1.0
2214.7393487379977,0,1.0
2214.770554923311,0,1.0
2215.4894063444767,0,1.0
2216.547368335055,0,1.0
2216.668206432216,0,1.0
2218.0140305967475,0,1.0
2218.2501946498996,1,1.0
2218.6029323520015,1,1.0
2218.792981933823,1,1.0
2218.8699547101737,1,1.0
2218.8916817812683,0,1.0
2219.2473396947034,0,1.0
2219.9520318233513,1,1.0
2223.3553363519004,1,1.0
2223.5683452902567,1,1.0
2225.1286457726314,1,1.0
2230.424889218726,0,1.0
2232.529646188521,1,1.0
2236.335288869715,0,1.0
2236.633499573088,1,1.0
2236.738387330772,0,1.0
2236.951205314549,1,1.0
2237.1080475435338,1,1.0
2237.1567990922326,0,1.0
2238.0981361738513,0,1.0
2238.1829118247424,0,1.0
2238.421833301436,1,1.0
2238.430185175175,0,1.0
2238.73664697469,1,1.0
2239.299659322942,1,1.0
2239.622094536355,0,1.0
2244.693138991608,1,1.0
2247.2922460386644,0,1.0
2249.964713046721,0,1.0
2260.682852435609,1,1.0
2262.7945637289245,0,1.0
2262.973692341484,0,1.0
2264.632041507471,0,1.0
2266.829074528807,1,1.0
2266.8800850423822,0,1.0
2267.340436151616,1,1.0
2271.739180384668,0,1.0
2272.198757270746,0,1.0
2272.56931653914,1,1.0
2277.505170644396,0,1.0
2282.067232451175,1,1.0
2282.1917479557633,0,1.0
2282.7466933270816,1,1.0
2282.8545152774655,1,1.0
2282.896174927187,0,1.0
2282.9328642055602,0,1.0
2283.024185066524,0,1.0
2283.027294286483,0,1.0
2283.0978682927234,1,1.0
2283.2065790531447,0,1.0
2283.2454360371758,1,1.0
2283.304419416791,0,1.0
2283.323194055046,1,1.0
2283.449898348439,0,1.0
2283.6055569308614,1,1.0
2284.1801995516585,1,1.0
2284.2111578214513,1,1.0
2284.33001337827,0,1.0
2285.2901662240447,0,1.0
2286.0507004757906,0,1.0
2286.345934842057,1,1.0
2286.3983850909353,1,1.0
2286.4633260439205,0,1.0
2286.710507503908,1,1.0
2288.5645534836585,0,1.0
2288.644841981134,1,1.0
2289.334091354691,0,1.0
2291.1175409312277,0,1.0
2291.2138701671383,0,1.0
2297.011497981393,0,1.0
2297.8760732762985,1,1.0
2300.323141905327,1,1.0
2301.589353978637,0,1.0
2303.3291837873003,1,1.0
2303.363590108964,1,1.0
2303.374428265318,1,1.0
2303.502069432797,1,1.0
2303.650377839068,1,1.0
2304.1265126257094,1,1.0
2304.1773120386792,1,1.0
2304.261835185436,1,1.0
2304.419058465416,1,1.0
2304.5118908723093,0,1.0
2304.5206537824297,0,1.0
2304.528427716406,0,1.0
2304.683560163811,1,1.0
2304.898722751138,0,1.0
2304.905651446799,1,1.0
2304.908670604041,1,1.0
2304.980700600728,1,1.0
2305.1734850694165,0,1.0
2307.6711534643027,0,1.0
2308.230202811289,0,1.0
2315.393123501757,0,1.0
2315.4242350052436,0,1.0
2316.889977837379,0,1.0
2317.124469162322,1,1.0
2318.92398272705,0,1.0
2318.9480097004775,1,1.0
2319.2748743766683,1,1.0
2319.373940438173,0,1.0
2319.3830630881566,0,1.0
2319.4112737750725,0,1.0
2319.513732778866,0,1.0
2319.5289515286318,0,1.0
2319.629555410648,0,1.0
2319.6980566947427,1,1.0
2319.7260684504304,0,1.0
2319.7531935139373,1,1.0
2319.7816690948057,1,1.0
2319.8020908833137,1,1.0
2319.811462505883,1,1.0
2319.867156029937,0,1.0
2319.991421495744,1,1.0
2320.1809910616685,1,1.0
2320.2740093339203,1,1.0
2320.5228874776535,1,1.0
2320.543701877112,0,1.0
2320.573617631108,0,1.0
2320.6408536565464,1,1.0
2320.660254043807,1,1.0
2320.737462067165,1,1.0
2320.871662358371,0,1.0
2321.04162582166,0,1.0
2321.087975477188,0,1.0
2321.1822712034873,1,1.0
2325.445238116733,0,1.0
2328.4230519877337,1,1.0
2331.0405950157638,1,1.0
2331.829787064597,0,1.0
2334.1838053768597,1,1.0
2336.789260605386,0,1.0
2337.964425476323,0,1.0
2337.9852825750772,0,1.0
2338.0745424179654,0,1.0
2338.146009990408,0,1.0
2338.2214477073603,1,1.0
2338.2565440691733,1,1.0
2338.4531261791235,1,1.0
2338.508412098989,1,1.0
2338.8582599350016,0,1.0
2339.427175745387,1,1.0
2340.1632583832993,0,1.0
2340.8285744786986,1,1.0
2350.553488934287,0,1.0
2352.70981865792,1,1.0
2352.9591934621158,0,1.0
2353.3639353863023,0,1.0
2353.936427232797,1,1.0
2357.22372862201,0,1.0
2358.4848715269163,0,1.0
2359.8771237470664,0,1.0
2362.2123669199195,1,1.0
2362.294732760279,0,1.0
2362.7357633658744,1,1.0
2362.8307531617766,1,1.0
2362.9594866039115,1,1.0
2363.0323246731255,0,1.0
2363.099135553303,0,1.0
2363.106533063825,0,1.0
2363.1813373600626,0,1.0
2363.2027481111845,0,1.0
2363.2181498469904,1,1.0
2363.293721419535,0,1.0
2363.3288516548564,1,1.0
2363.3509970421833,1,1.0
2363.468208786783,1,1.0
2364.783283907729,1,1.0
2364.7923324843505,1,1.0
2364.853007367722,1,1.0
2366.9188781549137,1,1.0
2367.8299144133266,0,1.0
2369.128692108002,0,1.0
2369.2940024137783,0,1.0
2369.325094212618,1,1.0
2369.39265996315,1,1.0
2369.458074566125,1,1.0
2369.650644170949,0,1.0
2369.6621379055673,1,1.0
2369.902516234965,0,1.0
2370.069871819812,0,1.0
2370.169169979457,1,1.0
2370.190585438912,0,1.0
2370.220305425305,1,1.0
2370.2984112603203,1,1.0
2370.3017388282747,0,1.0
2370.3717009758057,1,1.0
2370.6033095090993,0,1.0
2370.693124821112,0,1.0
2370.803437257421,0,1.0
2371.9198440564237,0,1.0
2372.0896937908556,0,1.0
2372.1873541233085,1,1.0
2372.314816368675,1,1.0
2372.473308656978,0,1.0
2374.662453910499,1,1.0
2374.9502856074673,0,1.0
2375.2886071368353,1,1.0
2376.134435169325,0,1.0
2376.4980231536333,0,1.0
2376.5668854490496,0,1.0
2376.6370245739517,0,1.0
2377.004160729877,1,1.0
2377.1114099636798,0,1.0
2377.187464443679,1,1.0
2377.5084011513554,0,1.0
2379.6294610225127,1,1.0
2379.735809850329,1,1.0
2381.3443202768167,1,1.0
2381.3462045936108,0,1.0
2384.6444870877976,0,1.0
2385.0872897571417,0,1.0
2385.464907305357,0,1.0
2389.2787042650475,0,1.0
2389.3355260100616,1,1.0
2389.5772743273196,1,1.0
2389.5806599905304,1,1.0
2389.75983560231,1,1.0
2389.849444168313,1,1.0
2389.887720547307,1,1.0
2391.169489131045,0,1.0
2391.323655047903,0,1.0
2391.5678743179774,0,1.0
2391.571691979733,1,1.0
2391.6925535151104,0,1.0
2391.798291233236,1,1.0
2392.333931692498,0,1.0
2394.9509506405816,1,1.0
2396.7341596981128,0,1.0
2396.907976185133,1,1.0
2396.912350668676,1,1.0
2397.4142877974004,0,1.0
2398.039535449612,1,1.0
2398.1456022797133,1,1.0
2398.4568072694606,0,1.0
2398.522130987721,1,1.0
2398.5942949264477,0,1.0
2403.6912851588813,1,1.0
2403.793447952163,1,1.0
2403.958693991833,0,1.0
2404.040150841034,0,1.0
2407.828114641777,0,1.0
2408.3074259732716,0,1.0
2408.441473879374,1,1.0
2408.7087614380343,1,1.0
2408.904483574947,0,1.0
2410.0315711183684,1,1.0
2411.6539194703587,1,1.0
2412.0377106663836,1,1.0
2413.59142886082,1,1.0
2414.115200531415,1,1.0
2414.8588065075687,0,1.0
2414.9018617312518,0,1.0
2415.0971648966724,0,1.0
2415.1954199316847,1,1.0
2415.2217611603583,0,1.0
2415.4797259228426,1,1.0
2415.5157761259366,1,1.0
2416.442828866629,0,1.0
2418.5655849010122,1,1.0
2418.5939263830005,1,1.0
2418.966379418792,0,1.0
2420.237557884624,0,1.0
2421.775046386155,0,1.0
2422.7267063203944,1,1.0
2424.2159643039063,1,1.0
2428.188704044896,1,1.0
2428.578729393997,0,1.0
2428.6267688710686,0,1.0
2428.678603809566,1,1.0
2428.732957824532,0,1.0
2428.741274543012,0,1.0
2428.8955883749386,0,1.0
2428.9295312714867,0,1.0
2428.945765699261,0,1.0
2428.9870748304775,1,1.0
2428.9949979979383,0,1.0
2437.950630772085,0,1.0
2438.0909797295026,0,1.0
2438.3981108863895,0,1.0
2438.446613617285,1,1.0
2438.810413330998,0,1.0
2439.3509168067453,1,1.0
2439.6784850091262,0,1.0
2442.605700278897,0,1.0
2442.624746735219,0,1.0
2445.4122468597766,0,1.0
2446.0379005686927,1,1.0
2446.0501075372435,1,1.0
2446.2278310549545,0,1.0
2446.264713344067,1,1.0
2446.3359601517686,0,1.0
2446.3974906652174,1,1.0
2450.046017751347,0,1.0
2450.100436383658,1,1.0
2450.4334844306477,1,1.0
2450.790632593636,1,1.0
2452.058974778224,1,1.0
2458.141608006023,1,1.0
2460.7582175883745,1,1.0
2460.814744428329,1,1.0
2460.864532462848,1,1.0
2460.962815588094,0,1.0
2460.9877877516474,0,1.0
2461.2817855705985,1,1.0
2461.3191614932534,1,1.0
2461.661580684698,0,1.0
2461.7107225775976,0,1.0
2462.250277916315,0,1.0
2466.0380875605692,0,1.0
2469.439985340506,1,1.0
2469.4964836329686,1,1.0
2469.7681886044797,0,1.0
2469.771324717319,0,1.0
2470.25025264214,0,1.0
2470.273599767602,0,1.0
2470.3793226492953,0,1.0
2470.4131313815506,0,1.0
2470.464239677599,0,1.0
2470.4680900075655,0,1.0
2470.4708753235595,1,1.0
2470.512726979334,0,1.0
2470.722048316029,0,1.0
2470.774962017666,0,1.0
2470.8423292305874,0,1.0
2470.971005797323,1,1.0
2472.1205623158357,1,1.0
2476.609510999189,0,1.0
2476.6119585298907,0,1.0
2476.6164652915068,0,1.0
2476.664917275539,0,1.0
2476.698567423535,1,1.0
2476.7892046040347,1,1.0
2476.8338119520263,1,1.0
2476.8720729552488,0,1.0
2476.9601915221597,0,1.0
2477.2785258515364,1,1.0
2477.406948396277,1,1.0
2477.4293115398214,1,1.0
2477.809291742318,1,1.0
2477.8660411057904,1,1.0
2478.4192373626224,1,1.0
2483.210078638459,0,1.0
2490.477798362033,0,1.0
2490.5817681475487,0,1.0
2490.7577566005793,1,1.0
2491.578994646745,1,1.0
2491.583974998814,0,1.0
2491.622430827571,0,1.0
2493.2681044179,1,1.0
2494.626708075013,0,1.0
2494.7172613735934,1,1.0
2494.8469556056953,1,1.0
2495.3761632642068,0,1.0
2496.0655975328027,0,1.0
2496.417935990072,1,1.0
2496.4886448277903,0,1.0
2496.7765468017205,0,1.0
2497.945043024223,1,1.0
2497.965121434183,0,1.0
2497.981754944608,1,1.0
2498.3767432849077,0,1.0
2498.3858968816885,0,1.0
2498.4606296159236,1,1.0
2498.939707296595,1,1.0
2502.398247843321,0,1.0
2502.564985786177,1,1.0
2502.767161251297,1,1.0
2505.460814024033,0,1.0
2509.419582999928,1,1.0
2512.5242299562556,0,1.0
2512.891204031154,0,1.0
2513.6769387345125,0,1.0
2514.7182868814925,0,1.0
2517.1541524983363,1,1.0
2518.6962472263017,1,1.0
2518.788291683185,1,1.0
2519.484609977703,0,1.0
2521.527495539859,1,1.0
2521.5414465993163,0,1.0
2522.917333329867,0,1.0
2523.1516368463426,1,1.0
2523.1928175323883,0,1.0
2523.4567640379114,0,1.0
2523.464622079189,1,1.0
2523.5008771817243,1,1.0
2523.525785253437,1,1.0
2523.5623634879094,0,1.0
2523.580972017694,1,1.0
2523.625964919949,0,1.0
2523.6687997481918,0,1.0
2523.6734036099365,1,1.0
2523.8904484037107,0,1.0
2524.0030574050793,1,1.0
2525.9348468536155,0,1.0
2526.1908824504485,0,1.0
2526.1976182010776,0,1.0
2526.221403811694,1,1.0
2526.970818464471,0,1.0
2527.663698723624,0,1.0
2527.710373042864,1,1.0
2527.743059152821,0,1.0
2527.786701409029,0,1.0
2527.842957228169,1,1.0
2527.8555152744666,1,1.0
2528.089254296783,0,1.0
2528.2293892533844,1,1.0
2529.513765658521,1,1.0
2529.51709198673,0,1.0
2529.626068893582,1,1.0
2529.6288798243436,1,1.0
2529.7572741752138,1,1.0
2529.8060759520304,0,1.0
2529.835547624843,0,1.0
2530.652577330698,0,1.0
2530.926446947018,0,1.0
2530.9376230603275,0,1.0
2530.9947177977565,0,1.0
2531.280020314874,0,1.0
2531.312177763094,0,1.0
2531.9501445636533,0,1.0
2532.2065706363005,1,1.0
2532.208771999463,1,1.0
2532.5366175014933,1,1.0
2532.629321639526,1,1.0
2533.1298063105155,1,1.0
2533.2356627598333,0,1.0
2533.821215157561,0,1.0
2534.2126453969245,1,1.0
2534.356941791123,1,1.0
2534.382162242865,0,1.0
2534.4149144719995,0,1.0
2539.530409178815,0,1.0
2542.4182350296246,0,1.0
2543.0671521746403,0,1.0
2544.983594057899,0,1.0
2545.2938531021564,0,1.0
2545.395364958984,1,1.0
2545.668473732653,0,1.0
2545.7083601297504,0,1.0
2545.78622374739,0,1.0
2552.26613604417,1,1.0
2552.6080997109607,0,1.0
2552.6112686790098,1,1.0
2552.830942759493,0,1.0
2558.1312750288243,1,1.0
2558.9846383842837,1,1.0
2562.489654373247,0,1.0
2562.617468994827,0,1.0
2562.788758277532,1,1.0
2563.042080001029,0,1.0
2563.117844770809,1,1.0
2563.1298176003174,0,1.0
2563.1469310519124,0,1.0
2563.1745675667917,1,1.0
2563.199664487665,0,1.0
2563.3840641808115,1,1.0
2563.4375978443036,1,1.0
2563.442325782372,1,1.0
2563.4945423429263,1,1.0
2563.5110436082846,0,1.0
2563.514718532821,1,1.0
2563.580981302542,0,1.0
2563.6031065254865,0,1.0
2563.8854395999606,1,1.0
2564.027525607555,1,1.0
2568.983764905279,0,1.0
2569.6133893615593,0,1.0
2569.677823329959,0,1.0
2569.9391596592795,0,1.0
2570.627816794953,0,1.0
2571.9698390287267,1,1.0
2575.108481980745,1,1.0
2578.519651964477,1,1.0
2578.5277378193396,1,1.0
2578.6418954147452,0,1.0
2580.1195644998024,0,1.0
2580.347256630843,1,1.0
2580.6219147878014,0,1.0
2583.8606348110693,0,1.0
2585.289168139901,1,1.0
2585.5562721003234,0,1.0
2585.6256386093005,0,1.0
2586.8993145993268,1,1.0
2588.266708425654,1,1.0
2588.3259675639906,1,1.0
2588.397426143364,1,1.0
2588.6056601191567,0,1.0
2588.854498496308,1,1.0
2590.428667255925,0,1.0
2590.5854411034225,1,1.0
2591.300867191534,1,1.0
2591.629851848994,0,1.0
2592.0005754836557,1,1.0
2597.247869685752,0,1.0
2597.3842929821053,1,1.0
2597.499190692721,0,1.0
2598.7598976683685,0,1.0
2600.36369118866,0,1.0
2600.499254619738,0,1.0
2600.644109962083,0,1.0
2603.6696995439547,1,1.0
2603.695889167444,1,1.0
2603.8794998694034,1,1.0
2603.892352376282,1,1.0
2603.981082968472,1,1.0
2603.995303149882,0,1.0
2604.3828938368742,1,1.0
2604.539803950897,0,1.0
2608.4715996260825,0,1.0
2614.146446590899,0,1.0
2614.3744487487224,0,1.0
2614.462434678233,1,1.0
2614.767784390139,0,1.0
2615.0299082003876,0,1.0
2615.8781814146037,1,1.0
2615.9624002776645,1,1.0
2615.9713194108335,0,1.0
2616.356805496884,1,1.0
2616.4324771058505,1,1.0
2616.475908054161,1,1.0
2616.5402598819746,1,1.0
2617.0238304310324,0,1.0
2621.9758507147285,0,1.0
2622.035131681263,0,1.0
2622.0354462889795,0,1.0
2622.2498676531095,0,1.0
2625.7640200200008,0,1.0
2625.796184575642,0,1.0
2626.007912619582,1,1.0
2626.0677987043136,1,1.0
2626.175326517088,1,1.0
2626.186598332077,1,1.0
2633.716201448019,1,1.0
2633.8609767693138,1,1.0
2634.3922442591293,1,1.0
2636.007978038484,0,1.0
2636.049481093161,0,1.0
2636.1434869721984,1,1.0
2636.2437849140665,0,1.0
2636.494206776189,1,1.0
2636.5496905650434,0,1.0
2636.589779606587,0,1.0
2636.7714914668986,1,1.0
2636.9762958009196,0,1.0
2637.0902376039116,0,1.0
2642.6889498672476,0,1.0
2642.7022178211123,1,1.0
2643.903730177396,0,1.0
2643.9112658071135,0,1.0
2644.1764216150536,1,1.0
2645.141576367928,0,1.0
2645.425747859379,0,1.0
2645.4603342440478,0,1.0
2647.4636145873196,0,1.0
2649.158207249698,0,1.0
2649.224239635363,0,1.0
2649.689980707507,0,1.0
2650.640569994026,0,1.0
2650.858282365128,0,1.0
2650.8940782152767,1,1.0
2651.0882571625016,1,1.0
2651.1425449614444,0,1.0
2651.2432527101014,0,1.0
2654.850699052641,0,1.0
2654.8682016915213,0,1.0
2659.663660084678,1,1.0
2662.828176126034,0,1.0
2662.845698963244,0,1.0
2662.8540247946703,0,1.0
2670.6947454094434,0,1.0
2670.7659201613633,0,1.0
2674.5309613029553,0,1.0
2674.6077542242824,0,1.0
2677.958215953224,1,1.0
2679.0886791423454,1,1.0
2680.4086069885425,0,1.0
2680.413655622131,1,1.0
2681.7868554911365,0,1.0
2681.8777787043614,0,1.0
2682.043512516168,1,1.0
2682.160729816186,0,1.0
2684.3421629364457,1,1.0
2693.1310650565197,0,1.0
2693.134446489004,1,1.0
2693.146058286032,1,1.0
2693.1928243410425,1,1.0
2693.3239386071928,1,1.0
2693.34617754819,1,1.0
2693.490188400519,1,1.0
2693.6337969304877,0,1.0
2693.6714764418425,1,1.0
2693.909903669389,1,1.0
2698.704853371527,0,1.0
2700.094688604479,1,1.0
2700.122511783244,1,1.0
2701.4654411216075,0,1.0
2701.4955861247404,1,1.0
2701.8722624890493,0,1.0
2704.105126662479,0,1.0
2704.674869324097,1,1.0
2704.7224214649596,1,1.0
2704.7244019652517,0,1.0
2704.7848058676127,1,1.0
2704.9090203731575,0,1.0
2704.9585443599017,0,1.0
2704.9768950510443,0,1.0
2706.3282053931707,0,1.0
2708.1184184040326,1,1.0
2708.397284276908,1,1.0
2708.409743094155,0,1.0
2709.9220072971266,1,1.0
2709.936216265499,1,1.0
2712.382004181496,1,1.0
2712.8503167029603,0,1.0
2713.024780913185,1,1.0
2714.058536094265,0,1.0
2716.5432729819318,1,1.0
2719.6105051065747,1,1.0
2720.1665856559744,0,1.0
2720.535200900789,1,1.0
2720.6713757593157,1,1.0
2721.643789711444,1,1.0
2721.702765547741,0,1.0
2721.845057536736,0,1.0
2721.9797505011206,0,1.0
2722.2047224532625,0,1.0
2722.672580996092,0,1.0
2722.860918185969,1,1.0
2722.970710312252,1,1.0
2723.1242147030725,1,1.0
2723.253126546021,1,1.0
2723.316817184063,1,1.0
2728.3818665890353,1,1.0
2729.6523785763925,1,1.0
2730.380665965238,0,1.0
2730.4424659110264,0,1.0
2730.69554313396,0,1.0
2730.7499467691587,0,1.0
2730.8329989236,1,1.0
2730.9735658162945,1,1.0
2731.012064932824,1,1.0
2733.3611429494435,0,1.0
2733.41286179449,0,1.0
2735.4696371917516,0,1.0
2735.8359147966407,0,1.0
2735.945070086807,1,1.0
2736.039483819057,0,1.0
2736.0700136867863,0,1.0
2736.095354845382,0,1.0
2736.116554643365,1,1.0
2736.1641499847256,0,1.0
2736.2230363220297,0,1.0
2736.2594341111167,0,1.0
2736.277824948523,0,1.0
2736.598639363885,1,1.0
2736.673865552932,1,1.0
2736.901632458357,1,1.0
2736.925646930412,1,1.0
2737.306857691592,1,1.0
2741.8928281659737,1,1.0
2742.219956023825,0,1.0
2742.7861896341765,0,1.0
2742.9950428364236,1,1.0
2746.0551856050556,0,1.0
2747.820236406724,0,1.0
2747.9120086802727,1,1.0
2748.12528145156,0,1.0
2750.6872251196964,1,1.0
2751.2904750914095,0,1.0
2752.381221009049,1,1.0
2755.126029163521,0,1.0
2757.7180805521275,1,1.0
2762.102703726825,0,1.0
2762.2249324929385,1,1.0
2763.600084221515,1,1.0
2764.342183612147,1,1.0
2766.4389882315395,1,1.0
2772.233984729539,0,1.0
2772.490903809173,0,1.0
2773.56100303822,1,1.0
2773.5947364758467,1,1.0
2773.6603962417666,1,1.0
2774.061967495649,1,1.0
2774.2990373891776,0,1.0
2776.0896095393873,1,1.0
2776.1599264519627,1,1.0
2777.1443357215485,1,1.0
2778.163342625149,1,1.0
2779.324257211706,0,1.0
2779.360166011343,1,1.0
2779.5732385608103,0,1.0
2779.593844527242,0,1.0
2779.6988010290297,1,1.0
2779.8070717506507,0,1.0
2779.8845202034745,0,1.0
2780.2366076490157,1,1.0
2780.4593029959788,1,1.0
2781.454234933716,0,1.0
2782.2060520132613,0,1.0
2783.3700731474914,0,1.0
2783.507586246893,1,1.0
2792.5335257330066,0,1.0
2792.5942084155886,1,1.0
2792.665314858378,0,1.0
2792.6680032772633,1,1.0
2792.73209978265,0,1.0
2792.8326273562957,0,1.0
2792.9184543639303,1,1.0
2792.9426955312883,0,1.0
2793.0293144799575,1,1.0
2793.3516930574674,1,1.0
2793.3884815669066,1,1.0
2798.0506390637324,0,1.0
2802.2798480172087,1,1.0
2804.8447962411346,0,1.0
2805.064452486774,1,1.0
2805.2808936337856,1,1.0
2805.426982752035,1,1.0
2806.787537026247,1,1.0
2806.959470820431,1,1.0
2807.1345137792828,1,1.0
2807.916518587805,0,1.0
2807.9756699489876,0,1.0
2808.0025011790344,0,1.0
2808.410268711756,0,1.0
2808.576764321689,1,1.0
2808.5931753933664,1,1.0
2808.6532676990837,1,1.0
2808.6622632546064,1,1.0
2808.7075653510547,1,1.0
2811.383120852083,1,1.0
2811.542445652589,0,1.0
2811.6731398234824,1,1.0
2811.7058607941512,0,1.0
2811.7267960781237,1,1.0
2811.7551968277903,1,1.0
2814.2645742257246,0,1.0
2814.572775803876,0,1.0
2814.5743236127887,0,1.0
2814.650915293076,1,1.0
2814.6543019346723,0,1.0
2814.9432360194173,0,1.0
2815.47548316435,0,1.0
2817.46051620906,0,1.0
2817.465478201008,0,1.0
2817.533026827479,1,1.0
2817.549805068115,0,1.0
2819.6139759610946,0,1.0
2819.6479660940545,0,1.0
2819.807735691208,1,1.0
2821.727207358224,1,1.0
2822.1253515092476,0,1.0
2823.701766974118,1,1.0
2823.7522560080583,0,1.0
2823.8084864714137,0,1.0
2823.985638645847,1,1.0
2824.3804090959184,1,1.0
2824.6707315082244,1,1.0
2826.1967256229586,0,1.0
2826.285960066516,1,1.0
2826.8126217123763,0,1.0
2827.240745790631,0,1.0
2829.059734547789,0,1.0
2829.066712456724,1,1.0
2829.1514718057247,0,1.0
2829.7692427050474,0,1.0
2829.788015337321,0,1.0
2829.837681304377,0,1.0
2829.8733547438264,0,1.0
2830.170644473677,1,1.0
2832.475917935876,1,1.0
2832.5549689747877,1,1.0
2832.690340107193,0,1.0
2833.121014993261,0,1.0
2833.1354098105408,1,1.0
2833.2268154927633,1,1.0
2833.2990141950268,0,1.0
2833.843819289937,1,1.0
2833.998634897707,1,1.0
2834.021312140345,1,1.0
2834.0244787149054,1,1.0
2834.1694303179593,1,1.0
2834.3336176934085,1,1.0
2834.3458099870527,1,1.0
2834.3654547958085,1,1.0
2834.9063092564206,0,1.0
2838.982830630818,0,1.0
2839.1924015828977,0,1.0
2839.296039570196,1,1.0
2839.3901207425506,1,1.0
2839.529895146706,1,1.0
2841.0254431148473,0,1.0
2841.252846736287,1,1.0
2841.282129786625,0,1.0
2841.325421048172,1,1.0
2841.380245550522,0,1.0
2841.417255850222,0,1.0
2841.4188392562965,1,1.0
2841.4484946747757,0,1.0
2841.475544530623,0,1.0
2841.4799101440467,0,1.0
2841.4804304051418,0,1.0
2841.7754317990207,1,1.0
2841.8379756348286,1,1.0
2842.098352442681,1,1.0
2844.2395186866434,0,1.0
2846.5033970096842,0,1.0
2848.7446672720394,1,1.0
2848.7586496233957,1,1.0
2848.9165156844065,1,1.0
2849.3126238482887,0,1.0
2851.529410833199,0,1.0
2851.973692564271,0,1.0
2851.981914238309,1,1.0
2852.871954221293,0,1.0
2852.941872186186,1,1.0
2855.7956441316906,0,1.0
2855.7980056594815,0,1.0
2856.6697234966496,0,1.0
2856.6786867734213,0,1.0
2856.6852309120704,1,1.0
2856.8484737959902,0,1.0
2856.8524361371633,1,1.0
2859.07411007222,1,1.0
2859.329012717199,1,1.0
2859.6067971671478,1,1.0
2859.6944516526974,1,1.0
2861.844874497767,0,1.0
2863.4331904588494,1,1.0
2865.874112202966,0,1.0
2871.0577163905687,0,1.0
2872.376890004398,0,1.0
2872.503337972038,1,1.0
2876.918680090169,0,1.0
2877.253229641342,0,1.0
2877.2569232701426,0,1.0
2879.806036412007,1,1.0
2880.3786353020528,0,1.0
2881.1259870314016,1,1.0
2881.1601722968553,1,1.0
2881.167435518402,0,1.0
2881.4630000207917,1,1.0
2883.2538237492204,0,1.0
2885.2408301687215,0,1.0
2885.3919082673046,1,1.0
2885.417578354013,1,1.0
2885.4507267284707,0,1.0
2885.774085425872,1,1.0
2885.808600176891,0,1.0
2885.864563966897,1,1.0
2885.880726395037,1,1.0
2885.9382663572515,0,1.0
2886.1290183973615,0,1.0
2886.149427448289,0,1.0
2886.1727323035934,1,1.0
2886.218552281265,1,1.0
2886.2643578497077,0,1.0
2886.333956480153,1,1.0
2886.353391350528,1,1.0
2886.376086312472,1,1.0
2886.4467556270542,1,1.0
2886.4493732818014,0,1.0
2886.4713154422902,1,1.0
2886.495477887011,1,1.0
2886.523696838374,0,1.0
2886.5423051829,0,1.0
2886.5746416450825,0,1.0
2886.584928271064,0,1.0
2886.6433015263497,1,1.0
2886.681173942162,1,1.0
2886.7210017969082,0,1.0
2886.730059976055,0,1.0
2886.7565318586962,1,1.0
2886.8536136908065,0,1.0
2887.046502706664,0,1.0
2891.4856839184818,1,1.0
2891.554958225911,1,1.0
2892.344985518017,1,1.0
2892.853758133709,0,1.0
2894.9195113233272,1,1.0
2895.6642228155692,0,1.0
2895.749418554603,1,1.0
2895.8123324250873,0,1.0
2895.982263573326,1,1.0
2896.342977842459,0,1.0
2900.5869902847776,1,1.0
2901.118491601769,0,1.0
2901.1344116479754,1,1.0
2901.181344780956,0,1.0
2913.469888449037,0,1.0
2921.554230686295,0,1.0
2921.620091061134,1,1.0
2921.6510056469597,1,1.0
2921.8551248878716,0,1.0
2921.9104136501646,0,1.0
2923.4457686218457,1,1.0
2923.59799332263,1,1.0
2924.8747207029783,1,1.0
2925.2207302476045,0,1.0
2925.3520952807316,0,1.0
2925.5311472153344,1,1.0
2925.6132677095943,1,1.0
2925.6666423056763,1,1.0
2925.707044739737,0,1.0
2933.4380659317376,0,1.0
2933.7279544347457,0,1.0
2936.3332437530166,1,1.0
2936.4985548379673,0,1.0
2937.987895391678,0,1.0
2938.030447668696,0,1.0
2938.0986642936236,1,1.0
2938.343432481274,1,1.0
2940.2321864396645,1,1.0
2942.11790736929,0,1.0
2943.8892989263586,0,1.0
2943.9587475607354,0,1.0
2944.0314711792907,1,1.0
2944.1124475101597,0,1.0
2944.2109233371148,0,1.0
2944.2744477320584,1,1.0
2948.034554786116,1,1.0
2957.618596849665,1,1.0
2957.6576591882226,1,1.0
2961.5509636347474,1,1.0
2961.8362170497635,0,1.0
2961.892165181323,1,1.0
2962.0275358550907,0,1.0
2962.1233117646816,1,1.0
2962.1961214917806,0,1.0
2962.2149741512753,0,1.0
2962.659687824791,0,1.0
2962.765618751532,1,1.0
2962.867616482546,1,1.0
2963.045196684209,0,1.0
2963.0947643452105,0,1.0
2963.2374684690076,1,1.0
2963.262870062056,1,1.0
2963.333502429176,1,1.0
2966.71992055093,0,1.0
2967.2821955661075,0,1.0
2967.3346701334153,0,1.0
2967.992024789031,0,1.0
2972.732985996661,0,1.0
2973.0491053231226,0,1.0
2973.226937596448,0,1.0
2973.229596822962,0,1.0
2973.2314927260586,0,1.0
2973.2696900201463,1,1.0
2973.4338045808763,1,1.0
2973.4665915719625,0,1.0
2973.6336404110293,1,1.0
2973.912860525688,0,1.0
2974.0346146894085,0,1.0
2974.0475036813327,1,1.0
2974.204734341446,1,1.0
2974.2817118133767,0,1.0
2975.6267493059518,0,1.0
2976.260643689946,0,1.0
2977.051033790294,1,1.0
2977.2711484378997,0,1.0
2978.9827299927,0,1.0
2979.2633652083327,0,1.0
2979.2933119253044,1,1.0
2980.564253661493,0,1.0
2980.641844013836,1,1.0
2980.6812600536073,1,1.0
2980.9499390953406,1,1.0
2981.1594381668183,0,1.0
2981.159879055199,0,1.0
2987.189658758211,0,1.0
2987.2694116890893,1,1.0
2987.92484302646,0,1.0
2988.3282013852754,0,1.0
2988.5792720243026,1,1.0
2992.1202294372765,0,1.0
2992.741893390453,0,1.0
2992.901477668349,0,1.0
2995.5956908515286,1,1.0
2995.774941842529,0,1.0
2996.104646479055,0,1.0
2996.123736583865,1,1.0
2996.1664663678735,0,1.0
2996.58791587535,1,1.0
2996.6455753301757,1,1.0
2997.0856064001596,0,1.0
2997.3724039512513,0,1.0
2997.553037510273,0,1.0
2997.866507276264,1,1.0
3000.2947307134987,0,1.0
3001.0329604236163,1,1.0
3001.245532149249,0,1.0
3001.346934637841,0,1.0
3001.512427176081,0,1.0
3001.5220936799114,0,1.0
3001.54415904732,0,1.0
3001.6079048489355,0,1.0
3001.6155310733284,0,1.0
3001.656606757181,0,1.0
3001.6732801813496,1,1.0
3001.688957934224,1,1.0
3001.73056861493,1,1.0
3001.740683213163,1,1.0
3001.970385103799,1,1.0
3002.027671411196,0,1.0
3002.321919851723,0,1.0
3002.3836030483203,1,1.0
3002.6617793109713,1,1.0
3003.2361832887323,0,1.0
3003.27431416487,0,1.0
3006.082262124732,1,1.0
3006.1094212484936,1,1.0
3006.1229477903325,1,1.0
3006.2322662094034,0,1.0
3006.286875900716,1,1.0
3006.7767222380385,1,1.0
3006.8241222902075,1,1.0
3011.6799745546423,1,1.0
3012.1534713724905,0,1.0
3012.3100673053023,1,1.0
3013.2182861521396,0,1.0
3013.344006716534,1,1.0
3014.695104181273,1,1.0
3014.8281270584494,1,1.0
3016.4538150102,0,1.0
3016.7921177145927,1,1.0
3020.5225483046042,0,1.0
3020.6436005356363,0,1.0
3020.6642764748726,0,1.0
3021.5971745664824,0,1.0
3021.9376681949257,1,1.0
3023.8679332465895,1,1.0
3024.211723001107,1,1.0
3026.083778905504,0,1.0
3026.3215721056536,0,1.0
3028.1294692514157,1,1.0
3029.994795522493,0,1.0
3030.6125924141197,1,1.0
3030.677331001003,1,1.0
3033.1731096268295,0,1.0
3035.4198122231905,1,1.0
3039.818602715263,1,1.0
3041.978334276092,1,1.0
3042.0920728512638,0,1.0
3043.6827620652657,0,1.0
3044.3581996875746,0,1.0
3045.092771360415,0,1.0
3045.2838023369677,1,1.0
3045.290496002371,1,1.0
3047.982485750334,1,1.0
3048.1310287571205,1,1.0
3053.4897743951774,1,1.0
3053.5309743959356,1,1.0
3053.5668620067718,1,1.0
3053.6413506786544,1,1.0
3055.826943614801,1,1.0
3058.9973876342137,1,1.0
3061.8453226696424,0,1.0
3062.5377492847792,1,1.0
3062.6890501468083,1,1.0
3062.825215181514,1,1.0
3063.0784651249614,1,1.0
3066.171478848492,1,1.0
3066.222022000865,1,1.0
3066.252365779381,1,1.0
3066.350263176518,0,1.0
3066.782185483792,0,1.0
3066.8137560182176,1,1.0
3066.8612825774635,0,1.0
3066.921777442449,1,1.0
3066.965902356643,0,1.0
3067.0571513218147,0,1.0
3067.3039083012964,0,1.0
3067.403953279807,0,1.0
3067.545343836911,1,1.0
3067.6861558226487,1,1.0
3067.965136874128,0,1.0
3067.9852778574955,0,1.0
3070.804674413057,1,1.0
3071.2682915218593,1,1.0
3074.549470312376,1,1.0
3074.682182548457,0,1.0
3074.6908840946917,1,1.0
3074.834093350664,0,1.0
3075.0339258097883,1,1.0
3075.253847091883,1,1.0
3075.364952182929,0,1.0
3075.5458961628524,0,1.0
3080.522848560456,1,1.0
3083.8373636841366,0,1.0
3084.008034918242,1,1.0
3092.118268651657,0,1.0
3092.1416126078702,1,1.0
3092.2175888536894,1,1.0
3092.231359369804,1,1.0
3092.7223941502966,1,1.0
3098.153479084013,0,1.0
3098.1983195820712,1,1.0
3098.2610194710096,0,1.0
3098.2745449278345,1,1.0
3101.0469230800622,0,1.0
3102.7685333348168,1,1.0
3103.4817158050396,0,1.0
3103.5037094817712,0,1.0
3103.5452135466685,1,1.0
3104.2256435017084,0,1.0
3104.9214279615126,1,1.0
3105.8142443270103,1,1.0
3105.835549206378,0,1.0
3105.8770286437366,1,1.0
3106.1680650734374,1,1.0
3106.2686911988317,0,1.0
3106.456339058554,1,1.0
3107.501402624644,0,1.0
3109.0782306667124,0,1.0
3109.457829669537,0,1.0
3111.033024529379,1,1.0
3112.193105976561,0,1.0
3112.9973809380676,0,1.0
3113.666028654345,1,1.0
3116.491345161317,1,1.0
3117.2548532442825,1,1.0
3117.5568918515514,1,1.0
3117.5787397293752,0,1.0
3118.8319763151335,1,1.0
3121.2095647600618,0,1.0
3122.78826083399,1,1.0
3123.52069513013,1,1.0
3125.2761871978328,1,1.0
3127.4322469693407,1,1.0
3127.785838109804,0,1.0
3128.272332932379,0,1.0
3128.283086794273,1,1.0
3128.384737244663,1,1.0
3128.431185317899,1,1.0
3128.465692763469,1,1.0
3128.523807359722,0,1.0
3128.551470904149,1,1.0
3128.553444642417,1,1.0
3128.674576448861,0,1.0
3128.9120119760364,1,1.0
3128.987567783861,1,1.0
3129.040477954542,0,1.0
3129.766515725652,0,1.0
3129.7733967394524,0,1.0
3129.7876086831225,1,1.0
3131.1858663796743,0,1.0
3137.537905786618,0,1.0
3137.5788771089788,0,1.0
3142.3005100871756,1,1.0
3146.5463294159977,1,1.0
3148.2486853909427,1,1.0
3150.427962951936,0,1.0
3153.9598057675894,0,1.0
3154.0231938384272,1,1.0
3154.2496218543447,0,1.0
3159.2976007955635,0,1.0
3159.439876420969,0,1.0
3159.45155594707,1,1.0
3161.2405047058664,1,1.0
3163.783255726061,1,1.0
3164.932312789275,1,1.0
3169.068231460486,0,1.0
3169.092854192543,0,1.0
3169.2466542465813,0,1.0
3169.4951298029087,0,1.0
3169.6476595487206,0,1.0
3170.916507732209,1,1.0
3171.0152243761095,0,1.0
3171.85122881256,0,1.0
3172.4883707426425,0,1.0
3172.6502663548144,1,1.0
3172.731880851225,0,1.0
3172.7677691773024,1,1.0
3173.1089310610682,0,1.0
3173.1424707457386,1,1.0
3173.234980833914,1,1.0
3175.4828512762597,0,1.0
3175.5770721366803,0,1.0
3177.77181873345,0,1.0
3179.935481794766,1,1.0
3181.412634621183,0,1.0
3181.4778253456275,1,1.0
3181.7031799782226,0,1.0
3182.638233786338,0,1.0
3182.9243553127753,0,1.0
3183.5188286941793,0,1.0
3183.760453237297,0,1.0
3183.7694996803143,1,1.0
3184.5764649968287,0,1.0
3186.077251196113,1,1.0
3186.487139691038,1,1.0
3188.185529332816,0,1.0
3193.699879037215,0,1.0
3193.7865434939313,0,1.0
3196.5357643228353,1,1.0
3196.7300403893814,0,1.0
3196.8907125350943,1,1.0
3196.9741358143597,1,1.0
3197.641551571939,1,1.0
3197.673007507762,1,1.0
3202.938880768746,0,1.0
3205.3436273807697,1,1.0
3205.6220467576863,0,1.0
3207.7638055273296,0,1.0
3212.168644466282,0,1.0
3217.405633149545,0,1.0
3217.4303804853457,0,1.0
3217.5903052358635,1,1.0
3217.9335705710073,1,1.0
3221.331476495423,1,1.0
3222.103455678906,0,1.0
3225.151252168378,1,1.0
3226.469308750473,0,1.0
3226.6112471592555,0,1.0
3226.9030852833794,1,1.0
3228.3511504034013,0,1.0
3228.5983497859606,0,1.0
3228.6188385902346,0,1.0
3228.6670911325587,0,1.0
3229.1231825397454,0,1.0
3229.400112951199,0,1.0
3229.4651381864655,0,1.0
3229.4725994343257,1,1.0
3229.6438001505976,0,1.0
3231.5121157272447,1,1.0
3234.591747491511,1,1.0
3234.6862080664646,1,1.0
3234.692122319634,0,1.0
3234.7044970718807,1,1.0
3234.710865909488,0,1.0
3234.714753296777,1,1.0
3234.863871127202,1,1.0
3234.950318301029,1,1.0
3235.919394891799,0,1.0
3236.897791537893,0,1.0
3237.9901053322055,0,1.0
3239.0619955456395,0,1.0
3240.132098025245,1,1.0
3243.1822255173934,0,1.0
3243.2343705327903,0,1.0
3243.3052514924525,1,1.0
3243.5349516086826,1,1.0
3249.238437931559,0,1.0
3249.296372385418,0,1.0
3249.4907762879698,1,1.0
3249.5205339274385,1,1.0
3252.2209257754625,0,1.0
3252.460502200088,0,1.0
3252.519802563376,1,1.0
3253.1207255219056,1,1.0
3253.408517480568,0,1.0
3253.5110457564288,1,1.0
3258.8448937218127,1,1.0
3262.3593326990094,0,1.0
3262.561044661427,1,1.0
3263.2626053296394,1,1.0
3263.3908137729454,1,1.0
3267.0813763598126,0,1.0
3267.287190866947,0,1.0
3268.819160028839,1,1.0
3268.8924180255476,0,1.0
3268.9228354769743,1,1.0
3268.9711539392188,1,1.0
3269.016467635618,0,1.0
3269.032183139967,0,1.0
3269.080020063191,1,1.0
3269.1552080717565,0,1.0
3269.2071634650088,0,1.0
3269.38109502524,0,1.0
3269.461403364105,0,1.0
3269.950677574553,1,1.0
3269.9773833747226,1,1.0
3270.179172870981,1,1.0
3273.3688241451823,1,1.0
3276.691284200417,1,1.0
3277.088242796993,0,1.0
3278.6611652071138,1,1.0
3278.699383685098,1,1.0
3278.8001872639816,1,1.0
3278.8003861630505,1,1.0
3278.8283143336976,1,1.0
3278.8567965567777,0,1.0
3278.9458431700514,1,1.0
3278.9539976899428,1,1.0
3278.9840954026554,1,1.0
3279.1237640871072,0,1.0
3279.1447599380667,1,1.0
3279.4178957383538,1,1.0
3279.877167254273,0,1.0
3282.5509450418726,1,1.0
3282.6023886665075,0,1.0
3282.616191950116,1,1.0
3282.811451350293,1,1.0
3282.893803670682,0,1.0
3285.4950712551026,0,1.0
3285.4980983300616,0,1.0
3289.450415084239,0,1.0
3289.574984464108,1,1.0
3294.0235800154023,1,1.0
3302.2968784057207,0,1.0
3302.307467268889,0,1.0
3302.5012475225612,0,1.0
3304.473053666114,0,1.0
3304.6461279519417,1,1.0
3310.7152632133734,0,1.0
3314.3739524434186,1,1.0
3314.8092616820613,1,1.0
3315.488657562952,0,1.0
3317.1845200533153,0,1.0
3318.678824648303,1,1.0
3319.0886284818375,0,1.0
3319.3669715307556,0,1.0
3319.4326294491307,1,1.0
3319.6002122626164,1,1.0
3319.628288331033,1,1.0
3320.2358108861267,1,1.0
3320.300770679103,1,1.0
3320.3163054169713,0,1.0
3320.3299488034536,0,1.0
3320.3413977442556,0,1.0
3320.3570650189704,0,1.0
3320.4954008129953,1,1.0
3320.568227850836,0,1.0
3320.828262138015,1,1.0
3320.8830128600125,0,1.0
3320.962356672258,1,1.0
3321.0457106514355,1,1.0
3321.0854805263148,0,1.0
3321.1101477268253,0,1.0
3322.48030107847,0,1.0
3322.588272638551,1,1.0
3322.7567533659094,1,1.0
3322.879644467725,0,1.0
3322.894600468907,0,1.0
3322.9865163822205,0,1.0
3323.2690493717364,1,1.0
3323.3105239344627,1,1.0
3323.3640955731635,1,1.0
3333.222385904629,1,1.0
3338.1283816520126,1,1.0
3341.928386699626,0,1.0
3342.8091845925196,0,1.0
3342.8565862735277,0,1.0
3342.906778856934,0,1.0
3342.935228339323,1,1.0
3342.9822135615373,0,1.0
3343.1516001358373,1,1.0
3343.2167730457368,1,1.0
3343.28923467251,1,1.0
3343.5019115880996,1,1.0
3344.2052298849203,1,1.0
3344.2519382089563,1,1.0
3344.3490097283943,1,1.0
3344.410403550656,0,1.0
3344.566738134334,1,1.0
3344.568170487753,0,1.0
3344.593183273125,1,1.0
3347.037575775653,1,1.0
3353.503339345698,0,1.0
3353.900987396466,0,1.0
3354.007877281621,0,1.0
3354.2504682825975,0,1.0
3354.4968750789194,1,1.0
3355.520298253666,0,1.0
3360.6036798596438,0,1.0
3360.6155501142125,1,1.0
3360.6733511348602,0,1.0
3360.703093816437,0,1.0
3360.7422472072576,0,1.0
3361.1690142913862,0,1.0
3361.6222120738275,0,1.0
3361.6347977029814,1,1.0
3361.763820421881,1,1.0
3362.030424748592,0,1.0
3362.0843368315464,1,1.0
3362.153999353564,0,1.0
3363.21944275517,1,1.0
3366.9074271696018,0,1.0
3366.9138869484373,1,1.0
3368.157861488922,1,1.0
3368.806474755973,1,1.0
3370.0742218629134,1,1.0
3370.1140607750394,1,1.0
3370.26172606557,0,1.0
3370.2909281002535,0,1.0
3372.1778368735077,0,1.0
3373.720178574825,1,1.0
3377.3922271912115,1,1.0
3377.5908411082164,1,1.0
3377.839488716616,1,1.0
3378.915420350975,0,1.0
3380.246493390039,1,1.0
3381.451251338247,0,1.0
3386.329934441099,1,1.0
3386.828226780337,0,1.0
3389.640201960789,1,1.0
3389.696631629486,0,1.0
3389.744158084793,0,1.0
3389.752451105662,1,1.0
3389.81267497593,1,1.0
3389.8223933129466,1,1.0
3390.0887011934597,0,1.0
3390.2777678787893,1,1.0
3391.0018527773555,0,1.0
3391.163694630818,0,1.0
3391.448540510305,0,1.0
3391.534873553997,0,1.0
3391.5570981736932,1,1.0
3391.6538718085726,1,1.0
3394.3365985219393,0,1.0
3398.8946728363417,0,1.0
3399.0974555941425,1,1.0
3399.685184453235,1,1.0
3399.734314449659,0,1.0
3404.18358590171,0,1.0
3404.215422113411,0,1.0
3407.7169529066723,0,1.0
3408.1060936953013,0,1.0
3412.017772471899,1,1.0
3412.087744703217,0,1.0
3412.210851785461,1,1.0
3412.385201911576,1,1.0
3412.5131273242628,0,1.0
3412.592329439581,1,1.0
3412.7117835151453,0,1.0
3412.94258999226,0,1.0
3413.103920369513,1,1.0
3413.3320753934904,0,1.0
3413.443489996805,0,1.0
3413.4919066701054,0,1.0
3416.160330618763,1,1.0
3416.261946252769,0,1.0
3416.306354632513,1,1.0
3416.4435386555956,1,1.0
3416.6304961694145,0,1.0
3416.894024490168,1,1.0
3417.1451128638764,1,1.0
3417.840951036047,0,1.0
3418.4509419239907,0,1.0
3418.608826101891,0,1.0
3419.218675664509,0,1.0
3419.2203422894754,0,1.0
3419.3587288660156,0,1.0
3419.4492403188992,1,1.0
3429.119205425578,0,1.0
3429.6457560162394,0,1.0
3429.679746471478,1,1.0
3430.282464376509,1,1.0
3432.299487580196,0,1.0
3437.2676025684577,0,1.0
3437.422851462469,1,1.0
3437.4457698289116,1,1.0
3441.9643023183453,0,1.0
3442.224038485072,1,1.0
3442.2324587165863,1,1.0
3442.4888171596413,1,1.0
3443.5169547951755,0,1.0
3443.5399612011947,0,1.0
3443.6054612097073,0,1.0
3444.7410081168405,0,1.0
3445.8714587739432,1,1.0
3446.516345942497,1,1.0
3446.5405616948474,1,1.0
3446.5606664744396,1,1.0
3449.0654684699375,1,1.0
3449.9462365377253,0,1.0
3450.0203212678966,0,1.0
3451.785019691105,0,1.0
3451.8982182775294,0,1.0
3452.232696421812,0,1.0
3452.4114789137784,0,1.0
3452.63060385619,0,1.0
3452.7564534957046,0,1.0
3452.816252319178,0,1.0
3452.8300880928005,0,1.0
3452.8435534707073,1,1.0
3452.9073269024825,0,1.0
3453.023764282556,1,1.0
3453.354891583727,1,1.0
3453.488115490072,1,1.0
3454.2799791503585,1,1.0
3454.3203713032385,0,1.0
3454.3288319318417,1,1.0
3454.3510741366626,1,1.0
3456.026165047209,0,1.0
3456.1491714976505,1,1.0
3456.276552141612,1,1.0
3458.7920280802955,1,1.0
3459.031003387052,0,1.0
3459.0782162889104,1,1.0
3459.191625153266,0,1.0
3459.258930047839,1,1.0
3459.279558195918,1,1.0
3459.3644898399443,0,1.0
3459.732949163471,1,1.0
3461.1244637160585,0,1.0
3464.2925308516915,0,1.0
3464.342421706465,0,1.0
3464.3780590315814,1,1.0
3464.51956966148,0,1.0
3464.847190743055,1,1.0
3464.8614634167197,1,1.0
3466.901458516989,0,1.0
3467.339818554665,1,1.0
3467.501237634042,1,1.0
3469.6504543665596,1,1.0
3469.705985671166,1,1.0
3469.76021163319,1,1.0
3469.8349937034454,0,1.0
3472.769615135872,0,1.0
3473.1992657531177,1,1.0
3473.312566395104,0,1.0
3473.5728718296637,1,1.0
3473.6830929522816,1,1.0
3477.720603157611,0,1.0
3477.875152578134,0,1.0
3477.947122310451,0,1.0
3478.291881816242,0,1.0
3478.357912560482,0,1.0
3478.5058893407613,0,1.0
3478.7595713987794,1,1.0
3481.099924257665,0,1.0
3481.1951894969434,1,1.0
3481.2077675206647,1,1.0
3481.2397703161732,1,1.0
3483.7911383637847,0,1.0
3489.0489059169163,0,1.0
3490.2104515296464,1,1.0
3496.208809599812,0,1.0
3496.2930518023386,0,1.0
3496.6134693910326,1,1.0
3496.6148605376266,1,1.0
3496.6293451690635,0,1.0
3496.664720494893,0,1.0
3496.712024390942,1,1.0
3497.267557630572,1,1.0
3497.782410914862,0,1.0
3497.9289864376688,1,1.0
3497.940276825526,0,1.0
3498.049978912502,1,1.0
3498.3460225764043,1,1.0
3498.364574308836,1,1.0
3498.473270549541,1,1.0
3498.9125520198377,0,1.0
3499.254810134497,0,1.0
3500.9695687347075,0,1.0
3501.0054854567143,0,1.0
3501.3205578553548,0,1.0
3503.576720177362,0,1.0
3503.8958124759165,1,1.0
3503.9552959377456,0,1.0
3504.3601019083744,1,1.0
3504.6912184718835,1,1.0
3504.69338708192,0,1.0
3504.7600125612385,0,1.0
3504.907700044796,0,1.0
3504.959806660707,1,1.0
3505.057078788695,0,1.0
3505.123725754213,1,1.0
3505.2489809402746,1,1.0
3505.2600780292905,0,1.0
3505.3637714341025,0,1.0
3505.432988454177,1,1.0
3505.505880142972,0,1.0
3505.721934071966,1,1.0
3505.919200121043,1,1.0
3505.9326925218493,0,1.0
3506.1425373045336,1,1.0
3506.28793434264,0,1.0
3506.2980908613144,0,1.0
3506.323880375674,0,1.0
3506.368136808079,0,1.0
3506.4022304105997,0,1.0
3506.4232166546844,0,1.0
3506.4778347041733,0,1.0
3506.694698179588,0,1.0
3506.833064387417,0,1.0
3506.922393264046,1,1.0
3506.9509353645167,1,1.0
3506.9642021179416,0,1.0
3507.135369145112,0,1.0
3508.630883227973,1,1.0
3509.641804662619,0,1.0
3509.6932125339013,0,1.0
3509.7049873560213,1,1.0
3514.941598253314,0,1.0
3517.3185218225376,0,1.0
3525.8473061475797,0,1.0
3525.9315319894913,0,1.0
3525.9350170607477,0,1.0
3525.9712785241704,0,1.0
3526.2156004640533,1,1.0
3526.241898312191,1,1.0
3526.244819041006,0,1.0
3526.393948812114,1,1.0
3529.5277597566137,0,1.0
3530.169601470641,0,1.0
3530.8655721233213,0,1.0
3531.6183530333033,0,1.0
3531.7824766679073,0,1.0
3531.849416255995,0,1.0
3533.9141826175623,0,1.0
3537.825892472544,0,1.0
3537.94465948845,0,1.0
3539.4670339901936,1,1.0
3539.47834383417,0,1.0
3539.543934235585,1,1.0
3539.6306858099506,0,1.0
3539.753007485573,1,1.0
3539.776645093412,1,1.0
3540.091559971947,1,1.0
3540.7290307147778,1,1.0
3542.8192848610765,0,1.0
3547.363273766148,0,1.0
3549.1581396524584,0,1.0
3549.195327588654,0,1.0
3549.597467741431,0,1.0
3549.6068974898994,0,1.0
3549.6704907385715,0,1.0
3549.6758309329653,0,1.0
3549.7629978092727,0,1.0
3549.7682169927825,0,1.0
3549.782229183238,0,1.0
3549.8292875508273,0,1.0
3550.3580852956025,1,1.0
3550.474067078454,0,1.0
3550.56110198818,0,1.0
3550.631800728801,1,1.0
3550.6409766379243,1,1.0
3557.419675586552,0,1.0
3557.651984006087,1,1.0
3557.8640002022385,1,1.0
3557.979738038465,1,1.0
3558.7863082044682,0,1.0
3558.845726284861,0,1.0
3559.031925669125,0,1.0
3559.523664128211,0,1.0
3559.807708569847,1,1.0
3561.188027405325,0,1.0
3561.308818673516,0,1.0
3562.452313966229,1,1.0
3563.3236385826267,1,1.0
3564.853430434628,1,1.0
3564.9834478041635,0,1.0
3566.752200012893,0,1.0
3566.985698636482,0,1.0
3569.349721789071,1,1.0
3569.369531746381,0,1.0
3569.414093825884,0,1.0
3571.418626591834,0,1.0
3571.4609796612335,1,1.0
3575.0878131441305,0,1.0
3575.4433555200044,0,1.0
3576.583127372884,1,1.0
3577.33537850973,1,1.0
3577.3356271365137,0,1.0
3577.5927907409764,1,1.0
3577.594320365619,1,1.0
3577.595752007563,1,1.0
3578.1140801528077,1,1.0
3578.521335267509,0,1.0
3582.511913838118,1,1.0
3582.869154439518,0,1.0
3582.93804965517,0,1.0
3583.898654189235,0,1.0
3584.0116472109517,1,1.0
3584.225668510649,1,1.0
3586.979669911558,0,1.0
3587.3435045793594,0,1.0
3587.6272634563898,0,1.0
3587.798274473672,0,1.0
3587.8006210583267,1,1.0
3588.1539750030383,0,1.0
3588.4062557641464,1,1.0
3588.4294749803817,1,1.0
3588.693107140155,0,1.0
3588.7414884047002,0,1.0
3588.7444683311533,1,1.0
3588.757841595679,1,1.0
3588.837137416532,1,1.0
3588.8772355310557,0,1.0
3588.9723018228237,1,1.0
3590.044804402111,0,1.0
3590.317856062804,1,1.0
3590.369816714211,1,1.0
3592.2831127809714,0,1.0
3592.6756903736796,1,1.0
3595.071889133293,1,1.0
3595.927919963935,1,1.0
3598.9545195366045,0,1.0
3598.994317803908,1,1.0
3599.0022692010084,0,1.0
3602.5636888691815,1,1.0
3603.0296141796734,1,1.0
3603.162059408555,1,1.0
3603.2431653314065,0,1.0
3604.529417392458,0,1.0
3604.5871614251414,0,1.0
3608.6058593662624,1,1.0
3609.08490045959,1,1.0
3611.889347792824,0,1.0
3612.1922413922675,1,1.0
3612.2125640306276,0,1.0
3612.2885661071177,1,1.0
3612.3115253085402,0,1.0
3612.5848508066288,1,1.0
3612.8002093090718,1,1.0
3613.431216375892,1,1.0
3613.4795736948336,0,1.0
3619.368695831774,1,1.0
3620.836430665017,1,1.0
3623.4123306858132,0,1.0
3623.8954393639883,1,1.0
3625.278852614,1,1.0
3625.5069821624265,0,1.0
3629.3860957326583,0,1.0
3635.407919777011,0,1.0
3635.911211637101,0,1.0
3635.9613760860707,1,1.0
3636.2968568993933,1,1.0
3636.9714404978467,0,1.0
3637.014493317862,0,1.0
3637.1518439602537,1,1.0
3637.191770374201,1,1.0
3637.574531556949,1,1.0
3637.648747238263,1,1.0
3638.347912205095,0,1.0
3638.585008145369,0,1.0
3638.6448719305304,0,1.0
3638.6870791215115,0,1.0
3638.7291139155764,0,1.0
3638.7760841006775,1,1.0
3638.792611106902,1,1.0
3638.9543240825396,1,1.0
3638.9778271088144,0,1.0
3638.9843339067784,0,1.0
3639.096058047845,1,1.0
3639.1022815248543,0,1.0
3639.172400368104,0,1.0
3639.2383528255323,0,1.0
3639.254793519498,0,1.0
3639.2931616418086,1,1.0
3639.302705466366,0,1.0
3639.327500094211,1,1.0
3640.413145695088,0,1.0
3640.9862625163228,1,1.0
3641.032990466959,1,1.0
3641.065730009184,1,1.0
3641.170464888859,1,1.0
3641.2531427151507,1,1.0
3642.9798050001573,1,1.0
3645.87519867698,0,1.0
3645.912594310447,0,1.0
3649.801254982921,0,1.0
3651.2718511389644,0,1.0
3651.505262883758,1,1.0
3651.551270377138,1,1.0
3651.8872354755617,0,1.0
3652.3200173582873,1,1.0
3652.358134363954,1,1.0
3652.358748621135,0,1.0
3653.107503722026,0,1.0
3653.223047441313,1,1.0
3653.3385994733985,1,1.0
3653.382102752552,1,1.0
3653.4240464702934,1,1.0
3654.7295971128146,0,1.0
3654.788689591446,1,1.0
3654.8047255000474,1,1.0
3654.970689108715,0,1.0
3656.520752770627,0,1.0
3656.888355563382,1,1.0
3657.1726316112026,1,1.0
3657.1826817175292,1,1.0
3657.2677619187307,0,1.0
3657.3269992778964,0,1.0
3657.5021899907356,1,1.0
3657.5990355698605,1,1.0
3657.6841150535774,0,1.0
3657.7718128658735,1,1.0
3657.792790171361,1,1.0
3657.9096462184198,0,1.0
3658.8947490744995,1,1.0
3667.6386941562378,0,1.0
3667.9719861948874,1,1.0
3668.297517097079,0,1.0
3668.5511360475425,0,1.0
3669.789789278766,0,1.0
3670.0345558074523,1,1.0
3670.1051968046627,1,1.0
3670.1511603773833,1,1.0
3670.182216539819,1,1.0
3670.5664243460533,0,1.0
3670.70869498359,1,1.0
3671.0013326705807,1,1.0
3671.1252453614065,1,1.0
3671.321323826867,1,1.0
3671.3872315421413,0,1.0
3671.4822141164823,1,1.0
3677.69942568194,1,1.0
3679.458005198525,0,1.0
3681.5673399873194,1,1.0
3681.597519709512,1,1.0
3681.6784400186334,0,1.0
3681.862651727896,0,1.0
3681.873900416589,0,1.0
3681.902776097966,1,1.0
3682.0134236046556,1,1.0
3682.017786856784,1,1.0
3682.029379636204,1,1.0
3682.3872733046533,1,1.0
3682.5555994289657,1,1.0
3683.063162342682,1,1.0
3687.617784511075,1,1.0
3687.928972046259,1,1.0
3688.1258985705276,1,1.0
3690.4852820533856,0,1.0
3690.6042791158625,1,1.0
3691.8044387757864,0,1.0
3692.7229047673163,0,1.0
3693.3435917015886,0,1.0
3699.061684779457,1,1.0
3701.6278992420807,0,1.0
3701.6498883284153,1,1.0
3701.698225121597,1,1.0
3705.266400321055,0,1.0
3705.3147448226678,1,1.0
3705.562830351382,1,1.0
3705.565532139543,1,1.0
3707.9150027614414,1,1.0
3709.1908121735287,1,1.0
3709.2486096742705,0,1.0
3711.8867363644827,1,1.0
3713.0458471075335,1,1.0
3713.8850275972836,0,1.0
3714.8763417313844,0,1.0
3717.5097639900177,0,1.0
3718.536795079601,0,1.0
3718.6602650356576,1,1.0
3721.2289950323448,1,1.0
3721.230675454457,0,1.0
3724.5140504295564,1,1.0
3724.59794687345,1,1.0
3724.7943291788283,0,1.0
3724.8921666044066,1,1.0
3726.169978169097,0,1.0
3726.262972621077,1,1.0
3726.5136605242533,0,1.0
3730.9155529210093,0,1.0
3734.2565329015983,0,1.0
3734.37448953227,0,1.0
3734.672787627504,1,1.0
3734.6785807680926,1,1.0
3734.740357186075,0,1.0
3734.7507611013702,0,1.0
3735.041135194163,0,1.0
3735.25408308749,0,1.0
3735.3365024341124,1,1.0
3735.3806153580504,0,1.0
3735.4265072749045,0,1.0
3735.4616620341017,0,1.0
3735.479114267096,1,1.0
3735.579283656595,1,1.0
3735.606763487487,1,1.0
3735.629530521771,0,1.0
3735.655377879815,1,1.0
3735.6780772695406,1,1.0
3735.724923418889,0,1.0
3735.8778595231465,0,1.0
3736.2644070841734,1,1.0
3736.4818049282126,0,1.0
3736.560225993305,1,1.0
3743.1727420366,0,1.0
3759.13267166671,0,1.0
3759.4850885106825,0,1.0
3759.656587809874,1,1.0
3759.7670057471755,0,1.0
3759.7746216060905,0,1.0
3759.857146597404,1,1.0
3759.9081199524353,1,1.0
3760.1108914161737,1,1.0
3760.2879845519365,0,1.0
3760.3452805919833,1,1.0
3760.5489136226656,1,1.0
3760.586316027625,1,1.0
3761.09436201614,0,1.0
3762.166002637958,0,1.0
3762.2675560277635,0,1.0
3762.4233314179282,1,1.0
3762.5140415053957,1,1.0
3762.9342480015753,1,1.0
3763.138492658352,0,1.0
3763.1600371316495,0,1.0
3763.337182478953,1,1.0
3763.3626776066385,0,1.0
3763.445051829988,0,1.0
3763.509532345689,1,1.0
3763.602996326659,1,1.0
3763.6329885379632,1,1.0
3763.73933798931,1,1.0
3763.775411454485,1,1.0
3763.8023703172953,0,1.0
3763.821665821133,0,1.0
3763.942562177587,0,1.0
3763.980585167986,0,1.0
3764.0027529624904,0,1.0
3764.077352985096,0,1.0
3764.615538373523,0,1.0
3764.663998072402,1,1.0
3765.9305699299243,1,1.0
3767.426001742926,1,1.0
3770.0958449263953,1,1.0
3770.179146682359,1,1.0
3773.0020929931693,0,1.0
3774.2204299306973,0,1.0
3779.789232311012,0,1.0
3779.947025245163,1,1.0
3779.9938547960114,0,1.0
3780.0963093708624,1,1.0
3780.3083671238974,1,1.0
3780.36750375971,0,1.0
3783.428266194399,1,1.0
3784.910007588185,0,1.0
3785.09844980772,1,1.0
3785.2608654177343,1,1.0
3785.287628215603,1,1.0
3785.455484468182,1,1.0
3785.6738839577283,1,1.0
3787.0727935593995,0,1.0
3794.7363785150555,1,1.0
3794.8231631350154,1,1.0
3795.0948789231634,0,1.0
3795.4209211817233,0,1.0
3797.364823909699,0,1.0
3797.416754086971,0,1.0
3797.4203826394887,0,1.0
3797.964370762067,0,1.0
3798.682388146552,0,1.0
3798.8637570656556,0,1.0
3799.0685045722444,1,1.0
3799.792539483337,1,1.0
3799.9695044216082,1,1.0
3799.9727110808367,0,1.0
3800.3885626451106,0,1.0
3805.5207608902633,0,1.0
3805.670088673031,0,1.0
3806.0274353711725,1,1.0
3809.3516422074213,1,1.0
3809.6839069809344,1,1.0
3810.2963107294545,0,1.0
3810.7153936107457,1,1.0
3811.0821682499177,1,1.0
3811.102539541417,1,1.0
3811.2151392383726,1,1.0
3811.284771577269,1,1.0
3811.568348730767,1,1.0
3811.571445228357,1,1.0
3811.744712528745,0,1.0
3811.8544808559677,0,1.0
3812.0957357221505,0,1.0
3812.1112579161795,0,1.0
3812.1493220743264,1,1.0
3812.1652608301965,1,1.0
3812.230182063441,0,1.0
3812.321639825065,1,1.0
3812.3769554756955,0,1.0
3815.909440835646,1,1.0
3816.7467857833417,1,1.0
3816.7648684135816,0,1.0
3817.1274909072163,1,1.0
3817.29158626574,1,1.0
3817.3599659689894,0,1.0
3817.4188289463027,1,1.0
3817.4360368531416,1,1.0
3817.6869173096384,0,1.0
3817.7500867995973,0,1.0
3817.7873112586913,0,1.0
3817.799547434912,1,1.0
3817.874800285236,0,1.0
3817.919585527562,1,1.0
3818.1432021514556,0,1.0
3818.428315155568,0,1.0
3821.004577132913,0,1.0
3821.043559947237,0,1.0
3821.752172091869,0,1.0
3821.9693668833725,1,1.0
3822.0396037405058,0,1.0
3823.0421951546255,0,1.0
3823.2971714009796,0,1.0
3823.4684410114223,0,1.0
3824.3473273486334,0,1.0
3824.493523341241,1,1.0
3824.861670244307,0,1.0
3825.2884716279896,0,1.0
3825.3272335615225,1,1.0
3825.3570040863456,0,1.0
3825.3890062516475,0,1.0
3825.4455526527895,0,1.0
3825.686768048382,0,1.0
3827.498299834674,1,1.0
3827.8659354094784,1,1.0
3828.707206239397,1,1.0
3828.7100187985648,1,1.0
3828.712419780996,0,1.0
3828.7465302790156,1,1.0
3828.8360660353137,0,1.0
3828.8886954159752,0,1.0
3828.8936355449364,0,1.0
3829.1320444293706,0,1.0
3829.36534328971,0,1.0
3832.810791901628,0,1.0
3833.8922112954356,1,1.0
3833.909709620956,1,1.0
3834.24688457223,0,1.0
3837.4938997243976,0,1.0
3839.4473463148415,0,1.0
3840.327515335785,0,1.0
3840.48922236657,0,1.0
3840.5515903541454,0,1.0
3841.0355201320554,0,1.0
3841.2259115235756,0,1.0
3841.226834308885,0,1.0
3841.233503521516,1,1.0
3841.2650611840745,1,1.0
3841.317710527843,0,1.0
3841.3448543881773,0,1.0
3841.424341599687,1,1.0
3844.3025410035107,0,1.0
3848.793339658044,0,1.0
3848.809474761639,0,1.0
3848.8206257205707,0,1.0
3848.844851241332,1,1.0
3848.88392686797,1,1.0
3848.892651972645,0,1.0
3848.931023455425,1,1.0
3849.0529515049952,0,1.0
3849.410542396022,1,1.0
3849.7697864325546,0,1.0
3855.375097404836,0,1.0
3855.448459517189,1,1.0
3855.9302132243365,0,1.0
3856.091608364695,0,1.0
3856.568434106219,1,1.0
3856.622376611042,1,1.0
3857.4111075297287,0,1.0
3858.3145798560563,1,1.0
3859.671281372589,0,1.0
3860.8531206911116,1,1.0
3862.743293131868,0,1.0
3864.3479747916854,0,1.0
3865.184682567879,0,1.0
3870.511276456591,0,1.0
3871.3666502170263,0,1.0
3872.5517969279977,0,1.0
3872.894306362279,1,1.0
3874.2630263999154,0,1.0
3875.0045066869952,1,1.0
3875.3835341947906,1,1.0
3875.413497862517,0,1.0
3875.5127130361075,1,1.0
3884.270461884947,0,1.0
3884.3390521337838,1,1.0
3888.119245741438,0,1.0
3889.162435072077,1,1.0
3892.0602626482228,0,1.0
3892.4169386737312,0,1.0
3893.9286031281476,0,1.0
3894.979744018483,0,1.0
3896.5682871167373,0,1.0
3896.593987692653,1,1.0
3896.765480577198,1,1.0
3896.8655049294957,0,1.0
3897.551922217363,1,1.0
3898.6603543624806,0,1.0
3899.3868946436014,0,1.0
3899.4455941405836,1,1.0
3899.6037666451657,0,1.0
3899.668530317299,0,1.0
3899.8253366601934,0,1.0
3900.0288646866347,1,1.0
3900.521656176188,1,1.0
3900.968033611787,0,1.0
3901.4034972261775,0,1.0
3901.7942539790834,1,1.0
3902.777564995087,0,1.0
3902.9271397692114,1,1.0
3903.060953396935,0,1.0
3903.117894445442,1,1.0
3903.961404297163,1,1.0
3905.160072895903,0,1.0
3905.1719103799487,1,1.0
3905.1994063531,0,1.0
3905.2151446541416,0,1.0
3905.247702020224,1,1.0
3905.258259046303,0,1.0
3905.4560436110587,0,1.0
3905.5843426612178,1,1.0
3905.6903328926583,1,1.0
3905.7603220454275,1,1.0
3905.7679605183284,0,1.0
3906.1247113567865,1,1.0
3906.24889424761,1,1.0
3906.326179054667,1,1.0
3906.5059491998695,0,1.0
3906.5278917457613,1,1.0
3906.619713908572,0,1.0
3906.6625626038913,1,1.0
3906.736999159208,1,1.0
3906.7783790793997,1,1.0
3907.251803982182,0,1.0
3907.502923415963,1,1.0
3909.2508631639716,0,1.0
3910.056538725701,1,1.0
3910.1813973373214,1,1.0
3913.95951970722,1,1.0
3914.3889460572404,0,1.0
3915.784496350853,0,1.0
3917.269014060725,1,1.0
3917.2948861745167,0,1.0
3917.368107659538,0,1.0
3917.3793509702723,0,1.0
3917.3936432714313,1,1.0
3917.560290619788,1,1.0
3919.573790167378,0,1.0
3919.842972146307,0,1.0
3919.9459063519944,1,1.0
3920.013408983501,1,1.0
3920.043106885672,1,1.0
3920.126660762404,0,1.0
3920.167382562641,1,1.0
3920.2979275261628,1,1.0
3920.519235709548,0,1.0
3920.7998835669355,0,1.0
3920.8693404285023,0,1.0
3920.8798693600947,0,1.0
3920.886387970525,0,1.0
3920.948613942267,1,1.0
3921.3092434863574,1,1.0
3921.5158295471206,1,1.0
3921.673232710424,0,1.0
3925.534488117193,0,1.0
3926.960559447089,0,1.0
3927.1479737109776,0,1.0
3928.7417846518556,0,1.0
3929.2058069941495,1,1.0
3929.2355171328286,0,1.0
3929.314435425695,0,1.0
3929.462335313369,0,1.0
3930.1570702892363,0,1.0
3933.207474667535,0,1.0
3936.146621252003,1,1.0
3936.151824401002,0,1.0
3937.0115357552686,1,1.0
3937.2949047137477,0,1.0
3937.520243587519,0,1.0
3938.5942995406435,0,1.0
3939.0295548872004,0,1.0
3942.0839960059234,0,1.0
3942.103903563816,1,1.0
3945.100736677021,0,1.0
3945.140092820188,1,1.0
3945.372178951791,1,1.0
3945.393934250619,0,1.0
3945.5520921893512,1,1.0
3945.6456745365526,1,1.0
3946.044967062159,0,1.0
3946.0603756928117,1,1.0
3946.06080173465,0,1.0
3946.077312078885,0,1.0
3946.2112527303725,0,1.0
3947.4394683302103,1,1.0
3948.2071555426182,1,1.0
3948.376691802207,1,1.0
3951.0442483219927,0,1.0
3951.528381350282,1,1.0
3951.7232506085516,0,1.0
3952.329132800755,1,1.0
3952.6901805992434,1,1.0
3952.9598125340085,1,1.0
3953.1787279386726,0,1.0
3953.6157266072605,1,1.0
3953.797963527959,1,1.0
3955.0412537452066,1,1.0
3957.918845334897,1,1.0
3958.344833566693,0,1.0
3958.373462729562,1,1.0
3958.896471398543,0,1.0
3959.0542679013424,0,1.0
3959.2090113355785,0,1.0
3959.275460077264,1,1.0
3959.3029898064015,0,1.0
3959.474097419618,0,1.0
3959.515688000528,1,1.0
3962.5297120317136,1,1.0
3962.696434157463,0,1.0
3962.959964193724,1,1.0
3963.299581836317,0,1.0
3963.556858783084,0,1.0
3966.947951163886,1,1.0
3967.004193594245,1,1.0
3968.547570927678,0,1.0
3968.611668861842,0,1.0
3968.639317162359,0,1.0
3968.7423967465725,0,1.0
3970.8335895181426,1,1.0
3972.1929338634436,0,1.0
3972.2213074480223,1,1.0
3972.3811271754394,1,1.0
3972.424339676973,1,1.0
3972.5277812324803,1,1.0
3972.7875611993886,1,1.0
3972.834238516745,1,1.0
3972.876902122546,1,1.0
3973.0805373691787,1,1.0
3973.361966670725,1,1.0
3975.183619252566,0,1.0
3975.3133602177054,0,1.0
3983.6195829630665,0,1.0
3983.974233104676,1,1.0
3984.236609485861,1,1.0
3984.89682311098,1,1.0
3985.07285568233,1,1.0
3985.1342239455603,1,1.0
3985.1470651249215,1,1.0
3985.2789192156542,1,1.0
3985.5051084359366,0,1.0
3987.0738422267664,1,1.0
3989.0806556658727,1,1.0
3992.139950942563,0,1.0
3993.3958363376264,0,1.0
3993.7473457163505,1,1.0
3996.982081619998,0,1.0
3997.996894754994,1,1.0
4001.2436684106033,0,1.0
4002.605246078101,0,1.0
4003.2515870435227,0,1.0
4003.3470964757653,0,1.0
4003.6650698910903,1,1.0
4004.6189377491223,0,1.0
4005.1505942497624,1,1.0
4005.6451022512338,0,1.0
4006.247975079786,0,1.0
4009.4860641553705,0,1.0
4019.4523004345688,0,1.0
4021.0963071465203,1,1.0
4021.425916556996,0,1.0
4022.3284575804005,0,1.0
4023.056994409979,1,1.0
4023.1488053319345,1,1.0
4023.154434321292,0,1.0
4023.3537165927396,0,1.0
4023.621889656123,0,1.0
4023.6702682815658,0,1.0
4027.7923271949685,1,1.0
4028.836173141679,1,1.0
4028.9958839452484,1,1.0
4030.3573157071496,0,1.0
4030.4876150148934,1,1.0
4031.0176796427468,1,1.0
4033.520302238188,0,1.0
4033.9066178566877,0,1.0
4034.108409880375,0,1.0
4034.290755265616,1,1.0
4034.3418281946715,1,1.0
4034.9316512531886,0,1.0
4039.7992041709326,0,1.0
4040.068260886151,1,1.0
4040.24494907241,1,1.0
4044.174459138275,0,1.0
4044.2003924974956,0,1.0
4044.5324580887664,1,1.0
4044.5692676259637,0,1.0
4044.857358566586,0,1.0
4045.000506573849,1,1.0
4045.0648957724143,1,1.0
4045.184807669241,0,1.0
4045.22037073162,0,1.0
4045.263284117549,1,1.0
4045.43242500926,1,1.0
4045.4518464925836,0,1.0
4045.5245742760003,0,1.0
4045.839899288269,1,1.0
4046.0756062188175,0,1.0
4046.19243998332,0,1.0
4046.2941362222696,0,1.0
4046.6417586689845,0,1.0
4048.1114395812956,0,1.0
4050.721196466895,1,1.0
4050.757257535926,0,1.0
4053.4876496782417,0,1.0
4053.7139470229627,0,1.0
4053.7184183074314,0,1.0
4053.731016027535,0,1.0
4053.8632906078415,0,1.0
4053.92823298055,0,1.0
4054.046240381871,0,1.0
4054.284320813037,0,1.0
4054.3102301539698,1,1.0
4054.4588470936924,0,1.0
4054.461485119886,0,1.0
4054.80984463531,0,1.0
4058.3407174795884,1,1.0
4060.2461142165716,1,1.0
4061.0458845910694,0,1.0
4061.232833840835,1,1.0
4061.6137488988675,0,1.0
4061.75828068853,1,1.0
4062.096693022486,0,1.0
4062.3183189470856,1,1.0
4066.6622657506564,1,1.0
4066.810298623502,1,1.0
4066.8875510409025,0,1.0
4066.931773942747,0,1.0
4073.0607913654903,0,1.0
4073.9976216182017,0,1.0
4078.3922263581658,1,1.0
4080.116378917553,0,1.0
4080.194659338157,1,1.0
4080.306045323619,1,1.0
4080.3426596416502,1,1.0
4080.7613756910137,0,1.0
4080.859174656325,1,1.0
4080.9827288223323,1,1.0
4081.1497602450067,1,1.0
4081.5047923317156,1,1.0
4081.630207008953,0,1.0
4081.6345436419865,0,1.0
4081.6484850025126,1,1.0
4081.8215702289576,1,1.0
4081.877374380548,0,1.0
4081.901672641593,1,1.0
4081.958105729109,1,1.0
4082.199309408834,1,1.0
4082.250714020847,0,1.0
4082.2754561626107,1,1.0
4082.4107481489837,0,1.0
4082.5941577456974,1,1.0
4082.597877566282,0,1.0
4082.621348785438,0,1.0
4082.7625360475654,1,1.0
4083.379044686937,1,1.0
4083.403321374736,1,1.0
4083.549084254207,0,1.0
4083.573754430421,1,1.0
4083.615810046049,0,1.0
4086.7087504044853,0,1.0
4086.743233965954,0,1.0
4086.769273721743,1,1.0
4090.701552131794,0,1.0
4091.569798852612,0,1.0
4091.6101744068587,0,1.0
4091.691471091242,1,1.0
4091.692482886394,0,1.0
4091.7690794847745,0,1.0
4091.815023198103,0,1.0
4091.830675194008,1,1.0
4092.0030963312565,1,1.0
4092.0515478305333,1,1.0
4092.1018413494435,0,1.0
4092.115042207424,1,1.0
4092.219901091143,1,1.0
4092.353792105511,0,1.0
4092.6417774349125,0,1.0
4099.500307232103,0,1.0
4099.508750470267,0,1.0
4099.5744080638915,1,1.0
4099.587344460074,1,1.0
4099.712153571662,0,1.0
4100.228872318683,0,1.0
4101.569014398797,1,1.0
4101.572603401407,1,1.0
4101.657594663059,1,1.0
4102.519750287155,1,1.0
4105.327291127639,1,1.0
4109.860761401588,0,1.0
4118.442108150642,0,1.0
4126.053840422345,0,1.0
4126.270862900087,0,1.0
4126.342907830178,1,1.0
4127.806011523715,1,1.0
4127.992595502419,0,1.0
4129.971086532433,1,1.0
4130.643945132273,1,1.0
4130.70528482521,0,1.0
4130.865480374766,0,1.0
4131.10020385358,0,1.0
4132.942392493364,0,1.0
4137.727189634356,1,1.0
4139.88747873011,1,1.0
4140.1106441883985,0,1.0
4143.663253285206,1,1.0
4143.910262186391,1,1.0
4144.039158422264,0,1.0
4144.815918441975,0,1.0
4144.837452242151,0,1.0
4144.852026637258,0,1.0
4144.863024586043,0,1.0
4144.86586030244,1,1.0
4144.87311952677,0,1.0
4144.937278589817,1,1.0
4145.0230900599745,1,1.0
4149.75742129903,0,1.0
4151.761302652078,0,1.0
4154.470024418675,1,1.0
4156.622665178604,1,1.0
4156.9938428609685,0,1.0
4159.603233027996,0,1.0
4160.263181443237,1,1.0
4160.310259239459,1,1.0
4160.534288827248,1,1.0
4160.559503799076,1,1.0
4160.619642395775,0,1.0
4160.638744570072,0,1.0
4160.715629113146,1,1.0
4160.736908252383,0,1.0
4162.591281405608,1,1.0
4164.31578454505,0,1.0
4164.569542733769,0,1.0
4173.279710324935,1,1.0
4173.369374536141,0,1.0
4173.973338398887,0,1.0
4176.901400486574,0,1.0
4177.049750383385,1,1.0
4178.9982892521575,1,1.0
4182.208450111442,0,1.0
4182.847209739682,0,1.0
4182.936920691204,1,1.0
4183.014589714824,0,1.0
4183.157546166442,1,1.0
4183.166127607639,0,1.0
4183.218678584716,0,1.0
4183.220483352343,0,1.0
4183.311930196826,0,1.0
4183.4228470218,1,1.0
4187.833271034621,0,1.0
4188.012864654295,1,1.0
4188.037021354756,1,1.0
4188.078959367856,1,1.0
4188.118253790445,1,1.0
4188.212067850091,0,1.0
4192.779623456492,1,1.0
4192.839037006094,0,1.0
4192.979505704998,1,1.0
4193.21459772356,0,1.0
4193.234285257664,0,1.0
4197.098499674544,1,1.0
4197.279731299361,1,1.0
4200.206236305116,0,1.0
4200.295396748553,0,1.0
4207.107618975351,0,1.0
4207.1290040672975,0,1.0
4209.294456951716,0,1.0
4210.52538300809,1,1.0
4210.714139022087,1,1.0
4214.196196586191,0,1.0
4214.376026855555,0,1.0
4218.557534063925,0,1.0
4219.014200291618,1,1.0
4219.16607315173,0,1.0
4222.086087561239,1,1.0
4222.27284991019,0,1.0
4222.402051298103,1,1.0
4227.47579231148,1,1.0
4227.490744359168,0,1.0
4228.539247208094,1,1.0
4228.5756981456325,1,1.0
4233.017471183028,0,1.0
4233.167272178893,0,1.0
4233.434141749297,0,1.0
4233.458853186928,1,1.0
4233.639982375725,0,1.0
4233.938350713244,1,1.0
4238.96889272987,1,1.0
4238.9980744937075,1,1.0
4241.851716157693,0,1.0
4242.078069412159,0,1.0
4243.034643713871,0,1.0
4245.999002127833,1,1.0
4246.142139167687,1,1.0
4246.207390101511,1,1.0
4249.599480073681,0,1.0
4252.633095872242,0,1.0
4253.679390632564,0,1.0
4254.706939444309,0,1.0
4254.798265304617,0,1.0
4256.573168134997,0,1.0
4256.614387790468,1,1.0
4256.673240697489,0,1.0
4257.666206861703,1,1.0
4257.72558263806,0,1.0
4257.997163884794,1,1.0
4259.441110511854,1,1.0
4259.725421036978,1,1.0
4259.7520857774,1,1.0
4259.982242763988,0,1.0
4260.016998898867,0,1.0
4260.10863477783,1,1.0
4260.294496204559,0,1.0
4260.306390607527,1,1.0
4262.1773290009,1,1.0
4264.574475347224,0,1.0
4265.116009734477,0,1.0
4265.127406979164,0,1.0
4265.262534198286,0,1.0
4265.52700298689,1,1.0
4266.392397997796,0,1.0
4272.527036510892,0,1.0
4272.817092570474,0,1.0
4272.818005072973,0,1.0
4273.048812864238,1,1.0
4273.131039417709,0,1.0
4273.344995580187,0,1.0
4273.421890270923,0,1.0
4273.482508686284,0,1.0
4273.7840101440215,0,1.0
4275.142389563865,0,1.0
4275.198545371677,0,1.0
4275.3716788277,0,1.0
4275.378012988248,0,1.0
4275.904231453904,1,1.0
4276.023028012778,0,1.0
4276.238520431256,1,1.0
4276.452381738153,0,1.0
4276.478986061468,0,1.0
4276.527974451451,1,1.0
4276.628528393922,1,1.0
4277.166719307312,0,1.0
4281.835863335168,1,1.0
4281.870268593767,1,1.0
4282.17852326846,1,1.0
4284.7027016719585,0,1.0
4284.781457128868,0,1.0
4284.97276160105,0,1.0
4285.050968461609,0,1.0
4285.15622051001,0,1.0
4285.18701248991,0,1.0
4285.465239447017,0,1.0
4285.511387806416,1,1.0
4286.498138728836,0,1.0
4286.663367993928,1,1.0
4286.9584820193595,1,1.0
4286.962420781024,0,1.0
4287.022592404294,1,1.0
4299.376682839209,1,1.0
4300.061445140414,1,1.0
4307.272504833387,1,1.0
4308.84105660466,0,1.0
4312.5815185376205,0,1.0
4313.843504294926,0,1.0
4313.990295054367,0,1.0
4318.355780332053,1,1.0
4320.541170503847,1,1.0
4322.321058805642,1,1.0
4327.644994514183,0,1.0
4327.913224841659,1,1.0
4329.368336657943,1,1.0
4329.458888007541,1,1.0
4329.531264495032,0,1.0
4329.589565471218,1,1.0
4329.811952698231,0,1.0
4331.794181588385,0,1.0
4335.37108982647,1,1.0
4338.49418626718,0,1.0
4338.521746322416,0,1.0
4338.733032945837,0,1.0
4338.740341528884,0,1.0
4338.880802303562,1,1.0
4338.986242640529,1,1.0
4339.063024019795,1,1.0
4341.614936512915,1,1.0
4341.7369143394235,0,1.0
4341.752902277945,1,1.0
4341.963966082802,0,1.0
4342.769185256851,0,1.0
4342.987882422315,0,1.0
4343.167082740998,1,1.0
4345.406919677059,0,1.0
4354.292270991142,0,1.0
4354.930051007124,0,1.0
4355.72285723376,1,1.0
4356.048930570054,1,1.0
4356.6301889344995,1,1.0
4356.915322485658,1,1.0
4357.0849454966465,1,1.0
4357.153473038401,0,1.0
4357.173891472948,0,1.0
4357.307649437424,1,1.0
4357.318644945095,0,1.0
4358.2593541616,0,1.0
4358.427287379009,1,1.0
4358.579926522873,0,1.0
4358.75118490191,1,1.0
4358.889663473958,1,1.0
4358.967081572784,0,1.0
4359.972673126957,1,1.0
4360.454460228212,0,1.0
4360.63275324157,1,1.0
4360.909549905264,1,1.0
4360.914847276265,1,1.0
4360.9195116025985,0,1.0
4360.940654660457,1,1.0
4360.993520871387,1,1.0
4361.027548496493,1,1.0
4361.071940057364,0,1.0
4361.110083364384,1,1.0
4361.42369011761,1,1.0
4369.978212211421,0,1.0
4371.333695857759,1,1.0
4371.385660816051,1,1.0
4371.406719231109,1,1.0
4371.421525028677,0,1.0
4371.503366751814,0,1.0
4371.625276486831,1,1.0
4372.004508984658,1,1.0
4373.1742741729595,0,1.0
4373.219653166235,1,1.0
4373.593788199671,0,1.0
4373.620345242964,0,1.0
4373.814598063239,1,1.0
4373.815188669558,0,1.0
4373.833775747294,1,1.0
4373.99383855771,1,1.0
4378.635412070164,0,1.0
4378.734961005931,0,1.0
4379.767189227373,0,1.0
4380.327603820547,0,1.0
4381.491125391997,0,1.0
4381.755850319681,0,1.0
4381.784184719436,0,1.0
4382.507346164016,0,1.0
4384.243114318792,1,1.0
4384.982219814025,0,1.0
4385.027908910225,1,1.0
4385.132778926008,0,1.0
4385.22617440687,1,1.0
4385.253427167697,0,1.0
4385.345779226824,0,1.0
4385.355715562013,1,1.0
4385.3676716971595,0,1.0
4385.376240000384,0,1.0
4385.398637264008,0,1.0
4385.508498334056,1,1.0
4386.732381531309,0,1.0
4386.81365048487,0,1.0
4390.939620070633,1,1.0
4390.943810969966,1,1.0
4391.404582085814,1,1.0
4395.077736195616,1,1.0
4395.376914072465,0,1.0
4395.442289473611,0,1.0
4396.083975713815,0,1.0
4398.171861155262,1,1.0
4401.715321214753,1,1.0
4401.934599302183,0,1.0
4403.144361271744,1,1.0
4403.737762843925,0,1.0
4404.9243553127835,0,1.0
4405.01744664796,0,1.0
4405.080668395901,1,1.0
4405.639501812738,1,1.0
4405.698002127944,0,1.0
4405.816187693882,0,1.0
4405.879755304877,1,1.0
4406.211238328542,1,1.0
4406.407603290515,1,1.0
4406.939424074941,1,1.0
4409.547885661203,1,1.0
4411.722576553379,1,1.0
4412.1210368831435,0,1.0
4412.623680095223,0,1.0
4412.839980726093,0,1.0
4413.807052732718,0,1.0
4416.95280598042,1,1.0
4417.20515325179,0,1.0
4417.249286424735,1,1.0
4417.292661555885,1,1.0
4417.455981905809,1,1.0
4417.529565503529,0,1.0
4417.579451035109,1,1.0
4417.781760184729,0,1.0
4418.901689606287,1,1.0
4420.166261216947,0,1.0
4420.247728985842,1,1.0
4422.686700650356,1,1.0
4422.845518354399,0,1.0
4422.899818744429,0,1.0
4422.964374726177,1,1.0
4424.945954522575,1,1.0
4425.174748790322,1,1.0
4426.7346504891,1,1.0
4427.219392479054,0,1.0
4427.285939034578,0,1.0
4427.29957253325,0,1.0
4427.424519552167,0,1.0
4427.459991890731,1,1.0
4427.582178010007,0,1.0
4427.617891852115,1,1.0
4427.653857204609,1,1.0
4427.666634584005,1,1.0
4427.798462393504,1,1.0
4427.978960923915,1,1.0
4428.260168397104,0,1.0
4428.274492468318,0,1.0
4428.3497308118285,0,1.0
4428.426079956779,0,1.0
4429.574827053505,0,1.0
4429.746503644767,1,1.0
4429.748963421193,0,1.0
4430.354771626548,1,1.0
4430.420958639635,1,1.0
4431.558430684351,0,1.0
4431.560811336537,1,1.0
4431.578238196447,1,1.0
4431.595126881346,0,1.0
4431.667983188961,0,1.0
4431.756208832559,0,1.0
4431.820414316353,0,1.0
4431.96407312419,0,1.0
4436.236718474845,1,1.0
4443.034276600398,0,1.0
4444.913871617067,0,1.0
4444.9754648902335,1,1.0
4456.235256347936,0,1.0
4461.708443370325,0,1.0
4462.127176859781,0,1.0
4462.461028506773,0,1.0
4463.605497498741,0,1.0
4463.6220341481085,1,1.0
4463.624248638961,0,1.0
4463.7816531487015,0,1.0
4463.809264507336,1,1.0
4463.881892075249,1,1.0
4464.253011043678,0,1.0
4464.367220331781,1,1.0
4464.495349294669,1,1.0
4467.216273344996,0,1.0
4467.471892420129,0,1.0
4468.614339702703,1,1.0
4468.740523056479,0,1.0
4472.509912120594,1,1.0
4472.900281293381,0,1.0
4473.386547356627,0,1.0
4473.522525984691,0,1.0
4473.544194458246,1,1.0
4473.613308272487,1,1.0
4473.616718243126,0,1.0
4473.7130995825355,1,1.0
4475.408775563943,0,1.0
4475.702870717301,1,1.0
4475.713943523186,0,1.0
4475.790156025897,0,1.0
4475.8941075207995,1,1.0
4475.93957279648,1,1.0
4477.241619119003,0,1.0
4478.809204691826,1,1.0
4481.618987180943,1,1.0
4483.492481484284,1,1.0
4486.036491417403,1,1.0
4490.1027017782,0,1.0
4490.174620164581,0,1.0
4493.508581457347,1,1.0
4494.335491089432,1,1.0
4502.71288062808,0,1.0
4502.9066246982375,1,1.0
4502.912368351054,1,1.0
4502.980329545416,1,1.0
4502.993148967294,1,1.0
4503.272900397816,1,1.0
4503.41424681829,1,1.0
4505.073021996905,0,1.0
4505.414005522045,0,1.0
4505.589749667083,1,1.0
4506.365882487186,0,1.0
4510.070973661333,0,1.0
4510.0720996864675,0,1.0
4512.646161591597,0,1.0
4513.700288982798,1,1.0
4519.07477385134,0,1.0
4519.146263652124,1,1.0
4519.215410829716,1,1.0
4519.233046685965,0,1.0
4519.502812774097,0,1.0
4519.6120167647105,1,1.0
4519.671160528394,0,1.0
4519.673773843812,1,1.0
4519.952481700522,1,1.0
4519.993229662245,1,1.0
4520.393621700624,0,1.0
4521.1279606517055,0,1.0
4521.184742259064,0,1.0
4521.476629689138,0,1.0
4521.507921523527,0,1.0
4521.508628542946,0,1.0
4521.514287147359,0,1.0
4521.640787631527,0,1.0
4521.653292001061,0,1.0
4521.665207023229,0,1.0
4521.71047508961,0,1.0
4521.831407517038,0,1.0
4522.060222339873,1,1.0
4522.143167694851,0,1.0
4522.2471192278435,1,1.0
4522.247323235141,1,1.0
4522.27221640104,1,1.0
4522.339928052085,1,1.0
4522.40602081337,1,1.0
4526.797889557504,1,1.0
4528.82262213711,1,1.0
4529.122075950284,0,1.0
4534.164740010376,0,1.0
4534.3253399102205,1,1.0
4534.642593476243,1,1.0
4534.81885722009,0,1.0
4534.867793451964,1,1.0
4535.310710333858,1,1.0
4535.718149605884,1,1.0
4535.825416969693,0,1.0
4535.8719569435625,0,1.0
4536.133723558748,0,1.0
4536.195464508261,0,1.0
4536.409198655083,1,1.0
4537.150854663229,0,1.0
4537.202291876929,1,1.0
4538.44304151458,0,1.0
4540.921696174875,1,1.0
4540.9933889231725,0,1.0
4541.329928061807,0,1.0
4542.200845233109,0,1.0
4542.45965979149,0,1.0
4544.360612709404,0,1.0
4544.38176840855,1,1.0
4545.873965511733,0,1.0
4545.967107583718,0,1.0
4546.145138618617,1,1.0
4546.615711907103,1,1.0
4546.620934211965,0,1.0
4546.663779415803,1,1.0
4548.062985706832,0,1.0
4548.114706554512,0,1.0
4549.241721333957,0,1.0
4549.624195856875,0,1.0
4551.150933732621,0,1.0
4558.251093907831,0,1.0
4560.336474468888,1,1.0
4564.896972767057,1,1.0
4566.696945484696,1,1.0
4568.472367717793,0,1.0
4568.685750843438,0,1.0
4568.750883985243,1,1.0
4571.175972410193,0,1.0
4572.584328628604,1,1.0
4577.576766433539,0,1.0
4577.789110257041,0,1.0
4577.942436378441,1,1.0
4580.947328136626,1,1.0
4582.079623121889,1,1.0
4582.235702728436,1,1.0
4582.388269347539,0,1.0
4583.766246280293,0,1.0
4583.787791062829,1,1.0
4583.884381132011,1,1.0
4584.140547034524,1,1.0
4584.588175652511,1,1.0
4584.651580988987,0,1.0
4584.764818767347,0,1.0
4584.959654271204,1,1.0
4586.056110976129,0,1.0
4586.082095985173,0,1.0
4586.215801702275,0,1.0
4594.337397325813,0,1.0
4594.693957127016,1,1.0
4594.816981626476,1,1.0
4594.985725655296,0,1.0
4595.026695194536,0,1.0
4595.049402847522,0,1.0
4595.126449378691,0,1.0
4595.191016861164,1,1.0
4595.350036622219,0,1.0
4595.432458530355,1,1.0
4596.44221757601,1,1.0
4596.454095994798,1,1.0
4600.728173187188,1,1.0
4600.749514253497,0,1.0
4604.08791683251,1,1.0
4604.7155863411435,1,1.0
4604.742135223873,1,1.0
4604.753736760582,1,1.0
4605.130422041993,1,1.0
4605.706155696442,0,1.0
4606.4387948801195,1,1.0
4606.829030298272,0,1.0
4606.854405908052,1,1.0
4606.9935489722475,0,1.0
4606.9960248066955,1,1.0
4608.032560334365,0,1.0
4609.565681533569,1,1.0
4611.996972776167,1,1.0
4612.137117980731,0,1.0
4612.165296644961,1,1.0
4612.302263550709,0,1.0
4612.510447992324,1,1.0
4612.52455047467,0,1.0
4613.356902726394,0,1.0
4613.529220495451,0,1.0
4613.660831359374,0,1.0
4614.424344185083,0,1.0
4614.619674303187,1,1.0
4615.047441537119,0,1.0
4615.14488660111,1,1.0
4616.635269366056,0,1.0
4617.955542974218,0,1.0
4624.375432482956,1,1.0
4624.456857572008,0,1.0
4624.563436056016,1,1.0
4624.708317098048,1,1.0
4624.955222506289,1,1.0
4625.4166346381735,0,1.0
4626.125973646818,1,1.0
4626.491166718665,1,1.0
4626.551098106845,1,1.0
4626.608440530176,1,1.0
4626.799162808898,1,1.0
4626.821104218117,1,1.0
4626.82581803131,0,1.0
4629.407470224185,1,1.0
4629.5253406965585,0,1.0
4633.7272988328705,1,1.0
4635.994028151623,0,1.0
4636.088050652,1,1.0
4636.5968546471995,0,1.0
4636.691780185307,0,1.0
4636.737975222013,1,1.0
4636.853070139226,1,1.0
4637.172410043358,0,1.0
4637.203933164988,0,1.0
4637.227938346116,1,1.0
4637.280724619655,1,1.0
4637.542711706849,1,1.0
4637.566864776098,0,1.0
4637.689758998827,1,1.0
4637.712798476755,1,1.0
4637.738690939348,0,1.0
4637.749647938054,0,1.0
4637.981073870336,0,1.0
4638.058648670896,1,1.0
4638.0928548545935,1,1.0
4638.593885396193,1,1.0
4638.668086495714,0,1.0
4638.999521432926,1,1.0
4639.040544421113,0,1.0
4646.022271830225,0,1.0
4647.928715046701,0,1.0
4647.934970454666,1,1.0
4647.96355261777,0,1.0
4648.365390394637,1,1.0
4649.715779504221,1,1.0
4655.328165273335,1,1.0
4659.8805037530765,0,1.0
4659.949334126836,1,1.0
4659.976181127565,1,1.0
4660.136399574038,0,1.0
4660.141976567765,1,1.0
4660.215581494908,0,1.0
4660.229291789755,1,1.0
4660.2864090968005,0,1.0
4660.46487493827,0,1.0
4660.495751280286,1,1.0
4660.5089172500675,1,1.0
4660.523667170596,1,1.0
4660.61102536633,0,1.0
4660.878560885418,1,1.0
4661.091378408474,0,1.0
4661.268849547272,1,1.0
4661.278629979492,1,1.0
4661.380041453119,0,1.0
4661.394632412605,0,1.0
4661.396067812713,0,1.0
4661.4242294856,0,1.0
4661.464879387808,1,1.0
4661.471882012488,1,1.0
4661.492072379037,0,1.0
4661.629361299863,0,1.0
4661.6547429636985,0,1.0
4662.630982918641,0,1.0
4662.742265566701,1,1.0
4663.218319832177,1,1.0
4664.956355120816,0,1.0
4666.070629009775,0,1.0
4667.194599545597,1,1.0
4667.325024642452,1,1.0
4667.86196778504,1,1.0
4667.871870595788,0,1.0
4667.978004941889,1,1.0
4668.157774482383,0,1.0
4668.270612071686,1,1.0
4668.957799371521,1,1.0
4669.952094497851,0,1.0
4670.16034132455,0,1.0
4670.233933399819,0,1.0
4670.481943979534,0,1.0
4670.557992593833,0,1.0
4672.816758889062,0,1.0
4673.5299156179035,0,1.0
4675.606922462917,0,1.0
4677.376282380551,0,1.0
4678.066084334894,0,1.0
4678.270906096239,0,1.0
4678.573731940191,0,1.0
4678.683919346546,1,1.0
4679.0495183248295,1,1.0
4679.063319369811,1,1.0
4679.215347875567,0,1.0
4679.21727423057,1,1.0
4681.238175961504,0,1.0
4682.5693425886775,1,1.0
4682.715077283882,1,1.0
4683.282389388944,1,1.0
4683.314373985048,1,1.0
4683.324809138479,0,1.0
4683.645972865011,0,1.0
4683.6753322973445,0,1.0
4683.688775943179,1,1.0
4683.73848538315,0,1.0
4683.757849069759,0,1.0
4683.79651167183,0,1.0
4683.894136992,0,1.0
4683.944443476653,0,1.0
4683.9451182761295,1,1.0
4683.980524012781,1,1.0
4684.214369296554,1,1.0
4684.216485777505,1,1.0
4684.844435276718,0,1.0
4684.947795031776,0,1.0
4685.592653867663,1,1.0
4686.271931876756,1,1.0
4690.322339750994,0,1.0
4690.324482839115,1,1.0
4690.346118617297,1,1.0
4690.456109468973,1,1.0
4690.5142959218465,1,1.0
4690.556453647055,0,1.0
4690.654217616241,0,1.0
4690.691633265213,1,1.0
4690.802902445256,1,1.0
4690.867187797506,1,1.0
4690.872266448726,0,1.0
4690.887814083078,1,1.0
4690.914812174894,1,1.0
4690.954595699842,0,1.0
4691.148319343682,1,1.0
4693.3843153272965,1,1.0
4693.40154222404,1,1.0
4694.115804799764,1,1.0
4694.402529296932,1,1.0
4695.072491160453,1,1.0
4697.167108290963,0,1.0
4697.487494046915,0,1.0
4698.046472214823,1,1.0
4698.27186288403,0,1.0
4698.2952367310945,1,1.0
4698.38584193556,1,1.0
4699.161811233603,1,1.0
4699.445562631835,0,1.0
4699.484502101618,1,1.0
4704.582511348526,0,1.0
4704.994954562281,0,1.0
4704.998428903378,0,1.0
4705.605571712015,1,1.0
4705.95428638451,0,1.0
4706.19868205513,0,1.0
4706.347181513319,1,1.0
4706.826937625253,0,1.0
4707.095170802158,1,1.0
4707.237619749424,0,1.0
4708.262067201829,1,1.0
4713.465983926972,0,1.0
4713.520747136929,1,1.0
4713.554227016304,0,1.0
4713.851652188607,1,1.0
4713.937155810507,1,1.0
4714.371623326789,1,1.0
4714.489997259443,1,1.0
4715.097518562302,0,1.0
4715.138952514303,0,1.0
4715.378742330877,1,1.0
4715.59254674566,0,1.0
4715.792180280858,0,1.0
4721.164000572935,0,1.0
4721.2885662245835,0,1.0
4721.461132363049,0,1.0
4721.491741579512,1,1.0
4722.036620865312,1,1.0
4725.598378750859,0,1.0
4725.791489455122,0,1.0
4725.809137398607,1,1.0
4725.8149737966,0,1.0
4726.01154935299,1,1.0
4726.965617388313,1,1.0
4726.9750152539145,0,1.0
4738.815558906122,1,1.0
4738.846659519715,1,1.0
4741.438653887287,0,1.0
4742.370507308294,1,1.0
4742.463626178659,0,1.0
4742.484687597097,0,1.0
4742.690205324358,0,1.0
4742.7390908767575,1,1.0
4742.775587393522,0,1.0
4742.835877343681,0,1.0
4742.859601483706,0,1.0
4742.9506546403845,1,1.0
4742.978562414473,0,1.0
4742.988493716446,0,1.0
4743.031056155548,0,1.0
4743.370314320597,1,1.0
4743.490078159223,0,1.0
4744.345068863141,0,1.0
4749.367302763875,0,1.0
4754.775064737285,1,1.0
4755.645444763776,1,1.0
4759.072941428186,1,1.0
4759.105669030606,0,1.0
4759.429401871276,0,1.0
4759.620549469744,0,1.0
4759.795202569233,1,1.0
4767.281369388485,1,1.0
4768.5097251212555,1,1.0
4768.711492084779,0,1.0
4768.979194552066,0,1.0
4769.066686356448,0,1.0
4769.330993190706,0,1.0
4776.571409369935,0,1.0
4776.727280012733,0,1.0
4776.860237611599,0,1.0
4776.869124932168,0,1.0
4776.90911178763,0,1.0
4777.5899532588255,0,1.0
4782.1587153688715,1,1.0
4782.178922169132,1,1.0
4785.3560952923335,0,1.0
4785.6146499170045,1,1.0
4785.661700226607,0,1.0
4785.693818910342,1,1.0
4785.89627895389,1,1.0
4785.983736696773,0,1.0
4786.022733509347,0,1.0
4786.952338171547,1,1.0
4788.7663811191,0,1.0
4791.912230370981,1,1.0
4791.980514726869,1,1.0
4792.129709207305,1,1.0
4792.39994908575,0,1.0
4792.761186394958,0,1.0
4793.087573242972,0,1.0
4793.211897841429,0,1.0
4793.219857661405,0,1.0
4793.254092895494,1,1.0
4793.312460574385,1,1.0
4793.357110465715,0,1.0
4793.369546516939,1,1.0
4793.556563587483,0,1.0
4793.565643596386,1,1.0
4793.745201954154,0,1.0
4793.824473191436,1,1.0
4793.862641933997,0,1.0
4794.083724649964,1,1.0
4794.181461089704,1,1.0
4794.227965705019,1,1.0
4794.4813771150175,1,1.0
4794.500488492515,1,1.0
4795.160040369086,0,1.0
4795.347778768666,1,1.0
4795.427079411009,0,1.0
4795.4704048599815,1,1.0
4796.442191122998,1,1.0
4797.957525832018,0,1.0
4799.814053949807,1,1.0
4800.107362138099,0,1.0
4800.600412078553,0,1.0
4801.573582670676,1,1.0
4801.826127551019,0,1.0
4801.836558925878,0,1.0
4801.878793740372,1,1.0
4801.989865123309,0,1.0
4802.003552645442,1,1.0
4802.0720312937165,0,1.0
4802.35841413289,1,1.0
4805.385718140707,0,1.0
4805.908899245193,1,1.0
4807.499711691583,0,1.0
4807.900865053267,0,1.0
4809.564085005879,0,1.0
4809.6731928231075,1,1.0
4809.799102888356,1,1.0
4809.860242499352,0,1.0
4809.86867509291,0,1.0
4812.136288616009,0,1.0
4812.8237226337515,0,1.0
4812.843147455784,0,1.0
4813.459158914559,0,1.0
4813.465769443784,0,1.0
4813.492435029989,0,1.0
4813.508123367664,0,1.0
4813.527932702243,0,1.0
4813.661011879341,0,1.0
4814.111298024759,1,1.0
4814.134115997187,0,1.0
4814.261170459519,1,1.0
4822.458879263507,0,1.0
4824.28795300354,0,1.0
4824.533904892583,0,1.0
4824.64038241944,1,1.0
4824.687005421462,0,1.0
4824.969689253477,0,1.0
4826.028962320311,0,1.0
4826.318247000829,0,1.0
4827.160016409578,0,1.0
4827.556948233388,1,1.0
4828.685698601867,0,1.0
4828.696079201128,1,1.0
4828.968847754374,1,1.0
4829.243993449469,0,1.0
4829.2896670495165,0,1.0
4829.554855097399,0,1.0
4829.734648119421,1,1.0
4829.914122452157,0,1.0
4830.06304608617,0,1.0
4830.092028091503,1,1.0
4831.358026889769,0,1.0
4838.190152955497,0,1.0
4843.092350131993,0,1.0
4843.4097536025965,0,1.0
4843.5247343746405,1,1.0
4843.617512537731,1,1.0
4845.06253069765,0,1.0
4847.115176926105,0,1.0
4849.760323699977,0,1.0
4853.3808233344835,0,1.0
4853.571508846159,0,1.0
4853.575491472034,0,1.0
4854.956564318961,0,1.0
4857.71264285721,0,1.0
4857.715287979271,1,1.0
4857.733696547074,1,1.0
4857.791696772457,1,1.0
4857.87127725599,1,1.0
4859.079375673553,0,1.0
4859.181775168799,0,1.0
4859.310773813407,0,1.0
4864.795876926584,1,1.0
4865.641174447695,1,1.0
4866.26411795859,1,1.0
4866.274051459527,0,1.0
4866.670166387457,0,1.0
4868.177542943686,1,1.0
4869.611250568051,1,1.0
4872.284019231886,0,1.0
4872.396344117311,0,1.0
4872.516506014634,0,1.0
4872.518645891882,0,1.0
4872.640191390503,0,1.0
4872.705200345933,0,1.0
4872.731184628795,0,1.0
4872.845583582142,1,1.0
4873.035679831998,0,1.0
4873.050782690407,1,1.0
4873.251266192298,0,1.0
4873.252610006348,1,1.0
4873.282477717214,1,1.0
4873.298419516087,0,1.0
4873.3008552571755,0,1.0
4873.301717792833,1,1.0
4873.306020338587,0,1.0
4873.33788871319,0,1.0
4873.35396277307,1,1.0
4873.642770201065,0,1.0
4873.753792778526,1,1.0
4873.784298247991,1,1.0
4874.97950249152,0,1.0
4875.615318008069,1,1.0
4879.390021322559,1,1.0
4881.793984917343,0,1.0
4881.897048425168,0,1.0
4881.961479061656,0,1.0
4881.979086761633,0,1.0
4882.087026425515,0,1.0
4882.097903110485,0,1.0
4882.117259316949,0,1.0
4882.143339069383,0,1.0
4882.198949080865,0,1.0
4882.3281487198565,0,1.0
4882.409802968869,1,1.0
4882.42095434066,1,1.0
4882.497154555166,1,1.0
4886.473161521293,1,1.0
4886.7408705871885,0,1.0
4886.787355125587,0,1.0
4886.9042097286065,1,1.0
4887.216216985501,0,1.0
4895.53060337827,0,1.0
4895.593977102511,1,1.0
4895.69404578817,0,1.0
4895.777264570958,1,1.0
4896.029578541582,0,1.0
4896.13261049623,1,1.0
4896.154809946954,1,1.0
4896.215335578207,0,1.0
4896.2597586102265,1,1.0
4896.339010651243,0,1.0
4896.477289739869,1,1.0
4896.622127890641,0,1.0
4896.730893539548,1,1.0
4897.357010810536,0,1.0
4897.370982010466,0,1.0
4897.628118333111,0,1.0
4898.664290899391,0,1.0
4899.488184022834,0,1.0
4905.116717954869,0,1.0
4905.6189970797395,1,1.0
4905.657027305661,0,1.0
4907.702169320289,0,1.0
4908.450141075078,0,1.0
4908.563113154182,1,1.0
4908.622188684811,0,1.0
4908.771528267777,1,1.0
4908.80899694296,1,1.0
4908.86280884938,0,1.0
4908.944532123166,0,1.0
4908.9615314223975,1,1.0
4908.984709364639,1,1.0
4909.037393197392,0,1.0
4909.178044313357,0,1.0
4909.638839984698,0,1.0
4909.691446659446,0,1.0
4909.704864316165,0,1.0
4909.728771352206,1,1.0
4910.3584472449265,1,1.0
4911.299645206263,0,1.0
4911.37926394795,1,1.0
4911.450096660696,1,1.0
4915.41144817524,1,1.0
4915.430905498978,1,1.0
4915.520852611486,1,1.0
4915.653918859925,1,1.0
4916.747015203832,1,1.0
4916.897187662133,1,1.0
4918.577541990042,1,1.0
4920.080529856813,0,1.0
4922.803474270609,0,1.0
4922.9645373472595,0,1.0
4923.203838186386,0,1.0
4924.175113367421,1,1.0
4927.93834247361,1,1.0
4929.812016433152,0,1.0
4929.879237041441,0,1.0
4930.115779721386,0,1.0
4930.2661724737,0,1.0
4930.598660871898,0,1.0
4930.6317069853285,0,1.0
4930.962910820297,1,1.0
4931.299697570528,0,1.0
4931.439038642633,0,1.0
4941.388121630184,1,1.0
4941.424656476954,0,1.0
4941.479653529146,0,1.0
4941.624496379276,1,1.0
4941.632205832959,1,1.0
4941.656528124783,1,1.0
4941.7090955838985,0,1.0
4941.774315791562,1,1.0
4942.032813445861,1,1.0
4943.5212809279865,1,1.0
4943.558795551715,1,1.0
4951.73738080783,1,1.0
4951.833826844107,0,1.0
4951.945310094792,0,1.0
4953.645067609699,1,1.0
4953.756092681924,1,1.0
4954.026097860454,0,1.0
4955.6276608642875,1,1.0
4956.103165584473,0,1.0
4957.30887576889,0,1.0
4957.375051571134,1,1.0
4957.65106928002,1,1.0
4957.696590634708,0,1.0
4958.937410827905,0,1.0
4959.297104036098,1,1.0
4960.424293156374,1,1.0
4961.594505711899,0,1.0
4963.284007252049,1,1.0
4963.729049453153,0,1.0
4963.745367129118,1,1.0
4964.0361428825745,1,1.0
4964.126022315889,1,1.0
4964.140247155994,1,1.0
4964.210978414078,1,1.0
4964.223403258568,1,1.0
4964.398914232403,0,1.0
4964.486003077251,1,1.0
4964.515813166294,0,1.0
4964.531620292564,0,1.0
4964.691753680567,0,1.0
4964.759270395196,1,1.0
4964.825922695898,1,1.0
4964.914678364481,0,1.0
4964.964210046738,0,1.0
4965.101483974096,1,1.0
4965.500499960271,0,1.0
4965.619055686387,0,1.0
4965.655222767346,0,1.0
4965.705707273705,0,1.0
4965.826860356288,0,1.0
4965.827301272426,0,1.0
4965.894019658357,1,1.0
4966.064512309333,0,1.0
4966.903523007225,0,1.0
4967.624958901208,0,1.0
4967.694913195348,0,1.0
4971.499605516085,0,1.0
4971.5425796583395,1,1.0
4971.719307682853,0,1.0
4971.71961656113,0,1.0
4971.735751128308,0,1.0
4971.769873749516,1,1.0
4971.86052846847,1,1.0
4971.8900835427185,1,1.0
4971.9195378558115,0,1.0
4972.002121866796,0,1.0
4973.947075304246,0,1.0
4974.255453741035,0,1.0
4977.465645845658,0,1.0
4977.466281757671,1,1.0
4977.514712735851,1,1.0
4980.782346728905,0,1.0
4980.789713546015,0,1.0
4981.357537982266,1,1.0
4981.554530343478,0,1.0
4981.71041608674,0,1.0
4981.762398145973,0,1.0
4981.781385526891,1,1.0
4981.861599757769,1,1.0
4981.949794331699,1,1.0
4981.992825795382,0,1.0
4982.126321425575,0,1.0
4982.2032470068825,0,1.0
4982.22470605312,0,1.0
4982.251417830625,0,1.0
4982.2734037152195,1,1.0
4982.385754675625,0,1.0
4982.414817750465,0,1.0
4982.521066282633,1,1.0
4982.533184038742,0,1.0
4983.029826175007,0,1.0
4983.9057582550095,0,1.0
4983.945116236534,0,1.0
4983.97618294155,0,1.0
4984.218886585269,0,1.0
4985.59892487897,1,1.0
4989.823000932688,0,1.0
4990.18882617,1,1.0
4990.284984754301,1,1.0
4991.270725241904,1,1.0
4991.331030606095,1,1.0
4991.449047940097,0,1.0
4994.297691099551,1,1.0
4995.192503286029,0,1.0
4995.245447771073,0,1.0
4995.273233557723,0,1.0
4995.2864852537,0,1.0
4995.32185640569,0,1.0
4995.334533709194,0,1.0
4995.356051839322,0,1.0
4995.46824355979,0,1.0
4995.725221012809,0,1.0
4995.8195103171,0,1.0
4995.892402650894,0,1.0
4996.058694284057,0,1.0
4996.081728757945,0,1.0
4996.338352371207,0,1.0
4996.591249896626,0,1.0
4996.669985672492,0,1.0
4997.108507058073,1,1.0
4997.111984259849,0,1.0
4997.333603961092,1,1.0
4997.479721060583,1,1.0
4997.596673310352,1,1.0
4997.744889940363,0,1.0
4998.785468932541,0,1.0
4998.808734657448,1,1.0
4998.847997967919,0,1.0
4998.852271916908,1,1.0
4998.928899824082,0,1.0
4998.95572819477,1,1.0
4998.957810148125,0,1.0
5003.039636497233,0,1.0
5003.072391496338,0,1.0
5003.0877383830475,0,1.0
5003.305279839372,1,1.0
5003.756086326914,0,1.0
5003.758492444799,1,1.0
5006.288967566155,0,1.0
5007.286617427562,0,1.0
5007.374600802208,0,1.0
5007.378219617336,0,1.0
5007.51152555674,0,1.0
5007.520839602343,0,1.0
5007.550991891645,0,1.0
5007.637009987604,1,1.0
5007.643657847276,1,1.0
5007.646223759961,1,1.0
5007.709836234169,1,1.0
5007.790088966525,1,1.0
5008.3170097968505,1,1.0
5009.041929336096,0,1.0
5009.708185174169,0,1.0
5009.924465496555,1,1.0
5009.954970147037,0,1.0
5009.965738461177,0,1.0
5009.997849113949,1,1.0
5010.447016411984,0,1.0
5010.483017601681,0,1.0
5010.686953608547,1,1.0
5010.761117781389,1,1.0
5010.774464495965,1,1.0
5010.813364826171,0,1.0
5010.9529530328955,1,1.0
5010.981650870914,0,1.0
5011.023244775843,0,1.0
5011.046461124055,0,1.0
5011.766890254451,1,1.0
5011.93133481073,1,1.0
5011.949283993583,1,1.0
5015.7187232387305,0,1.0
5016.291337079289,0,1.0
5018.4973277412855,0,1.0
5018.618380760317,0,1.0
5018.677177603011,1,1.0
5018.818693822344,0,1.0
5022.447529694003,0,1.0
5022.481010707285,1,1.0
5023.759014695355,1,1.0
5027.541709821735,1,1.0
5028.3613025667755,0,1.0
5029.844243037328,1,1.0
5029.963792100342,1,1.0
5030.040767272658,1,1.0
5031.1522302103485,0,1.0
5031.955379504636,0,1.0
5031.981611335243,0,1.0
5032.0764886787365,1,1.0
5032.362145608494,0,1.0
5038.419495358554,1,1.0
5038.469249468439,0,1.0
5040.260345964696,1,1.0
5041.262810564761,0,1.0
5041.368725814561,1,1.0
5041.605487314384,1,1.0
5041.790291783665,0,1.0
5041.930297957144,1,1.0
5041.9439535723495,0,1.0
5042.141390710321,0,1.0
5042.169807839639,0,1.0
5042.2028380108295,0,1.0
5043.835495216859,1,1.0
5049.347740513705,0,1.0
5049.470106644354,1,1.0
5049.664971629379,0,1.0
5049.715890654301,0,1.0
5049.742803971419,0,1.0
5049.768237207722,0,1.0
5049.809974141976,0,1.0
5049.916827097118,0,1.0
5049.923609765994,1,1.0
5050.027494164924,1,1.0
5050.208901006828,0,1.0
5050.244094446853,0,1.0
5050.43261232455,1,1.0
5050.497582774615,1,1.0
5050.623014646986,0,1.0
5050.64177741633,0,1.0
5050.76649329376,1,1.0
5051.031736667562,0,1.0
5051.2174881120845,0,1.0
5051.233227992472,0,1.0
5051.601659717555,0,1.0
5051.729864305762,1,1.0
5052.067344745557,0,1.0
5052.203245243287,0,1.0
5052.52208415004,0,1.0
5052.963228244212,0,1.0
5053.063951184076,0,1.0
5053.0814451854685,0,1.0
5053.190377441226,0,1.0
5053.400969864264,0,1.0
5053.424969100138,1,1.0
5053.565323134324,1,1.0
5053.581622859303,0,1.0
5053.624248360983,0,1.0
5053.659598037375,0,1.0
5053.815635834649,0,1.0
5053.844437205778,1,1.0
5053.94369132063,1,1.0
5054.2038277210995,0,1.0
5054.29655192033,1,1.0
5055.488622651919,0,1.0
5055.773205483857,0,1.0
5056.492313229993,1,1.0
5058.869870352304,1,1.0
5060.362564239267,1,1.0
5061.743533280166,0,1.0
5062.64744350638,1,1.0
5062.9371250089935,1,1.0
5066.886393049772,0,1.0
5067.55238331791,0,1.0
5067.577928623144,1,1.0
5067.61866368457,1,1.0
5068.539127712375,0,1.0
5068.711339959144,0,1.0
5068.718690809578,0,1.0
5068.732900059519,1,1.0
5068.806414576054,0,1.0
5068.808371606137,0,1.0
5068.890927887618,0,1.0
5068.931809930948,0,1.0
5069.012871451437,0,1.0
5069.208427747611,1,1.0
5069.211295333959,0,1.0
5069.263135309391,1,1.0
5069.269180790574,1,1.0
5069.270606835539,0,1.0
5069.353697938123,1,1.0
5069.490230339484,0,1.0
5069.510505487643,0,1.0
5069.943883482552,0,1.0
5069.996679589159,1,1.0
5070.063945586079,0,1.0
5070.606295891814,0,1.0
5070.7279968271705,1,1.0
5070.86209798778,1,1.0
5071.0827219327675,1,1.0
5071.086361170026,0,1.0
5071.356503756323,1,1.0
5072.684968532883,1,1.0
5073.890690518262,1,1.0
5080.651576126425,0,1.0
5082.108535830976,0,1.0
5082.248344395062,1,1.0
5082.2523686128,0,1.0
5082.881757826146,1,1.0
5088.897967607346,1,1.0
5090.3524426172535,0,1.0
5090.370777869102,0,1.0
5093.0889932823475,0,1.0
5093.125952791998,1,1.0
5093.40738537166,0,1.0
5094.331474517102,1,1.0
5095.344627426269,0,1.0
5096.028297803153,1,1.0
5097.058252930729,1,1.0
5103.423817568087,0,1.0
5103.547503599255,1,1.0
5105.506679854599,1,1.0
5105.560980195381,0,1.0
5105.608332500291,0,1.0
5105.89078262177,1,1.0
5106.118629067476,0,1.0
5106.226970150972,0,1.0
5106.298178346632,0,1.0
5106.3942244521395,0,1.0
5107.226018077953,0,1.0
5112.978207554354,0,1.0
5114.453642904921,1,1.0
5114.64439182746,0,1.0
5115.932215830765,0,1.0
5119.09238867441,0,1.0
5119.099324372684,1,1.0
5119.237375940271,0,1.0
5120.53762533196,0,1.0
5120.548692411061,0,1.0
5120.640596498384,1,1.0
5120.667850653137,1,1.0
5120.738460647584,1,1.0
5120.739387423233,1,1.0
5120.7397095609085,0,1.0
5120.787499934962,0,1.0
5120.823839150732,0,1.0
5120.827399202374,0,1.0
5120.847000368493,1,1.0
5120.8722011866375,0,1.0
5120.882571944779,0,1.0
5120.921681494384,1,1.0
5120.965525180012,0,1.0
5120.9802249507775,0,1.0
5120.9860897143035,0,1.0
5121.021922630694,1,1.0
5121.0619384038055,0,1.0
5121.077663046779,0,1.0
5121.094402423701,1,1.0
5121.20023428486,0,1.0
5121.221978931713,1,1.0
5121.468527957113,0,1.0
5121.480442358896,0,1.0
5121.5529096513865,1,1.0
5121.657130622502,1,1.0
5121.699831911113,1,1.0
5121.801216307689,1,1.0
5121.815362143877,0,1.0
5121.824828985127,0,1.0
5122.199386732653,0,1.0
5122.253286945152,0,1.0
5126.544349848528,0,1.0
5126.701540398173,0,1.0
5126.725770435682,0,1.0
5133.774729098877,1,1.0
5134.195139268706,0,1.0
5134.973912500065,0,1.0
5135.100552926199,0,1.0
5135.272701028561,0,1.0
5135.327723982217,0,1.0
5135.372107338718,0,1.0
5135.398789809052,1,1.0
5137.108161268901,0,1.0
5138.599876974971,0,1.0
5138.994181781674,1,1.0
5144.017123316261,0,1.0
5145.177323148037,1,1.0
5146.349826480909,1,1.0
5146.408893143095,1,1.0
5146.623486612035,1,1.0
5148.451065514711,0,1.0
5148.593727934926,1,1.0
5148.882878393954,0,1.0
5148.884502424942,1,1.0
5152.6864813439315,0,1.0
5152.963087252681,0,1.0
5153.44258810205,1,1.0
5154.737345633136,0,1.0
5156.678292912904,0,1.0
5156.954838859018,1,1.0
5162.640159406508,1,1.0
5162.683864619818,0,1.0
5163.006734482404,0,1.0
5163.241102899984,1,1.0
5163.324512827867,1,1.0
5163.446319806295,0,1.0
5163.49466954692,0,1.0
5163.9855657379685,0,1.0
5167.261844504612,1,1.0
5167.356577777106,0,1.0
5167.3954436670465,1,1.0
5167.681937308351,0,1.0
5169.064849839942,0,1.0
5169.558913438848,1,1.0
5169.561440076922,0,1.0
5169.654499352737,0,1.0
5169.667849899226,0,1.0
5169.753236226875,0,1.0
5169.777417149687,0,1.0
5169.816169519932,1,1.0
5173.514081234845,0,1.0
5173.5852511329085,0,1.0
5173.826857265855,1,1.0
5173.870133884761,1,1.0
5173.927265577526,0,1.0
5173.9970583322975,1,1.0
5174.032734178512,1,1.0
5174.169606106516,1,1.0
5174.205940764981,1,1.0
5174.2667999021505,1,1.0
5174.270164589558,1,1.0
5176.612300878867,1,1.0
5179.490408991518,0,1.0
5179.491731812763,0,1.0
5179.796622375596,1,1.0
5180.00463580458,0,1.0
5180.652043086616,0,1.0
5181.922095026817,1,1.0
5181.934794096748,0,1.0
5182.039104829263,0,1.0
5182.044034875629,0,1.0
5182.620979339558,0,1.0
5182.672568517016,0,1.0
5182.68476784005,0,1.0
5182.727132416163,1,1.0
5182.825633435939,1,1.0
5183.138535116845,1,1.0
5183.353587145922,1,1.0
5183.387330012015,1,1.0
5183.4051058563,0,1.0
5183.421008330689,1,1.0
5183.8520363456955,0,1.0
5184.024791392004,0,1.0
5184.176863488422,0,1.0
5184.483632903381,0,1.0
5184.700805329263,1,1.0
5184.702359965839,0,1.0
5184.713046383607,1,1.0
5184.741121136051,1,1.0
5184.996572131336,0,1.0
5185.094352861771,0,1.0
5185.140397138876,1,1.0
5186.7226748762605,1,1.0
5187.022520268363,1,1.0
5187.05719199776,0,1.0
5189.328831704584,1,1.0
5190.567740651761,1,1.0
5190.731730146348,1,1.0
5193.792550233373,0,1.0
5193.894901623455,0,1.0
5199.773124119914,0,1.0
5199.782018585471,0,1.0
5199.809564519164,0,1.0
5199.913758006258,0,1.0
5199.923899728146,1,1.0
5204.468303019819,0,1.0
5205.269048968218,1,1.0
5205.5271488797725,1,1.0
5205.909241589556,0,1.0
5206.068360691586,0,1.0
5206.149295510837,0,1.0
5206.1830798070005,0,1.0
5206.205235306535,0,1.0
5206.39088853122,0,1.0
5207.405910395717,1,1.0
5209.047975720599,1,1.0
5210.234593355378,0,1.0
5210.967960358168,0,1.0
5215.869681519667,0,1.0
5219.245904078625,0,1.0
5219.292506484171,0,1.0
5219.374648838316,1,1.0
5219.541124817073,1,1.0
5219.642855705709,0,1.0
5219.685978971311,0,1.0
5219.695234146633,1,1.0
5220.120331259314,0,1.0
5223.1563370741615,0,1.0
5223.238144651085,0,1.0
5225.696289641594,0,1.0
5229.898887649929,0,1.0
5231.227541872907,1,1.0
5231.4254482656615,1,1.0
5235.006254356238,0,1.0
5235.628802169556,1,1.0
5235.781274459573,0,1.0
5239.682785009072,0,1.0
5240.009743165439,1,1.0
5240.044495567005,1,1.0
5243.5794876191885,0,1.0
5247.104731226741,0,1.0
5248.373370898282,0,1.0
5248.4752395420155,0,1.0
5248.614664572173,0,1.0
5251.844535348848,0,1.0
5252.147318057255,1,1.0
5252.326545047007,1,1.0
5254.468675533745,1,1.0
5254.499698102374,0,1.0
5257.732197422135,0,1.0
5258.71134338904,1,1.0
5258.906872635444,0,1.0
5259.292073893415,0,1.0
5259.300408156877,0,1.0
5259.390380275956,0,1.0
5263.153538383026,1,1.0
5263.76840043232,0,1.0
5264.144812922119,0,1.0
5265.689783339457,0,1.0
5268.639818697933,1,1.0
5269.784493189839,1,1.0
5270.888305066037,1,1.0
5271.138273990158,0,1.0
5271.278028926805,1,1.0
5271.380724078975,1,1.0
5272.177089340546,1,1.0
5279.574033483746,1,1.0
5282.959573913695,0,1.0
5283.056642851979,0,1.0
5283.297856607501,0,1.0
5284.163531120166,0,1.0
5287.0511232152085,0,1.0
5287.169296502553,0,1.0
5287.205084347079,0,1.0
5287.662544040712,1,1.0
5288.603040758839,0,1.0
5288.928568212395,1,1.0
5294.623679051679,0,1.0
5294.644211836811,1,1.0
5294.885195799132,0,1.0
5294.909122455871,1,1.0
5295.543266763139,1,1.0
5295.689485745809,0,1.0
5296.678105296126,1,1.0
5298.883315327322,0,1.0
5299.832331734958,1,1.0
5300.621514898018,1,1.0
5308.71939835248,1,1.0
5309.2744337107615,0,1.0
5310.544299617079,1,1.0
5310.724372442809,0,1.0
5311.025460705605,0,1.0
5311.251655962932,1,1.0
5316.153093997127,0,1.0
5316.553681460483,0,1.0
5316.74635235868,1,1.0
5316.922404618927,1,1.0
5316.964641769025,0,1.0
5317.02490744373,1,1.0
5324.093711533264,1,1.0
5327.898643342976,1,1.0
5330.815704198916,0,1.0
5330.898130264339,1,1.0
5332.895553373517,1,1.0
5332.8981608954155,1,1.0
5332.943233361628,1,1.0
5333.025729659245,1,1.0
5333.096665325709,1,1.0
5333.6040250954975,1,1.0
5337.917026867747,1,1.0
5338.5162201692865,0,1.0
5338.924011391518,1,1.0
5347.070660718751,0,1.0
5347.488572205356,1,1.0
5347.581887178261,1,1.0
5347.590977322452,0,1.0
5347.593758650801,0,1.0
5347.870151232652,1,1.0
5347.989155206208,1,1.0
5348.321839786635,0,1.0
5348.434781187497,0,1.0
5349.265745555848,0,1.0
5349.7398404989935,0,1.0
5350.650356241665,0,1.0
5352.353389160247,1,1.0
5353.262207765725,0,1.0
5353.326507850354,0,1.0
5353.5095187484085,0,1.0
5355.866713032273,0,1.0
5356.19657146631,1,1.0
5359.036279776544,1,1.0
5360.094798252145,0,1.0
5360.134828416756,0,1.0
5360.388827976045,1,1.0
5364.573705000181,1,1.0
5364.651206347536,0,1.0
5367.283588806086,0,1.0
5368.923852753593,0,1.0
5368.931355770942,0,1.0
5368.97830070297,0,1.0
5369.301868726157,0,1.0
5369.752554327396,1,1.0
5369.954596876833,1,1.0
5370.053223973435,0,1.0
5370.094941456055,0,1.0
5370.118860881192,1,1.0
5370.148615298703,1,1.0
5370.158415112445,1,1.0
5370.213725079109,1,1.0
5370.240823522741,1,1.0
5370.286546237775,1,1.0
5370.345867680932,1,1.0
5370.661321684247,0,1.0
5370.7389172872345,1,1.0
5371.037110778405,1,1.0
5371.29210391445,0,1.0
5374.078245905856,1,1.0
5374.772711931853,0,1.0
5378.23880910883,1,1.0
5378.252061229735,1,1.0
5378.317854737679,0,1.0
5378.319445646203,0,1.0
5378.349760259384,1,1.0
5378.371825777353,0,1.0
5378.413954192662,0,1.0
5378.710406635737,1,1.0
5378.964785860718,0,1.0
5379.03313811056,1,1.0
5379.169694344657,1,1.0
5379.1968291286685,1,1.0
5379.329705968027,1,1.0
5379.41695322064,0,1.0
5379.433810478452,0,1.0
5379.604933070344,0,1.0
5379.648736629323,0,1.0
5379.720985502085,0,1.0
5379.97623548197,0,1.0
5380.074750045384,0,1.0
5383.732468537013,1,1.0
5383.823515350415,1,1.0
5392.127875828892,0,1.0
5396.64502057748,0,1.0
5396.831455821335,1,1.0
5396.944656732317,0,1.0
5397.13978641551,1,1.0
5397.5660829552935,1,1.0
5398.4035196859295,1,1.0
5398.467432196355,0,1.0
5398.845712353472,1,1.0
5399.0918407253685,1,1.0
5399.295931149182,1,1.0
5400.3600387005035,0,1.0
5402.769313175144,0,1.0
5404.018958522203,1,1.0
5406.212808853107,0,1.0
5412.414217384163,0,1.0
5412.43883665227,0,1.0
5412.498890089121,1,1.0
5412.575429621474,1,1.0
5415.467432388167,0,1.0
5416.5899500429805,1,1.0
5417.0921960851965,1,1.0
5418.397655319974,0,1.0
5420.193230602408,0,1.0
5420.679133195812,1,1.0
5421.910092595129,0,1.0
5422.547638904116,0,1.0
5423.749358639374,0,1.0
5429.495309298183,0,1.0
5429.541530632862,1,1.0
5432.033292448725,1,1.0
5432.194830605476,0,1.0
5436.600176039591,0,1.0
5441.489337654886,0,1.0
5441.535772862794,0,1.0
5442.130290284529,1,1.0
5442.288828342312,0,1.0
5442.617726529686,1,1.0
5444.023762706177,1,1.0
5444.114165716469,0,1.0
5444.214964310113,1,1.0
5445.990309824492,1,1.0
5446.054777709922,0,1.0
5446.071579192707,0,1.0
5446.128630144113,0,1.0
5446.168323142256,0,1.0
5446.515749296532,0,1.0
5446.582818118933,1,1.0
5446.586830707993,1,1.0
5446.619708351295,1,1.0
5446.69265959788,0,1.0
5446.723987743295,1,1.0
5446.74614252997,1,1.0
5446.863430146131,0,1.0
5446.927118337159,0,1.0
5446.939003398829,0,1.0
5446.9462874593655,1,1.0
5446.9920768080265,0,1.0
5447.081462252389,0,1.0
5457.818331036502,1,1.0
5459.028230973689,1,1.0
5460.1009572318335,0,1.0
5460.246175857103,0,1.0
5461.072185311188,1,1.0
5461.263004881819,0,1.0
5461.865637085516,0,1.0
5462.015733551743,0,1.0
5462.714290194381,1,1.0
5463.299264065274,0,1.0
5463.324276844507,0,1.0
5463.46005646551,0,1.0
5463.46321800717,0,1.0
5463.536450766083,1,1.0
5463.585333163834,0,1.0
5463.619304267545,0,1.0
5463.634795985936,1,1.0
5463.6942800027355,1,1.0
5463.725509067548,0,1.0
5463.823659265735,1,1.0
5463.885967674894,0,1.0
5463.9615177988035,0,1.0
5463.971092616184,1,1.0
5464.035239964058,0,1.0
5464.095124043874,0,1.0
5465.222362123046,1,1.0
5465.482096773006,1,1.0
5465.492250006653,0,1.0
5465.566279956004,1,1.0
5465.639058294641,1,1.0
5465.910063365123,0,1.0
5465.925222344987,0,1.0
5466.050492056205,1,1.0
5466.065404450905,0,1.0
5466.114212702387,0,1.0
5466.123397614772,1,1.0
5466.157516085818,1,1.0
5466.181156922419,1,1.0
5466.18772267015,0,1.0
5466.197767405132,0,1.0
5466.2216293436095,1,1.0
5466.260853344596,1,1.0
5466.270709724694,0,1.0
5466.3725661816015,0,1.0
5466.396555637983,0,1.0
5466.481234840819,1,1.0
5466.5298492421625,0,1.0
5466.541651435099,1,1.0
5466.545793979678,0,1.0
5466.553543351902,0,1.0
5466.671650876242,0,1.0
5466.8145923467555,1,1.0
5467.179214260908,1,1.0
5467.433618984715,1,1.0
5467.447700763154,1,1.0
5467.982368669096,1,1.0
5471.014796483038,1,1.0
5471.04472502531,0,1.0
5473.243865934701,1,1.0
5473.852142390356,1,1.0
5474.534719424925,0,1.0
5474.726300681892,1,1.0
5474.739691785188,1,1.0
5475.0274639103745,1,1.0
5477.211398717374,1,1.0
5477.27449150915,0,1.0
5477.293744425901,1,1.0
5480.299442610619,0,1.0
5481.587203927503,0,1.0
5482.640078294404,0,1.0
5482.841285631247,1,1.0
5482.960000928573,1,1.0
5483.065309143335,1,1.0
5483.1389298986705,1,1.0
5483.233516668474,1,1.0
5483.288280465112,0,1.0
5483.559273809172,1,1.0
5484.922757919778,1,1.0
5487.734292346119,0,1.0
5487.80388520165,0,1.0
5487.815059892614,0,1.0
5487.827338657958,0,1.0
5487.849677288176,0,1.0
5487.858891283312,1,1.0
5488.025586759189,1,1.0
5488.0427485025375,0,1.0
5488.214425529724,0,1.0
5488.290234012558,0,1.0
5488.510637618915,1,1.0
5488.606658268006,0,1.0
5488.647157674033,0,1.0
5488.7684397630765,0,1.0
5488.788561347802,1,1.0
5488.9084018637195,1,1.0
5489.067831957823,0,1.0
5489.119174856242,1,1.0
5489.975732824807,0,1.0
5492.537221983874,1,1.0
5492.803394723031,0,1.0
5493.322791939471,0,1.0
5493.474553368904,0,1.0
5493.643994159919,0,1.0
5493.648868509564,0,1.0
5494.137801855893,1,1.0
5498.599055763397,0,1.0
5498.779005184578,1,1.0
5499.441980565875,0,1.0
5499.649937773194,0,1.0
5500.017248981608,1,1.0
5501.229057516758,0,1.0
5501.424929887562,0,1.0
5503.652640207123,1,1.0
5506.735951362187,0,1.0
5507.795682046879,1,1.0
5510.429476757292,1,1.0
5510.699205070608,0,1.0
5510.736536126271,1,1.0
5512.467805023838,1,1.0
5512.854247501864,0,1.0
5513.987478685154,1,1.0
5514.0358881020675,1,1.0
5514.11696288745,0,1.0
5514.454761301489,1,1.0
5514.509774620877,1,1.0
5515.150311264168,0,1.0
5515.5788675428485,0,1.0
5518.718190326874,1,1.0
5530.301232941148,0,1.0
5534.220575939271,0,1.0
5534.337294355925,1,1.0
5534.424271615771,1,1.0
5534.717495261702,0,1.0
5535.170274672999,0,1.0
5535.231859075027,1,1.0
5535.25406194903,1,1.0
5536.047156834452,1,1.0
5536.3066112531405,1,1.0
5537.182082194084,1,1.0
5543.36745789771,1,1.0
5544.916267848028,1,1.0
5545.108782339551,0,1.0
5545.192860802268,1,1.0
5545.360000770428,1,1.0
5545.383933916219,1,1.0
5545.395227983695,0,1.0
5545.531093951529,1,1.0
5545.824318710223,0,1.0
5545.860283301305,0,1.0
5545.942700242425,1,1.0
5546.028684415894,0,1.0
5546.678795882224,0,1.0
5551.117682396378,1,1.0
5551.370140354748,1,1.0
5551.416723092731,0,1.0
5551.68876339415,0,1.0
5551.749225969162,1,1.0
5551.787357338284,1,1.0
5551.812922863279,1,1.0
5551.972731428951,1,1.0
5551.988902142675,1,1.0
5552.002767073157,1,1.0
5552.134240542549,1,1.0
5552.145631244812,0,1.0
5552.346485356389,1,1.0
5552.485713434494,0,1.0
5558.6175985570735,0,1.0
5558.629403206744,1,1.0
5558.82593540158,0,1.0
5559.783308328368,0,1.0
5560.090235224518,0,1.0
5560.537361081836,0,1.0
5562.969302049179,1,1.0
5564.50438566934,0,1.0
5566.184598412359,0,1.0
5566.39460038996,0,1.0
5568.054439770129,0,1.0
5568.182516539543,0,1.0
5568.25197735743,0,1.0
5568.324959904355,0,1.0
5568.692884268556,1,1.0
5568.697255920754,1,1.0
5568.742994981856,1,1.0
5568.902101668941,0,1.0
5570.764690420168,0,1.0
5571.359938870974,1,1.0
5571.528081329573,0,1.0
5571.555108832234,0,1.0
5571.73329238894,0,1.0
5571.753728655798,1,1.0
5571.847396752069,1,1.0
5572.3050667581265,1,1.0
5572.4558075377,1,1.0
5572.539342919508,0,1.0
5572.814658575128,1,1.0
5572.843556899239,0,1.0
5572.8913825888385,1,1.0
5572.94219412815,1,1.0
5572.972695280806,0,1.0
5573.12644518537,0,1.0
5573.129824497121,0,1.0
5573.30872159676,1,1.0
5575.673255815893,0,1.0
5576.998060316365,1,1.0
5580.773890556331,1,1.0
5580.8735691555885,0,1.0
5581.1916287351,1,1.0
5581.363821793731,1,1.0
5583.650853846566,1,1.0
5586.055301591475,0,1.0
5592.136081542311,1,1.0
5592.791767470496,0,1.0
5594.760632957461,0,1.0
5595.061621699381,1,1.0
5595.827803398062,1,1.0
5600.776832396344,0,1.0
5600.971184771721,0,1.0
5600.994276258432,1,1.0
5601.16547695118,1,1.0
5601.183922440093,0,1.0
5601.22423579392,1,1.0
5601.529530345329,0,1.0
5603.691985685882,1,1.0
5610.027122520079,0,1.0
5610.921361064102,1,1.0
5611.018401220464,1,1.0
5611.081398588139,0,1.0
5611.088661470326,0,1.0
5611.220415558783,0,1.0
5611.539560744846,1,1.0
5611.608684908535,0,1.0
5611.750094962428,1,1.0
5612.022800637264,0,1.0
5612.032508784913,1,1.0
5612.061465171016,0,1.0
5613.740255146315,1,1.0
5613.823637525437,0,1.0
5615.61979336369,0,1.0
5615.721656539576,0,1.0
5616.104950744502,1,1.0
5616.446572923779,1,1.0
5617.030815891859,0,1.0
5618.693073549434,0,1.0
5619.030101832345,0,1.0
5621.451079791007,0,1.0
5621.857113284802,0,1.0
5621.9738884870985,0,1.0
5622.73922633124,1,1.0
5622.874331041318,1,1.0
5623.161828706615,0,1.0
5623.360306026883,1,1.0
5623.368537314088,0,1.0
5623.6173483278835,1,1.0
5624.165908796821,1,1.0
5624.277842774546,0,1.0
5624.7241503030045,0,1.0
5625.556373934681,0,1.0
5626.044993303002,1,1.0
5626.1754385612585,1,1.0
5626.250020870207,1,1.0
5626.513308543642,1,1.0
5626.667973598596,1,1.0
5627.518714250709,0,1.0
5627.694069769038,0,1.0
5627.70866636431,0,1.0
5627.727687045573,0,1.0
5628.123558454462,1,1.0
5628.629058356366,1,1.0
5628.665316154499,1,1.0
5629.791628824229,1,1.0
5634.779400946911,1,1.0
5635.200398556417,0,1.0
5635.388322858178,1,1.0
5635.434315931524,1,1.0
5635.446561815497,1,1.0
5635.466635170531,0,1.0
5635.503491034896,0,1.0
5635.645121839166,1,1.0
5635.73609150157,1,1.0
5636.017545709795,0,1.0
5636.3400490549875,0,1.0
5636.634927899856,0,1.0
5636.712290869882,0,1.0
5637.198897809181,1,1.0
5638.184069570598,1,1.0
5638.716864421304,0,1.0
5640.600005198702,1,1.0
5641.168534519516,0,1.0
5643.891560434454,0,1.0
5644.117860298703,0,1.0
5644.816776873284,0,1.0
5645.7742588733245,1,1.0
5646.97569292916,1,1.0
5647.868138739662,0,1.0
5647.925646519561,0,1.0
5648.067694188078,1,1.0
5649.346239286972,1,1.0
5649.346718843738,1,1.0
5655.6482975185,0,1.0
5655.951892709879,0,1.0
5656.584067796579,1,1.0
5663.598891710699,0,1.0
5664.156096037809,0,1.0
5664.217583410908,0,1.0
5664.343107239872,0,1.0
5665.283499135535,0,1.0
5665.719119559335,0,1.0
5666.2895252322905,0,1.0
5668.068734280883,1,1.0
5671.055551484688,0,1.0
5671.973918750617,1,1.0
5672.105119831088,0,1.0
5672.13321978189,0,1.0
5672.278494935787,1,1.0
5672.285817353381,1,1.0
5672.3063432563085,1,1.0
5672.307607974019,1,1.0
5672.3116248383,1,1.0
5672.324164191484,1,1.0
5672.400330326648,1,1.0
5672.416835488572,1,1.0
5672.437688749542,0,1.0
5672.4394719668435,1,1.0
5672.477771428502,1,1.0
5672.4790078551305,1,1.0
5672.485420159589,1,1.0
5672.495608679696,1,1.0
5672.550889754806,1,1.0
5672.578707095319,1,1.0
5672.591120891554,0,1.0
5672.660524945934,0,1.0
5672.828920109458,1,1.0
5672.870139615105,0,1.0
5672.897997548462,0,1.0
5672.900597586061,1,1.0
5672.924782400925,1,1.0
5672.939107889666,0,1.0
5672.973393127329,0,1.0
5673.0609587007975,1,1.0
5673.1464067565885,1,1.0
5673.268248239524,1,1.0
5673.796875786155,0,1.0
5673.811639452786,0,1.0
5677.793801221346,0,1.0
5677.8518500624505,1,1.0
5677.885405916157,0,1.0
5678.262138200058,0,1.0
5683.324862204256,0,1.0
5686.473398380011,0,1.0
5691.722705535561,1,1.0
5692.080046117573,1,1.0
5692.134043335122,0,1.0
5692.160529073372,0,1.0
5692.213312714842,0,1.0
5692.252635424784,0,1.0
5692.319720893408,0,1.0
5692.380951827009,0,1.0
5694.373756976689,1,1.0
5694.458709659947,0,1.0
5694.545638499526,1,1.0
5694.576817638639,0,1.0
5694.654710906904,1,1.0
5694.7296200079,1,1.0
5694.746436557355,0,1.0
5696.787181099342,1,1.0
5701.212082276114,1,1.0
5701.374275242417,0,1.0
5705.007928658992,0,1.0
5707.305667616253,0,1.0
5707.988170271315,0,1.0
5713.106698519893,0,1.0
5713.573048722318,0,1.0
5714.449760922743,1,1.0
5714.944731638473,0,1.0
5715.097924837557,1,1.0
5715.230982587713,0,1.0
5715.310221417789,0,1.0
5715.32217375088,0,1.0
5720.488355256853,0,1.0
5722.553059627889,0,1.0
5722.63119074972,0,1.0
5723.073564736069,0,1.0
5723.105748755292,0,1.0
5723.273419103546,1,1.0
5723.35642324134,0,1.0
5723.365683847766,1,1.0
5724.6530511447045,0,1.0
5725.910589531242,1,1.0
5726.595851583784,0,1.0
5726.751025031678,1,1.0
5726.791854366352,1,1.0
5726.922091962358,1,1.0
5726.933469867807,1,1.0
5726.953454438209,1,1.0
5728.393156388436,1,1.0
5735.918557539514,1,1.0
5735.9675971696315,0,1.0
5739.811030892888,0,1.0
5739.850850757303,0,1.0
5740.839929566534,1,1.0
5740.902103774615,0,1.0
5740.926055404236,0,1.0
5741.133034474733,0,1.0
5741.144631226906,1,1.0
5741.241860692043,1,1.0
5741.378812411241,1,1.0
5741.440883309445,0,1.0
5741.442918515737,0,1.0
5741.486063591727,1,1.0
5741.53843696632,0,1.0
5744.500752875616,1,1.0
5748.543646629358,1,1.0
5749.356885021718,1,1.0
5756.635956777421,0,1.0
5757.757800989033,0,1.0
5757.969653468438,0,1.0
5769.613792767295,1,1.0
5769.653589099068,1,1.0
5770.130765472101,0,1.0
5771.020257201321,0,1.0
5772.681036297073,1,1.0
5772.985048154413,1,1.0
5774.877040968412,1,1.0
5774.878533982932,0,1.0
5775.2964662740405,0,1.0
5775.4014445934245,0,1.0
5776.677516871246,1,1.0
5777.514451419938,0,1.0
5777.5396102913855,0,1.0
5777.545682142853,1,1.0
5777.546944358015,1,1.0
5777.654155661182,0,1.0
5777.730438042981,1,1.0
5777.77396929529,1,1.0
5777.908742836377,1,1.0
5778.117584710943,1,1.0
5778.413706981075,0,1.0
5780.2570086418455,0,1.0
5780.445303762116,0,1.0
5782.053950499417,0,1.0
5782.27348244019,0,1.0
5782.4642411681125,1,1.0
5782.557039731236,0,1.0
5782.571981631476,1,1.0
5783.381082288127,0,1.0
5783.429261054194,1,1.0
5783.430072611733,0,1.0
5786.20621359647,1,1.0
5787.5812693421885,0,1.0
5788.293535631559,0,1.0
5788.380049622602,0,1.0
5788.452328472764,1,1.0
5788.672067865389,1,1.0
5788.881242247666,1,1.0
5789.064903034254,0,1.0
5789.32542282108,0,1.0
5789.343878093069,1,1.0
5789.389815300497,0,1.0
5789.473812966254,0,1.0
5789.5233000281705,0,1.0
5789.768731688191,0,1.0
5789.918971936281,0,1.0
5789.980513497161,1,1.0
5790.033606857398,1,1.0
5790.037407421787,1,1.0
5790.07854929465,0,1.0
5790.133417438535,0,1.0
5790.304494683446,1,1.0
5793.209402226606,0,1.0
5793.222832045583,0,1.0
5793.235460890805,1,1.0
5793.442365796894,0,1.0
5794.801862893824,0,1.0
5794.851145438749,0,1.0
5794.9450963293775,0,1.0
5794.948275353359,1,1.0
5794.94848816662,1,1.0
5795.088879422128,0,1.0
5795.104274483191,1,1.0
5795.237592205855,1,1.0
5795.411653978029,0,1.0
5795.954985600391,0,1.0
5798.999189824436,0,1.0
5800.961255248737,0,1.0
5803.565347257627,1,1.0
5805.474976053235,0,1.0
5805.594024666978,0,1.0
5806.458973821642,1,1.0
5807.319393135654,1,1.0
5807.72116913576,1,1.0
5811.984633802144,0,1.0
5812.019013634608,0,1.0
5812.746936153811,0,1.0
5815.148534454327,1,1.0
5816.283658792955,1,1.0
5817.310262667085,0,1.0
5817.337364402208,1,1.0
5817.40452137414,1,1.0
5817.4584098352025,0,1.0
5817.471513522678,0,1.0
5817.590288872325,1,1.0
5817.653961138359,0,1.0
5822.089507718255,1,1.0
5822.314953599452,1,1.0
5822.531934115464,1,1.0
5824.185142652459,0,1.0
5824.270793889999,1,1.0
5824.389912819853,0,1.0
5824.685744569615,1,1.0
5826.833641199498,0,1.0
5826.924150945129,0,1.0
5827.005661084713,1,1.0
5827.1147395601965,1,1.0
5827.14508799971,1,1.0
5827.164210121453,1,1.0
5827.2410115108205,0,1.0
5827.25763552122,0,1.0
5827.349288552327,1,1.0
5827.349596115676,0,1.0
5827.367012914681,1,1.0
5827.537931550222,1,1.0
5827.716604437808,0,1.0
5828.010185154643,1,1.0
5828.692664784311,0,1.0
5829.008290931974,0,1.0
5830.470313508293,0,1.0
5830.93395413926,0,1.0
5830.945814567854,0,1.0
5836.907102359771,0,1.0
5837.0603457321695,1,1.0
5839.855379388144,1,1.0
5839.987145809604,1,1.0
5840.087340472008,0,1.0
5843.677386844601,0,1.0
5846.298905953808,1,1.0
5847.542570780048,0,1.0
5847.597342302605,0,1.0
5847.627849452816,0,1.0
5847.650953398747,0,1.0
5847.668428436599,1,1.0
5847.707081630632,0,1.0
5847.826747936817,1,1.0
5848.075985391463,1,1.0
5848.191166855846,1,1.0
5848.394522120712,1,1.0
5851.773338741521,0,1.0
5851.853141217935,0,1.0
5851.857133174082,0,1.0
5851.86241480066,0,1.0
5851.894227338583,0,1.0
5851.901715167466,1,1.0
5852.025279358502,1,1.0
5852.324249989307,1,1.0
5852.394528324427,0,1.0
5852.4827376533485,0,1.0
5852.62164034679,0,1.0
5852.652312480757,0,1.0
5852.7616441421305,1,1.0
5852.927142610098,0,1.0
5853.040880366229,0,1.0
5856.505109447097,0,1.0
5856.6037273828415,0,1.0
5856.639676156681,0,1.0
5856.702678963009,1,1.0
5856.729666516774,0,1.0
5856.821476014794,1,1.0
5857.040612625556,1,1.0
5857.540569540151,0,1.0
5857.608526489278,1,1.0
5857.723819279944,1,1.0
5857.8488646499445,1,1.0
5857.91080310104,1,1.0
5857.972819846502,0,1.0
5858.070112251227,1,1.0
5858.144163000005,1,1.0
5861.0735003300615,0,1.0
5861.121764301515,0,1.0
5861.252386199846,1,1.0
5861.28134116959,0,1.0
5861.754275460378,0,1.0
5861.796381866765,1,1.0
5862.161554780983,0,1.0
5862.224013311244,1,1.0
5862.238343813067,1,1.0
5862.483171506869,1,1.0
5862.569701346657,1,1.0
5869.211455241845,1,1.0
5869.348302147811,1,1.0
5869.516126275136,1,1.0
5870.985107761202,1,1.0
5870.999833482426,1,1.0
5871.020174392635,1,1.0
5871.533875455612,0,1.0
5871.613260514814,1,1.0
5872.081103575139,0,1.0
5872.090673694946,0,1.0
5872.223003823225,1,1.0
5872.592338783242,1,1.0
5872.68046658864,1,1.0
5874.248080133489,0,1.0
5874.345133811255,1,1.0
5874.460055681556,0,1.0
5874.504456073093,1,1.0
5874.575114789366,0,1.0
5874.633320085285,0,1.0
5874.649059734109,1,1.0
5876.036852834325,0,1.0
5876.391388994665,0,1.0
5876.402209235839,1,1.0
5876.431270155982,1,1.0
5877.0202527529445,1,1.0
5884.557015093845,0,1.0
5885.3989231022915,1,1.0
5886.8405559437715,1,1.0
5889.36010252803,0,1.0
5889.38671195129,0,1.0
5891.671545359861,0,1.0
5894.872482618157,1,1.0
5895.1645612708235,1,1.0
5895.3869549660385,1,1.0
5895.403305462542,0,1.0
5895.613124755934,1,1.0
5897.045984746293,1,1.0
5898.812255433617,0,1.0
5899.712060370261,1,1.0
5900.03533589795,1,1.0
5902.575251625436,0,1.0
5902.627557315655,0,1.0
5902.663760449301,1,1.0
5902.7503506056855,0,1.0
5902.966662404184,0,1.0
5903.184358930827,0,1.0
5903.233975597348,0,1.0
5903.635479638168,0,1.0
5904.979539940699,1,1.0
5905.086185210994,1,1.0
5905.129019959722,0,1.0
5905.159058046177,0,1.0
5905.434952012422,1,1.0
5905.443505400079,1,1.0
5905.85020703944,0,1.0
5908.52276072496,1,1.0
5908.860263806499,1,1.0
5913.239559747443,0,1.0
5913.457363244679,0,1.0
5913.474791214094,0,1.0
5913.717735711858,1,1.0
5915.549484423097,0,1.0
5915.611395289679,1,1.0
5915.619841423702,1,1.0
5915.767582605947,1,1.0
5915.794131444952,0,1.0
5917.549404952532,1,1.0
5918.0764588894335,0,1.0
5918.430196602895,1,1.0
5920.495806999675,0,1.0
5920.510989902008,0,1.0
5921.634413107895,0,1.0
5921.717939360769,0,1.0
5921.826540499789,1,1.0
5921.854840230214,1,1.0
5921.950152092824,1,1.0
5924.968806755968,0,1.0
5925.016952116722,1,1.0
5925.115636479356,0,1.0
5925.117437855642,0,1.0
5925.303343097079,1,1.0
5925.31448836693,1,1.0
5925.450617523839,1,1.0
5934.6565422679705,0,1.0
5936.850922314011,0,1.0
5936.917429827077,0,1.0
5937.001389873692,0,1.0
5937.641347484352,0,1.0
5940.907480987738,0,1.0
5941.6823349178085,1,1.0
5941.69413118375,1,1.0
5941.745897389442,0,1.0
5941.780073900804,1,1.0
5942.243661417746,0,1.0
5942.246931436918,0,1.0
5942.532161877797,0,1.0
5947.085242272606,0,1.0
5947.370661734917,1,1.0
5949.4046780494145,1,1.0
5957.125747988297,1,1.0
5957.770506131442,1,1.0
5958.687993510695,1,1.0
5961.506580746139,1,1.0
5961.582643742905,1,1.0
5963.665544924527,0,1.0
5963.694615608741,1,1.0
5967.278689025901,1,1.0
5968.910548993339,0,1.0
5971.904543414968,0,1.0
5972.339670497095,1,1.0
5973.150548974102,1,1.0
5977.6570159070825,1,1.0
5977.681975621927,1,1.0
5977.964344611991,0,1.0
5978.39052506714,1,1.0
5979.556697549625,0,1.0
5980.297241849518,1,1.0
5980.757838283901,0,1.0
5986.165127637248,0,1.0
5986.346603363727,0,1.0
5986.717870087478,0,1.0
5987.626371899971,1,1.0
5987.680960087238,0,1.0
5987.779571195679,1,1.0
5987.98228140028,1,1.0
5990.615979070722,1,1.0
5991.0518683849505,1,1.0
5996.752543299785,1,1.0
5996.902136231173,1,1.0
5996.935154608887,1,1.0
5996.940164985186,1,1.0
5997.008109159524,1,1.0
5997.065936723962,1,1.0
5997.185564719764,1,1.0
5997.245925109453,1,1.0
5997.286015538153,1,1.0
5997.332852013783,0,1.0
5997.349422616498,0,1.0
5997.409863783627,0,1.0
5997.484546178318,0,1.0
5997.663219894542,1,1.0
5997.710840437354,0,1.0
5997.832735255367,1,1.0
5997.922816953922,0,1.0
5997.942379592317,1,1.0
5998.157615116158,1,1.0
5998.158945500421,0,1.0
5998.565413936951,1,1.0
6008.35750598935,1,1.0
6008.4070702662175,1,1.0
6008.54563742477,0,1.0
6008.638732635753,1,1.0
6008.645230607363,0,1.0
6008.692595402715,1,1.0
6008.699639804534,0,1.0
6008.852197875939,1,1.0
6008.914547941728,1,1.0
6008.928005483153,1,1.0
6008.981838528536,1,1.0
6009.251222362831,1,1.0
6009.297078001286,1,1.0
6009.515199683398,0,1.0
6010.008899208874,0,1.0
6010.028546804614,1,1.0
6010.038192214381,1,1.0
6010.108590398568,1,1.0
6010.290366405032,1,1.0
6011.844112498288,0,1.0
6012.526401168153,0,1.0
6012.793795132986,0,1.0
6012.947156758683,1,1.0
6012.948832187647,1,1.0
6012.995701165021,0,1.0
6013.326570140873,1,1.0
6014.361939255736,1,1.0
6014.371812078515,1,1.0
6015.548328133935,0,1.0
6015.689157157497,1,1.0
6015.767909618187,0,1.0
6015.833499683738,1,1.0
6016.037288655436,1,1.0
6016.63349463272,1,1.0
6017.32756538932,1,1.0
6017.463448473745,0,1.0
6017.476850778143,0,1.0
6017.5898619773725,0,1.0
6017.721924846675,0,1.0
6017.881439676788,1,1.0
6018.650202269431,0,1.0
6019.224346042397,1,1.0
6019.228937853599,1,1.0
6019.245925363476,1,1.0
6019.481799684297,0,1.0
6019.50078077444,0,1.0
6019.711620613909,0,1.0
6021.81773931929,1,1.0
6021.843251884659,1,1.0
6021.928818830422,0,1.0
6022.047954508831,0,1.0
6022.115499570595,0,1.0
6023.771906405867,0,1.0
6023.82051358977,1,1.0
6024.195295540382,1,1.0
6024.317593652111,1,1.0
6024.333664995828,0,1.0
6024.868910258943,0,1.0
6024.88657560682,0,1.0
6025.105129872804,1,1.0
6025.529472054466,0,1.0
6027.213259002421,0,1.0
6028.070755324237,1,1.0
6028.098667326721,0,1.0
6028.689805196796,1,1.0
6030.350438138822,0,1.0
6030.496455163571,1,1.0
6030.515514269806,1,1.0
6030.548770706247,0,1.0
6030.576031168982,1,1.0
6030.638266775106,1,1.0
6030.723644382235,1,1.0
6030.731553432824,0,1.0
6030.968730994609,0,1.0
6030.98483196441,1,1.0
6031.0171832832275,0,1.0
6031.0511179187915,0,1.0
6031.143042662746,1,1.0
6031.244454578722,1,1.0
6031.246394974854,1,1.0
6031.293622134907,1,1.0
6031.29930401618,0,1.0
6035.473756684531,1,1.0
6035.827567348378,0,1.0
6035.832070854367,0,1.0
6036.006872415557,1,1.0
6036.2432318965475,0,1.0
6036.345602321041,1,1.0
6036.615693518301,0,1.0
6038.853942958536,0,1.0
6038.904274361379,1,1.0
6038.980710173186,1,1.0
6039.040655602393,1,1.0
6039.53620403601,0,1.0
6040.144959423591,1,1.0
6040.183429269304,1,1.0
6041.041425426904,0,1.0
6041.932380107237,0,1.0
6042.481762445737,0,1.0
6042.842708131919,1,1.0
6043.176521383988,0,1.0
6044.054746305127,1,1.0
6045.361339398991,0,1.0
6045.903363102957,0,1.0
6053.679624715964,0,1.0
6053.777630964391,1,1.0
6054.012890456331,1,1.0
6057.565912266358,1,1.0
6058.221733141904,0,1.0
6059.119313514522,0,1.0
6059.846211715826,0,1.0
6059.856836050332,1,1.0
6059.885491790009,1,1.0
6065.358320342535,1,1.0
6065.443225948893,1,1.0
6065.878624589517,1,1.0
6066.504310994834,0,1.0
6067.393332381416,0,1.0
6070.314414551643,1,1.0
6071.587493174865,1,1.0
6072.102898451998,0,1.0
6073.32326646193,0,1.0
6073.386093432055,0,1.0
6074.407686778284,0,1.0
6074.525986419569,0,1.0
6077.080101050387,1,1.0
6077.167140603192,0,1.0
6077.268711086045,1,1.0
6077.439996453661,1,1.0
6077.612494875948,0,1.0
6077.982488022186,1,1.0
6078.010708814867,1,1.0
6078.068585893642,1,1.0
6078.217266310144,1,1.0
6078.301059719498,0,1.0
6078.45927526338,0,1.0
6078.574536895662,0,1.0
6078.675695349804,1,1.0
6078.923299870102,0,1.0
6081.59103979841,0,1.0
6081.969832058457,1,1.0
6083.232650076839,0,1.0
6086.599665977667,0,1.0
6090.359367260466,0,1.0
6090.5534500198755,0,1.0
6090.79029795816,1,1.0
6090.798188856278,0,1.0
6090.962749016199,0,1.0
6091.001065183011,1,1.0
6091.0718392178005,1,1.0
6091.111591718399,0,1.0
6091.228606737283,0,1.0
6091.242189942382,1,1.0
6091.242913888375,1,1.0
6091.252101269384,1,1.0
6091.273413202869,1,1.0
6091.323934609133,0,1.0
6091.3353697705,0,1.0
6091.350745330438,1,1.0
6091.396346074979,1,1.0
6091.446264806888,1,1.0
6091.496701532139,0,1.0
6091.531651871728,0,1.0
6091.6200951743,1,1.0
6091.646939372987,1,1.0
6091.651788771692,1,1.0
6091.669363308805,0,1.0
6091.680724252488,1,1.0
6094.508356726395,0,1.0
6097.336966119032,0,1.0
6097.368900704423,1,1.0
6098.345738953544,0,1.0
6101.253048066458,1,1.0
6107.432336460748,0,1.0
6107.675366531005,0,1.0
6107.68190069253,1,1.0
6107.710168491151,1,1.0
6107.849095055777,1,1.0
6107.994156513866,1,1.0
6111.117098023961,0,1.0
6111.4575635443225,0,1.0
6111.866285426677,0,1.0
6114.7092992837215,0,1.0
6115.3311860110525,0,1.0
6117.628022873,0,1.0
6117.928702686778,1,1.0
6119.508117390248,0,1.0
6119.62354509778,0,1.0
6120.008398655666,0,1.0
6120.05002337786,1,1.0
6120.226989079454,1,1.0
6120.350431889832,1,1.0
6124.098202582756,1,1.0
6124.115407182781,1,1.0
6125.632240376345,0,1.0
6125.852409535221,0,1.0
6125.900082214406,0,1.0
6126.0091508463365,1,1.0
6126.160044808737,1,1.0
6126.176708052522,1,1.0
6126.355470340087,1,1.0
6126.55021359489,1,1.0
6126.849917595214,1,1.0
6126.887064295845,1,1.0
6126.936245298599,1,1.0
6126.944881176147,1,1.0
6127.006495856852,0,1.0
6127.09900199719,0,1.0
6127.107010502008,0,1.0
6127.132800502023,1,1.0
6127.268810873823,1,1.0
6128.240263254079,0,1.0
6128.393577751102,0,1.0
6128.440143282869,0,1.0
6129.048594192975,1,1.0
6129.414670975202,1,1.0
6129.635603197382,1,1.0
6129.898344455511,1,1.0
6130.88989636772,0,1.0
6131.120650885775,1,1.0
6131.270670502353,0,1.0
6131.689736014538,0,1.0
6131.871957892736,0,1.0
6134.081627829746,1,1.0
6135.177017329056,0,1.0
6135.197451196021,0,1.0
6135.203312973995,0,1.0
6135.210322350898,1,1.0
6135.296114504454,0,1.0
6135.305902034943,0,1.0
6135.3741821294825,0,1.0
6135.497797041435,1,1.0
6135.527390362108,0,1.0
6135.64914156363,1,1.0
6137.076429445453,1,1.0
6137.199419799683,0,1.0
6137.390840086003,0,1.0
6137.409976160016,0,1.0
6137.432735416253,0,1.0
6137.581850116346,0,1.0
6137.619007596155,1,1.0
6137.640894436051,0,1.0
6137.694573832066,0,1.0
6137.729887766727,0,1.0
6137.735904290512,0,1.0
6137.740840552218,1,1.0
6137.762694272276,0,1.0
6137.778940654149,0,1.0
6137.811801524637,1,1.0
6137.843510227698,1,1.0
6137.867347252839,0,1.0
6137.9853996594475,0,1.0
6137.9913570383405,1,1.0
6138.223096040613,0,1.0
6138.35062046784,0,1.0
6138.448271891137,1,1.0
6138.607539408605,0,1.0
6138.614806892946,0,1.0
6138.634777389497,1,1.0
6138.649527233529,1,1.0
6138.652632344375,0,1.0
6138.656734629286,1,1.0
6138.693960442408,1,1.0
6138.713065418715,0,1.0
6138.717611978219,1,1.0
6138.7375073255325,0,1.0
6138.766048528582,1,1.0
6138.882866975211,0,1.0
6139.095578837014,1,1.0
6139.108577163014,1,1.0
6139.529348773155,1,1.0
6140.1646753739005,0,1.0
6140.33267306976,0,1.0
6140.449780572937,1,1.0
6140.496871943939,0,1.0
6140.551878924806,0,1.0
6140.685574479845,0,1.0
6140.738974737078,1,1.0
6140.763641601889,1,1.0
6140.7640146758185,1,1.0
6140.984250557818,1,1.0
6141.224511434719,1,1.0
6141.3291528125355,0,1.0
6141.5709127929495,1,1.0
6142.228564731435,0,1.0
6142.529453752448,0,1.0
6142.867368977166,1,1.0
6143.002249662607,1,1.0
6143.003749770345,1,1.0
6143.127098273097,0,1.0
6143.142894590822,1,1.0
6143.178739272614,0,1.0
6143.227498953814,1,1.0
6143.414219174149,1,1.0
6143.527323838169,0,1.0
6143.527884018495,1,1.0
6143.570312989013,1,1.0
6144.063586641361,0,1.0
6144.165975013151,1,1.0
6144.168200782144,1,1.0
6144.220243764293,1,1.0
6144.492108556623,1,1.0
6144.839229414529,1,1.0
6144.931469982248,1,1.0
6147.038874315521,0,1.0
6147.216837029307,0,1.0
6147.394040065403,1,1.0
6147.4486303489475,0,1.0
6147.517446169375,0,1.0
6147.660590272311,0,1.0
6147.909061480645,0,1.0
6148.280994641119,1,1.0
6148.612332337418,1,1.0
6148.799581442243,1,1.0
6149.01722708418,1,1.0
6149.161770364778,1,1.0
6149.439369627394,1,1.0
6149.49020835206,1,1.0
6149.548710639955,1,1.0
6152.02093519882,0,1.0
6157.181970392579,0,1.0
6157.2463536164705,1,1.0
6157.333562060928,0,1.0
6157.462164454343,0,1.0
6157.506624844307,1,1.0
6157.547058034732,0,1.0
6157.770885512028,0,1.0
6158.531849937511,0,1.0
6159.024145992958,1,1.0
6159.046191864723,1,1.0
6159.0769379213025,0,1.0
6159.412281735822,0,1.0
6159.417350945886,1,1.0
6159.470840887826,0,1.0
6159.500564457609,0,1.0
6159.5033476936005,0,1.0
6159.517895623268,0,1.0
6159.519869042756,1,1.0
6159.582923213737,0,1.0
6159.592636262365,1,1.0
6159.70847000977,0,1.0
6159.781812017416,1,1.0
6160.034120111896,1,1.0
6161.176245762664,1,1.0
6161.195288726647,0,1.0
6161.327780060347,1,1.0
6161.349092008519,0,1.0
6161.709745962457,0,1.0
6161.711088308824,1,1.0
6163.859686303321,0,1.0
6169.732646560587,1,1.0
6170.094678369169,1,1.0
6170.834268588084,1,1.0
6174.4163740847725,1,1.0
6176.4208008370715,1,1.0
6176.825071663125,0,1.0
6176.827494604399,1,1.0
6177.827655419502,0,1.0
6177.97429014288,0,1.0
6179.253152961966,1,1.0
6179.325080396932,1,1.0
6179.574369034116,1,1.0
6179.585902087441,0,1.0
6180.478654252361,0,1.0
6180.57124244217,1,1.0
6181.7310029882265,0,1.0
6182.230703577817,1,1.0
6182.830189913464,1,1.0
6183.696071074663,0,1.0
6184.697273712977,0,1.0
6184.709079930517,0,1.0
6184.721744424214,1,1.0
6185.016568531157,0,1.0
6192.217262935614,0,1.0
6192.297075877851,1,1.0
6192.3455010842945,1,1.0
6194.478573739593,0,1.0
6194.784507784111,1,1.0
6195.560805140607,1,1.0
6197.681066619684,0,1.0
6197.688565219588,1,1.0
6197.769406855847,0,1.0
6197.882618121968,1,1.0
6197.960077643412,0,1.0
6198.106817548143,1,1.0
6200.372774897076,1,1.0
6204.900571420051,0,1.0
6204.920330533256,0,1.0
6205.151982794307,0,1.0
6205.32111532496,1,1.0
6205.440040658433,1,1.0
6206.559044445789,1,1.0
6206.692150667543,0,1.0
6207.209379352461,1,1.0
6207.471571184133,1,1.0
6207.50349690396,1,1.0
6208.030784034497,1,1.0
6208.0770336686455,0,1.0
6210.492243171607,1,1.0
6210.4999851990415,1,1.0
6211.312370752392,1,1.0
6211.352436908543,1,1.0
6211.539898648664,1,1.0
6211.877491719456,0,1.0
6212.130339155633,0,1.0
6212.185829577292,0,1.0
6212.715959652502,0,1.0
6216.083917751212,1,1.0
6216.094426784424,0,1.0
6216.103998389625,0,1.0
6217.2179108869905,1,1.0
6220.109859584525,0,1.0
6220.369333558789,0,1.0
6220.486493166508,1,1.0
6223.383735975168,0,1.0
6225.046068193836,0,1.0
6225.5072678228635,1,1.0
6227.366184271817,0,1.0
6228.160221932414,0,1.0
6228.509116574094,0,1.0
6228.768680883764,1,1.0
6228.7701771329175,0,1.0
6228.8978438307595,0,1.0
6229.190809489344,1,1.0
6229.615376886443,0,1.0
6231.040460443708,1,1.0
6232.693753206797,0,1.0
6233.676082136873,1,1.0
6233.894463262128,1,1.0
6234.820422597893,1,1.0
6234.977575787505,0,1.0
6235.050662609659,0,1.0
6235.122790123682,0,1.0
6235.173411279758,0,1.0
6235.441008160314,1,1.0
6235.488621026211,1,1.0
6235.941577000693,0,1.0
6236.672376012829,0,1.0
6236.841762070687,0,1.0
6239.040267312886,0,1.0
6239.061562479544,1,1.0
6239.105205633418,0,1.0
6239.161429028251,1,1.0
6239.172531719414,1,1.0
6239.191130895054,1,1.0
6240.615480031297,0,1.0
6241.5363157607335,0,1.0
6247.082492825543,1,1.0
6247.402090345451,0,1.0
6247.424045365397,0,1.0
6253.292737123337,0,1.0
6256.090492234769,0,1.0
6256.375962473904,0,1.0
6263.7439851409645,0,1.0
6264.496103746958,0,1.0
6265.935248242716,0,1.0
6266.132913880218,1,1.0
6266.236485004183,1,1.0
6273.828952161362,0,1.0
6273.889318906718,0,1.0
6274.038125727355,1,1.0
6274.691828736592,0,1.0
6276.4314604556175,0,1.0
6276.54271355192,0,1.0
6276.979522468977,0,1.0
6277.111419864498,1,1.0
6277.26378138069,1,1.0
6278.726926523238,1,1.0
6278.749437334515,1,1.0
6278.861477997339,1,1.0
6279.012556902552,0,1.0
6279.107524078965,1,1.0
6279.255010836698,1,1.0
6283.263701662298,1,1.0
6283.319811558804,0,1.0
6283.577050832063,0,1.0
6283.604353014561,1,1.0
6283.847630522331,0,1.0
6283.872913421378,0,1.0
6283.9099500929615,0,1.0
6283.931175720833,0,1.0
6283.935397680641,0,1.0
6284.087170419351,0,1.0
6284.114977735638,0,1.0
6284.116166130411,1,1.0
6284.177901164198,1,1.0
6284.1913794296115,0,1.0
6284.248124540456,1,1.0
6284.26662036283,1,1.0
6284.323620393153,0,1.0
6284.688544690829,1,1.0
6284.732006082544,1,1.0
6285.444004914137,0,1.0
6293.764660687341,1,1.0
6293.924663450668,1,1.0
6294.178306068052,0,1.0
6294.206141373571,0,1.0
6294.213978989203,0,1.0
6294.290495074588,0,1.0
6294.394836250167,0,1.0
6295.856554785641,1,1.0
6298.799238041818,0,1.0
6300.66926767606,1,1.0
6306.302325262403,1,1.0
6308.6784066723185,0,1.0
6309.2876389851735,0,1.0
6309.6697050223565,0,1.0
6309.84171123197,1,1.0
6310.179113767425,1,1.0
6310.785299509283,1,1.0
6311.3048528769,1,1.0
6313.482834908544,1,1.0
6314.723677459088,0,1.0
6316.41700954771,0,1.0
6316.477119644288,1,1.0
6316.639706975418,1,1.0
6316.737282544624,0,1.0
6316.9457912158505,0,1.0
6316.987620262074,1,1.0
6317.1555358179985,1,1.0
6317.317537297605,0,1.0
6317.681599877119,1,1.0
6317.730685161956,0,1.0
6317.748357089615,0,1.0
6318.2425888650305,0,1.0
6318.599810782505,0,1.0
6319.626363078323,1,1.0
6323.454362022085,0,1.0
6326.9479404311915,1,1.0
6326.952717291748,0,1.0
6327.037107526791,1,1.0
6327.646698556705,1,1.0
6327.953261183566,0,1.0
6328.941767716737,1,1.0
6329.621172540895,1,1.0
6329.668650584602,1,1.0
6329.855514886033,1,1.0
6330.253339513772,1,1.0
6330.853406950087,0,1.0
6333.84611526554,0,1.0
6333.948844775259,0,1.0
6334.016988328523,1,1.0
6334.039580402635,0,1.0
6334.190744055807,1,1.0
6334.214097862439,0,1.0
6334.219120721457,0,1.0
6334.233537352628,1,1.0
6334.246647521988,1,1.0
6334.2544962223365,1,1.0
6334.500709394174,1,1.0
6334.504439825984,1,1.0
6334.504657776966,1,1.0
6334.5741272554615,1,1.0
6334.640914880618,1,1.0
6334.658484802079,1,1.0
6335.1042532739975,0,1.0
6341.6967211887695,0,1.0
6342.530326596355,1,1.0
6343.1838344677235,0,1.0
6343.236594175785,1,1.0
6343.772638651689,1,1.0
6345.993175285655,1,1.0
6346.00542807608,0,1.0
6348.390994178588,1,1.0
6348.408257161131,1,1.0
6350.726258228621,1,1.0
6351.134195940276,1,1.0
6351.581850246879,0,1.0
6352.086385067331,1,1.0
6357.1052996918625,1,1.0
6357.230292645273,1,1.0
6357.263516793456,0,1.0
6359.091584262252,0,1.0
6359.190749472446,1,1.0
6359.911625106369,1,1.0
6360.728529339171,1,1.0
6367.125658817466,1,1.0
6368.789262789366,0,1.0
6369.244147119346,0,1.0
6369.267357901471,0,1.0
6369.662140205641,0,1.0
6369.863520316699,0,1.0
6370.083201598577,1,1.0
6370.101436850649,1,1.0
6370.157504940167,1,1.0
6370.73580638863,1,1.0
6378.807819570616,0,1.0
6380.462133101419,1,1.0
6381.008928380766,0,1.0
6382.086517961221,0,1.0
6382.406427488129,0,1.0
6382.472048905302,0,1.0
6382.492401493605,1,1.0
6382.690594426723,0,1.0
6384.914952737699,0,1.0
6384.915978269155,0,1.0
6385.055882247199,0,1.0
6385.167552512743,1,1.0
6385.179314535381,1,1.0
6385.317204171121,1,1.0
6385.640394777208,1,1.0
6385.765170531454,1,1.0
6385.947752163888,1,1.0
6386.480255045975,1,1.0
6387.273213317959,0,1.0
6387.378540439795,1,1.0
6387.446921777039,1,1.0
6387.691853274623,0,1.0
6387.707979449477,1,1.0
6387.867714636577,1,1.0
6387.907471544354,1,1.0
6387.908297553387,0,1.0
6388.066365304177,0,1.0
6388.085281371916,1,1.0
6388.115072241436,1,1.0
6388.170605868813,0,1.0
6388.639821786659,0,1.0
6392.6260832091875,0,1.0
6393.098831445128,1,1.0
6393.653171291507,0,1.0
6393.750031380466,1,1.0
6394.165236373861,0,1.0
6394.344794369913,1,1.0
6394.494263677111,0,1.0
6394.664949091099,0,1.0
6395.31872979847,0,1.0
6396.066073750681,1,1.0
6400.069601045654,1,1.0
6400.156303071587,0,1.0
6400.3302329431335,1,1.0
6400.513199615248,1,1.0
6400.662738472834,1,1.0
6400.960198044978,1,1.0
6401.707833246452,0,1.0
6401.779469238164,0,1.0
6401.8038255490765,0,1.0
6401.841584860521,0,1.0
6401.858395146775,0,1.0
6401.880654008464,0,1.0
6401.9199932425845,0,1.0
6401.931414202692,1,1.0
6401.981377858472,1,1.0
6401.989481969307,1,1.0
6402.034137887767,1,1.0
6402.064226535094,0,1.0
6402.117246682749,0,1.0
6402.197315568934,0,1.0
6402.209744748285,1,1.0
6402.221761410781,0,1.0
6402.232113139676,1,1.0
6402.2772886192415,0,1.0
6402.311468479169,0,1.0
6402.369767253972,0,1.0
6402.486755381141,0,1.0
6402.556476277637,0,1.0
6402.753733064704,0,1.0
6402.854835483051,0,1.0
6403.418105779357,0,1.0
6406.990928566391,0,1.0
6408.790935067659,0,1.0
6409.65452669106,0,1.0
6412.477108594268,0,1.0
6416.328339174097,0,1.0
6416.603170139415,0,1.0
6416.628759265984,1,1.0
6416.671591633874,0,1.0
6416.761132550799,1,1.0
6416.921550434038,1,1.0
6417.781426800412,1,1.0
6417.906818073084,0,1.0
6418.097197840202,0,1.0
6422.205259377037,1,1.0
6422.611245201848,0,1.0
6422.658878529475,0,1.0
6423.393385967857,1,1.0
6423.427824143314,1,1.0
6423.551432295035,0,1.0
6423.651816538038,0,1.0
6432.1353814668,0,1.0
6432.260192289047,0,1.0
6432.724574302717,0,1.0
6434.33062042139,0,1.0
6438.649717971555,0,1.0
6438.687153857211,0,1.0
6438.690710793375,0,1.0
6438.7466788518705,1,1.0
6438.820755250753,1,1.0
6438.873568932103,1,1.0
6439.2963770110155,0,1.0
6440.622433294673,0,1.0
6442.8226987214175,0,1.0
6442.9464462868345,1,1.0
6443.027146618746,0,1.0
6444.771632693181,0,1.0
6446.17158886597,0,1.0
6446.343383892084,0,1.0
6446.5046775788005,1,1.0
6449.509384092312,1,1.0
6449.561125246488,0,1.0
6449.7654996538395,0,1.0
6450.064056259763,1,1.0
6450.65605296036,1,1.0
6450.663472886888,0,1.0
6453.045889831504,0,1.0
6453.150265952401,1,1.0
6455.755784184155,0,1.0
6455.79142764936,0,1.0
6456.488074552933,0,1.0
6458.153093780334,0,1.0
6458.153339885223,0,1.0
6458.636554695792,0,1.0
6458.748476339379,1,1.0
6458.8952983662,1,1.0
6459.388074037233,1,1.0
6477.5804586912955,1,1.0
6479.003006495932,1,1.0
6479.424795422156,1,1.0
6479.528212183538,0,1.0
6480.459536936698,0,1.0
6480.533654070358,0,1.0
6481.310665414818,0,1.0
6481.38946305054,0,1.0
6481.482208380208,1,1.0
6485.894695051507,0,1.0
6487.2025251193845,1,1.0
6487.281902287709,1,1.0
6488.061362844589,1,1.0
6489.290981991795,0,1.0
6489.419438432692,0,1.0
6489.733657862974,0,1.0
6489.837744877194,1,1.0
6489.856499849662,1,1.0
6489.9194171746885,1,1.0
6489.98210043545,0,1.0
6490.119558055251,0,1.0
6490.131724984771,1,1.0
6490.337365967972,1,1.0
6490.395869845763,0,1.0
6490.425564088267,1,1.0
6490.4692248105775,0,1.0
6490.495110001502,1,1.0
6490.540868067217,1,1.0
6490.555365629204,1,1.0
6490.600021484371,1,1.0
6490.661338823714,1,1.0
6490.7054213396705,1,1.0
6490.717619917036,1,1.0
6490.77396206878,1,1.0
6491.013094548341,0,1.0
6491.026277469962,1,1.0
6491.05566058393,0,1.0
6492.375453620796,0,1.0
6492.98041462856,0,1.0
6496.473924323246,1,1.0
6496.561816643389,0,1.0
6496.648159773766,1,1.0
6497.156978882288,0,1.0
6497.163842714581,0,1.0
6497.3974719439075,1,1.0
6497.514003263524,1,1.0
6497.516691374416,0,1.0
6497.54922545725,1,1.0
6497.5823785951825,1,1.0
6500.200463197472,0,1.0
6501.224685328245,1,1.0
6507.338648750433,0,1.0
6508.755761081723,1,1.0
6509.900962736433,0,1.0
6516.831221322431,0,1.0
6517.7885657349725,0,1.0
6517.8073989439445,1,1.0
6518.073991036262,0,1.0
6518.190770042989,0,1.0
6518.376037026078,0,1.0
6521.1428049066935,1,1.0
6521.274392237583,1,1.0
6521.597519542274,1,1.0
6522.8448381997905,1,1.0
6522.852056207819,0,1.0
6522.880394690871,0,1.0
6522.887409930057,0,1.0
6523.120338815306,0,1.0
6523.188031842888,0,1.0
6523.263855794478,0,1.0
6523.264285373747,0,1.0
6523.45116902104,1,1.0
6523.5777365793365,0,1.0
6523.761082158602,1,1.0
6523.8845432938715,1,1.0
6523.9594612331675,0,1.0
6526.715083979,1,1.0
6527.300595969165,1,1.0
6527.561885331633,1,1.0
6529.378151197942,1,1.0
6530.765108748374,1,1.0
6530.787877181507,0,1.0
6531.499583346331,1,1.0
6532.770984124535,0,1.0
6534.921806597192,0,1.0
6536.123052472737,1,1.0
6536.879116814436,0,1.0
6536.926002369993,1,1.0
6536.99623956509,0,1.0
6536.999467125133,0,1.0
6537.312472736883,1,1.0
6537.439487561122,1,1.0
6537.48815201156,1,1.0
6538.389401374696,1,1.0
6538.389522706385,0,1.0
6538.421779850977,0,1.0
6538.547040281874,0,1.0
6538.578136809751,0,1.0
6538.723979841708,0,1.0
6541.869307453535,1,1.0
6541.903137552898,0,1.0
6542.520329143205,0,1.0
6542.69704600509,0,1.0
6543.498634872668,0,1.0
6543.674134700833,1,1.0
6544.92448778103,0,1.0
6550.029352895286,0,1.0
6551.491117441477,0,1.0
6551.553114733603,0,1.0
6551.584860443388,0,1.0
6551.771934119291,1,1.0
6551.80726484394,1,1.0
6553.543594124805,0,1.0
6553.563924341279,1,1.0
6553.789390373608,0,1.0
6553.943069641601,0,1.0
6554.067151757991,0,1.0
6554.864579349056,0,1.0
6554.8887853250135,1,1.0
6554.998921642275,1,1.0
6555.048978869034,0,1.0
6555.87154247999,0,1.0
6555.89139026584,0,1.0
6555.938378461925,0,1.0
6555.940333716274,0,1.0
6556.084191395106,0,1.0
6556.113690512887,0,1.0
6556.29218543899,0,1.0
6563.173770932147,0,1.0
6563.405396529544,1,1.0
6566.751302945283,0,1.0
6566.83888597518,0,1.0
6567.040059543117,1,1.0
6568.172867678291,0,1.0
6568.25272731196,1,1.0
6573.286519973351,1,1.0
6573.374284678263,1,1.0
6573.412288339052,0,1.0
6575.6622653160675,0,1.0
6579.3816492066835,0,1.0
6581.22036204224,0,1.0
6581.377768608522,1,1.0
6581.49537587543,1,1.0
6581.54605364511,1,1.0
6584.231646105499,1,1.0
6589.410415350164,0,1.0
6589.435814386547,0,1.0
6589.442919406456,1,1.0
6589.5219287285445,0,1.0
6589.589468270688,1,1.0
6589.6090086263475,1,1.0
6589.630628944371,0,1.0
6589.677317865986,1,1.0
6589.702957569237,1,1.0
6589.808468334596,1,1.0
6590.2124857434865,1,1.0
6590.281153250817,1,1.0
6590.287295059975,0,1.0
6591.34047935536,1,1.0
6591.447415774468,1,1.0
6591.629877437599,1,1.0
6591.753552627934,1,1.0
6592.366425086042,0,1.0
6598.484888608727,0,1.0
6602.649757122996,0,1.0
6602.748889542545,0,1.0
6602.762405686596,1,1.0
6602.955678830678,1,1.0
6603.279806481714,0,1.0
6603.365099653705,0,1.0
6603.379790488427,0,1.0
6603.509862963901,0,1.0
6603.583950272204,0,1.0
6603.758958698238,0,1.0
6603.868665996428,0,1.0
6603.897563975404,1,1.0
6604.022721851911,1,1.0
6604.134357234838,1,1.0
6606.1069772347755,1,1.0
6606.299685995531,0,1.0
6606.715717953622,0,1.0
6606.961190571038,0,1.0
6607.4940011634335,0,1.0
6607.597884816455,1,1.0
6607.6928204159885,0,1.0
6609.500572782123,0,1.0
6610.041415564077,0,1.0
6610.2542637321285,0,1.0
6610.578374575672,0,1.0
6610.9805063429885,1,1.0
6612.517654146663,0,1.0
6612.577575785827,1,1.0
6612.6916182120085,1,1.0
6613.245461353449,1,1.0
6613.261166920735,1,1.0
6617.6216928260355,1,1.0
6621.881211563869,0,1.0
6621.922283451969,1,1.0
6624.391924894256,0,1.0
6624.925595844096,1,1.0
6625.671958608329,0,1.0
6626.150495109963,0,1.0
6626.153305187552,1,1.0
6626.426475593256,1,1.0
6634.564452863906,1,1.0
6634.678939088111,1,1.0
6634.774039009396,0,1.0
6634.840952450429,1,1.0
6635.690108951739,1,1.0
6637.1655459029225,1,1.0
6637.477584953253,1,1.0
6637.552165786707,0,1.0
6637.557442650057,0,1.0
6644.633890869791,1,1.0
6644.675172744415,1,1.0
6645.0606737001835,0,1.0
6645.266367781971,1,1.0
6645.3832870211,1,1.0
6645.474009372135,0,1.0
6648.9618854585115,0,1.0
6649.277911612777,1,1.0
6649.890252016985,1,1.0
6649.995388828849,1,1.0
6650.124162018954,1,1.0
6650.253765522707,1,1.0
6650.253995065711,1,1.0
6650.254035970806,1,1.0
6650.324279366403,0,1.0
6650.334986785736,0,1.0
6650.3531516930925,0,1.0
6650.4039064497465,0,1.0
6650.4109302910465,1,1.0
6650.483736014247,1,1.0
6650.4857130210485,0,1.0
6650.49478330281,1,1.0
6650.554541413041,0,1.0
6650.576086170484,1,1.0
6650.618691700177,0,1.0
6650.642070051738,1,1.0
6650.650715792413,0,1.0
6650.661227052219,1,1.0
6650.702586083552,1,1.0
6650.708769801679,1,1.0
6650.746842667147,1,1.0
6650.813491641452,0,1.0
6651.013300398516,0,1.0
6653.779196602419,1,1.0
6660.7389349198,1,1.0
6660.760735515539,0,1.0
6660.841090392399,0,1.0
6664.036494378793,0,1.0
6664.236703108502,1,1.0
6665.111852647125,0,1.0
6665.133663101289,1,1.0
6665.547635674674,0,1.0
6668.096106400096,0,1.0
6672.474495706229,1,1.0
6674.173800104184,0,1.0
6680.34620866799,1,1.0
6680.525856406313,1,1.0
6684.464408297591,0,1.0
6684.702732809833,0,1.0
6684.813039983386,0,1.0
6684.988088715095,1,1.0
6685.253921674149,0,1.0
6685.283609120458,1,1.0
6685.580053970163,0,1.0
6688.237099855567,0,1.0
6688.335798543169,0,1.0
6688.404820384588,0,1.0
6688.413812024691,0,1.0
6688.4185842123015,1,1.0
6688.444397516208,0,1.0
6688.73790008962,0,1.0
6688.764911953056,0,1.0
6688.824238345713,0,1.0
6688.865439303799,0,1.0
6689.156139784064,0,1.0
6697.966684589875,0,1.0
6700.062501685595,1,1.0
6703.432811923386,0,1.0
6704.217782331059,0,1.0
6704.887275681486,1,1.0
6705.61534430042,1,1.0
6705.63213205193,1,1.0
6705.659342222481,0,1.0
6705.759993519795,0,1.0
6706.136017865554,1,1.0
6706.743651027257,1,1.0
6706.977094980882,1,1.0
6709.39934236042,1,1.0
6709.772515536502,0,1.0
6710.157471427412,0,1.0
6710.157710490831,0,1.0
6710.743337896263,1,1.0
6711.893251470264,0,1.0
6711.917452470563,1,1.0
6718.019337944663,1,1.0
6718.556533382755,0,1.0
6719.158072804637,1,1.0
6719.240534136581,0,1.0
6720.478353976773,0,1.0
6722.295369795556,0,1.0
6725.660543131838,0,1.0
6726.114027650827,1,1.0
6726.127694928964,1,1.0
6729.4010749644785,0,1.0
6729.6611403623365,1,1.0
6733.120013580774,0,1.0
6734.151089660301,1,1.0
6736.538994712646,1,1.0
6739.80428987907,0,1.0
6739.8567411151525,1,1.0
6742.913236017581,0,1.0
6743.077744582542,0,1.0
6746.695749465067,0,1.0
6746.733047656814,1,1.0
6746.735775919215,0,1.0
6746.762919829191,1,1.0
6746.840763945744,1,1.0
6746.884849094682,1,1.0
6746.920594410943,0,1.0
6746.939872375732,1,1.0
6746.940322932347,0,1.0
6746.9647258174955,0,1.0
6747.012888648915,0,1.0
6747.025319593767,1,1.0
6747.033803306246,0,1.0
6747.052465272851,1,1.0
6747.064394821606,0,1.0
6747.078751159198,0,1.0
6747.089438739973,0,1.0
6747.089560699759,0,1.0
6747.131745293608,0,1.0
6747.190270534787,1,1.0
6747.391635935852,1,1.0
6747.397878651084,0,1.0
6747.428181418988,0,1.0
6747.453641326227,0,1.0
6748.137701677571,1,1.0
6750.438673548104,0,1.0
6752.215107432998,0,1.0
6756.876408346001,1,1.0
6758.968748977727,0,1.0
6759.539040173786,0,1.0
6759.739159774772,0,1.0
6760.327902147211,1,1.0
6760.388611037551,0,1.0
6761.379705622527,0,1.0
6765.3107816247775,0,1.0
6765.734508930511,0,1.0
6766.322045488929,0,1.0
6766.3753271670275,0,1.0
6766.39236115602,0,1.0
6766.419978022142,0,1.0
6766.477043098184,0,1.0
6766.525822687114,0,1.0
6766.534871587086,0,1.0
6775.90266735676,1,1.0
6777.2634215392445,1,1.0
6777.351814882114,0,1.0
6777.687317505566,1,1.0
6778.639465554526,1,1.0
6779.437936598046,1,1.0
6781.015037856043,0,1.0
6781.304267561351,0,1.0
6781.737502634615,1,1.0
6782.02442250909,0,1.0
6782.042423685119,1,1.0
6784.984342587978,0,1.0
6785.1364823414915,0,1.0
6785.380056141845,0,1.0
6785.399458892584,0,1.0
6785.408569732947,1,1.0
6785.449267340542,1,1.0
6785.472226163107,0,1.0
6785.510070488472,0,1.0
6785.527666844074,1,1.0
6785.534280733688,0,1.0
6785.553582253841,0,1.0
6785.595010902099,0,1.0
6785.6347598194625,1,1.0
6785.848366323642,0,1.0
6785.876431246124,0,1.0
6785.884714875884,0,1.0
6786.0339171629485,1,1.0
6786.181573798925,0,1.0
6786.6826349514695,0,1.0
6786.6830806001935,0,1.0
6786.711997473719,0,1.0
6786.7408502915705,0,1.0
6786.754772670051,1,1.0
6786.932080451537,1,1.0
6787.007593815151,1,1.0
6787.0081144072965,0,1.0
6787.11036162927,0,1.0
6787.287107384712,1,1.0
6787.3603402607105,1,1.0
6787.403064620293,0,1.0
6787.410983116344,0,1.0
6787.412034320466,0,1.0
6788.250220224333,0,1.0
6788.2536224015785,0,1.0
6788.446875010732,0,1.0
6788.582881302911,0,1.0
6788.61281004371,1,1.0
6788.893425545745,0,1.0
6788.8969594877135,0,1.0
6788.9840517948705,0,1.0
6789.076927741319,0,1.0
6789.242384571747,0,1.0
6793.315186723024,1,1.0
6794.294729964861,0,1.0
6794.536166054023,0,1.0
6794.633665575157,1,1.0
6794.6807270566815,1,1.0
6797.146700276545,0,1.0
6797.170005204642,1,1.0
6797.452295329492,0,1.0
6797.563032711109,0,1.0
6797.626340170727,0,1.0
6797.734832851439,0,1.0
6797.760886015384,0,1.0
6797.823740387441,0,1.0
6797.843825505244,1,1.0
6797.919541795498,1,1.0
6797.923264879686,0,1.0
6798.024755254746,1,1.0
6798.318651202715,1,1.0
6799.1298149698,1,1.0
6799.216324873469,0,1.0
6799.231352459407,1,1.0
6799.240728203953,1,1.0
6799.253510974391,0,1.0
6799.281286762637,1,1.0
6799.307324510352,0,1.0
6799.426918801064,0,1.0
6799.457697127249,1,1.0
6799.462431342046,1,1.0
6799.677187745766,1,1.0
6799.745911879814,0,1.0
6801.162961500377,1,1.0
6801.629552474312,1,1.0
6802.485623140126,1,1.0
6802.963706560362,1,1.0
6803.433077925984,0,1.0
6803.920728796157,0,1.0
6803.936566442923,0,1.0
6803.943168741139,0,1.0
6803.98671107876,1,1.0
6804.106087392611,0,1.0
6804.107991110826,0,1.0
6804.136528275576,0,1.0
6804.18748118981,0,1.0
6804.208987810878,0,1.0
6804.236661948341,0,1.0
6804.256307471091,1,1.0
6804.333844952242,1,1.0
6804.346774888405,1,1.0
6804.495497425001,0,1.0
6804.502464657317,0,1.0
6804.544337579003,0,1.0
6804.818409340589,1,1.0
6804.8662966269385,0,1.0
6804.934265839141,0,1.0
6805.1355575241805,0,1.0
6805.154558536481,1,1.0
6805.500652795448,1,1.0
6805.873389824115,0,1.0
6808.587895533211,0,1.0
6808.852051453282,0,1.0
6808.881162930482,0,1.0
6808.975222111263,1,1.0
6809.015877864179,1,1.0
6810.101227388654,1,1.0
6810.257795777062,0,1.0
6810.283022578887,0,1.0
6810.309337525772,0,1.0
6810.588311758482,0,1.0
6811.192780416681,0,1.0
6811.317996928185,1,1.0
6811.34545209064,1,1.0
6811.4985157498495,1,1.0
6813.578757759427,0,1.0
6813.7874151569085,1,1.0
6814.070368286081,0,1.0
6815.092043057719,1,1.0
6816.094608400169,0,1.0
6816.854954003214,0,1.0
6817.037593706488,1,1.0
6817.146605331072,0,1.0
6817.273029539269,1,1.0
6817.325954917847,1,1.0
6819.382078621078,0,1.0
6829.801626370167,0,1.0
6831.163238645035,0,1.0
6831.16550080096,0,1.0
6831.166524142687,0,1.0
6831.259675089331,0,1.0
6831.318523503391,1,1.0
6831.569307958877,1,1.0
6832.782178063246,0,1.0
6835.895544264478,0,1.0
6836.00625591172,0,1.0
6838.840160225962,0,1.0
6839.004054912698,1,1.0
6839.114893418549,0,1.0
6839.437413970066,1,1.0
6839.53366313264,1,1.0
6839.615485914667,1,1.0
6839.823930167303,1,1.0
6841.04138920445,0,1.0
6847.742782925835,1,1.0
6847.788028246906,0,1.0
6848.316681856176,0,1.0
6848.4550259224925,1,1.0
6849.510390280588,0,1.0
6849.657719986127,1,1.0
6850.416858557879,0,1.0
6851.548356442975,0,1.0
6860.610339129902,0,1.0
6862.924702285893,1,1.0
6867.164938489877,1,1.0
6867.195936647171,1,1.0
6867.361910737867,0,1.0
6867.994148824665,0,1.0
6868.816238897153,1,1.0
6869.980483733066,1,1.0
6870.815798762779,1,1.0
6878.322980538028,0,1.0
6880.4121862114525,0,1.0
6880.519047343941,1,1.0
6880.912406721001,0,1.0
6882.148475055901,0,1.0
6882.2126441148175,0,1.0
6882.302890219261,0,1.0
6891.207121874619,1,1.0
6892.736487218577,0,1.0
6893.280089157476,0,1.0
6896.065649101251,1,1.0
6896.107148223486,1,1.0
6896.141287420838,1,1.0
6896.225811522737,1,1.0
6896.242685052334,0,1.0
6896.277695578109,1,1.0
6896.278957794697,1,1.0
6896.349763193751,1,1.0
6896.405456883406,0,1.0
6896.474711229872,0,1.0
6896.478903811005,1,1.0
6896.547603933407,0,1.0
6896.5620124293855,1,1.0
6896.809357880363,0,1.0
6896.905656285437,0,1.0
6896.922099756526,1,1.0
6897.052263265679,1,1.0
6897.109751885644,1,1.0
6897.135127690794,1,1.0
6897.1863064800555,0,1.0
6897.286531914528,0,1.0
6902.007733966894,0,1.0
6902.284910908139,0,1.0
6902.310585786447,0,1.0
6902.34376488117,1,1.0
6902.370094092835,1,1.0
6902.392203748164,0,1.0
6902.39258607802,1,1.0
6902.406959034616,0,1.0
6902.420137983026,1,1.0
6902.544485734152,1,1.0
6903.9207274964965,0,1.0
6903.990081133283,1,1.0
6904.072836169657,1,1.0
6906.280333939591,0,1.0
6907.55109302296,1,1.0
6909.298899689739,1,1.0
6909.31763636733,1,1.0
6913.308778219244,1,1.0
6913.328169369737,1,1.0
6913.761308700329,1,1.0
6913.766745844469,1,1.0
6913.862061626932,0,1.0
6913.938632171338,0,1.0
6913.958738472455,1,1.0
6914.181873488851,1,1.0
6914.26503915753,1,1.0
6914.319548327689,1,1.0
6914.473748417264,0,1.0
6914.612499175951,1,1.0
6914.698416091663,0,1.0
6914.7225093018205,1,1.0
6914.799165871187,1,1.0
6914.989834001004,1,1.0
6915.0783543505495,1,1.0
6916.863199810734,0,1.0
6917.372886375165,0,1.0
6917.986846121042,1,1.0
6918.035466719818,1,1.0
6918.385840711568,0,1.0
6921.080904307997,0,1.0
6921.090096099976,0,1.0
6921.111778814679,0,1.0
6921.208205431484,1,1.0
6921.307172404844,0,1.0
6921.345433451477,0,1.0
6921.470107661972,1,1.0
6921.500134150435,1,1.0
6921.560612096096,1,1.0
6921.561597992124,0,1.0
6921.717161712742,0,1.0
6921.9270597944,0,1.0
6925.121337915142,0,1.0
6925.136443707881,1,1.0
6925.144448684924,1,1.0
6925.192454194783,0,1.0
6925.292438770908,0,1.0
6925.3274279848665,1,1.0
6925.433682762485,0,1.0
6925.566861103221,0,1.0
6925.619712760723,1,1.0
6925.691311324949,1,1.0
6925.710794338956,1,1.0
6925.862949548553,0,1.0
6926.712569753577,1,1.0
6926.946993140307,0,1.0
6926.961210698903,0,1.0
6927.172098748021,0,1.0
6928.0430113107,1,1.0
6928.593537761161,0,1.0
6928.718515594035,0,1.0
6928.721238645917,1,1.0
6928.744558336735,1,1.0
6929.688050216049,0,1.0
6929.915644719672,1,1.0
6930.09907863525,1,1.0
6930.215813653735,1,1.0
6930.7148500696485,1,1.0
6930.942742945312,1,1.0
6931.133259987877,1,1.0
6931.138241445594,0,1.0
6931.15637144701,0,1.0
6931.171402631959,1,1.0
6931.603563164133,0,1.0
6931.683603522785,0,1.0
6931.797121574608,1,1.0
6931.964077131669,0,1.0
6931.992048135757,1,1.0
6932.039163445279,1,1.0
6932.051541310037,0,1.0
6932.087443844506,0,1.0
6932.17540488451,0,1.0
6932.1885355383565,0,1.0
6932.199185778677,0,1.0
6932.418336616579,0,1.0
6932.57039650091,0,1.0
6932.756928811912,1,1.0
6932.902174782066,1,1.0
6933.089648929234,0,1.0
6933.271386647118,0,1.0
6933.35284568315,0,1.0
6933.373459008057,0,1.0
6933.376530353097,1,1.0
6933.624152295068,0,1.0
6933.843340842351,0,1.0
6934.161250618955,0,1.0
6939.433624215482,1,1.0
6941.956127226118,0,1.0
6951.2644300153715,1,1.0
6951.284253510892,1,1.0
6951.287129014578,0,1.0
6951.472406625563,1,1.0
6951.604897202157,0,1.0
6951.646818536886,0,1.0
6952.085942760081,0,1.0
6953.883399960497,0,1.0
6956.743568599174,1,1.0
6960.255734001431,0,1.0
6960.744009431694,0,1.0
6960.748013482934,1,1.0
6964.416956315487,0,1.0
6964.521197383798,0,1.0
6966.739098855404,0,1.0
6967.656264036715,1,1.0
6968.437546379003,0,1.0
6968.660694504338,0,1.0
6968.7764470613265,0,1.0
6968.880431465449,0,1.0
6969.341482276807,1,1.0
6972.133832825901,1,1.0
6972.198378841614,1,1.0
6972.409131112342,0,1.0
6972.453714307014,1,1.0
6972.5314329528355,0,1.0
6972.6942853072505,0,1.0
6973.121403008856,1,1.0
6973.200960533294,1,1.0
6974.802715789334,1,1.0
6974.852349322064,1,1.0
6976.548249448872,0,1.0
6976.925316503283,0,1.0
6976.940117749316,0,1.0
6979.642165282133,1,1.0
6979.796364310151,1,1.0
6980.1172969345125,1,1.0
6980.531571229475,1,1.0
6982.515664126882,0,1.0
6982.6261840375655,0,1.0
6982.667414054536,1,1.0
6982.937341653217,1,1.0
6988.394598957058,0,1.0
6988.457410426694,1,1.0
6988.651265577761,1,1.0
6990.155020773314,1,1.0
6993.750451748545,1,1.0
6993.98422463269,1,1.0
6995.578942297924,1,1.0
6995.737165130598,1,1.0
6996.294053305246,1,1.0
6996.530234912231,1,1.0
6996.559856840142,0,1.0
6996.599088439742,1,1.0
6997.139034257296,0,1.0
6997.291474980843,1,1.0
6998.680378376704,1,1.0
6998.809404053312,1,1.0
7000.375397246905,0,1.0
7001.547928060474,0,1.0
7004.0582713010035,1,1.0
7004.843666674014,0,1.0
7004.844883344314,0,1.0
7004.856585915318,0,1.0
7004.976673814393,0,1.0
7008.526059333643,0,1.0
7010.46609827136,0,1.0
7014.734980310866,0,1.0
7015.97731326727,0,1.0
7016.260004845392,0,1.0
7016.657333691295,1,1.0
7016.696186404759,0,1.0
7016.807564481931,0,1.0
7020.353476929048,0,1.0
7020.506179631089,0,1.0
7020.558971299483,0,1.0
7023.619598796648,0,1.0
7023.929371447413,0,1.0
7023.955484797115,0,1.0
7023.977881437062,1,1.0
7024.051931776298,1,1.0
7024.353286432806,1,1.0
7024.3803358450705,1,1.0
7024.438649010109,0,1.0
7026.982692490427,1,1.0
7028.8218988458475,1,1.0
7031.772054998115,1,1.0
7031.9207889649,0,1.0
7032.062876444851,0,1.0
7032.639152621037,0,1.0
7032.710459317506,1,1.0
7043.280855434637,0,1.0
7043.306102401626,1,1.0
7043.750269993994,1,1.0
7043.753028996893,1,1.0
7043.794029368554,1,1.0
7043.808587650289,0,1.0
7043.904783389812,1,1.0
7043.942707037608,0,1.0
7043.97616528017,0,1.0
7044.118460749047,0,1.0
7044.156905159587,1,1.0
7044.210226898255,0,1.0
7044.366251057812,1,1.0
7044.4289492385615,1,1.0
7044.50917349079,0,1.0
7045.389695829466,0,1.0
7045.419144031608,1,1.0
7045.542712529669,0,1.0
7045.607081928481,1,1.0
7045.919664089987,0,1.0
7047.161976727736,1,1.0
7050.852718924851,1,1.0
7052.181503383144,1,1.0
7052.222456804856,0,1.0
7056.463814284529,0,1.0
7056.940016664184,1,1.0
7059.859877607681,0,1.0
7059.889843864056,1,1.0
7059.902648304842,0,1.0
7060.0728935971465,0,1.0
7060.1966311558035,1,1.0
7060.271878335977,0,1.0
7060.376825655667,0,1.0
7060.529699673411,1,1.0
7060.7527980307295,1,1.0
7062.797550552722,1,1.0
7063.7307258451,0,1.0
7063.939528455019,0,1.0
7065.969113156405,0,1.0
7066.638773049611,0,1.0
7070.148668748721,0,1.0
7070.185495013897,1,1.0
7071.176233352222,1,1.0
7072.241784511035,1,1.0
7074.276867399344,0,1.0
7079.097030125651,0,1.0
7088.42344193707,1,1.0
7090.890731333639,1,1.0
7094.56726067378,1,1.0
7094.678288809448,0,1.0
7094.686734583652,0,1.0
7094.691524003004,0,1.0
7094.711205014477,0,1.0
7094.725317737124,1,1.0
7094.78219855007,1,1.0
7095.096617402227,0,1.0
7095.350198499471,0,1.0
7095.384970706618,1,1.0
7095.4750394709135,0,1.0
7095.526771463122,1,1.0
7095.550219605557,1,1.0
7099.425431448214,1,1.0
7102.135311402699,0,1.0
7108.474989613105,0,1.0
7108.503137042172,0,1.0
7108.693728154178,1,1.0
7108.6968500690755,0,1.0
7108.8411736790085,1,1.0
7108.861572905153,0,1.0
7109.886898019925,1,1.0
7110.244334120962,0,1.0
7110.559702096014,1,1.0
7111.366372753324,1,1.0
7111.394700908648,1,1.0
7111.406698840596,1,1.0
7111.464638009383,0,1.0
7111.5301101778805,0,1.0
7111.702383777392,0,1.0
7111.7991932482155,0,1.0
7111.903673889552,1,1.0
7112.105555876523,0,1.0
7112.1215777971265,1,1.0
7112.440006408076,0,1.0
7112.765290587343,1,1.0
7112.827042370166,0,1.0
7115.078780171486,1,1.0
7115.111893143852,0,1.0
7117.463609301596,0,1.0
7118.860133415504,0,1.0
7120.695858003809,0,1.0
7120.888280502211,1,1.0
7124.479729044773,0,1.0
7124.537480900952,0,1.0
7124.538097191631,0,1.0
7124.5721382145675,1,1.0
7127.240112758717,0,1.0
7129.704800647523,0,1.0
7130.448483167621,0,1.0
7135.497423057529,0,1.0
7135.523995171678,1,1.0
7136.363508362462,1,1.0
7141.6737633181265,0,1.0
7141.994280413517,1,1.0
7142.579904954825,0,1.0
7142.6373302724605,0,1.0
7142.679664784047,0,1.0
7142.7161243281225,1,1.0
7142.757398819533,0,1.0
7142.763188634777,0,1.0
7142.771961242164,0,1.0
7143.14973963026,0,1.0
7143.185348668288,0,1.0
7143.254949934306,1,1.0
7143.285469032542,0,1.0
7143.461743278933,0,1.0
7143.539709613684,0,1.0
7143.632916939975,0,1.0
7143.777032222361,1,1.0
7143.7822698823475,1,1.0
7143.857541690434,0,1.0
7143.9675920738,0,1.0
7144.063860034455,1,1.0
7144.138381545274,1,1.0
7144.175616956174,0,1.0
7144.257073941187,0,1.0
7144.273360895966,0,1.0
7144.273694580667,0,1.0
7155.062664490369,0,1.0
7155.09301277958,0,1.0
7156.360894074776,0,1.0
7157.158776111857,1,1.0
7158.20269698932,0,1.0
7158.762106217573,0,1.0
7159.819072423911,0,1.0
7159.922536168342,0,1.0
7160.086667370108,1,1.0
7161.195132441981,0,1.0
7161.651860000976,0,1.0
7162.015804651925,0,1.0
7162.068921459847,1,1.0
7162.3558055841,1,1.0
7164.922522224661,1,1.0
7165.39226706967,1,1.0
7165.595391354442,0,1.0
7165.824125715493,1,1.0
7168.4978663080365,1,1.0
7169.7665230289185,1,1.0
7170.8998612230735,0,1.0
7170.966575475789,1,1.0
7171.315324834436,1,1.0
7174.799958911054,0,1.0
7174.861902145407,0,1.0
7175.024948281404,1,1.0
7175.54681667015,1,1.0
7179.160446523042,1,1.0
7179.6398971632625,0,1.0
7179.828558840197,0,1.0
7183.429248446623,0,1.0
7183.54350257908,1,1.0
7184.784811656122,0,1.0
7185.311874171475,0,1.0
7185.360634959203,1,1.0
7187.919278178222,1,1.0
7188.258734354207,0,1.0
7189.6340059606355,1,1.0
7190.908837855555,1,1.0
7190.94374442447,0,1.0
7190.973641833139,1,1.0
7195.030473832463,0,1.0
7195.080993239897,1,1.0
7195.084001297607,1,1.0
7195.188875834269,0,1.0
7195.197351108359,1,1.0
7195.239103525506,1,1.0
7195.4676035999755,1,1.0
7195.511305879789,0,1.0
7195.564591369874,1,1.0
7195.624250552116,0,1.0
7195.690236452066,0,1.0
7195.692436601899,1,1.0
7195.692479063191,1,1.0
7195.786703595305,0,1.0
7196.05247236892,1,1.0
7196.133643771154,0,1.0
7196.585619677236,0,1.0
7196.587140831743,1,1.0
7196.820743096091,1,1.0
7196.896052440171,0,1.0
7197.338173185385,1,1.0
7197.86237579042,1,1.0
7201.299289007196,1,1.0
7201.407415335038,1,1.0
7201.612940579063,1,1.0
7204.491857722654,0,1.0
7204.585347457188,1,1.0
7204.707721724061,1,1.0
7204.8220921591965,1,1.0
7204.9634941643,1,1.0
7205.008565825929,1,1.0
7205.079142252675,1,1.0
7205.125632938624,1,1.0
7206.143369979298,0,1.0
7206.17120609179,0,1.0
7207.182362468312,0,1.0
7207.354445128974,0,1.0
7207.424646564851,0,1.0
7207.464289757023,1,1.0
7207.506498367231,1,1.0
7207.5856225452,1,1.0
7208.938591463321,1,1.0
7212.2230585913985,0,1.0
7212.537895900414,0,1.0
7217.287582117428,0,1.0
7217.502485495621,0,1.0
7217.932389941207,1,1.0
7217.978854046835,1,1.0
7218.293368889081,0,1.0
7219.035007339421,1,1.0
7219.067680297212,1,1.0
7219.085565833453,0,1.0
7219.100760105348,1,1.0
7219.13961932057,1,1.0
7219.510596855441,0,1.0
7219.537990589757,1,1.0
7222.1447178642,0,1.0
7225.316716856339,1,1.0
7225.355756061792,1,1.0
7225.377984574048,1,1.0
7225.43069395754,1,1.0
7232.208895893472,0,1.0
7232.216791766917,0,1.0
7232.229378602667,0,1.0
7232.350885814532,0,1.0
7232.362622877589,1,1.0
7232.590060837528,1,1.0
7232.632072428382,0,1.0
7232.683774623061,0,1.0
7232.713899365384,1,1.0
7232.744330154854,1,1.0
7232.813877666631,0,1.0
7232.951693954316,0,1.0
7233.043009822853,0,1.0
7233.1434216844245,0,1.0
7233.245953005518,0,1.0
7233.3396807455165,1,1.0
7233.415935418479,1,1.0
7233.434021210623,1,1.0
7233.738870294667,1,1.0
7233.868182334126,0,1.0
7234.364317015275,1,1.0
7234.497173474558,0,1.0
7234.508514926583,1,1.0
7234.511092807632,0,1.0
7234.56472960929,1,1.0
7235.142047958203,1,1.0
7236.11891957812,0,1.0
7236.1881564403875,0,1.0
7236.323798016919,0,1.0
7236.327252212015,0,1.0
7238.769038373131,1,1.0
7238.929187737851,1,1.0
7239.068798211341,0,1.0
7239.091961948328,1,1.0
7239.139011302097,1,1.0
7239.945358990245,0,1.0
7243.941944987865,0,1.0
7244.805633471897,0,1.0
7245.284834823369,0,1.0
7245.779339610181,1,1.0
7246.062730163825,1,1.0
7246.222534685691,0,1.0
7246.406774502449,0,1.0
7250.081352059523,1,1.0
7253.226369690992,0,1.0
7255.834049492415,0,1.0
7257.165116815712,1,1.0
7257.321302139578,1,1.0
7257.339482714067,0,1.0
7257.423581223638,0,1.0
7257.423767835665,1,1.0
7257.45841123075,1,1.0
7257.459794726201,0,1.0
7257.512382852475,1,1.0
7257.5326240278055,0,1.0
7257.781701604265,1,1.0
7257.9378480651985,0,1.0
7258.0252229493035,0,1.0
7259.292727489865,1,1.0
7263.824014363607,0,1.0
7263.90328014977,1,1.0
7267.328057893236,0,1.0
7267.375309063551,0,1.0
7267.4238184446795,1,1.0
7276.517344786467,0,1.0
7279.645976288617,1,1.0
7280.873620702048,0,1.0
7281.33795125037,0,1.0
7282.109564878179,0,1.0
7282.467532624589,0,1.0
7282.930932952055,1,1.0
7289.3633435790825,0,1.0
7295.388572554028,0,1.0
7297.753366065861,1,1.0
7298.814608794419,1,1.0
7299.116080213717,0,1.0
7299.246587798879,1,1.0
7299.261964459546,1,1.0
7300.348364620986,1,1.0
7300.424319246603,1,1.0
7301.875934301702,0,1.0
7302.005451322939,0,1.0
7302.0320598440785,0,1.0
7302.721266674855,0,1.0
7305.613415718168,0,1.0
7305.690270008923,1,1.0
7305.817976731695,1,1.0
7306.07182887054,0,1.0
7306.717103413458,0,1.0
7313.403942644854,1,1.0
7314.663067000101,0,1.0
7314.713885966835,0,1.0
7315.0687112562555,0,1.0
7320.720753841835,0,1.0
7320.899534192922,0,1.0
7325.9989988177485,0,1.0
7325.999707364193,0,1.0
7328.6047220503015,0,1.0
7328.612726420876,0,1.0
7328.6892450358855,0,1.0
7328.799222316754,0,1.0
7328.867343594748,0,1.0
7328.8919436413635,1,1.0
7328.947191331999,0,1.0
7329.213400597177,0,1.0
7329.231555295086,0,1.0
7329.364951105891,1,1.0
7329.418088693464,0,1.0
7331.027160081285,1,1.0
7331.272973743353,0,1.0
7331.344346975048,0,1.0
7331.489135180586,0,1.0
7331.531018019505,0,1.0
7331.840410344571,1,1.0
7331.856078357669,1,1.0
7332.079961366171,0,1.0
7332.602505073766,1,1.0
7338.45404543594,0,1.0
7341.365728094802,0,1.0
7341.431255900966,0,1.0
7341.750660567339,0,1.0
7343.713826636402,0,1.0
7344.036758332247,0,1.0
7344.238506759675,1,1.0
7344.266208877382,0,1.0
7344.528333898461,0,1.0
7347.711824491459,1,1.0
7351.816526846036,1,1.0
7351.9864541270035,1,1.0
7352.004497838425,1,1.0
7352.2120791576735,1,1.0
7352.232777959882,0,1.0
7352.318041824884,1,1.0
7352.330804233625,0,1.0
7352.496891517953,1,1.0
7352.522903231225,0,1.0
7352.621279847511,0,1.0
7352.776204849347,0,1.0
7352.793375142987,0,1.0
7352.929482902981,1,1.0
7353.190839085781,1,1.0
7355.478563995893,0,1.0
7356.017508032582,0,1.0
7356.162009515654,0,1.0
7358.229023267404,0,1.0
7358.874789498396,1,1.0
7359.439286686127,0,1.0
7360.230347283985,1,1.0
7360.511168089531,1,1.0
7360.844754910179,0,1.0
7361.09038790814,0,1.0
7361.158490092008,0,1.0
7361.194302326784,1,1.0
7361.252477599868,1,1.0
7361.381016772889,1,1.0
7362.649526391025,0,1.0
7363.388134387824,1,1.0
7363.87742200706,1,1.0
7363.933765739892,0,1.0
7364.049524248294,1,1.0
7364.274699221054,1,1.0
7365.202055168671,0,1.0
7366.294911791395,0,1.0
7366.591011514532,1,1.0
7367.788237739611,0,1.0
7368.114037288037,0,1.0
7368.1865092476355,0,1.0
7368.220045175164,0,1.0
7368.269724708794,1,1.0
7368.302957996078,0,1.0
7368.306417834239,1,1.0
7368.325339497424,0,1.0
7368.332625299014,0,1.0
7368.346154892852,1,1.0
7368.347046765092,0,1.0
7368.3800998854995,0,1.0
7368.4131854525285,0,1.0
7368.721232453004,0,1.0
7368.802909129417,1,1.0
7368.812844248529,1,1.0
7368.855200168851,1,1.0
7368.959314283347,1,1.0
7369.046124650429,0,1.0
7369.085206841107,0,1.0
7369.094078078989,0,1.0
7369.101474662777,0,1.0
7369.146669278638,1,1.0
7369.161377979273,1,1.0
7369.365581269139,1,1.0
7369.38240458491,1,1.0
7369.555983578462,1,1.0
7369.5595185877855,1,1.0
7369.57717918218,0,1.0
7369.717476371472,0,1.0
7370.024101880199,1,1.0
7370.031922340308,1,1.0
7370.073980594959,0,1.0
7370.134204519024,1,1.0
7370.278108922206,0,1.0
7370.443790573673,0,1.0
7371.334176061583,0,1.0
7371.337559918829,1,1.0
7372.776289979087,0,1.0
7372.796290136044,1,1.0
7372.948936981779,1,1.0
7373.081971472579,1,1.0
7373.1533142347,0,1.0
7373.59192670063,1,1.0
7374.006123435771,1,1.0
7375.257105682095,1,1.0
7375.278635559982,1,1.0
7375.303847388161,1,1.0
7375.432935751652,1,1.0
7375.787182808925,1,1.0
7375.874284541574,1,1.0
7378.461960465202,1,1.0
7378.635531802789,1,1.0
7378.6460025042925,0,1.0
7378.922133975738,0,1.0
7379.147606384156,0,1.0
7380.176040697277,1,1.0
7380.211651136375,1,1.0
7381.15738867706,1,1.0
7381.31617080822,1,1.0
7381.762276871748,0,1.0
7381.827390207725,1,1.0
7382.0901349692795,1,1.0
7384.008551015219,1,1.0
7384.358186337194,1,1.0
7386.713691231757,1,1.0
7386.869660398499,1,1.0
7386.901092573872,1,1.0
7387.278555941727,1,1.0
7387.844770106062,1,1.0
7387.848518492238,1,1.0
7387.989067074357,0,1.0
7388.034311580223,0,1.0
7388.34527173473,0,1.0
7388.449762468143,0,1.0
7390.75841870594,0,1.0
7391.679462061307,0,1.0
7392.699816254833,1,1.0
7394.836664797068,0,1.0
7394.85804940883,1,1.0
7399.5243577905685,1,1.0
7400.657176417156,0,1.0
7403.05118908718,0,1.0
7403.230713070628,0,1.0
7403.387872944893,0,1.0
7403.853593187506,0,1.0
7404.49658747806,1,1.0
7404.631557786817,0,1.0
7404.8974295040525,1,1.0
7408.564233837345,1,1.0
7410.499440187506,1,1.0
7413.3064283171125,1,1.0
7413.385869840775,1,1.0
7413.500427718816,1,1.0
7413.612620445956,1,1.0
7413.757726303485,0,1.0
7413.79318532825,0,1.0
7413.946655393455,0,1.0
7414.146059292429,1,1.0
7419.493445868125,0,1.0
7419.64954984185,0,1.0
7422.119111605475,0,1.0
7422.211835168738,1,1.0
7422.453275108548,0,1.0
7422.474462253791,1,1.0
7423.79530319616,0,1.0
7424.887491179413,0,1.0
7424.889126607064,1,1.0
7425.543585445606,1,1.0
7425.612205470066,1,1.0
7428.126914968555,0,1.0
7428.13437704978,0,1.0
7429.978204854903,0,1.0
7430.158123307489,0,1.0
7431.100766772199,1,1.0
7431.315357707566,1,1.0
7431.644237673108,1,1.0
7432.506280657048,0,1.0
7432.837985885349,1,1.0
7433.653813027138,0,1.0
7434.191839673699,1,1.0
7434.365228052482,0,1.0
7434.423010140792,1,1.0
7434.439379494538,0,1.0
7437.359946864963,0,1.0
7437.477411683402,0,1.0
7437.540605550552,0,1.0
7437.6771013406715,0,1.0
7437.710934548394,0,1.0
7437.956826111202,0,1.0
7438.312181598598,1,1.0
7438.593233281904,1,1.0
7438.672822611323,1,1.0
7438.872915769742,1,1.0
7438.936572112754,0,1.0
7439.052796554611,1,1.0
7439.081197101935,1,1.0
7439.2405929842025,1,1.0
7439.515400777986,1,1.0
7439.736042946106,0,1.0
7439.765214410062,1,1.0
7439.790654399787,1,1.0
7439.904542085528,0,1.0
7439.913193544885,1,1.0
7440.073706615701,0,1.0
7440.131128407736,1,1.0
7440.248005603696,1,1.0
7440.345252932011,1,1.0
7440.527768467674,0,1.0
7443.254076014149,0,1.0
7448.321054847438,0,1.0
7448.570688241876,0,1.0
7448.66900589708,0,1.0
7448.932322568044,0,1.0
7448.948650980929,1,1.0
7449.081389631762,1,1.0
7449.200135357644,1,1.0
7449.392792492177,1,1.0
7449.998416228724,1,1.0
7450.914938058303,0,1.0
7452.255140371161,0,1.0
7452.418306925432,0,1.0
7456.402629000019,0,1.0
7456.539661250248,1,1.0
7458.264550942202,0,1.0
7458.280662960457,1,1.0
7458.321667033322,0,1.0
7458.34043851928,1,1.0
7458.388269194201,1,1.0
7458.394464206926,0,1.0
7458.433492120085,0,1.0
7458.4427273505335,1,1.0
7458.497312606388,1,1.0
7458.50285638779,0,1.0
7458.515251698718,1,1.0
7458.545140396636,0,1.0
7458.563469134585,0,1.0
7458.632282594634,1,1.0
7458.636527440784,0,1.0
7458.678666391032,1,1.0
7462.1201954256185,0,1.0
7466.327628655701,0,1.0
7466.472808653205,0,1.0
7466.910149699849,0,1.0
7467.196921077755,0,1.0
7467.35441225449,0,1.0
7467.3897092122525,0,1.0
7467.617429479983,0,1.0
7467.989915839082,1,1.0
7473.496778011909,1,1.0
7477.640544080206,1,1.0
7477.748132967117,0,1.0
7479.895806002562,1,1.0
7480.009511680779,0,1.0
7481.863706845809,1,1.0
7482.151159688383,0,1.0
7482.219312539137,1,1.0
7482.259085385472,0,1.0
7482.328482293788,1,1.0
7482.7355271608885,1,1.0
7482.960552369699,1,1.0
7483.017176443049,0,1.0
7483.277700193663,1,1.0
7483.336887296615,1,1.0
7483.346151659801,1,1.0
7483.393737152865,1,1.0
7483.6528969631545,0,1.0
7483.807971710426,0,1.0
7488.119382430588,0,1.0
7488.180187877682,0,1.0
7488.180648627531,0,1.0
7488.282742613,0,1.0
7488.329461456974,0,1.0
7488.333982270512,0,1.0
7488.39159843556,0,1.0
7488.396613288423,1,1.0
7488.41899826909,0,1.0
7488.473598920164,0,1.0
7488.521009530451,1,1.0
7488.716019696415,1,1.0
7488.718264899074,0,1.0
7488.756604732599,1,1.0
7488.77688503839,0,1.0
7488.846631959657,1,1.0
7488.854102245722,0,1.0
7488.900829364764,1,1.0
7489.11891058894,0,1.0
7493.462635819955,0,1.0
7493.4861502266895,0,1.0
7493.486606383317,1,1.0
7493.487178657661,1,1.0
7493.5411170892385,1,1.0
7493.588518401101,1,1.0
7493.597762736639,1,1.0
7493.601071562402,0,1.0
7493.695417055694,1,1.0
7493.737421565739,1,1.0
7493.918822217862,0,1.0
7493.998221080626,0,1.0
7494.007866167932,0,1.0
7494.032188098629,0,1.0
7494.03414573116,0,1.0
7494.038665195208,0,1.0
7494.051698661018,1,1.0
7494.106964829462,1,1.0
7494.166449474421,1,1.0
7494.277324869645,1,1.0
7494.303085612361,1,1.0
7496.669255906249,0,1.0
7503.613478492671,1,1.0
7503.672231218451,1,1.0
7506.441391851115,0,1.0
7506.51181988372,1,1.0
7507.20037630842,1,1.0
7507.604598074879,0,1.0
7507.658785052914,0,1.0
7507.667487608493,0,1.0
7507.843082462315,0,1.0
7507.862772562428,1,1.0
7507.949709916628,0,1.0
7508.145681348196,1,1.0
7511.34462180428,0,1.0
7513.272364187902,0,1.0
7513.333403047481,1,1.0
7513.433125949684,1,1.0
7513.67734278556,1,1.0
7513.7017193377815,1,1.0
7513.86839926731,1,1.0
7514.508038967702,0,1.0
7514.729712157362,1,1.0
7516.569269135963,1,1.0
7516.698037811576,1,1.0
7518.111021894183,0,1.0
7518.157430894044,0,1.0
7518.199766658453,0,1.0
7520.451717258778,1,1.0
7521.931490081424,0,1.0
7522.047365658465,0,1.0
7522.489268878189,1,1.0
7529.589014639052,1,1.0
7533.936639919233,1,1.0
7533.978196895154,1,1.0
7535.112859884011,1,1.0
7535.297754069526,1,1.0
7536.887150002873,0,1.0
7537.141769692931,1,1.0
7537.931084844324,1,1.0
7539.898993841434,1,1.0
7540.049268993457,1,1.0
7541.827002090654,1,1.0
7542.000179218236,0,1.0
7542.168392657903,0,1.0
7542.249820545959,1,1.0
7542.720328658121,0,1.0
7542.778445108116,1,1.0
7542.948304435794,0,1.0
7552.023084398122,1,1.0
7552.3051295131845,0,1.0
7555.540479217514,0,1.0
7555.600166653915,0,1.0
7555.66157404158,0,1.0
7555.68312676585,1,1.0
7556.6939365721055,1,1.0
7556.765966063397,1,1.0
7558.806479093635,0,1.0
7559.584313014859,0,1.0
7559.848727049753,1,1.0
7561.708765886336,0,1.0
7561.896771643378,0,1.0
7561.932314792699,0,1.0
7562.037031488582,1,1.0
7562.096275072466,1,1.0
7562.146013271023,0,1.0
7562.174508733272,1,1.0
7562.209693325768,1,1.0
7562.356942971873,1,1.0
7562.457508912396,0,1.0
7562.462709533462,1,1.0
7562.517439585,0,1.0
7562.535964887513,0,1.0
7562.796664896449,1,1.0
7563.153721638056,1,1.0
7565.739565753588,1,1.0
7569.244804808956,0,1.0
7569.51689731722,0,1.0
7569.53113202882,0,1.0
7569.584788728893,0,1.0
7569.661778981607,0,1.0
7569.688044085101,0,1.0
7569.735984191319,0,1.0
7569.779347172918,1,1.0
7570.214342602324,1,1.0
7570.363792365363,1,1.0
7570.854520200932,0,1.0
7570.913955031078,0,1.0
7570.944403201402,0,1.0
7570.967510560146,1,1.0
7570.97754808053,0,1.0
7571.082762787993,0,1.0
7571.128693276859,0,1.0
7571.199860571661,1,1.0
7571.357839960409,1,1.0
7571.6367074769805,1,1.0
7571.643868116951,1,1.0
7571.946632055034,0,1.0
7572.582208778329,0,1.0
7572.589213189892,1,1.0
7572.596489809276,1,1.0
7572.604045387394,0,1.0
7572.685238810346,0,1.0
7574.663480727567,1,1.0
7575.676435761194,0,1.0
7575.687090680932,1,1.0
7575.757121868085,1,1.0
7581.284394994455,0,1.0
7583.306883266925,0,1.0
7585.062530377762,0,1.0
7585.279160790812,0,1.0
7585.480161683103,1,1.0
7586.055985155634,1,1.0
7587.454908005651,0,1.0
7590.349283733798,0,1.0
7590.513366938277,0,1.0
7595.048433242349,0,1.0
7596.615142743304,1,1.0
7596.711474655671,0,1.0
7597.387915070438,0,1.0
7597.399320217085,1,1.0
7597.508891615792,0,1.0
7597.530794003591,1,1.0
7597.547404630575,1,1.0
7597.5478707841,1,1.0
7597.708856747863,1,1.0
7597.793885706282,0,1.0
7597.811358317614,1,1.0
7597.819942378922,1,1.0
7597.872654615592,0,1.0
7597.9352936979785,1,1.0
7598.031363943171,0,1.0
7598.146204799407,0,1.0
7598.333233239588,0,1.0
7599.883799715976,0,1.0
7599.922752420796,0,1.0
7600.034682554695,1,1.0
7600.0441397982795,1,1.0
7600.048733720765,1,1.0
7600.171442463467,0,1.0
7600.189367025919,0,1.0
7602.570014112038,0,1.0
7602.73393802039,0,1.0
7602.763567182991,0,1.0
7602.974576380766,0,1.0
7603.012077213623,0,1.0
7605.065435850341,0,1.0
7605.155134795837,0,1.0
7605.224778140593,1,1.0
7605.463588098841,1,1.0
7605.542033679757,0,1.0
7605.554296191552,1,1.0
7605.835970940717,0,1.0
7605.936864334608,0,1.0
7605.946755069545,1,1.0
7606.169904198048,1,1.0
7607.077075560108,1,1.0
7610.938217342664,1,1.0
7611.284969023473,0,1.0
7611.305225141903,1,1.0
7611.48500599528,1,1.0
7611.559977904729,0,1.0
7611.561938314509,0,1.0
7611.739778791427,1,1.0
7611.850159709506,0,1.0
7612.13025329339,1,1.0
7612.516348758108,0,1.0
7615.616016897525,0,1.0
7615.663658663357,1,1.0
7615.889514002694,0,1.0
7616.162507054272,0,1.0
7616.461697948998,1,1.0
7616.467409482325,1,1.0
7616.529736830677,1,1.0
7616.652035084578,0,1.0
7616.670069705323,1,1.0
7616.677701630819,0,1.0
7616.7081470809235,1,1.0
7616.879734328575,1,1.0
7616.963136718081,1,1.0
7617.038320264102,0,1.0
7617.1425250270895,1,1.0
7617.1797003268075,1,1.0
7617.272858020145,0,1.0
7617.3037888305835,1,1.0
7617.37875364434,0,1.0
7617.508323658092,1,1.0
7617.609858581166,1,1.0
7618.021852144952,1,1.0
7618.024434624978,0,1.0
7618.803396399882,0,1.0
7620.1849644717,0,1.0
7625.554221105443,1,1.0
7625.831488879273,0,1.0
7625.92315407462,0,1.0
7626.205851324015,1,1.0
7626.328800016285,0,1.0
7626.376544136421,1,1.0
7626.462515040143,1,1.0
7630.382609900265,1,1.0
7630.490855867682,1,1.0
7631.06158937017,1,1.0
7631.093689516786,1,1.0
7631.131155881976,1,1.0
7631.2273618223635,1,1.0
7631.290776206046,1,1.0
7634.981708100374,0,1.0
7634.984592208858,0,1.0
7635.246468291892,1,1.0
7635.307740045849,0,1.0
7635.310026659314,1,1.0
7635.833341744239,0,1.0
7636.204103042178,0,1.0
7636.264533696506,1,1.0
7636.271292531344,1,1.0
7636.816056566031,1,1.0
7636.919999858569,1,1.0
7636.988820455457,0,1.0
7637.183163989449,1,1.0
7637.196878460533,1,1.0
7637.326126189118,0,1.0
7637.9641134827025,0,1.0
7638.55374210567,0,1.0
7638.6538700562,0,1.0
7641.7011219089445,0,1.0
7645.817538046726,0,1.0
7645.85695308576,1,1.0
7650.077663146529,1,1.0
7650.226295651508,0,1.0
7650.245541791772,1,1.0
7650.397609430384,0,1.0
7652.0109653839945,0,1.0
7653.129004654867,1,1.0
7653.154871040737,1,1.0
7656.395079309237,0,1.0
7656.5202608349555,1,1.0
7656.735987067506,0,1.0
7658.06929607252,0,1.0
7660.684447240586,1,1.0
7666.888805452947,0,1.0
7667.199826703928,0,1.0
7667.250155958077,1,1.0
7669.488230071411,0,1.0
7671.510562005254,0,1.0
7671.914300595561,0,1.0
7675.665237057788,0,1.0
7676.819589995552,1,1.0
7677.870312330209,1,1.0
7678.166867508663,1,1.0
7678.241202992842,0,1.0
7678.4531618529345,0,1.0
7679.0429381482,1,1.0
7682.4301453971775,1,1.0
7683.586151242989,0,1.0
7683.679744259766,0,1.0
7683.716660887751,1,1.0
7683.8449940786695,0,1.0
7684.256286883037,1,1.0
7684.284282143769,1,1.0
7684.410238853864,1,1.0
7684.604355337484,1,1.0
7685.568572157684,1,1.0
7686.670450423873,1,1.0
7686.858636310193,0,1.0
7686.941623846937,1,1.0
7690.769629972741,0,1.0
7700.921831457944,0,1.0
7700.971503842579,1,1.0
7701.369115134515,1,1.0
7702.9662484937635,1,1.0
7703.125003692477,1,1.0
7703.443939808507,0,1.0
7704.120240721257,1,1.0
7706.51996270642,0,1.0
7708.591813886022,1,1.0
7708.853830228361,1,1.0
7710.177691147376,0,1.0
7710.944528301199,1,1.0
7711.055037754217,1,1.0
7711.282945299639,0,1.0
7711.2959647045955,1,1.0
7711.309508950374,0,1.0
7711.355834722785,1,1.0
7711.3963615486855,0,1.0
7711.498246806823,0,1.0
7711.50062528422,0,1.0
7711.503208242905,1,1.0
7711.555030857551,1,1.0
7713.295699925053,0,1.0
7716.890499396049,0,1.0
7720.796094622487,1,1.0
7721.633036857667,1,1.0
7723.543993184552,1,1.0
7723.600750524503,0,1.0
7724.940042690052,1,1.0
7725.059961190305,0,1.0
7726.863329073661,1,1.0
7727.127783524944,1,1.0
7727.128130609419,1,1.0
7727.128726426172,1,1.0
7728.119014597332,1,1.0
7730.009744049097,1,1.0
7730.016616701355,1,1.0
7730.26784781275,1,1.0
7731.802929031704,0,1.0
7731.896789539908,1,1.0
7732.290076114355,0,1.0
7738.2412383162255,0,1.0
7739.1129680088625,1,1.0
7739.4532890889095,0,1.0
7742.5914365782155,1,1.0
7743.946164520293,0,1.0
7744.868022156335,1,1.0
7745.930907066368,0,1.0
7754.099559665352,1,1.0
7754.16749955589,1,1.0
7758.092671214292,0,1.0
7760.259736620248,0,1.0
7762.05891466152,0,1.0
7762.134802882717,1,1.0
7762.185047546902,0,1.0
7762.369552858302,0,1.0
7762.500033810174,1,1.0
7762.702144000442,0,1.0
7763.077285708978,0,1.0
7763.527522988665,1,1.0
7766.310497608592,1,1.0
7768.167448968879,1,1.0
7770.623904938323,0,1.0
7770.663923817516,1,1.0
7770.684992404776,0,1.0
7770.721173992851,0,1.0
7773.241824937656,0,1.0
7777.364902341572,0,1.0
7780.048241679787,0,1.0
7780.092762160209,0,1.0
7780.175501764543,1,1.0
7780.23039642838,0,1.0
7780.320717322714,1,1.0
7780.337300443993,1,1.0
7780.354743677163,1,1.0
7780.988310074378,1,1.0
7781.173326075998,1,1.0
7781.31172812863,1,1.0
7781.790722671537,0,1.0
7782.121943457911,1,1.0
7782.237172800129,0,1.0
7782.410685618827,1,1.0
7783.823067904597,0,1.0
7783.836334774334,1,1.0
7783.852546532763,0,1.0
7783.856045000059,1,1.0
7784.060109287022,0,1.0
7784.316308909969,0,1.0
7785.597581447526,0,1.0
7785.598168738835,1,1.0
7785.615802865883,1,1.0
7785.8639319072745,0,1.0
7785.936870339289,0,1.0
7787.398142197528,0,1.0
7789.324085705412,0,1.0
7789.932920065072,0,1.0
7790.247128373667,1,1.0
7790.3938952857525,0,1.0
7790.401513876542,1,1.0
7791.137852769039,0,1.0
7791.275616288693,0,1.0
7792.396799667035,1,1.0
7792.6662408447455,0,1.0
7797.370458425371,0,1.0
7797.501472731884,0,1.0
7797.569051875704,0,1.0
7797.6889476511715,1,1.0
7797.882078427102,1,1.0
7797.883188340318,1,1.0
7797.933410998816,1,1.0
7799.824611537785,1,1.0
7799.826546605998,1,1.0
7800.341492933945,0,1.0
7802.247710559681,1,1.0
7804.61984008531,0,1.0
7804.953877220178,0,1.0
7807.148871423817,0,1.0
7807.31970138227,1,1.0
7807.602939925841,1,1.0
7807.75449278221,0,1.0
7807.854939754294,1,1.0
7811.056183987064,0,1.0
7813.664925446974,0,1.0
7813.723316965833,0,1.0
7813.72800312277,1,1.0
7813.776271625864,0,1.0
7813.915862096337,0,1.0
7813.970643497004,1,1.0
7814.01985072304,0,1.0
7814.02272258205,1,1.0
7814.151068215211,0,1.0
7814.161534137481,0,1.0
7814.2040065221545,0,1.0
7814.275881012296,0,1.0
7814.323141525533,1,1.0
7815.1563478606695,0,1.0
7815.29536466974,1,1.0
7815.567791131969,1,1.0
7815.745920445646,1,1.0
7815.9584616352795,1,1.0
7816.627335565514,0,1.0
7816.9556337204895,0,1.0
7817.204777528706,0,1.0
7817.268444198986,1,1.0
7817.364394721581,0,1.0
7819.81868690865,0,1.0
7819.950545495167,0,1.0
7825.354988596114,0,1.0
7827.412762519829,0,1.0
7827.719433891847,0,1.0
7830.510309395181,1,1.0
7837.279606804122,0,1.0
7837.4542342698605,1,1.0
7843.780759795289,1,1.0
7847.014663430677,0,1.0
7851.01447714299,1,1.0
7851.273398546156,0,1.0
7851.297856082104,1,1.0
7851.354331494211,0,1.0
7851.480096879865,1,1.0
7851.603873172034,0,1.0
7851.706998321285,0,1.0
7852.068072414394,1,1.0
7853.140640148933,1,1.0
7853.54487953507,1,1.0
7853.5500137661875,0,1.0
7854.574561848746,1,1.0
7854.617439289845,1,1.0
7855.423247691129,1,1.0
7856.2206632752905,0,1.0
7856.355186890857,0,1.0
7859.35590000708,0,1.0
7863.164475771429,1,1.0
7863.217028817442,0,1.0
7863.223600956783,0,1.0
7863.263990203191,0,1.0
7865.19266125537,0,1.0
7865.548670768297,1,1.0
7866.956226555624,0,1.0
7868.230668365306,0,1.0
7868.2815857227415,0,1.0
7868.376936973009,0,1.0
7868.840587406655,0,1.0
7869.0081842944655,0,1.0
7869.118801249806,0,1.0
7869.165808953314,1,1.0
7869.216817868142,1,1.0
7869.273953513291,0,1.0
7869.293122189363,0,1.0
7869.339834948869,0,1.0
7869.427519991722,1,1.0
7869.470259516899,1,1.0
7873.27646360635,1,1.0
7873.845452294742,0,1.0
7873.9592757556275,0,1.0
7873.998389350689,1,1.0
7874.3829096977415,1,1.0
7877.278533002992,0,1.0
7877.541192627175,1,1.0
7879.773340773149,1,1.0
7883.645053656097,0,1.0
7884.758581467313,1,1.0
7884.853320255898,0,1.0
7885.03688334031,0,1.0
7885.084447521504,0,1.0
7885.124833493032,0,1.0
7885.2685240668625,1,1.0
7886.226813813601,0,1.0
7886.559019035133,1,1.0
7892.1225953310595,1,1.0
7892.573772955085,0,1.0
7892.587107491322,0,1.0
7893.630984491882,1,1.0
7893.9172925953635,1,1.0
7898.322186814627,0,1.0
7898.363090356382,1,1.0
7898.708728038559,0,1.0
7898.743367024839,0,1.0
7898.80540820546,1,1.0
7900.8023578233,1,1.0
7908.531622845424,1,1.0
7914.338615313978,0,1.0
7914.366309231694,0,1.0
7914.542545504617,0,1.0
7914.850404332997,0,1.0
7915.062071616589,0,1.0
7915.09894471123,0,1.0
7915.177579984076,0,1.0
7915.221537918205,0,1.0
7915.2335292982925,0,1.0
7915.248264611645,0,1.0
7915.290784466363,1,1.0
7915.408647896003,1,1.0
7915.458603167137,0,1.0
7915.46870454531,1,1.0
7915.517282609534,1,1.0
7915.58815490533,1,1.0
7916.049977672576,0,1.0
7923.000895210816,1,1.0
7923.0468581415835,0,1.0
7923.064550383021,1,1.0
7923.1114814821,0,1.0
7923.140349423937,0,1.0
7923.165824502392,1,1.0
7923.210479843831,1,1.0
7923.353276230224,0,1.0
7923.587663647957,1,1.0
7923.745142211862,0,1.0
7923.859143257417,0,1.0
7924.66310011817,1,1.0
7928.223580252225,0,1.0
7928.463580268956,1,1.0
7928.634760567677,0,1.0
7929.982708075362,0,1.0
7930.044706181464,1,1.0
7930.093260738967,1,1.0
7930.10585665394,1,1.0
7935.06399634295,0,1.0
7935.27540946061,0,1.0
7937.391088253772,0,1.0
7938.670289535605,0,1.0
7939.831446390768,0,1.0
7940.6279032766615,1,1.0
7940.854718253122,1,1.0
7940.902535148598,1,1.0
7941.013349026074,1,1.0
7941.3047135542865,1,1.0
7941.561332879017,1,1.0
7941.672195966297,1,1.0
7941.690612345339,1,1.0
7942.214636676999,0,1.0
7942.732117944026,0,1.0
7943.711864511542,0,1.0
7943.834946066957,1,1.0
7943.953372237082,0,1.0
7944.035001483637,0,1.0
7944.168293135169,0,1.0
7944.2076249872725,0,1.0
7944.310044825578,0,1.0
7944.346770683372,0,1.0
7944.420792653129,0,1.0
7944.461335685003,1,1.0
7944.514883724028,0,1.0
7944.547833184064,0,1.0
7944.641871164562,0,1.0
7944.711304812934,1,1.0
7944.726598090815,0,1.0
7944.785846087167,0,1.0
7944.793304010492,1,1.0
7944.96036442714,0,1.0
7945.068415160096,1,1.0
7945.166052525598,1,1.0
7945.306522630321,1,1.0
7945.510028086355,1,1.0
7945.516656859487,0,1.0
7945.626256990158,1,1.0
7945.787322958308,1,1.0
7945.968317379466,0,1.0
7946.020717012643,0,1.0
7947.028331307657,1,1.0
7947.048027864537,1,1.0
7949.748438886955,0,1.0
7949.7834388416895,0,1.0
7949.920091370393,1,1.0
7950.256229603191,0,1.0
7951.356562177432,0,1.0
7951.974119689931,1,1.0
7953.465222445494,0,1.0
7953.5361307005,0,1.0
7953.7318904127915,1,1.0
7957.820595021771,0,1.0
7959.016543562796,1,1.0
7959.493204858449,1,1.0
7961.076392085965,1,1.0
7962.37311303008,1,1.0
7964.429963703069,0,1.0
7968.2076633204515,0,1.0
7968.596501169469,1,1.0
7969.6118825791655,0,1.0
7969.635028486438,0,1.0
7969.642569936024,0,1.0
7969.652079827323,0,1.0
7969.918161186763,1,1.0
7969.9370431655525,1,1.0
7969.937194279941,1,1.0
7970.158069796703,1,1.0
7970.211591399891,0,1.0
7976.978662218763,1,1.0
7979.519784502878,0,1.0
7979.9159929158795,0,1.0
7980.6638106760975,0,1.0
7980.803993675697,0,1.0
7980.862557788317,0,1.0
7980.921384811302,0,1.0
7981.0240837511765,1,1.0
7981.6999195365615,0,1.0
7982.581136189828,0,1.0
7983.762463416667,0,1.0
7984.681670358699,0,1.0
7984.833100664198,1,1.0
7985.162443585306,0,1.0
7985.787030932634,0,1.0
7986.46996757176,1,1.0
7987.459350250696,0,1.0
7987.95438667104,0,1.0
7988.033679269979,0,1.0
7989.967538547917,1,1.0
7990.776194985529,1,1.0
7992.850194869035,0,1.0
7994.553045597715,1,1.0
7995.281926222863,1,1.0
7999.161994547511,1,1.0
7999.45288427766,0,1.0
7999.457082813947,0,1.0
7999.627814931444,0,1.0
7999.7498536683015,1,1.0
7999.819248583737,1,1.0
7999.875956012339,1,1.0
7999.900909581577,1,1.0
7999.908794355882,1,1.0
7999.91436200192,0,1.0
8000.02832880819,1,1.0
8000.052627579462,1,1.0
8000.247278481169,0,1.0
8000.335628677239,0,1.0
8000.949525306572,0,1.0
8000.982822872213,0,1.0
8001.110768202667,0,1.0
8008.9657888061265,0,1.0
8010.550806751177,1,1.0
8011.071716484442,0,1.0
8011.179439885131,0,1.0
8011.84452611068,1,1.0
8013.878441479152,0,1.0
8013.915845317665,0,1.0
8013.936459251221,1,1.0
8013.946282702388,0,1.0
8013.998780316481,0,1.0
8014.2148163177435,1,1.0
8014.560086662547,0,1.0
8014.9139479943815,0,1.0
8016.216160397157,1,1.0
8016.561517357417,0,1.0
8018.317762248745,1,1.0
8018.531567580682,0,1.0
8021.465657744585,0,1.0
8021.770429919431,0,1.0
8023.222017613571,0,1.0
8027.1027168547635,0,1.0
8027.154299002666,1,1.0
8032.496407590246,1,1.0
8032.587087725375,1,1.0
8032.7672566689325,0,1.0
8035.27228540278,1,1.0
8037.9557883606785,1,1.0
8040.422899202793,0,1.0
8041.2993189292,1,1.0
8050.660932728426,0,1.0
8051.005029484596,0,1.0
8051.025939152296,1,1.0
8051.057684242554,0,1.0
8051.07130272734,1,1.0
8053.293595469953,0,1.0
8053.776590122663,1,1.0
8056.036759685232,0,1.0
8059.355001274583,0,1.0
8059.502886425576,0,1.0
8059.514592851666,0,1.0
8059.830300548881,0,1.0
8060.567445877831,0,1.0
8061.627164638059,1,1.0
8061.928706032038,0,1.0
8062.299585932432,1,1.0
8062.896249494942,0,1.0
8062.91797559211,0,1.0
8062.93333899964,0,1.0
8063.333203945271,0,1.0
8065.57360318494,0,1.0
8065.598774378965,1,1.0
8065.925597197897,0,1.0
8065.945618689314,0,1.0
8065.957052277661,0,1.0
8066.307497344247,0,1.0
8066.316046772148,1,1.0
8071.422657588908,1,1.0
8071.767611246555,1,1.0
8071.838571185348,1,1.0
8075.5195011485375,0,1.0
8075.660188288765,0,1.0
8075.673567270378,1,1.0
8077.8640341525825,0,1.0
8077.890364931428,1,1.0
8078.094970987656,0,1.0
8080.757258410678,0,1.0
8081.227677167529,0,1.0
8081.401479799512,0,1.0
8081.4770969795145,1,1.0
8081.495274777948,1,1.0
8081.495944487058,1,1.0
8081.535556417338,1,1.0
8081.537307758637,0,1.0
8081.543502037571,1,1.0
8081.762856382434,0,1.0
8081.808005539404,0,1.0
8081.889443813833,1,1.0
8082.009034921056,0,1.0
8082.384135319619,0,1.0
8085.1489507761335,0,1.0
8087.036452026474,1,1.0
8087.326217244592,0,1.0
8089.444731119722,0,1.0
8096.601773028317,0,1.0
8098.5805137620055,1,1.0
8100.452324337278,0,1.0
8100.491447384213,1,1.0
8106.437318147662,1,1.0
8106.920585585977,1,1.0
8108.334447310788,1,1.0
8108.367148340968,0,1.0
8108.419709993572,1,1.0
8109.344223559555,0,1.0
8111.078162821839,1,1.0
8114.198984962841,1,1.0
8115.43979959435,0,1.0
8115.517908544075,1,1.0
8116.022349937699,0,1.0
8116.037324374699,1,1.0
8116.589959957747,1,1.0
8117.124145864359,0,1.0
8117.1397893337635,1,1.0
8117.151383074142,0,1.0
8117.598258556536,0,1.0
8118.394209507048,0,1.0
8118.846965295054,0,1.0
8124.493590074491,1,1.0
8126.553102029918,0,1.0
8126.929188931423,0,1.0
8127.180438723116,0,1.0
8127.32880652413,1,1.0
8127.372502752341,1,1.0
8127.377713592409,1,1.0
8127.602741386248,1,1.0
8127.622423484877,1,1.0
8127.647630296408,1,1.0
8127.796228222603,1,1.0
8127.804497754504,1,1.0
8127.844238134957,1,1.0
8127.929177149323,1,1.0
8127.95679707745,0,1.0
8127.958256423691,0,1.0
8127.963991809866,0,1.0
8127.996840127193,1,1.0
8128.168833161992,0,1.0
8128.183844289208,1,1.0
8128.370378836408,1,1.0
8128.442621027977,1,1.0
8130.403429354579,0,1.0
8130.410629103192,1,1.0
8130.502101848552,1,1.0
8130.56839835453,1,1.0
8130.692975656434,1,1.0
8130.759888647924,1,1.0
8130.817730788876,1,1.0
8132.404364899139,0,1.0
8132.474843972344,0,1.0
8132.571547222088,1,1.0
8132.797655020584,0,1.0
8136.459450654008,0,1.0
8136.468590938002,1,1.0
8136.904655960415,1,1.0
8136.920650192803,1,1.0
8137.0850308315885,1,1.0
8137.266450187118,0,1.0
8137.283468133796,1,1.0
8139.026671668958,1,1.0
8139.229981965764,0,1.0
8139.2596681224995,1,1.0
8139.281121736088,0,1.0
8139.298137548551,1,1.0
8139.300235210863,0,1.0
8139.7013816412755,0,1.0
8139.746148722821,0,1.0
8139.769669816898,0,1.0
8139.78648606974,0,1.0
8139.871107370475,0,1.0
8140.1815588570225,1,1.0
8140.27217399217,1,1.0
8141.027006243822,1,1.0
8141.461766502086,0,1.0
8141.691810429483,1,1.0
8148.2663670418815,0,1.0
8150.473808269183,0,1.0
8151.192923463329,0,1.0
8151.650263384266,0,1.0
8151.671244884199,1,1.0
8151.934051015513,1,1.0
8152.413176746444,0,1.0
8152.984110142959,0,1.0
8154.231800500461,1,1.0
8155.379819959096,0,1.0
8162.229801433751,1,1.0
8163.638092317786,1,1.0
8164.199640063896,1,1.0
8170.663373183886,1,1.0
8170.682041572975,1,1.0
8171.800866374987,0,1.0
8172.280992643935,0,1.0
8172.651907916425,0,1.0
8172.653000810339,1,1.0
8174.529741032946,1,1.0
8175.1879122458795,1,1.0
8175.430210937875,0,1.0
8175.516422581122,1,1.0
8175.570381634923,1,1.0
8175.573470481423,1,1.0
8175.631216140118,0,1.0
8176.166171290979,0,1.0
8176.240354039645,0,1.0
8176.38102868807,1,1.0
8179.389850389439,1,1.0
8179.969024878593,1,1.0
8180.0211093656535,0,1.0
8184.317183389138,1,1.0
8184.370013130338,0,1.0
8184.381037631341,1,1.0
8187.335921960546,0,1.0
8188.228131696023,1,1.0
8188.376417996549,1,1.0
8188.443984072265,1,1.0
8190.310472247408,1,1.0
8191.401332882063,0,1.0
8191.48238166387,1,1.0
8191.691027531265,1,1.0
8191.7730071203005,1,1.0
8191.817013412921,1,1.0
8191.846606744354,1,1.0
8192.432967489447,0,1.0
8192.80759252675,0,1.0
8193.279342172915,0,1.0
8195.355480992152,1,1.0
8196.476614092517,0,1.0
8198.819968719952,1,1.0
8198.87007539052,1,1.0
8200.068140145953,0,1.0
8200.223118201962,1,1.0
8200.234133272357,1,1.0
8200.339073842628,0,1.0
8200.395830028894,1,1.0
8201.699744766816,1,1.0
8202.30058068803,0,1.0
8202.318731556275,0,1.0
8203.528999977327,0,1.0
8203.959292344402,0,1.0
8204.020051881691,1,1.0
8204.035455868063,1,1.0
8204.093857953925,0,1.0
8204.880072380894,0,1.0
8205.486939906039,0,1.0
8205.56150414461,0,1.0
8205.701390752516,1,1.0
8205.820036965335,0,1.0
8205.854241552117,1,1.0
8207.635197094285,0,1.0
8207.725588218142,0,1.0
8207.959620505573,0,1.0
8208.873111533983,0,1.0
8208.909497210687,0,1.0
8208.97343576791,0,1.0
8209.047652490766,1,1.0
8209.178875496042,0,1.0
8209.180779791242,0,1.0
8209.206998081529,0,1.0
8209.305000497778,0,1.0
8209.367897389606,0,1.0
8209.413867868607,1,1.0
8209.54712078764,1,1.0
8209.760669795356,0,1.0
8210.055076502515,0,1.0
8210.181687301567,1,1.0
8213.74000255389,1,1.0
8216.282018136115,0,1.0
8217.184807167614,1,1.0
8219.364957870286,1,1.0
8220.385190875404,1,1.0
8221.064725237457,0,1.0
8221.203136889559,0,1.0
8221.358742675531,1,1.0
8221.385227515088,0,1.0
8221.900156557142,1,1.0
8231.413086011507,1,1.0
8231.555390377052,0,1.0
8231.594283264707,1,1.0
8231.696986090386,0,1.0
8232.289866991452,1,1.0
8233.069452834205,0,1.0
8233.619988636527,1,1.0
8234.359828353905,0,1.0
8234.721978422365,0,1.0
8234.737091271656,1,1.0
8234.8509620592,1,1.0
8234.95171762454,0,1.0
8237.44700095525,1,1.0
8239.233693970982,0,1.0
8239.431634330907,1,1.0
8242.528421910563,1,1.0
8244.98599212249,1,1.0
8245.957848217966,1,1.0
8246.388704447836,0,1.0
8246.694549813586,0,1.0
8247.000124123477,0,1.0
8247.013068611104,0,1.0
8247.044569328775,1,1.0
8247.126466817994,0,1.0
8247.271496565563,0,1.0
8247.30310191517,0,1.0
8247.574577952526,1,1.0
8247.597276239048,1,1.0
8247.660078348244,1,1.0
8247.682363394932,0,1.0
8248.080826300778,1,1.0
8248.142139458392,0,1.0
8248.259028607967,0,1.0
8248.317883824913,0,1.0
8248.318323605938,1,1.0
8248.36543888505,0,1.0
8248.401742055803,0,1.0
8255.177189602522,0,1.0
8255.277424908842,1,1.0
8255.319992937948,1,1.0
8255.455069817579,1,1.0
8255.478248516165,1,1.0
8255.537364728796,0,1.0
8255.82628810287,0,1.0
8255.841287123996,0,1.0
8255.851277800455,0,1.0
8255.917919913145,1,1.0
8256.42475848004,1,1.0
8256.509039801162,1,1.0
8256.588265723132,1,1.0
8256.594998654346,0,1.0
8256.599424021397,0,1.0
8256.68286035628,1,1.0
8256.793178665646,1,1.0
8256.9475466626,1,1.0
8259.935862732445,0,1.0
8262.139646457783,1,1.0
8262.158810396022,1,1.0
8262.20121982533,1,1.0
8262.412777740452,1,1.0
8262.559837231505,1,1.0
8262.67633549502,1,1.0
8263.139390690838,0,1.0
8263.478740614684,0,1.0
8273.533569322946,0,1.0
8273.860815201624,0,1.0
8274.1928117287,1,1.0
8275.42006541887,0,1.0
8276.079738191129,0,1.0
8277.535465839303,1,1.0
8277.54242605688,1,1.0
8278.095392691255,1,1.0
8284.310369735922,0,1.0
8284.477651604959,1,1.0
8284.510654725585,0,1.0
8284.791192562838,0,1.0
8284.830738585457,1,1.0
8284.86693156384,1,1.0
8287.403874829137,1,1.0
8289.723942240746,1,1.0
8290.44994080025,0,1.0
8292.293071221953,0,1.0
8292.340313891134,0,1.0
8292.340425196619,1,1.0
8292.360525638267,0,1.0
8292.489141917908,1,1.0
8294.782154025672,0,1.0
8294.787906983858,1,1.0
8294.838335568198,1,1.0
8295.124544169674,0,1.0
8296.135732597317,1,1.0
8299.403322449914,0,1.0
8300.889673053965,0,1.0
8300.897566363577,1,1.0
8300.949829322424,0,1.0
8300.95326724501,1,1.0
8300.989132076873,1,1.0
8301.034445694346,1,1.0
8301.291134600831,1,1.0
8301.404006458133,1,1.0
8301.439764445735,1,1.0
8301.489422597497,0,1.0
8301.50193263622,0,1.0
8301.541663530237,1,1.0
8301.62158419538,1,1.0
8301.62404548907,0,1.0
8301.729347960472,1,1.0
8301.916491321592,0,1.0
8301.994310501601,0,1.0
8302.029081397146,1,1.0
8302.06647913275,0,1.0
8302.078351730648,0,1.0
8302.080899513443,0,1.0
8302.082060612878,1,1.0
8302.244736581928,1,1.0
8302.254552659846,0,1.0
8302.547346296615,1,1.0
8302.658194831429,1,1.0
8305.593047474653,0,1.0
8305.789577629925,0,1.0
8308.215890627229,0,1.0
8308.75076355465,1,1.0
8311.142846044972,1,1.0
8311.253840397401,0,1.0
8313.406613398416,1,1.0
8314.397211893202,1,1.0
8314.924879164193,1,1.0
8315.132499693278,1,1.0
8316.570951706888,1,1.0
8319.710577064248,0,1.0
8319.771409697085,1,1.0
8320.144101527154,0,1.0
8321.269539405017,0,1.0
8324.554548288103,1,1.0
8324.561100072198,0,1.0
8324.571026021918,1,1.0
8324.78852993579,0,1.0
8324.891643746258,0,1.0
8324.98984400312,0,1.0
8324.994132463147,0,1.0
8327.926288603017,1,1.0
8328.00323733154,1,1.0
8328.117847674706,1,1.0
8328.235033529105,1,1.0
8328.429445760397,1,1.0
8328.48572938804,1,1.0
8328.57533951534,0,1.0
8332.396287009695,0,1.0
8332.818983003048,0,1.0
8333.194821365876,1,1.0
8333.637924572233,1,1.0
8333.67213990882,0,1.0
8335.498666949008,0,1.0
8336.070525637642,0,1.0
8336.090319421597,1,1.0
8336.193179334126,0,1.0
8336.491969254026,1,1.0
8336.558736607483,0,1.0
8336.636365609533,1,1.0
8339.366224089408,1,1.0
8339.392855760809,1,1.0
8341.90801902763,0,1.0
8341.936535230136,0,1.0
8342.138378799891,1,1.0
8343.099851097406,1,1.0
8343.152562571822,1,1.0
8344.251496441648,0,1.0
8344.284869662577,0,1.0
8344.325191077462,1,1.0
8344.36416478473,0,1.0
8344.388450819513,1,1.0
8344.407721451142,1,1.0
8344.43137876537,1,1.0
8344.58331377935,1,1.0
8344.784763101696,1,1.0
8344.799105883818,1,1.0
8344.835645471787,0,1.0
8344.866009076739,1,1.0
8345.756816402029,0,1.0
8346.883108784954,1,1.0
8346.974985378127,1,1.0
8347.121005648856,0,1.0
8347.764488624403,1,1.0
8347.840840165243,1,1.0
8352.515639077696,0,1.0
8353.858661353814,0,1.0
8355.119062470385,1,1.0
8356.122661529831,1,1.0
8356.176487465476,0,1.0
8356.66009787303,0,1.0
8356.703916357603,1,1.0
8356.727938204023,1,1.0
8356.790859758272,0,1.0
8356.906517049887,1,1.0
8357.040254528467,1,1.0
8357.05224788216,0,1.0
8357.349338043352,1,1.0
8357.487453257092,1,1.0
8358.913864323353,1,1.0
8359.04688003479,0,1.0
8359.143317918664,0,1.0
8359.237524784447,0,1.0
8359.355919725853,0,1.0
8362.943439436553,0,1.0
8363.058826995952,0,1.0
8363.063180961693,0,1.0
8363.181407580465,1,1.0
8363.783180651162,0,1.0
8363.914094395632,0,1.0
8364.105442225999,1,1.0
8364.443692838253,1,1.0
8364.447144352705,1,1.0
8364.791969605003,0,1.0
8364.916084588926,0,1.0
8365.120436122666,1,1.0
8365.36133900969,1,1.0
8365.610992134945,1,1.0
8365.722732960126,1,1.0
8365.936756766838,1,1.0
8366.714707753345,0,1.0
8367.654578309443,1,1.0
8372.150694743828,0,1.0
8374.18389791277,0,1.0
8378.742966640546,0,1.0
8383.299420850824,1,1.0
8385.868556797397,1,1.0
8390.484548065779,1,1.0
8390.654724762937,0,1.0
8395.815739365913,1,1.0
8395.862237634108,0,1.0
8395.90543780895,1,1.0
8396.234690214014,0,1.0
8396.681062843763,0,1.0
8397.145715677254,1,1.0
8397.17446149644,0,1.0
8397.200192030585,1,1.0
8403.306406702983,0,1.0
8405.687477492454,0,1.0
8405.731815665278,1,1.0
8410.904906709362,0,1.0
8410.962253008247,0,1.0
8415.55146476942,0,1.0
8416.377177659915,0,1.0
8416.399637943843,0,1.0
8416.498295733922,0,1.0
8416.653690184125,1,1.0
8416.723976264475,1,1.0
8416.822931091623,1,1.0
8416.916924928288,0,1.0
8416.928732414179,1,1.0
8417.040846536005,0,1.0
8417.192892315194,1,1.0
8417.391592018566,1,1.0
8422.111716240599,0,1.0
8426.568690351776,0,1.0
8426.669215015114,0,1.0
8427.273855755535,1,1.0
8438.136532245291,0,1.0
8439.531471708779,0,1.0
8439.752380983964,1,1.0
8441.38409424714,1,1.0
8441.48730618585,0,1.0
8441.499577977456,0,1.0
8441.613339830152,1,1.0
8441.681071080151,1,1.0
8441.722089901386,1,1.0
8441.82050068682,1,1.0
8448.029392080209,0,1.0
8448.103270478488,0,1.0
8448.605443332124,1,1.0
8448.684803180447,0,1.0
8451.336052126644,1,1.0
8451.894015899712,1,1.0
8452.18605944108,1,1.0
8452.531002884203,1,1.0
8452.751262010512,0,1.0
8452.79390179621,1,1.0
8452.88926461256,1,1.0
8453.0339704716,0,1.0
8459.985929629283,0,1.0
8460.173357366377,0,1.0
8460.50775366961,0,1.0
8460.53554767058,1,1.0
8460.622010633491,0,1.0
8460.706838548496,1,1.0
8460.938262381844,0,1.0
8461.207310333864,1,1.0
8461.252487034937,1,1.0
8461.52162078727,1,1.0
8461.535056396027,1,1.0
8461.865854877873,1,1.0
8463.710921401072,1,1.0
8464.130727947468,0,1.0
8466.728576010282,1,1.0
8466.80425377489,1,1.0
8468.750167468032,0,1.0
8468.832522449089,0,1.0
8469.288712156775,1,1.0
8469.338435228643,1,1.0
8469.346077042212,1,1.0
8470.111824171792,0,1.0
8479.70578415926,0,1.0
8479.938561999894,0,1.0
8479.956460328001,1,1.0
8481.985025033593,0,1.0
8482.152136264029,1,1.0
8482.3852871306,0,1.0
8482.426626273222,1,1.0
8482.592502535266,0,1.0
8482.741780105755,0,1.0
8482.836853596318,0,1.0
8489.146165803733,0,1.0
8489.310817503152,0,1.0
8489.382248992419,1,1.0
8489.520144769716,0,1.0
8489.569852816145,0,1.0
8489.704546115221,0,1.0
8489.745161760624,0,1.0
8489.871913740564,0,1.0
8490.097579033223,0,1.0
8490.168216778435,1,1.0
8491.220145893665,1,1.0
8491.548049822746,1,1.0
8491.922917834365,1,1.0
8492.020944274249,0,1.0
8492.938291125858,0,1.0
8499.085733779453,0,1.0
8502.354953087632,0,1.0
8502.496675199687,1,1.0
8502.741925291017,0,1.0
8502.899810079798,0,1.0
8502.996308311665,0,1.0
8503.505097396346,0,1.0
8504.13161693067,1,1.0
8504.137763693254,1,1.0
8511.90733002132,0,1.0
8512.0450202271,1,1.0
8513.75963020976,0,1.0
8515.739046067047,0,1.0
8516.202701771263,0,1.0
8516.411265321944,1,1.0
8517.297462076158,1,1.0
8517.354238799091,1,1.0
8517.685637703826,1,1.0
8522.475868769567,0,1.0
8523.210071576967,0,1.0
8523.32269014356,1,1.0
8523.549281645153,0,1.0
8527.02222643089,1,1.0
8529.686111635403,1,1.0
8534.598378709994,0,1.0
8536.99659275356,1,1.0
8537.077199682648,1,1.0
8537.827734358782,1,1.0
8538.116866693546,1,1.0
8538.235229166234,0,1.0
8538.311237740598,0,1.0
8538.38168678736,0,1.0
8538.434989654874,0,1.0
8538.446000475878,1,1.0
8538.513362070711,1,1.0
8542.327909321846,0,1.0
8542.594383841906,0,1.0
8542.607902729387,0,1.0
8542.61717038754,1,1.0
8542.717045884803,1,1.0
8545.189951988457,1,1.0
8545.708929784105,1,1.0
8545.815381017776,1,1.0
8545.8264947276,0,1.0
8546.307288258438,1,1.0
8546.441991826607,1,1.0
8548.231653499304,0,1.0
8548.678901248895,1,1.0
8548.716170654563,0,1.0
8548.880695043743,0,1.0
8548.939857965514,0,1.0
8549.049822686567,1,1.0
8550.281560986416,0,1.0
8550.297424174682,0,1.0
8550.505325290309,0,1.0
8551.873211656162,0,1.0
8555.225413620716,0,1.0
8555.401052296784,0,1.0
8555.502021776449,0,1.0
8557.899709723531,1,1.0
8558.012070502813,0,1.0
8558.328585996425,1,1.0
8558.455978315173,1,1.0
8558.616968908438,1,1.0
8559.043606816178,1,1.0
8559.200041683158,0,1.0
8560.032936550962,0,1.0
8560.202247148069,1,1.0
8560.386539650273,0,1.0
8560.936079286392,0,1.0
8561.218174737238,0,1.0
8561.296872160621,1,1.0
8565.233479311806,1,1.0
8565.98667456622,1,1.0
8567.294708032545,0,1.0
8571.540726337656,1,1.0
8573.78175019552,1,1.0
8576.323830408537,0,1.0
8576.370298976375,0,1.0
8576.431272027465,0,1.0
8576.546716281817,1,1.0
8576.561893260267,1,1.0
8576.597693056663,1,1.0
8576.725239951731,1,1.0
8576.759385906971,1,1.0
8576.764654757331,0,1.0
8576.808305494294,0,1.0
8576.90889614177,0,1.0
8576.971640320791,1,1.0
8577.223470584779,0,1.0
8577.396254861933,0,1.0
8578.217670567665,0,1.0
8578.249761942572,1,1.0
8578.298296226161,1,1.0
8578.344172175975,1,1.0
8578.422900444073,0,1.0
8578.450554071016,0,1.0
8578.590120963549,1,1.0
8578.959087757781,1,1.0
8578.985970283169,0,1.0
8579.56518754054,0,1.0
8580.952670912879,0,1.0
8581.979380603212,0,1.0
8583.737806889514,1,1.0
8587.06629660676,1,1.0
8588.565835624786,0,1.0
8588.62969546901,1,1.0
8588.869920339095,0,1.0
8591.378663492196,0,1.0
8595.091711968069,1,1.0
8595.826352201448,1,1.0
8595.90577948211,0,1.0
8597.15910135969,0,1.0
8597.257760503988,1,1.0
8597.432794898688,0,1.0
8597.954489973463,0,1.0
8597.964301416481,1,1.0
8598.413944449849,0,1.0
8598.45670577169,1,1.0
8598.53410006171,0,1.0
8598.853952258645,0,1.0
8598.85767496973,0,1.0
8599.011517020323,1,1.0
8599.119750891043,0,1.0
8599.150094412285,0,1.0
8599.300729909632,1,1.0
8599.97756058914,0,1.0
8599.995085102792,1,1.0
8606.737014144728,0,1.0
8612.44053504563,0,1.0
8613.195521753498,0,1.0
8613.827004396824,0,1.0
8613.876290258188,1,1.0
8614.17965897618,1,1.0
8614.553143724312,1,1.0
8614.617393254903,0,1.0
8614.70545329526,0,1.0
8617.35526612704,0,1.0
8617.605181711679,0,1.0
8619.422719782553,0,1.0
8619.443006662277,0,1.0
8619.44850932793,1,1.0
8619.460987700131,0,1.0
8619.467772145392,0,1.0
8619.471773552334,1,1.0
8619.482022271175,0,1.0
8619.580377174765,1,1.0
8619.586045705457,0,1.0
8619.742784264205,1,1.0
8619.99096225173,0,1.0
8620.608250763027,0,1.0
8621.276421922095,1,1.0
8622.792974097405,1,1.0
8623.403392624823,1,1.0
8623.492015594953,1,1.0
8623.773535420845,0,1.0
8624.889881717028,0,1.0
8624.908135961834,0,1.0
8624.950007978694,1,1.0
8625.806716047882,1,1.0
8629.582665407048,1,1.0
8629.899746085057,1,1.0
8630.050976150342,1,1.0
8630.540085882076,1,1.0
8630.566401551707,1,1.0
8630.59911057853,1,1.0
8630.685413439596,0,1.0
8630.7683381724,1,1.0
8634.666954297765,1,1.0
8634.824493466822,0,1.0
8634.905456374776,1,1.0
8635.174637226331,1,1.0
8635.693054345487,0,1.0
8637.077093776406,1,1.0
8637.37173948105,1,1.0
8637.957309990468,0,1.0
8638.101198888122,0,1.0
8638.312254497634,0,1.0
8646.356536855757,1,1.0
8648.874822750258,1,1.0
8649.098620400593,1,1.0
8649.187925622138,1,1.0
8649.217496183508,1,1.0
8649.93816979517,1,1.0
8650.751013802123,0,1.0
8651.693384056249,0,1.0
8652.653434174717,0,1.0
8654.570949186911,0,1.0
8654.764791396443,0,1.0
8657.314012224906,1,1.0
8660.09696953974,0,1.0
8660.244736965982,0,1.0
8664.265896128334,1,1.0
8666.29114376534,1,1.0
8667.319713619276,0,1.0
8668.011186968852,1,1.0
8671.836268231958,0,1.0
8671.875476395951,0,1.0
8671.950625413709,1,1.0
8671.996410338716,0,1.0
8673.507253384778,0,1.0
8673.690862833828,0,1.0
8673.755332424063,0,1.0
8673.902077420313,0,1.0
8673.956174574927,0,1.0
8675.054399757171,0,1.0
8680.764867372112,1,1.0
8681.183867635347,0,1.0
8681.350564528697,1,1.0
8684.04031283304,0,1.0
8686.091775628822,0,1.0
8688.310758849813,0,1.0
8688.798037355678,1,1.0
8689.543777791025,1,1.0
8689.717024119996,0,1.0
8689.837769484016,1,1.0
8690.827682083464,0,1.0
8691.116479765371,0,1.0
8691.453263495601,0,1.0
8694.368276565066,1,1.0
8695.105537393223,1,1.0
8697.137044314684,1,1.0
8698.126880975711,0,1.0
8699.167160499926,0,1.0
8699.279738359193,0,1.0
8699.484653646414,1,1.0
8699.541551418086,1,1.0
8702.369827658495,0,1.0
8705.77789502831,0,1.0
8706.023144054596,0,1.0
8706.086139548697,0,1.0
8706.108304435942,0,1.0
8706.126022981522,0,1.0
8706.185890434723,1,1.0
8706.198026180236,1,1.0
8706.281103009842,0,1.0
8706.306929801762,1,1.0
8706.374275235468,1,1.0
8706.594704845762,0,1.0
8706.75159094353,0,1.0
8706.977606564113,1,1.0
8707.037342336198,1,1.0
8707.05020660144,0,1.0
8707.056889399599,1,1.0
8707.58296983954,0,1.0
8707.617802677936,1,1.0
8707.819252708818,0,1.0
8707.879203949266,1,1.0
8708.034105231422,0,1.0
8708.061236326428,0,1.0
8708.251206173602,1,1.0
8708.316590871418,1,1.0
8710.461077579484,0,1.0
8712.27593802916,0,1.0
8712.2992814248,0,1.0
8715.459049457528,0,1.0
8716.06380980039,0,1.0
8716.759847615122,0,1.0
8717.070666209678,0,1.0
8717.254837126979,0,1.0
8717.27786155976,0,1.0
8717.32528947242,0,1.0
8717.336736707288,1,1.0
8718.162084786789,1,1.0
8718.218785276254,1,1.0
8718.290766411903,1,1.0
8718.463932260058,0,1.0
8718.599577314651,1,1.0
8718.601622853115,1,1.0
8719.639302967702,1,1.0
8722.724997749074,0,1.0
8724.608742868202,1,1.0
8728.45991790474,1,1.0
8729.168218856306,0,1.0
8729.199963005967,1,1.0
8731.022114187057,0,1.0
8731.56609997739,0,1.0
8731.764547747802,0,1.0
8731.783453326078,0,1.0
8731.79192307064,1,1.0
8732.215589010651,1,1.0
8733.76015296499,0,1.0
8733.957099199417,1,1.0
8735.006246635367,0,1.0
8735.738447728223,1,1.0
8740.944201843728,0,1.0
8740.946689207152,0,1.0
8740.962401634557,0,1.0
8740.972643556883,0,1.0
8741.091732184907,0,1.0
8741.242875482796,1,1.0
8745.123138399515,0,1.0
8745.556791717952,0,1.0
8745.694054413872,1,1.0
8745.78075689405,0,1.0
8745.88170435551,0,1.0
8747.349062707492,1,1.0
8748.521909462834,0,1.0
8748.67054935534,1,1.0
8748.698744201862,1,1.0
8748.69895985032,0,1.0
8748.8410750145,1,1.0
8748.883197275756,0,1.0
8749.107700595945,0,1.0
8749.143158379162,1,1.0
8749.281205978308,0,1.0
8749.288239537513,1,1.0
8753.72497457046,0,1.0
8755.553458386648,1,1.0
8756.698818155835,1,1.0
8756.83137612769,0,1.0
8756.852469629132,1,1.0
8756.899639476518,0,1.0
8757.70092686267,0,1.0
8759.359304631475,0,1.0
8759.717913653203,0,1.0
8760.86114097225,1,1.0
8763.82604331846,0,1.0
8763.856195728944,1,1.0
8764.821813733945,1,1.0
8765.097349967808,0,1.0
8765.172175072199,1,1.0
8765.333854062994,1,1.0
8765.370567646078,0,1.0
8765.468182393552,1,1.0
8765.49760456597,1,1.0
8765.675414645284,1,1.0
8765.720507990187,0,1.0
8765.816392087358,0,1.0
8765.843268679246,1,1.0
8765.916015479143,1,1.0
8766.18486171069,0,1.0
8766.198770036915,0,1.0
8766.201267200573,1,1.0
8766.206693039032,0,1.0
8766.22827068387,1,1.0
8766.245043896004,1,1.0
8766.343311034234,0,1.0
8766.760177442913,0,1.0
8772.439869841923,1,1.0
8773.852380554787,1,1.0
8774.137129082477,1,1.0
8774.315124514758,1,1.0
8774.535527935423,1,1.0
8774.738375830711,0,1.0
8775.77038737968,0,1.0
8776.050052527233,1,1.0
8776.21663263532,1,1.0
8776.295033348768,1,1.0
8777.207455523554,1,1.0
8777.33605234324,0,1.0
8777.530957964695,0,1.0
8777.559165546005,0,1.0
8777.724471853799,1,1.0
8778.351832495642,0,1.0
8778.371504226574,0,1.0
8778.395847615322,1,1.0
8780.17289649147,1,1.0
8780.222428142572,1,1.0
8780.414869194385,0,1.0
8781.219643074666,0,1.0
8781.363407771547,0,1.0
8781.376812796474,0,1.0
8781.41533215217,0,1.0
8781.449332856619,0,1.0
8785.531308545525,0,1.0
8786.147227899577,0,1.0
8786.763207663387,1,1.0
8786.956967696653,1,1.0
8788.014957365303,0,1.0
8788.743427232068,1,1.0
8788.881094998686,0,1.0
8788.962556334549,0,1.0
8789.27550947649,1,1.0
8789.32876488019,1,1.0
8789.525299443298,1,1.0
8790.082652218545,0,1.0
8793.644006732606,0,1.0
8794.054083811028,0,1.0
8795.622012887925,1,1.0
8797.475941365565,0,1.0
8797.831945007383,1,1.0
8798.285671634845,0,1.0
8799.530243553421,0,1.0
8799.64543546624,1,1.0
8799.66338804594,1,1.0
8799.670657926825,0,1.0
8799.844428310103,0,1.0
8799.87764655645,0,1.0
8800.014743711024,1,1.0
8800.955198443966,0,1.0
8801.364788156805,1,1.0
8801.413762652624,0,1.0
8802.045874458758,0,1.0
8803.121830205177,1,1.0
8803.249539507124,1,1.0
8803.280370287732,1,1.0
8803.475440386364,1,1.0
8803.749569553762,1,1.0
8803.936632664503,1,1.0
8804.044310625144,0,1.0
8804.127044481467,0,1.0
8805.911767189024,0,1.0
8805.954176127338,0,1.0
8806.112255430775,0,1.0
8806.35954715525,0,1.0
8808.023008514136,0,1.0
8808.068584892833,0,1.0
8810.583926465944,0,1.0
8810.825485088893,0,1.0
8810.930928372487,0,1.0
8810.933084142467,1,1.0
8810.94991146465,1,1.0
8811.004825426022,0,1.0
8811.046173775076,1,1.0
8811.063084779244,0,1.0
8811.080590056346,0,1.0
8811.12300380545,1,1.0
8811.15455726034,1,1.0
8811.19933684585,0,1.0
8811.2130055415,0,1.0
8811.24530454345,1,1.0
8811.490376645612,1,1.0
8812.003384895126,0,1.0
8812.162069194379,1,1.0
8815.538029933525,1,1.0
8816.131345736128,1,1.0
8816.177998108611,1,1.0
8818.83393908146,0,1.0
8821.220500208217,1,1.0
8821.418203383098,1,1.0
8822.109439206586,0,1.0
8822.314646441035,1,1.0
8826.419440813528,0,1.0
8831.105023824723,0,1.0
8831.12073039856,0,1.0
8831.244622059556,0,1.0
8832.16540222561,1,1.0
8835.415752201847,0,1.0
8835.52375799669,0,1.0
8835.846277218014,0,1.0
8836.765195621781,0,1.0
8836.893446949945,1,1.0
8836.91148168532,1,1.0
8836.98083421818,0,1.0
8837.04230704341,1,1.0
8837.220983864367,0,1.0
8837.803474869124,1,1.0
8837.815786419347,1,1.0
8837.829539258866,1,1.0
8837.8875563875,1,1.0
8837.910707840781,1,1.0
8837.960291563119,1,1.0
8838.388519264738,1,1.0
8843.407069736963,1,1.0
8847.052948059036,0,1.0
8847.484870674549,0,1.0
8847.684278027093,0,1.0
8847.749064395119,0,1.0
8847.99808059358,1,1.0
8848.225086827993,0,1.0
8848.332514666965,0,1.0
8848.757930263426,0,1.0
8848.766163566332,0,1.0
8851.108718077177,1,1.0
8852.964717696954,0,1.0
8853.25456335649,1,1.0
8853.263008799506,1,1.0
8853.399321451281,0,1.0
8853.425234325465,1,1.0
8853.44350235184,0,1.0
8853.484679048323,1,1.0
8853.646125039553,1,1.0
8854.09830214999,1,1.0
8855.07843864935,0,1.0
8860.55723683228,0,1.0
8860.968041220536,0,1.0
8862.025308184917,0,1.0
8862.194851819802,1,1.0
8863.532839847558,0,1.0
8863.686582225686,1,1.0
8864.232377266857,1,1.0
8864.913662524132,1,1.0
8865.095524331977,0,1.0
8866.941334050163,1,1.0
8868.90898713813,1,1.0
8869.057613395265,1,1.0
8870.938737115093,1,1.0
8873.131714592959,0,1.0
8873.310343207108,0,1.0
8873.52025877396,0,1.0
8873.581254842036,0,1.0
8874.327482699558,0,1.0
8874.673492292426,0,1.0
8875.525425665377,1,1.0
8876.001318443221,1,1.0
8877.413388847033,1,1.0
8877.526727067647,1,1.0
8877.857762565956,0,1.0
8878.002641364861,0,1.0
8878.515004964049,1,1.0
8878.688258629312,1,1.0
8878.826071444415,1,1.0
8880.473039550803,0,1.0
8882.175786297119,1,1.0
8889.124779601798,0,1.0
8892.738408565087,0,1.0
8892.828433030018,0,1.0
8893.116549924678,1,1.0
8894.425256672588,1,1.0
8894.472315079192,1,1.0
8895.076885741699,1,1.0
8895.691956960925,0,1.0
8896.330554922823,1,1.0
8896.414973240995,1,1.0
8896.44394632192,1,1.0
8896.492789778817,1,1.0
8896.553771289455,1,1.0
8896.576623765992,1,1.0
8896.631083508593,0,1.0
8896.645278308824,0,1.0
8896.772598510475,0,1.0
8896.85355267793,0,1.0
8896.866313067909,0,1.0
8897.081187925356,0,1.0
8897.142786910536,0,1.0
8897.439072604331,1,1.0
8897.623295673025,0,1.0
8897.820963057522,0,1.0
8898.047910854104,1,1.0
8898.123522127356,1,1.0
8898.360757901983,1,1.0
8898.393517885652,0,1.0
8900.06001516805,0,1.0
8900.186855408501,0,1.0
8900.25012580106,1,1.0
8900.321153639614,1,1.0
8900.360359598173,0,1.0
8901.505893705411,1,1.0
8907.017546429828,1,1.0
8907.098571548186,0,1.0
8907.117912821112,0,1.0
8907.158930529504,0,1.0
8907.765007541826,0,1.0
8908.473560881359,1,1.0
8908.683311600638,1,1.0
8908.685708174202,0,1.0
8911.308248176174,1,1.0
8911.360935069799,1,1.0
8915.645485357365,0,1.0
8915.680818612453,1,1.0
8915.682607720672,1,1.0
8915.7457396537,0,1.0
8915.845892431236,1,1.0
8915.937057850015,1,1.0
8916.21122816971,1,1.0
8917.856375899019,0,1.0
8917.995062687074,1,1.0
8918.069673095582,0,1.0
8918.892174823859,1,1.0
8919.078896530744,0,1.0
8920.423707445769,1,1.0
8920.73757456158,1,1.0
8923.952719392764,1,1.0
8928.387453292866,0,1.0
8928.482383869714,0,1.0
8928.613121499966,0,1.0
8928.621747191246,0,1.0
8929.07838456475,0,1.0
8929.77730434561,0,1.0
8929.818738343685,1,1.0
8930.664857844746,0,1.0
8931.576579311446,1,1.0
8932.34056203079,1,1.0
8934.40066973741,1,1.0
8937.208236986406,1,1.0
8937.258653712972,0,1.0
8937.278927732294,1,1.0
8937.46660900479,0,1.0
8937.49023492828,1,1.0
8937.890892042828,0,1.0
8939.120510482206,0,1.0
8939.230126132357,0,1.0
8941.039649525886,1,1.0
8941.327611338133,1,1.0
8941.358993062278,1,1.0
8941.392760674382,1,1.0
8942.248474769049,0,1.0
8942.31590747911,1,1.0
8942.340614799337,1,1.0
8942.430458417115,0,1.0
8942.527083569224,1,1.0
8942.63048223218,1,1.0
8942.67472802957,0,1.0
8943.285924723072,0,1.0
8943.670451706219,0,1.0
8943.719008952256,0,1.0
8943.978521324134,0,1.0
8944.1355632391,1,1.0
8948.339695166338,0,1.0
8948.448722068151,1,1.0
8952.681247219587,0,1.0
8952.715836240897,1,1.0
8952.949215692162,1,1.0
8953.179154519265,0,1.0
8953.23223064438,1,1.0
8953.674235505712,0,1.0
8954.903356892813,1,1.0
8955.281762248498,1,1.0
8955.333218962272,0,1.0
8955.342708306802,1,1.0
8955.390922908648,1,1.0
8956.715309732777,0,1.0
8957.064286332154,0,1.0
8957.427705744301,1,1.0
8958.437151466122,0,1.0
8959.75907450829,1,1.0
8959.854129764853,0,1.0
8961.681273245758,0,1.0
8961.682084508213,0,1.0
8965.333524594123,1,1.0
8965.606617554442,1,1.0
8966.780478575201,0,1.0
8966.797885064847,1,1.0
8966.836614102542,0,1.0
8966.862378084621,0,1.0
8967.086029836628,0,1.0
8967.09059955191,1,1.0
8967.110802926918,0,1.0
8967.117793601437,0,1.0
8967.12211960392,1,1.0
8967.306295565253,1,1.0
8967.366251888841,0,1.0
8967.3867354581,1,1.0
8967.410545544511,0,1.0
8968.271430710654,1,1.0
8968.290235769631,0,1.0
8968.296693605258,0,1.0
8968.356654165169,0,1.0
8968.38909831637,0,1.0
8968.686465135243,1,1.0
8968.791767787769,0,1.0
8969.078939186598,1,1.0
8972.966851047073,0,1.0
8973.053832604766,0,1.0
8973.252106249056,1,1.0
8974.927154329996,0,1.0
8974.999369623485,0,1.0
8975.003390749569,1,1.0
8975.018289613246,0,1.0
8976.248516059079,1,1.0
8976.603693732672,1,1.0
8977.75184125889,1,1.0
8978.613469353111,1,1.0
8983.018511435874,0,1.0
8987.928063727253,0,1.0
8988.006539991562,1,1.0
8988.258464833823,1,1.0
8988.435461375439,1,1.0
8990.666279482339,0,1.0
8993.547057979093,1,1.0
8995.128830289434,1,1.0
8995.179074472833,1,1.0
8995.254145673525,0,1.0
8995.366486881247,0,1.0
8995.399446109386,1,1.0
8995.457653527636,0,1.0
8995.520933440055,0,1.0
8995.548878095671,0,1.0
8995.571664926258,1,1.0
8995.715453280554,1,1.0
8995.81477666208,0,1.0
8995.861686448998,0,1.0
8996.266696595694,0,1.0
8998.134583874707,0,1.0
8999.127269622551,0,1.0
9000.697483436203,1,1.0
9001.023195094678,0,1.0
9002.507778068772,0,1.0
9004.74739410411,0,1.0
9004.852329655665,0,1.0
9006.15463888552,0,1.0
9010.996917683544,1,1.0
9011.101858155504,0,1.0
9012.895972852068,0,1.0
9014.03120017976,1,1.0
9017.542145338963,1,1.0
9017.788771803409,1,1.0
9017.874050278959,1,1.0
9019.086515795983,0,1.0
9021.90906808912,1,1.0
9023.161729881975,0,1.0
9023.992116643834,0,1.0
9024.016280378033,0,1.0
9032.201294407416,0,1.0
9032.247466091172,0,1.0
9032.675867440588,1,1.0
9032.842161590122,1,1.0
9032.855254273289,1,1.0
9033.184121737846,1,1.0
9043.81610288687,1,1.0
9043.84900779909,0,1.0
9045.015931911279,1,1.0
9048.396373119282,0,1.0
9048.450799254153,0,1.0
9051.097602314032,0,1.0
9051.176192598265,1,1.0
9051.266724618632,1,1.0
9051.379872335621,0,1.0
9051.452659894298,1,1.0
9051.553231444474,1,1.0
9051.62474429843,1,1.0
9051.736407690829,0,1.0
9051.751740237489,0,1.0
9052.39703329616,0,1.0
9053.168674642407,1,1.0
9054.865662458693,1,1.0
9059.120082767136,0,1.0
9059.257070790909,0,1.0
9059.789450830509,0,1.0
9061.543181241504,0,1.0
9064.338089588264,0,1.0
9064.523865899768,1,1.0
9064.572622676742,1,1.0
9068.46977904915,0,1.0
9068.506117398181,0,1.0
9068.563017439355,1,1.0
9068.602428152895,1,1.0
9068.635356120563,0,1.0
9068.806413683418,0,1.0
9068.818202133203,0,1.0
9068.83935888759,1,1.0
9068.87928438818,1,1.0
9068.904919646788,0,1.0
9069.227631501071,0,1.0
9071.296796796933,0,1.0
9071.57323190381,0,1.0
9072.179040942854,0,1.0
9072.359669124151,0,1.0
9072.395554633727,1,1.0
9073.066333702924,1,1.0
9075.864120258932,0,1.0
9076.004278738443,1,1.0
9076.03113722192,1,1.0
9076.875572214762,1,1.0
9077.541648818156,0,1.0
9077.629842354127,0,1.0
9077.722507107635,0,1.0
9078.476163792604,1,1.0
9078.933285354738,0,1.0
9078.984288312804,1,1.0
9078.996492905959,0,1.0
9079.061374423083,0,1.0
9079.259246008522,0,1.0
9079.345252382704,0,1.0
9079.360717944728,1,1.0
9079.524945048652,1,1.0
9079.554642825953,0,1.0
9079.572274669306,0,1.0
9079.61136148813,0,1.0
9079.619924410636,0,1.0
9080.238376060755,0,1.0
9080.550446181474,1,1.0
9080.945457304502,1,1.0
9081.858698231663,0,1.0
9081.863326308394,1,1.0
9082.526621349518,0,1.0
9083.232342587931,0,1.0
9083.461216010719,1,1.0
9083.551184122478,0,1.0
9083.669450749498,1,1.0
9083.793483758322,1,1.0
9083.873009023315,1,1.0
9083.878206772317,1,1.0
9084.030546173148,1,1.0
9084.085061836804,1,1.0
9084.238904468872,0,1.0
9084.276801729116,0,1.0
9084.29506470671,1,1.0
9084.339935204891,1,1.0
9084.44435248636,1,1.0
9084.670877706594,1,1.0
9084.890947559757,0,1.0
9084.954461026919,1,1.0
9084.95539614209,0,1.0
9085.30136816108,1,1.0
9085.794369210858,1,1.0
9085.797038216553,1,1.0
9089.581710507067,0,1.0
9089.599901791064,0,1.0
9089.940651419978,0,1.0
9090.584926250545,0,1.0
9090.663594479873,0,1.0
9090.715371853188,1,1.0
9090.782829190128,0,1.0
9090.962673459555,0,1.0
9091.033467918869,0,1.0
9091.435239431215,1,1.0
9091.445352713712,1,1.0
9091.613141047605,1,1.0
9091.641847891236,1,1.0
9091.740198403815,0,1.0
9091.775140221154,1,1.0
9091.789915906524,0,1.0
9091.816255859072,0,1.0
9091.967261442282,1,1.0
9092.016698058143,0,1.0
9092.04029763012,0,1.0
9092.0616276063,1,1.0
9092.142846613244,0,1.0
9092.180708407073,1,1.0
9092.439412171901,1,1.0
9092.440400150368,1,1.0
9094.59439000453,1,1.0
9094.757501480794,1,1.0
9099.671625004268,0,1.0
9099.812725101527,0,1.0
9100.33853437183,1,1.0
9101.379666309102,0,1.0
9101.41556750588,1,1.0
9101.493015856959,1,1.0
9104.103292052578,0,1.0
9111.14199456668,0,1.0
9111.716608753548,1,1.0
9114.347581390852,1,1.0
9116.773494755796,0,1.0
9117.498735465477,0,1.0
9118.037553224029,1,1.0
9118.39562475045,1,1.0
9124.93244084594,0,1.0
9124.999073883191,0,1.0
9125.802671750083,0,1.0
9127.889654327868,0,1.0
9130.32430456583,0,1.0
9131.070721028003,1,1.0
9131.416652769427,0,1.0
9131.463195151027,1,1.0
9131.46324347729,0,1.0
9131.551932843835,1,1.0
9131.823146953288,1,1.0
9131.83367711479,1,1.0
9131.851613942728,1,1.0
9131.881774236437,0,1.0
9131.976418720193,1,1.0
9132.399658630708,0,1.0
9133.474389976032,0,1.0
9138.578819103306,1,1.0
9138.645878024705,0,1.0
9139.015002611997,1,1.0
9139.918808988257,0,1.0
9140.096746711582,1,1.0
9140.163853184018,1,1.0
9142.718314996797,1,1.0
9143.541898554735,1,1.0
9145.385756390788,0,1.0
9146.170490399683,0,1.0
9147.489629445374,0,1.0
9148.274240308325,0,1.0
9148.557471575301,0,1.0
9148.639361741161,0,1.0
9152.139333660536,1,1.0
9152.314981347046,1,1.0
9152.34423876074,0,1.0
9152.394890868725,1,1.0
9154.043497187622,0,1.0
9154.085647167096,1,1.0
9154.141093882596,0,1.0
9154.146377659566,0,1.0
9157.983733829275,1,1.0
9159.629813558413,0,1.0
9160.96198055582,0,1.0
9161.070635642152,1,1.0
9161.524853064884,1,1.0
9162.408175324272,0,1.0
9162.436254503207,1,1.0
9162.70204392715,0,1.0
9162.808994942543,0,1.0
9162.94146180899,0,1.0
9163.325558810224,1,1.0
9163.355886049727,1,1.0
9163.468123192777,1,1.0
9163.569677694726,1,1.0
9165.373067026652,0,1.0
9167.312857919536,1,1.0
9169.614690186027,0,1.0
9172.977537094343,0,1.0
9175.317133879507,0,1.0
9175.553405429706,1,1.0
9177.603713264582,1,1.0
9180.488871992116,1,1.0
9180.55302894724,1,1.0
9181.154923818669,0,1.0
9181.419952527851,0,1.0
9182.151203384978,1,1.0
9183.182036504444,1,1.0
9183.974541407153,1,1.0
9184.039901574364,1,1.0
9184.13278269988,1,1.0
9184.198021871443,1,1.0
9184.642428125806,1,1.0
9184.734391393193,0,1.0
9184.946523038687,0,1.0
9184.961735766901,0,1.0
9185.11058288161,1,1.0
9185.528604235591,1,1.0
9186.80724352692,0,1.0
9186.814023924691,0,1.0
9186.832488667438,1,1.0
9186.95084867202,1,1.0
9187.317224145452,0,1.0
9189.082354234512,0,1.0
9189.449801683315,1,1.0
9189.653495442617,1,1.0
9189.772539450647,1,1.0
9189.902813851355,1,1.0
9190.311811329144,1,1.0
9193.405547134844,1,1.0
9195.884135113765,0,1.0
9195.979262042676,1,1.0
9198.330056533037,0,1.0
9198.547276197436,1,1.0
9198.61420280923,1,1.0
9198.704321401447,1,1.0
9198.786159331432,1,1.0
9198.848706202398,1,1.0
9198.968164909913,1,1.0
9199.533761952975,1,1.0
9201.598146138193,0,1.0
9201.807498554532,0,1.0
9201.940055395757,0,1.0
9203.514904159529,0,1.0
9203.566010801895,1,1.0
9203.938111040543,1,1.0
9203.970535470302,1,1.0
9204.782073883118,0,1.0
9204.852580470399,1,1.0
9208.4526219208,1,1.0
9208.463001359205,1,1.0
9208.550498708146,0,1.0
9209.932066970232,0,1.0
9211.72669041557,1,1.0
9217.036121354738,1,1.0
9217.433441339239,1,1.0
9221.409887060925,0,1.0
9221.886821400642,0,1.0
9222.713190555585,0,1.0
9222.852811144146,0,1.0
9222.86270084749,1,1.0
9222.988173795036,1,1.0
9223.035163322553,1,1.0
9223.042044491393,0,1.0
9223.106984636863,1,1.0
9223.123801724652,0,1.0
9223.293509581159,0,1.0
9223.632245147995,0,1.0
9223.742823016284,1,1.0
9230.188712097699,1,1.0
9230.331653999843,0,1.0
9231.980600792474,0,1.0
9233.795708472247,0,1.0
9234.088883726477,0,1.0
9237.877786926578,1,1.0
9237.929616726768,0,1.0
9238.040005369612,1,1.0
9238.062475717166,1,1.0
9240.861119980424,1,1.0
9240.866809151392,0,1.0
9240.888339035131,0,1.0
9241.22500502988,1,1.0
9241.937834708819,0,1.0
9241.982459707056,1,1.0
9242.035219033913,0,1.0
9242.084876388548,1,1.0
9242.162256538428,1,1.0
9242.174500500758,1,1.0
9242.624510153504,0,1.0
9242.663074627557,0,1.0
9242.702544970425,1,1.0
9242.757288959443,1,1.0
9242.7812738152,1,1.0
9242.84181589143,1,1.0
9242.876121095282,0,1.0
9242.963054529591,1,1.0
9244.008674895951,1,1.0
9244.254770926627,1,1.0
9245.393896949745,0,1.0
9247.215450837011,0,1.0
9247.254694480602,0,1.0
9247.285978030275,1,1.0
9247.410264612767,0,1.0
9247.668116634626,0,1.0
9247.858955114676,1,1.0
9247.958498763113,0,1.0
9247.999868755945,0,1.0
9248.016749001823,0,1.0
9248.241765209135,0,1.0
9251.9597753986,1,1.0
9252.695742129707,0,1.0
9252.855588357832,0,1.0
9252.965128082178,1,1.0
9253.094221533607,1,1.0
9253.134362898203,1,1.0
9254.403550953202,0,1.0
9255.041342114595,0,1.0
9255.803110947947,0,1.0
9256.82050498268,0,1.0
9256.84728344931,1,1.0
9256.903921029425,0,1.0
9256.99561675489,1,1.0
9257.772815200668,1,1.0
9258.16542882905,0,1.0
9258.547966420174,0,1.0
9258.844377128165,0,1.0
9259.163599716187,1,1.0
9259.176730562747,0,1.0
9259.197473576134,0,1.0
9259.33156436845,1,1.0
9259.522167413574,0,1.0
9265.699224614486,0,1.0
9265.729239775555,0,1.0
9266.04103739551,0,1.0
9266.37782484728,0,1.0
9266.434805811083,0,1.0
9267.810781510709,1,1.0
9267.822065084692,0,1.0
9267.826014351615,0,1.0
9267.837103205284,1,1.0
9267.866125175602,1,1.0
9267.867355539467,0,1.0
9267.944963751006,1,1.0
9268.03752305947,1,1.0
9268.04477925653,0,1.0
9268.04644691536,0,1.0
9268.049518767602,1,1.0
9268.234730948689,1,1.0
9268.27601016441,1,1.0
9268.282346355827,0,1.0
9268.29476673012,1,1.0
9268.329791551287,1,1.0
9268.444239364122,1,1.0
9268.449266752472,1,1.0
9268.474813195218,1,1.0
9268.476125828865,1,1.0
9268.623286462684,1,1.0
9268.725911074309,0,1.0
9268.74067935529,1,1.0
9268.770371714709,0,1.0
9268.923746972994,1,1.0
9268.925299992627,1,1.0
9268.948897563303,1,1.0
9268.962443521803,1,1.0
9269.01864193866,0,1.0
9269.800398944624,0,1.0
9269.855981900491,0,1.0
9271.493314555008,1,1.0
9273.088277051163,0,1.0
9275.150546127841,1,1.0
9275.292536518253,1,1.0
9275.407872172855,0,1.0
9275.655438680098,1,1.0
9276.032917502445,0,1.0
9276.580624631139,0,1.0
9279.170313883842,1,1.0
9280.327189595084,1,1.0
9280.523776207798,1,1.0
9280.544047626612,0,1.0
9280.66770329789,1,1.0
9280.66783030655,1,1.0
9284.799605055116,1,1.0
9284.859341774772,0,1.0
9285.483195943432,1,1.0
9286.751804730124,1,1.0
9291.715976482734,0,1.0
9293.456441627837,0,1.0
9293.67157289275,0,1.0
9293.69040254334,1,1.0
9296.305123230677,1,1.0
9296.794795536973,1,1.0
9297.245897933526,1,1.0
9298.669227328202,0,1.0
9298.80699796244,0,1.0
9298.96711025426,0,1.0
9299.089757185686,0,1.0
9299.720029371923,1,1.0
9300.058943674829,1,1.0
9300.202626174236,1,1.0
9300.397980085185,0,1.0
9300.454423326895,0,1.0
9302.891834148551,0,1.0
9302.91613491983,1,1.0
9303.649510710306,1,1.0
9303.661452169204,1,1.0
9303.845560655565,1,1.0
9307.31352939538,0,1.0
9307.38326879648,1,1.0
9307.467811200488,0,1.0
9307.698015238186,1,1.0
9307.70033769889,1,1.0
9307.848100276888,1,1.0
9311.561344661131,1,1.0
9311.58362390548,0,1.0
9311.81022855096,0,1.0
9311.820229948413,1,1.0
9311.966208522395,1,1.0
9311.976777674792,1,1.0
9312.074638404067,1,1.0
9313.063844566119,1,1.0
9318.40432959532,1,1.0
9319.689570783106,1,1.0
9320.919198028902,0,1.0
9321.912759247542,1,1.0
9325.565266610583,0,1.0
9325.92809952727,0,1.0
9335.541708880784,1,1.0
9338.69831203921,0,1.0
9338.787255721356,0,1.0
9339.041551407987,0,1.0
9339.561798670393,0,1.0
9339.700966728642,0,1.0
9347.908855141073,1,1.0
9351.332636509145,0,1.0
9351.41046403398,0,1.0
9351.441137367854,0,1.0
9351.449565998353,1,1.0
9351.453444809767,1,1.0
9351.468529196898,0,1.0
9351.65337026338,0,1.0
9351.682077720652,0,1.0
9351.846689322234,0,1.0
9352.163220394428,0,1.0
9354.609376838984,1,1.0
9359.218896273405,0,1.0
9362.540244695312,0,1.0
9362.571703121484,1,1.0
9362.62211018777,1,1.0
9362.648445759027,1,1.0
9362.662877429619,1,1.0
9362.698163117122,0,1.0
9362.735480277239,0,1.0
9362.81976061347,0,1.0
9362.899658516493,0,1.0
9365.779605755264,0,1.0
9367.354481106524,0,1.0
9370.754015235561,1,1.0
9371.128825558968,1,1.0
9372.976480235566,1,1.0
9372.982306079519,0,1.0
9373.204004625992,0,1.0
9373.21684210077,1,1.0
9373.270611910382,0,1.0
9373.335850841428,1,1.0
9373.467831215705,0,1.0
9373.825871933266,0,1.0
9373.898955890558,1,1.0
9374.432196493268,1,1.0
9374.588741020485,1,1.0
9374.650908305315,1,1.0
9375.028521941329,0,1.0
9375.043942416864,0,1.0
9375.276202569163,0,1.0
9375.282085293733,1,1.0
9375.287879667678,0,1.0
9375.340687926882,0,1.0
9375.493505015149,0,1.0
9375.504839441577,1,1.0
9375.550060557453,1,1.0
9375.59509342289,1,1.0
9375.599937616947,1,1.0
9375.678819375533,0,1.0
9375.800335056327,1,1.0
9375.810615023127,0,1.0
9375.836232707641,1,1.0
9375.867664804708,1,1.0
9375.92013407744,1,1.0
9376.138475884854,1,1.0
9376.216692902213,0,1.0
9376.235514464,0,1.0
9376.238242124282,1,1.0
9376.26281167712,1,1.0
9376.263104675067,1,1.0
9376.59862403994,0,1.0
9379.893746096113,0,1.0
9381.064140451223,1,1.0
9381.866320869744,0,1.0
9381.933227034395,1,1.0
9382.063265153243,1,1.0
9382.179574374371,0,1.0
9382.229902131266,1,1.0
9382.405297340776,1,1.0
9382.797704517283,0,1.0
9383.107500634198,0,1.0
9383.183269440875,0,1.0
9383.350415505212,1,1.0
9383.693851699885,1,1.0
9383.731213155277,0,1.0
9387.770744534202,0,1.0
9387.8210882854,0,1.0
9388.099062093159,0,1.0
9388.165355932682,0,1.0
9388.218348222843,1,1.0
9388.363130123967,1,1.0
9388.474040735227,1,1.0
9388.740282851279,1,1.0
9399.81786768006,1,1.0
9399.897307426394,0,1.0
9400.16983353286,1,1.0
9400.183929257992,1,1.0
9400.941534823129,0,1.0
9400.978223793367,0,1.0
9401.662069518748,1,1.0
9401.94300198025,1,1.0
9401.956809831925,1,1.0
9402.932268388433,1,1.0
9403.23766124408,1,1.0
9403.378646199448,1,1.0
9403.505002090764,1,1.0
9406.483045092871,0,1.0
9406.748421786555,0,1.0
9406.767104529139,1,1.0
9406.948352092879,0,1.0
9407.043703448242,0,1.0
9407.138919480207,1,1.0
9408.832907819658,1,1.0
9408.855333601026,1,1.0
9408.871996903432,1,1.0
9408.893121493817,0,1.0
9408.974646321249,1,1.0
9409.05786037909,0,1.0
9409.072190724879,0,1.0
9409.178431606917,1,1.0
9409.218229623193,0,1.0
9409.266453114516,0,1.0
9409.270381404755,1,1.0
9409.315101627453,0,1.0
9409.344355851685,0,1.0
9409.357655985697,0,1.0
9409.398639339865,1,1.0
9409.445085859687,1,1.0
9409.457997799516,1,1.0
9409.729013736956,0,1.0
9409.87686454279,1,1.0
9409.878712542393,1,1.0
9409.96295222373,0,1.0
9409.98197123324,0,1.0
9410.08339532789,0,1.0
9410.152497600002,0,1.0
9410.175836775283,0,1.0
9410.295432797058,1,1.0
9413.178349979931,0,1.0
9413.547287284091,0,1.0
9413.662824601015,0,1.0
9416.320487203464,0,1.0
9416.416825364058,0,1.0
9416.428007571702,0,1.0
9416.455420880344,1,1.0
9416.473868000523,0,1.0
9416.498029852997,1,1.0
9416.549301727111,0,1.0
9417.396672345389,1,1.0
9419.641254815533,0,1.0
9419.886457819879,1,1.0
9420.046398399092,1,1.0
9423.694585238465,1,1.0
9423.898996473486,0,1.0
9425.58964356735,1,1.0
9425.804850322498,1,1.0
9430.166005730978,1,1.0
9430.186122562958,1,1.0
9430.787745265945,1,1.0
9431.428992674593,0,1.0
9431.503607185308,0,1.0
9431.764818316753,1,1.0
9431.84606288694,0,1.0
9439.450960466911,0,1.0
9440.594462503781,0,1.0
9440.712446363172,0,1.0
9441.070283416644,0,1.0
9441.165398950148,0,1.0
9441.167799241593,0,1.0
9441.229602852927,0,1.0
9441.275973127022,1,1.0
9442.521608176325,1,1.0
9443.717489819968,1,1.0
9443.742370699763,1,1.0
9443.92257206619,1,1.0
9443.942427153177,1,1.0
9444.324344898423,0,1.0
9445.544972222724,0,1.0
9450.831630897961,1,1.0
9451.000652652589,0,1.0
9451.116371176066,0,1.0
9451.123498956444,0,1.0
9451.130678524794,0,1.0
9451.220763295983,1,1.0
9451.234076081766,1,1.0
9451.353892993826,0,1.0
9451.46567206596,1,1.0
9451.605257560497,1,1.0
9452.036539682313,0,1.0
9452.215819977977,1,1.0
9455.001624373355,0,1.0
9455.204116756886,0,1.0
9455.292638564137,0,1.0
9455.593988691033,1,1.0
9455.623912538385,0,1.0
9455.682942664644,0,1.0
9455.714499139922,1,1.0
9456.20393535647,0,1.0
9456.238344959778,1,1.0
9456.427928464645,0,1.0
9459.815520077305,0,1.0
9459.900722020584,1,1.0
9459.922398648901,0,1.0
9460.981181075531,1,1.0
9461.38976453549,1,1.0
9463.549036780725,1,1.0
9463.77038448669,0,1.0
9464.490630197875,1,1.0
9464.79287011092,0,1.0
9464.908864657553,1,1.0
9467.894567153548,0,1.0
9467.954737820775,0,1.0
9467.962161044232,1,1.0
9467.981798134788,1,1.0
9467.99280053804,0,1.0
9468.028348398115,0,1.0
9468.161299673382,1,1.0
9468.18438218372,1,1.0
9468.208468888437,1,1.0
9468.759897130025,0,1.0
9468.900817973048,1,1.0
9469.114722999062,0,1.0
9469.120960262939,1,1.0
9469.136758216522,0,1.0
9469.138929355644,1,1.0
9469.194896762687,0,1.0
9469.234522875908,0,1.0
9469.36958761502,1,1.0
9469.46084892617,1,1.0
9469.51713286619,1,1.0
9469.642261862533,0,1.0
9469.648828928444,0,1.0
9469.693078040435,0,1.0
9469.738142271646,0,1.0
9469.799392717054,0,1.0
9470.185621921637,0,1.0
9470.289148675607,0,1.0
9470.319517391112,0,1.0
9475.218044464993,0,1.0
9477.654743190713,0,1.0
9480.296207771935,1,1.0
9480.421933681446,1,1.0
9481.22785428184,0,1.0
9481.400872158109,0,1.0
9481.709752253659,0,1.0
9484.138800584496,0,1.0
9485.891778681795,1,1.0
9487.327505181025,1,1.0
9491.26730192827,0,1.0
9492.001653105859,1,1.0
9492.47365306358,0,1.0
9494.125806610049,0,1.0
9494.603671169018,0,1.0
9494.677996619761,1,1.0
9494.70673998817,1,1.0
9494.759480018221,1,1.0
9494.82890700849,0,1.0
9495.030138165987,1,1.0
9495.088570226502,1,1.0
9495.148741473622,0,1.0
9495.172495602423,1,1.0
9495.220349151441,0,1.0
9495.480576293505,0,1.0
9495.575883853135,0,1.0
9495.983202842279,0,1.0
9496.159025473811,0,1.0
9496.188242073242,0,1.0
9496.407549304622,0,1.0
9496.449859097069,0,1.0
9500.27936715161,0,1.0
9502.08203845568,0,1.0
9503.120454365662,1,1.0
9504.742216450195,1,1.0
9507.446455363473,0,1.0
9507.505684710502,1,1.0
9507.845176907123,0,1.0
9507.98337524185,1,1.0
9508.047683188643,0,1.0
9508.562900426541,0,1.0
9508.690155917113,0,1.0
9509.527829719407,0,1.0
9510.832142585157,0,1.0
9513.596027008838,0,1.0
9513.698542268541,1,1.0
9513.727839349931,0,1.0
9513.733039843373,1,1.0
9513.736707866814,1,1.0
9513.888471575243,1,1.0
9513.917239086977,0,1.0
9513.982475035195,0,1.0
9514.001835097031,1,1.0
9514.082209065078,1,1.0
9514.218039380658,1,1.0
9514.468228853128,1,1.0
9514.677029498895,0,1.0
9514.94446055676,1,1.0
9515.572782577023,0,1.0
9515.975011959572,1,1.0
9516.064201594409,1,1.0
9517.17288854524,0,1.0
9517.563740622269,0,1.0
9517.63869009594,1,1.0
9517.77341883033,1,1.0
9517.806248711096,1,1.0
9517.846520316974,0,1.0
9517.852149972312,1,1.0
9517.976434563378,1,1.0
9520.213297706741,0,1.0
9521.62788632391,0,1.0
9522.648547426787,0,1.0
9522.938955463742,0,1.0
9523.337348357747,1,1.0
9526.800383072003,1,1.0
9529.382087085589,0,1.0
9529.581773892529,0,1.0
9529.693482850415,1,1.0
9531.159600363831,0,1.0
9531.214900826992,0,1.0
9531.542882490976,0,1.0
9531.555398048054,0,1.0
9531.67805521526,1,1.0
9531.854679248534,1,1.0
9533.144272297623,0,1.0
9533.440057574991,1,1.0
9533.90769256876,0,1.0
9536.717538677292,1,1.0
9541.707872864114,1,1.0
9542.765787307646,1,1.0
9542.76898479161,1,1.0
9544.034217036195,0,1.0
9544.552769683783,1,1.0
9545.33291664464,0,1.0
9545.394824938647,0,1.0
9546.961619356893,0,1.0
9547.142192209532,1,1.0
9548.760278039617,0,1.0
9548.827604055978,0,1.0
9548.833930672974,1,1.0
9552.228380762961,0,1.0
9554.355113274392,0,1.0
9556.74320620229,0,1.0
9557.859824989087,1,1.0
9558.411666817181,0,1.0
9558.70928597592,1,1.0
9559.07145533301,0,1.0
9559.937709903252,1,1.0
9560.407231258552,0,1.0
9560.61377552093,0,1.0
9560.798334103023,0,1.0
9560.809886878267,1,1.0
9561.319412324836,1,1.0
9565.754884532,0,1.0
9571.531117644872,1,1.0
9572.810790003947,0,1.0
9573.003125306177,1,1.0
9573.459872343703,1,1.0
9576.320644190188,0,1.0
9584.565936267969,1,1.0
9585.58820475962,1,1.0
9586.537784431712,0,1.0
9587.000586649729,0,1.0
9587.109700009047,0,1.0
9588.301372555225,1,1.0
9588.623721200882,0,1.0
9588.72727931115,1,1.0
9589.084043105095,1,1.0
9598.288290915376,0,1.0
9598.39014900127,1,1.0
9599.379946299043,0,1.0
9599.61817334101,1,1.0
9599.713117679084,1,1.0
9601.870965608809,1,1.0
9607.5932872408,0,1.0
9607.737364471817,0,1.0
9607.743547851489,0,1.0
9608.513702383398,0,1.0
9608.68581514908,0,1.0
9608.745438006186,0,1.0
9608.760405066732,1,1.0
9608.886772287955,1,1.0
9608.957787062329,1,1.0
9609.08422432013,0,1.0
9609.48046815382,0,1.0
9610.006944172912,0,1.0
9610.044346154416,0,1.0
9610.143279839092,1,1.0
9614.003674567002,1,1.0
9614.923899176481,1,1.0
9614.961719925295,1,1.0
9615.156908719558,1,1.0
9615.183211194417,1,1.0
9615.19287763734,1,1.0
9615.41365922601,0,1.0
9619.943420105821,1,1.0
9620.829428686131,1,1.0
9623.029101148642,0,1.0
9624.57190837595,0,1.0
9627.469646290681,0,1.0
9627.482785949578,0,1.0
9627.598602764398,1,1.0
9627.661204507165,0,1.0
9630.16157639328,1,1.0
9630.678814279148,0,1.0
9630.68595854445,0,1.0
9630.747077710777,1,1.0
9630.748756025016,1,1.0
9630.75481605915,0,1.0
9636.465493070256,0,1.0
9639.722803808303,0,1.0
9640.06549199195,1,1.0
9646.926476043618,0,1.0
9647.021794040442,1,1.0
9651.248669708675,1,1.0
9651.271343468972,1,1.0
9651.275601377003,1,1.0
9651.305113868808,0,1.0
9651.399875920775,1,1.0
9652.308944561377,0,1.0
9652.33821858995,0,1.0
9652.339230239386,0,1.0
9652.360762631723,0,1.0
9652.401282015915,1,1.0
9652.436592227288,1,1.0
9652.577206081556,0,1.0
9652.603418281788,0,1.0
9652.609067311365,1,1.0
9652.619351647063,0,1.0
9652.620214155588,0,1.0
9652.639023697979,1,1.0
9652.70019723362,1,1.0
9652.712806575892,1,1.0
9652.792220900847,0,1.0
9652.794208154204,0,1.0
9652.849444364725,0,1.0
9652.881308576592,1,1.0
9652.990214398294,1,1.0
9653.05111839853,1,1.0
9653.354321923234,0,1.0
9655.342698980485,0,1.0
9655.390053251836,1,1.0
9655.415560073516,0,1.0
9657.281730695784,1,1.0
9657.296357977495,1,1.0
9657.620068701948,1,1.0
9658.422154129032,0,1.0
9658.428909632385,1,1.0
9659.023096374487,0,1.0
9659.153793696027,0,1.0
9659.245400502517,1,1.0
9660.803026116766,1,1.0
9660.970122315104,1,1.0
9661.205353738806,1,1.0
9661.270966916265,1,1.0
9661.370979349751,1,1.0
9661.635342807896,1,1.0
9662.915893379914,1,1.0
9666.114376132917,1,1.0
9668.644570171185,0,1.0
9669.722282957735,0,1.0
9672.497198210367,1,1.0
9672.717007848889,1,1.0
9672.808925349487,1,1.0
9674.47284497916,0,1.0
9675.09189358623,1,1.0
9679.566060170255,0,1.0
9680.785183484826,1,1.0
9681.402962459439,0,1.0
9684.2895699862,0,1.0
9684.421848790935,0,1.0
9684.596997324452,0,1.0
9684.741106786276,0,1.0
9684.746191721995,0,1.0
9686.3963798042,0,1.0
9687.114420632026,0,1.0
9687.270837324559,0,1.0
9687.338446500156,0,1.0
9687.343678969448,0,1.0
9687.581639670763,1,1.0
9687.715021750306,0,1.0
9687.750250396739,1,1.0
9687.799207609056,1,1.0
9687.938868283813,0,1.0
9687.951334219171,1,1.0
9687.957832119424,1,1.0
9689.674785023702,0,1.0
9689.784902832034,1,1.0
9689.94481066845,0,1.0
9690.06609821238,1,1.0
9691.235010629918,0,1.0
9691.2426915458,0,1.0
9691.24920072451,1,1.0
9691.31359889217,1,1.0
9691.329379046285,1,1.0
9691.35573319658,1,1.0
9691.394529694768,0,1.0
9691.923997490177,0,1.0
9692.004828568859,1,1.0
9694.68640180137,1,1.0
9695.059473058449,0,1.0
9695.100161641105,0,1.0
9695.114549287055,1,1.0
9695.254173668583,1,1.0
9695.260452086335,1,1.0
9695.278717907451,0,1.0
9695.567340338272,1,1.0
9695.901114088098,1,1.0
9695.907023048056,1,1.0
9695.950953900478,1,1.0
9696.144250668729,0,1.0
9696.22311579205,0,1.0
9696.293271780483,1,1.0
9696.341841584153,0,1.0
9696.35807172078,1,1.0
9696.462569009751,0,1.0
9696.490992718596,1,1.0
9696.626290822725,0,1.0
9696.644388059918,1,1.0
9696.74133549753,1,1.0
9696.741794153037,0,1.0
9696.89618928738,0,1.0
9697.179902656117,0,1.0
9697.96362436486,0,1.0
9702.588720542853,0,1.0
9707.639090031324,1,1.0
9707.669790940745,1,1.0
9707.736937635324,1,1.0
9707.921200107367,1,1.0
9708.261566853964,1,1.0
9708.337336821274,1,1.0
9708.505281245692,1,1.0
9708.96990191639,1,1.0
9711.203692822248,1,1.0
9711.3041103829,1,1.0
9711.334006347884,1,1.0
9712.5171897521,1,1.0
9713.531058890472,0,1.0
9713.635955420634,0,1.0
9714.913060437137,0,1.0
9715.58325605706,0,1.0
9715.719544007798,0,1.0
9716.262478521603,1,1.0
9716.48927774466,1,1.0
9721.604071820753,0,1.0
9722.393390678148,0,1.0
9722.558770855334,0,1.0
9722.93586826759,1,1.0
9728.681394370073,1,1.0
9730.888049271045,0,1.0
9731.088241495594,0,1.0
9732.15881582079,0,1.0
9732.307364340444,0,1.0
9732.609802372612,1,1.0
9732.812137448522,1,1.0
9732.928150549165,1,1.0
9732.935171534229,1,1.0
9732.956193549624,1,1.0
9733.286104889406,1,1.0
9733.301549916745,0,1.0
9733.538015933851,0,1.0
9734.111440527779,0,1.0
9734.291862695154,1,1.0
9734.342417311507,0,1.0
9734.416416468493,0,1.0
9734.926885466059,0,1.0
9734.978075491894,0,1.0
9734.986942696292,0,1.0
9735.291785227928,0,1.0
9735.402186492196,1,1.0
9735.450293703694,1,1.0
9736.86718976657,1,1.0
9739.392320854777,1,1.0
9741.622774261226,0,1.0
9744.999725683532,0,1.0
9745.214254968163,0,1.0
9747.240635982522,0,1.0
9748.416530623941,0,1.0
9748.517111293693,0,1.0
9748.557981645195,0,1.0
9748.739374925088,0,1.0
9748.75518663082,0,1.0
9748.760376596125,0,1.0
9748.917205861448,0,1.0
9748.951329727814,0,1.0
9749.083987719843,0,1.0
9749.698714993885,0,1.0
9750.342318200974,1,1.0
9750.346934758823,1,1.0
9752.860245005157,0,1.0
9755.82778374521,0,1.0
9755.830020953106,1,1.0
9755.963428820975,0,1.0
9757.358691689453,0,1.0
9758.822683445145,1,1.0
9766.430191070429,0,1.0
9766.45202961465,1,1.0
9766.475813200654,1,1.0
9766.5527850934,0,1.0
9766.553990708677,1,1.0
9766.652718542318,1,1.0
9767.147857657354,1,1.0
9767.27574405647,1,1.0
9774.627905472147,0,1.0
9775.911665001173,0,1.0
9776.961941349688,0,1.0
9781.480434438447,1,1.0
9781.550759028678,1,1.0
9781.597332211351,1,1.0
9781.60170803723,1,1.0
9781.699333955134,1,1.0
9782.062958541703,1,1.0
9783.253625359179,0,1.0
9783.309684597796,0,1.0
9783.317502449392,1,1.0
9783.654862538055,1,1.0
9783.663091956594,0,1.0
9784.04497379072,1,1.0
9784.309450598785,0,1.0
9784.81835957475,1,1.0
9785.2331285383,1,1.0
9786.77146658987,1,1.0
9786.916713776804,0,1.0
9788.992603424973,1,1.0
9789.563785425633,0,1.0
9789.569130292768,1,1.0
9789.6662142207,1,1.0
9790.0964841943,1,1.0
9790.51071313533,0,1.0
9791.414459592404,0,1.0
9792.077989803558,0,1.0
9796.6594871774,0,1.0
9796.667197738843,1,1.0
9796.673218520004,0,1.0
9796.698505112685,1,1.0
9796.712789682359,0,1.0
9796.8250862893,0,1.0
9796.912056388855,0,1.0
9797.248887395,1,1.0
9797.252080802034,1,1.0
9799.256990912714,0,1.0
9802.075586485036,1,1.0
9807.462347151304,0,1.0
9808.915718769418,1,1.0
9808.952038534437,1,1.0
9809.167330421426,0,1.0
9809.459187337652,0,1.0
9810.113274378002,0,1.0
9810.13399318461,0,1.0
9810.450231930376,1,1.0
9814.86888739503,0,1.0
9815.883287865128,0,1.0
9817.890493165645,0,1.0
9820.129720515088,0,1.0
9823.482478212552,1,1.0
9825.648010795252,1,1.0
9829.042897238682,1,1.0
9829.521489706842,1,1.0
9829.591747627883,1,1.0
9829.681039614126,0,1.0
9831.334685404472,1,1.0
9831.49047398726,1,1.0
9831.691209537736,1,1.0
9832.425791254205,0,1.0
9838.290401296532,0,1.0
9838.342390250553,0,1.0
9838.343234909991,0,1.0
9838.412133268777,0,1.0
9843.008200904267,0,1.0
9847.279735915363,1,1.0
9847.573152818846,0,1.0
9847.780633556127,1,1.0
9847.796640076875,1,1.0
9848.373946464255,1,1.0
9850.032494933068,1,1.0
9850.198308858227,0,1.0
9850.777535536989,0,1.0
9856.054380846937,0,1.0
9856.067812793206,0,1.0
9856.295484289505,0,1.0
9856.312204754362,0,1.0
9857.334975719627,0,1.0
9857.393795028307,0,1.0
9858.011744019816,1,1.0
9861.183334076371,1,1.0
9861.411511639062,0,1.0
9862.634977034952,0,1.0
9862.945392682,0,1.0
9863.069886465575,0,1.0
9863.370468637504,1,1.0
9863.427325990262,1,1.0
9865.279388947403,1,1.0
9865.445585599373,1,1.0
9868.969700871065,0,1.0
9870.29638021107,0,1.0
9870.547606821598,0,1.0
9872.970911022026,1,1.0
9875.942524608316,0,1.0
9876.090367589864,0,1.0
9876.155030407743,1,1.0
9876.18035481736,0,1.0
9876.18686099342,0,1.0
9876.198819129651,0,1.0
9876.327978379712,1,1.0
9876.38553432066,1,1.0
9876.612514208882,0,1.0
9877.87865601996,0,1.0
9878.390572022368,1,1.0
9878.682704587587,1,1.0
9878.697931490344,0,1.0
9878.843117270373,1,1.0
9879.93738998069,0,1.0
9880.081792010236,1,1.0
9881.87933138193,1,1.0
9887.988856260492,0,1.0
9889.090873379391,0,1.0
9890.437735080952,0,1.0
9890.959834501256,1,1.0
9890.974009035759,0,1.0
9891.08881023438,0,1.0
9891.09204556411,1,1.0
9891.100768014541,0,1.0
9891.155229067197,0,1.0
9891.238355766822,0,1.0
9893.425855031195,0,1.0
9895.520425358443,0,1.0
9896.230487380924,0,1.0
9896.469478691688,0,1.0
9898.233609891637,1,1.0
9898.321723493038,1,1.0
9898.426251319752,0,1.0
9898.574108215093,0,1.0
9898.736347023296,1,1.0
9899.520847568749,0,1.0
9903.870949962235,0,1.0
9905.070726477463,0,1.0
9905.416918700515,1,1.0
9906.037898952298,1,1.0
9906.059928758948,0,1.0
9906.18242979303,0,1.0
9906.20389577441,0,1.0
9906.687548871407,0,1.0
9907.792667706415,0,1.0
9910.097355120668,0,1.0
9910.502359422684,0,1.0
9910.972506381722,0,1.0
9911.004457262763,0,1.0
9911.181871100645,0,1.0
9911.188983310994,1,1.0
9911.198001037736,0,1.0
9911.211959853596,1,1.0
9911.253760779036,1,1.0
9911.38514080712,0,1.0
9911.470308894844,1,1.0
9911.499064542046,0,1.0
9919.791001945989,0,1.0
9921.47930630248,0,1.0
9921.64716615957,0,1.0
9921.878051471878,0,1.0
9923.740415311098,0,1.0
9924.127079777316,0,1.0
9924.185511921762,0,1.0
9924.426462235993,0,1.0
9924.473835160645,1,1.0
9925.702723222223,0,1.0
9925.839115489427,1,1.0
9928.863233223063,0,1.0
9929.983803296893,1,1.0
9930.362552353883,0,1.0
9931.904817308241,1,1.0
9932.044027317297,0,1.0
9932.152304955951,0,1.0
9932.16952192443,0,1.0
9932.189211632527,1,1.0
9932.20060013416,0,1.0
9932.301334517075,1,1.0
9932.520426705927,0,1.0
9932.722564761922,0,1.0
9932.798477362623,1,1.0
9932.809229583916,0,1.0
9932.809815527207,1,1.0
9932.890763890176,1,1.0
9933.19396346705,1,1.0
9933.205267874775,1,1.0
9933.258860277068,0,1.0
9933.327303137276,1,1.0
9933.333592833129,1,1.0
9933.487806278068,1,1.0
9933.646893236659,1,1.0
9935.195130033488,1,1.0
9935.216067995792,0,1.0
9938.72957331995,0,1.0
9938.811168710303,1,1.0
9938.890088565953,1,1.0
9940.360732836025,1,1.0
9940.908003959836,1,1.0
9940.909964835248,0,1.0
9940.977071246549,1,1.0
9941.156361263025,1,1.0
9941.850030969325,0,1.0
9941.925168674547,0,1.0
9942.055847022648,1,1.0
9942.128609256888,1,1.0
9942.259315464184,1,1.0
9942.325501882937,0,1.0
9942.353444259319,0,1.0
9943.14113073049,1,1.0
9944.020140926154,0,1.0
9944.973945177651,0,1.0
9946.08361026341,1,1.0
9946.219774944622,1,1.0
9946.475592261451,1,1.0
9946.497017436312,1,1.0
9946.534447886686,0,1.0
9946.595909570668,1,1.0
9946.909730384014,0,1.0
9946.970992393037,0,1.0
9946.998505890078,1,1.0
9947.062345030958,0,1.0
9947.587668787524,1,1.0
9947.746778257128,1,1.0
9947.893595801726,1,1.0
9947.959373781478,0,1.0
9948.092811153034,0,1.0
9948.101265115958,1,1.0
9948.117860165608,0,1.0
9948.186548543701,0,1.0
9948.18661732819,1,1.0
9948.202597391493,1,1.0
9948.294751509271,1,1.0
9948.322344394874,0,1.0
9948.473680287289,0,1.0
9949.484766999456,0,1.0
9951.112661424932,0,1.0
9953.775559284188,0,1.0
9955.343076422316,1,1.0
9955.476074241644,1,1.0
9956.138024761605,0,1.0
9956.393873254294,1,1.0
9957.407785374775,1,1.0
9957.447459027806,1,1.0
9957.92385688023,1,1.0
9957.954132559624,0,1.0
9958.035950281625,1,1.0
9958.07830526633,0,1.0
9959.458434815095,1,1.0
9959.519854728625,0,1.0
9959.57019997693,1,1.0
9959.79796385939,1,1.0
9959.950869582293,0,1.0
9961.17411309281,1,1.0
9961.591065799137,0,1.0
9961.7566360506,1,1.0
9961.801644336372,1,1.0
9961.802662571768,1,1.0
9961.806474889985,0,1.0
9961.880565708496,1,1.0
9961.896886481743,1,1.0
9961.964050566341,0,1.0
9963.19812184151,1,1.0
9963.353507556414,0,1.0
9963.433247548151,0,1.0
9963.458126953321,1,1.0
9963.584911780275,0,1.0
9963.742614023911,1,1.0
9963.786815670099,0,1.0
9966.598867742885,0,1.0
9966.613148239512,1,1.0
9966.707411282141,1,1.0
9967.938452803332,1,1.0
9968.16904247975,1,1.0
9980.250346958414,1,1.0
9980.880887909054,1,1.0
9981.100484818891,1,1.0
9981.202043501176,0,1.0
9983.479797512828,0,1.0
9983.495494407567,0,1.0
9983.557945328123,0,1.0
9987.02751300551,0,1.0
9987.254549511557,0,1.0
9987.567866737169,0,1.0
9987.720621244554,0,1.0
9987.917525567973,0,1.0
9987.969306082246,0,1.0
9989.493343856018,1,1.0
9989.636403141725,0,1.0
9989.754876942174,1,1.0
9989.99206311458,0,1.0
9990.099025816078,1,1.0
9990.129561002463,0,1.0
9990.16874610947,1,1.0
9990.262419138007,0,1.0
9990.478442187361,0,1.0
9990.57115166143,1,1.0
9991.519766963862,1,1.0
9993.417295169982,0,1.0
9993.43682281057,1,1.0
9993.735018167248,1,1.0
9993.752797490286,1,1.0
9993.839864863729,1,1.0
9993.92990934233,1,1.0
9993.961939531993,0,1.0
9996.27386830598,0,1.0
9997.303382268798,0,1.0
9997.45012109544,0,1.0
9998.671717852872,1,1.0
9998.81221658272,1,1.0
9999.076996105448,0,1.0
9999.121324810301,0,1.0
9999.250194155953,0,1.0
