time,type,mark
0.5342685786591099,1,0.2797942898515832
0.552464826712229,1,3.1242959565494974
0.5679294025815214,0,1.0890236280239596
0.8887455513237141,0,0.1537732538262267
0.9059455855487469,1,0.4129853297384894
1.1302661680544843,1,1.2270858632142592
1.247966062015217,0,0.07707714705565474
1.279723173407773,1,1.2642068575651064
1.3998434333751821,0,0.6415567371905141
1.4576037124421857,0,0.29694720892879944
1.6764129883577064,1,0.07302834798043581
1.8675189445971012,0,0.2800491202364232
1.9222713188364589,0,0.02113975640978781
1.9501319619256279,1,0.5635380923886348
1.9958456018985102,0,0.12963360322360132
2.166267389411745,0,5.309882795759777
2.4897348116297335,0,0.592524198960791
2.4970508195914287,0,1.507961375109591
2.815816815735678,0,0.9248222351227738
3.241251781093798,0,0.7530147453398326
3.474571989625708,1,0.1424808327402921
3.495658471158739,1,0.4486149987669271
3.562141249385325,0,1.918292441851646
3.7768559277378158,0,0.5310196092685465
3.8285109483619584,0,2.251878564701117
3.9926759790695465,0,1.1178920988415986
4.295600150614491,0,0.3802188861549473
4.333137747030689,0,0.18789899501048302
4.384686776730769,0,0.6844829353149614
4.733876721855604,0,0.17094993045862605
4.938472948437263,0,0.3994257180569916
4.950721268842877,0,0.29430010930499656
4.958372473371743,0,1.4880727897906234
5.014580876314489,0,0.09313217936121788
5.864105660852523,1,0.24369895166119332
6.047149525167769,1,0.4630755520823069
6.19025352752236,0,0.4723009380049046
6.3009490203322684,1,2.5096483883382312
6.4020631733667175,0,2.784647608936616
6.463280219502203,1,0.12692493293028886
6.494679140232961,0,0.2879688397459327
6.565415198203742,1,0.3583204003610748
6.685681976340981,0,2.1335421945681414
6.772451154491938,0,0.1860350940111288
7.107018254472692,1,1.1873516130319894
7.275694736426726,1,2.823469049743452
7.384317220612314,1,0.8461935860813983
7.7808699767663985,0,1.0492073828040775
7.880317946028177,1,3.4760395931951957
7.947403451561046,1,2.0673543748199155
8.122899543308597,0,0.43802351556799374
8.147578847368727,0,0.6842425902103935
8.308644912575978,0,1.7357798997128928
8.43026218761969,0,0.332768989344245
8.470591129616192,0,0.86607931246509
8.843663781332138,0,1.5049398538863012
9.06051311718943,0,0.7106144156597228
9.404116212084963,1,2.969057888654966
9.473261030731187,0,0.03718497562743924
9.788138993832407,0,1.9591772914840946
10.218836113839401,1,1.01046984724226
10.31017391919775,1,2.1408836436965824
10.777884945192346,0,0.5133034307296984
11.094399518918433,0,0.3609140972902796
11.107597396442209,0,0.11338919217881528
11.660524863770643,0,0.20072057272960267
11.756974580561097,0,0.011151235811089236
12.0547937410029,0,0.8689464897285845
12.088089669066559,1,0.0753752293911616
12.107366440537671,0,0.3263265440768887
12.234889081446019,0,1.5698881582450421
12.24746353233328,0,2.678108778517038
12.288059628230098,1,2.259366901532878
12.777999008609369,1,1.0968462576879332
12.811016676807695,0,0.9891627019684367
12.937785797051326,1,0.9022542371734172
12.975855196525977,0,0.11242465616541455
13.022183387598082,0,0.5739291177092244
13.115797335000952,1,0.40624261208258683
13.264572125305042,0,2.87325589005893
13.596563765625051,0,0.14797011828346168
13.673691161760804,0,0.23671527753890453
14.181788648793557,1,0.09642762351956186
14.622628456219044,1,0.18107526003791552
15.471367423073366,1,0.9793892003039166
15.603772715499433,0,2.7406027077736583
15.61522395006314,0,0.2948392790153039
15.720545151072315,0,2.087506708616695
16.115749146075085,1,0.6721757113822592
16.13660897461729,0,1.9718681936931481
16.176016614396598,1,0.1338603660753382
16.334593901364464,0,0.49216069209396335
16.445986661440003,0,3.1070514898235255
16.836849024269902,1,1.3441593253349646
17.58974223696175,0,0.6622424798857837
17.79882232630856,1,0.32115230799158795
18.00258772913018,0,1.1892137478865918
18.487775994922703,0,1.347937174357002
18.918697536952585,0,0.07058775069428785
18.984533145807795,0,0.4294038038350554
19.24804255881436,1,1.0465291241514707
19.5765428975482,1,0.05905279268355731
19.636593656199352,1,0.21582259342591154
20.341405816543254,0,0.008934452364572852
20.37445668656359,1,0.3551950843011862
20.635060659588056,1,1.9881509920217018
21.043077063233234,1,0.0847925802406572
21.19902174383477,0,2.2336141900347166
21.592858398778652,0,1.1024401256108245
21.6464715805105,1,1.1837638081149926
21.731503879322688,1,0.12694082120899627
22.47890190320617,0,0.19944265030492433
22.968565810886968,1,1.5516037460273442
23.00305054216622,0,3.399980680394217
23.059011281781125,1,0.07368334008518339
23.520185378163923,0,0.0607069928571819
23.524903892711237,0,0.365137090800512
23.705651614215515,0,1.0904591864915836
23.803051901167116,0,0.05369157171292098
23.849497898703355,0,0.45742604773738127
23.859439078351258,1,0.10773471950560463
23.873357128372202,0,0.704537154540019
23.969000927891276,0,2.2884944928646993
23.997842567414832,0,0.7148215656743103
24.613939630910693,1,0.6401887342090072
24.64806914612505,1,0.09562916219769495
24.68108748121653,0,0.6119077397458649
24.78292327637999,1,4.05596302988449
24.890270406622726,1,0.5361583905229784
25.114082452997796,1,1.0264113967084796
25.39993668156896,0,0.22554849862283188
25.455708315792428,1,0.5962522232483364
25.51399081471613,0,0.27104971156954033
25.670744076197042,0,0.22967095082761368
25.832822532069525,0,0.5703015678256727
25.989439774191727,1,1.2952014121216489
26.020702162738125,1,0.7978894130535272
26.247252838155667,1,0.09706149975395285
26.28820542876882,0,0.811208695626572
26.499326481723838,1,2.8603555911685805
27.083494422289355,1,0.5151343309079336
27.10952566033727,1,0.16001587366198936
27.18569302008408,0,0.053583110352885766
27.893287831972856,0,0.497743208993977
27.898844747809466,1,0.8070641282236385
28.16556945798541,0,0.7070074839648216
28.350855558073942,1,0.5380673636130389
28.97057671149573,1,0.7025254916201404
29.135333148420482,1,4.201433414235016
29.278570501714334,1,0.7370899920707272
29.38078792730633,1,1.041732223414402
29.859676840402155,1,0.47917926314915693
29.97662856427355,1,1.175517818383255
30.469439770236765,0,1.7648361514897848
30.49661640067408,1,0.6086353513222633
30.777791432785467,1,0.9237617072887875
30.778356168753703,1,0.012499124679650054
30.95979662790627,0,2.6001332124340486
31.20774553219655,0,1.403197998228071
31.28057143107138,0,0.9640357186398767
31.335493576347318,1,1.0629827466920718
31.337784171142644,1,1.5066831440281225
31.483488396862693,1,3.3727200907175248
31.546925985067443,0,0.3473067361654511
31.611754250447383,0,0.0598271186907719
31.66260426101251,0,0.26999269840309004
31.893169752109866,0,1.1620795338651737
32.073682697983735,0,2.903332935595461
32.28592550790898,1,1.1668698771825776
32.403741567617764,0,0.17092643329671237
32.57959555334422,0,0.21582347341275235
32.657426476723096,0,0.7738374215077741
33.4786525655144,0,0.6363063917737478
33.50099105231196,1,0.6585951024300227
33.78311388335508,1,0.06852625827804223
33.80241112720489,0,0.34367768031975643
33.87241270207685,0,0.4495495569673913
33.913669065085024,1,0.481053192296313
33.9298398717755,0,0.0011048458009492535
33.947394676823194,0,0.47728212285210014
34.05539182637532,0,1.8274022241538015
34.15115645193984,0,0.6316855185327809
34.504833020252946,0,2.876447600222137
34.56970147061379,0,0.6911265354644027
34.59241778417918,0,1.5695289148270823
34.59716216952644,0,0.1699464939322498
34.744376033629415,0,2.5185068090031733
35.4872448757175,1,0.7342285508396904
35.49969944207685,1,0.6837042581339856
35.84059666390462,1,0.48876825751333364
36.197423781033024,1,1.0109751498506496
36.32235167586539,0,0.22055664587473675
36.32425819780417,0,0.2502957401631655
36.892051126745805,1,0.4003782637299135
37.44635662954463,0,0.2623603033555177
37.655261334592865,0,1.4305970258061056
37.6563845637031,1,0.18973232461535647
37.719286565724126,1,1.1490112459940387
37.79358056362322,0,1.4343330046163643
37.81127501851647,1,0.039489176734520404
37.98695809639884,1,0.08232151833304038
38.37361597341437,0,1.1748303080400484
38.424634855193695,1,1.429909885522213
38.6952883801377,0,1.1759480396226825
38.864423915431864,0,1.123113769152831
38.974624078222774,0,1.4429900066983359
39.094204279127645,1,0.9351124710336877
39.17951019684623,1,1.5455731628745515
39.19123379254734,1,0.6866992281945955
39.420149348861706,0,2.164373396969421
39.50794119466434,0,0.6920967292832878
39.56348957143746,1,0.1872101107595205
39.623419346828314,0,0.8720654709677087
39.95554817592206,0,0.6294945688072223
40.530111660265476,0,0.16722592346169926
40.61441594087505,0,0.11304010767710931
40.77386628662434,0,0.24413618682185334
41.911885817865915,0,0.46791617471401536
42.25975292897298,0,0.33673697840030864
42.59140142177456,0,0.6272266937379913
42.772435678465456,1,2.2139616251259073
42.811870638836886,1,0.7925930230987768
42.831824890211784,0,0.36783554602929447
42.847536642043494,1,1.3083981554297437
42.90996956488453,0,0.26225310114951866
42.97281268191174,0,0.8822336813718822
43.09406747823134,1,0.4242164059474793
43.302646738944986,1,0.14948488023017686
43.326442459609,0,0.32320065009779353
43.450198998216884,1,0.7826420698659634
43.552809117821525,0,0.3610902401465315
43.77582369469119,1,0.7229780996526993
43.81559031714519,0,0.9244406924870417
43.87812062552009,1,1.4322713770947724
44.182617234226775,0,0.3141667059364938
44.25184518511677,0,2.5053915441625305
44.348146120510975,0,0.43604734119337496
44.41076330537307,1,0.794811173760925
44.65370549170948,0,0.9827751062509352
44.73582106421886,0,3.3393521312566823
44.93354597616401,1,0.7250433876655662
45.18068915834046,1,0.0057415003705650405
45.898382469056244,0,0.13221553484727253
45.93893469314388,0,2.889951067411244
46.02489401549897,0,0.49835561509564263
46.18263048246715,1,0.8654562665749459
46.233812765871,1,0.07962079871260616
46.35468193342704,1,1.681624388437709
46.41588712687623,0,0.5297677085662857
46.53175645043109,0,1.5352335075435388
46.556186287747536,1,1.4343231656478288
46.615381285219954,0,0.12784685825878897
46.78118496277916,1,0.9683758116861374
47.1358026527023,0,0.2475426286686221
47.343733672816725,0,0.6272588363533766
47.351903638080344,0,0.9698531965908916
47.46084252531321,0,0.6369865979196994
47.93826257984298,1,1.0332890052209482
48.1269442270788,1,0.08113017425012324
48.191697269631135,1,1.7195762208143366
48.69029334076254,0,0.6934465795689485
48.70256365794557,0,0.3300130050213554
49.66057368672697,1,0.2745554316334963
49.8022902991314,1,0.8522544896496407
49.96145571217039,0,0.25954743479859677
50.53539786811539,0,0.016564785957988624
50.63179376907121,1,0.5106004144238893
50.82963541934172,0,0.4347508637802992
50.8753346514476,1,3.0748143219624033
50.895653710962826,1,0.7277189479337774
51.340693564094146,0,2.1518915749403233
51.35324996652885,0,0.9208748795446655
51.573757939192944,1,0.04725568871166533
51.64144740263837,0,0.1554862531459194
51.68015371388813,1,1.3081836586295752
51.87313369671795,0,1.3973141976008925
52.361058193661506,1,0.015087172922619248
52.9072640341415,0,0.5698535153135041
52.93881748713693,0,0.3342927843463022
53.25643171233249,1,1.725678364029638
53.29619927197086,1,1.2063909217821505
53.422674824374276,0,1.547575650022053
53.65732340628487,1,0.8233601718382498
53.910218227078786,0,0.20117519063012643
53.95937248078649,0,0.00901426126263332
54.000428014148454,1,1.1252732358980628
54.16905878029951,0,0.671180749277201
54.59362633637956,0,2.8437152790648357
54.78259375285347,0,0.8727447307861234
56.04216568001123,0,0.1892073841668139
56.13189813520731,0,1.1079607599692838
56.238359146119606,0,0.7457981519280207
56.339823784958604,0,1.768403764785807
56.95106123031795,0,0.5319560581576251
57.098208948542364,0,0.6226172131777596
57.27083909698781,1,0.06669109856791261
57.29292125649386,0,1.7293191984972012
57.36734168338869,0,0.9678249981614827
57.39764797668188,1,1.2906267532119802
57.47586235219543,0,0.543173120166599
57.57525382944147,1,1.384234371746549
57.59011502412146,0,1.6014401978278763
57.60328965866123,1,1.6694079965553537
57.90201095550029,0,2.0932517620256763
58.058183686113054,0,1.4003699644553151
58.113157823476904,1,0.17903530953907298
58.30966963217432,0,0.560822171103395
58.36428068157652,1,1.3694275780423117
58.47359944075072,0,1.8028042666626898
58.56854119147031,0,0.29867334581138943
58.78379052376147,0,1.8915208337401972
59.1904875567939,0,1.5913442558710482
59.24554642190834,1,0.3862354520870944
59.30852602061481,1,0.3985164868235727
59.4067355492112,1,1.275885528997134
59.43672415680025,0,0.17550290942925065
59.43679941526499,1,1.537553724579715
59.4421664976207,1,0.42895663248449256
59.63387119309605,1,0.2857732761602934
59.717027345393916,1,0.4756936621737537
59.82451674019964,0,0.5325428091107335
60.1729322624481,1,0.4471631909866363
60.269195636378484,1,1.3381012250390774
60.535263970516716,0,0.5690632505588277
60.580365549132736,1,0.31272837570232714
60.72628735632507,0,0.27814176437219335
60.9183735378234,0,0.9951162731737331
61.01158382145769,0,0.15730883129269838
61.04722134132549,0,0.5699269745329212
61.13606565334096,1,0.4193200913057089
61.285363290079516,1,1.6784823790895362
61.38966398194788,0,2.7020264239767426
61.407366843137815,0,3.2951839693903637
61.431883609764796,1,0.31596454712775335
61.44789774369737,0,0.3920603803005333
61.63648288306409,0,1.642643746850211
61.65421228684939,0,0.1194191859090159
61.69734794387899,0,2.577041600505125
61.7319570946222,1,0.8089760457338993
62.06771693229999,1,1.6647965273815781
62.14571615107217,1,0.33144266207795736
62.69799662497836,0,0.5641235888989345
62.881179221216236,0,1.4341275860108165
63.35908704701993,0,0.19110836736453238
63.96852990789403,0,2.7109322608120254
64.11766053899186,0,0.09865169247950699
64.1630082081813,0,0.9057390178523099
64.21278790494135,0,1.7795712993283574
64.34324163802998,1,0.6684025217540344
64.40483212335143,0,0.4062169774508425
64.46871818996522,0,0.5077524834951318
64.64752072238032,1,0.8352798595873943
64.657005171797,0,3.4180908393033205
64.6810640650352,0,0.5768861091471665
64.78881828751707,1,0.3618276496844383
64.9199062289342,0,2.928480622854924
64.959250542277,0,2.042537297278573
65.0406184064235,0,0.12928149126100738
65.0603008952279,1,0.897653927834829
65.18457445769728,1,1.189304015224442
65.45862651084023,1,0.4970783630396143
65.5746213515495,0,1.7243759090523685
65.93986313269923,1,0.06844792223653762
65.97916909285733,1,3.653951236768931
66.14387619427542,1,0.2317415201187388
66.18435696027954,0,0.40335138395880327
66.50477767157821,0,0.36269219995911195
66.62475411526212,0,0.44120733018667807
66.67277125693116,1,0.2581317143494715
66.99525510732497,1,1.487926638163377
67.38899215540822,0,1.100793339718115
67.41982742459592,0,0.6179067696094199
67.6334149602772,0,0.2424656357761595
67.85037611684992,0,0.36534821272963797
68.11507807465829,0,0.5694583495059922
69.24674980682485,1,1.1234373559235287
69.34918577633259,0,3.0914863199033817
69.60134730222202,1,1.8888096602639566
70.31660736219101,0,1.591514806492346
71.7871853625712,0,1.153316760901879
71.8594860694015,1,0.3089257568153325
72.3870241450497,0,0.18123421168957798
72.40399043299165,0,0.7207677037480847
72.58939949061617,0,0.32578158553661984
72.6586916444684,0,1.6853389040435058
72.78723994319337,0,1.4361279240852816
72.87207113353224,0,0.05915711641694492
72.96185284603268,0,1.322998789266866
73.01607729659544,0,0.8910615083907023
73.0310433428826,1,0.12133187746731018
73.1649061230964,0,0.36812012725161974
73.31133042585859,0,1.2731314311721156
73.45505681352599,1,0.46172161307958465
73.5739339465194,0,1.0359468940924708
73.8579714820571,0,0.3226084378647237
73.92456105509125,0,2.1578301838274667
74.24420593977139,0,1.13555810166036
74.30416659479933,1,0.2198478273098823
74.35204251340072,0,0.09293558580340837
74.36471416589828,1,0.40525657605645427
74.48912106718043,0,2.4906887344454285
74.81753945836576,1,0.07940537416075828
74.95195349529257,1,0.860125255010995
75.09136974260949,1,0.13548819580915666
75.41541848306424,0,0.35767276645386553
75.52402904866719,1,1.5703741604718087
76.32627668512676,1,0.37757200052445505
76.36009292653672,1,0.7319461004614477
76.92657584087435,0,2.9315973842908734
76.99388361217044,1,0.49981695042271806
77.83333837578955,1,1.0573973281234499
78.0022653728294,0,0.16524186914290526
78.37546107139086,0,1.140745312883801
78.69354159861692,0,0.12925087839464033
78.7588936687925,0,1.498239964655119
79.29044831896103,1,0.2364407702246564
79.41726700570366,1,0.5248480295072961
79.45687916439063,0,0.36275839846482716
79.45780304397931,1,1.9924428504444318
79.78568437128772,0,1.6787911432782539
80.0105133104451,1,3.2699078378836677
80.17015254127762,0,4.027789598390453
80.6613852775133,0,0.16672159325055236
80.71230511320869,1,0.08782682803792576
80.72163565310225,1,1.2935477418096084
81.01248465287473,1,0.7351651273206926
81.67010762291729,0,0.7183971542486646
81.7119477953836,0,0.7270091795499397
81.84797708091811,0,0.747032816294225
82.18137614185767,1,1.206990853738269
82.22286825278239,1,1.4570341078894973
82.44072944670366,1,0.7172839401436035
82.57566502838783,0,0.6067611255970965
83.18130782879197,0,1.102755389024073
83.22767188309219,0,1.0718471367891558
83.70213667456538,1,2.229068204092858
83.84135549594492,0,1.7945510389543355
84.0028712475671,0,0.8683577632509016
84.05527796663479,0,0.4471687635204305
85.08009825697026,0,1.0890890722800681
85.31060194238856,0,0.08327718487513214
85.31086690145447,1,0.6416913560734607
85.32430814106482,0,1.2929728988285383
85.39094667189771,0,1.0319632371898158
85.55264633504503,0,0.42593890428973674
85.66237859991617,1,0.8034262444314236
85.88504409617786,1,1.7836728315321144
86.16406736353402,1,0.6635759863125155
86.35559190123823,0,0.18274688906899925
87.0234294880846,0,0.5005519386906965
87.32207125443799,0,0.7897550093001079
87.37345155168335,0,0.4468692660324377
87.43623693596729,1,0.4000341067908433
87.50138045693885,0,0.05425890979372839
87.59925683200858,1,0.21072056340542494
87.63166845358062,1,0.029601171530599286
87.88633421990207,1,1.2877043648353141
88.0738460359022,1,1.0687939131454993
88.0774687411529,1,2.1021039810567443
88.12063174219837,1,0.4570946283321509
88.19275860034676,0,0.5811104622341081
88.34221705987491,0,0.15106705178749444
88.36606403903747,0,0.2614379553776083
88.47971804964786,1,6.238665463290679
88.76547150380276,0,2.5748795346435616
88.9807512776022,0,0.737277611381728
89.10353858161017,1,2.1350841363295605
89.11723407152348,0,1.738644370696949
89.84690123030663,1,0.5890639210115802
90.68796862680394,1,0.18895656564864857
91.61440583864669,1,0.3568730062117203
92.29754905337609,1,2.2116507143548874
92.4011799167175,0,0.6113742085038543
92.49960644701072,0,0.19446615671454198
92.61251642995207,1,0.3306525932913391
92.68392165729814,1,0.1495966914780095
93.11602167818184,1,0.7437713702117205
93.13100506164652,0,0.3138524193710004
93.23630993913335,0,0.5471558139001486
93.55568228778188,1,0.17909801675311118
93.8205288004947,0,1.7634636759250082
93.87493817933998,0,0.5191843648834451
93.87747377967133,0,0.5861726646654472
93.91602617911344,0,0.27868686098665063
94.10968770058342,1,0.2765451208085388
94.11418801284626,0,0.09995965202382914
94.29411307175837,0,0.8154488520043791
94.31051549467189,0,1.0721101632090957
94.32298287675788,1,0.02377110258153524
94.58536509472967,0,0.16749063593871538
94.92046307265475,0,0.4437364966923777
95.01633126149527,1,0.3318976959586898
95.35035980885807,0,0.5400855883432074
95.36388159875126,0,1.2925251777758584
95.63750761640775,1,0.8345066887849488
95.71070805943636,0,0.15282932059721618
95.94979266742689,0,1.849007276307264
96.07301639593803,0,0.6743299731562152
96.17170611416815,0,4.1461606693448125
96.19599009296984,0,0.400736323182896
96.35802615960277,1,1.6422784431159199
96.39077096756296,0,0.13472570192956554
96.5647288273196,0,2.0089510196771583
96.58602939128095,1,3.325549168620417
96.65348762746969,1,0.4236597214445806
96.67743043609636,0,0.6419845489832676
96.9262701266961,1,0.21140971106244616
96.93968628042549,0,0.39194419486140625
96.9442881605114,0,0.528790778044332
97.03733578293526,0,0.08619610871974023
97.0390365900792,1,3.4998035033705572
97.21715114037339,1,2.3974654579800165
97.4216085975606,0,0.7448556878492357
97.65103152227326,1,0.24576649552671354
97.67442692891407,0,0.6238188686705368
97.84585344937385,1,0.37914282722090425
97.92065882592058,0,0.17328839745744434
97.93701540683972,0,2.808628174003871
97.94116610659343,0,0.9104879590779532
97.9781519381743,0,1.1508550936390056
98.01444271396447,0,0.7602296360376641
98.06385402945027,1,1.1228927125586847
99.33400828218485,0,0.09083956115327854
99.75107892138514,0,0.5862373548262396
99.82865885533133,1,0.255075670736474
100.07747367668276,0,0.1576852673072193
100.18216770176832,0,5.1377505067332105
100.46527535310899,0,1.3256068228217592
100.48921400951576,0,0.23322257587663717
100.64840382675733,1,0.28028222230766786
100.6889573668578,1,1.2677475110297647
100.81718411737293,0,0.4912219984171485
100.98818127824316,1,0.1164316824367753
100.99120183961085,0,1.1364078576431866
101.00471530522864,1,2.772556281183408
101.01977373072233,0,0.24542711432880515
101.10489090065822,0,0.4446069445009663
101.2162925354689,0,0.629037287942188
101.52053881665553,0,2.989738257988984
101.55431893099949,1,2.4243324043719365
102.17633545933178,0,0.946836273407895
102.34658258007507,0,0.1310407877918079
102.37148718436839,1,2.0659254867160737
102.58893292996477,1,1.872644784187459
103.17644931955056,0,0.21236933681464215
103.50201416100437,0,1.0313549093645815
103.55370887806593,0,0.06963242267951335
104.12918546160178,0,0.6402905951520605
104.3359464049748,1,1.0210335465455218
104.39481934901183,1,0.10987605286981078
104.39855541707885,1,0.5962196217925062
104.53837385678305,0,0.277023963282853
104.58044820124712,1,3.2052336348784247
104.8428399880112,0,0.33824788208692386
105.01276835623031,1,1.2341804546814514
105.36871029872214,0,1.423683137485114
105.37352800092954,1,0.3234911213777012
105.41650344041415,0,0.27294488410659457
105.478546362044,0,1.219788497734169
105.77990610842635,0,0.2516974449188843
105.81077389626329,0,1.3483509599293844
105.91935288747368,0,3.045066204915077
106.01028364670707,0,0.2208245313867893
106.30838189840725,0,0.08096879029524158
106.40547248207123,0,1.0770122843557726
106.41303826942868,0,0.1984698318497452
106.79199784205396,1,0.6968612782705559
106.99784349571483,0,0.4440174031050028
107.0657280117476,0,0.9584822980457092
107.15329975250226,1,0.07315710998838405
107.51883750043065,0,0.04635982593064092
107.5220496886282,1,3.523095523693106
107.54718110254933,0,1.946158320157724
107.70078220630961,0,0.6098833112632088
107.80736426148968,0,1.0590404208795239
107.96929214896228,1,1.6413230866695003
108.17841840458534,0,0.29522491214911933
108.28441824055272,1,0.692554717766844
108.43472659628847,0,0.12374977013158014
108.47567261496002,0,1.07439053972378
108.4891852121169,1,0.1931328636218806
108.60100312284563,0,0.982052400188478
108.76647809630684,1,1.2640103196641743
109.28438342299938,1,3.660922949694985
109.44504136752623,0,1.0218042210434048
109.66742720556255,0,0.4938960827630896
109.70105671558137,1,1.0070803759732796
110.2178566257497,1,4.332816790151355
110.6760440523966,1,0.5386614498099863
110.73242162165093,1,1.5431846072478836
110.74375819888817,0,3.4091339557026905
111.00845910359216,1,0.21746237255089146
111.22615098085427,1,0.426630751254334
111.4248669271511,0,0.23311071007969217
111.5045148398087,0,0.7794456499479087
111.51932495343293,1,0.42976926573501917
111.70081723477871,0,0.9422683564775081
111.82099750075572,0,0.5496315513561492
112.23254515474274,0,0.21696854023089612
112.50074381162482,0,2.645602201456699
112.99407940854934,0,0.07206228974295813
113.30260818575198,0,1.0890585005723943
113.5612175586606,0,0.5944657394213215
113.5938927085442,0,0.32962478618759716
113.67439154126845,0,0.7111377066744119
113.7365488900983,1,0.1304738601678753
113.77275131874879,1,3.4001962959094656
113.97266748818473,0,1.994054970442241
114.1078197463393,0,0.008247694610059511
114.17071934533145,0,1.10579508282575
114.22908397309072,0,0.2267608434731955
114.24612732302265,0,0.6138641750952761
114.41379591475344,0,0.5382118674879927
114.62920859316871,1,2.27379824860305
114.76191245768834,1,0.32940067211123053
114.77202119163258,1,2.765160963720167
114.89178276823205,1,1.678347981183336
115.03485885729143,1,0.9412769332180565
115.0810093043804,1,0.09857169584195338
115.1666756521567,0,0.37845248843587226
115.18660206547507,0,1.4748646909230765
115.55216172014197,0,0.2679484235331698
116.5704934390141,0,1.6830643679250101
116.87860614672404,1,0.12446919796071602
117.22396497136076,0,2.079698917515339
117.33364198364113,0,2.000124995917413
117.88702868265105,1,0.4328247397143329
118.0371269912532,1,1.7006065224974822
118.10616334251817,1,0.2757547925203963
118.19719327473483,0,0.9715526326556891
118.35246593973784,0,0.017530085036120618
118.44828541862692,1,0.27188939497899234
118.5099685134427,0,1.0208073972472256
118.5593705029469,1,0.37384893598605484
118.82740082414628,1,0.3212588229081283
119.4740665925681,1,1.0445390857234766
119.69503035353196,1,0.19058148269313172
119.75002598687279,0,0.7194056791195422
119.87801797512886,1,1.2604133598653084
119.8914763436477,0,0.11668817537442422
119.99474134058494,0,0.3938408870195394
120.17707159112382,1,0.32028857617747236
120.39677672885944,1,0.2661183136767172
120.46098733300157,1,0.7417601353670262
120.56029982795103,0,2.2885117155695767
120.69936181628337,1,1.528052681465173
120.78955483533733,0,1.704744864257344
121.16811365977516,0,0.24910798194356518
121.28547619790704,0,1.9985070636389781
121.41217236852764,1,0.566991236732968
121.50373637104788,0,0.30670464478663406
121.52849849454833,1,0.015460638917892676
121.66904884380351,1,0.24847057899180638
121.77597080325239,1,1.8508419430726066
121.81522664918685,1,0.0017700290110401389
121.88467021457872,0,1.7624117029192263
122.07529488168196,0,1.4495763765593104
122.09008523178437,1,0.10206942172330251
122.37480575991135,1,0.533166737812664
122.42493829464276,0,0.42658973116890575
122.60931823584761,0,1.9752038881735812
123.2400173180513,0,0.7600105437572234
123.39015587832642,0,0.07967283579765921
123.59538259365195,1,0.8079822148017753
123.68004087217705,0,0.6759441671897318
123.93848111701224,0,0.09257207637265286
123.9671332988378,0,0.7356560304714334
124.03484868627952,1,2.7667732897082065
124.1578756660146,0,0.4673314766440783
124.2250377014923,1,1.7114705414944056
124.42203217838832,0,1.7292128452652389
124.54635325111808,1,0.15951028369563408
124.64396157735183,1,0.2259917566624879
124.68263758778512,1,1.7246227167605122
124.68917713881034,1,0.4719313241125632
124.95630892709902,1,0.07300516370281229
125.0811165268565,1,1.518314170438841
125.15229329099422,0,1.1720239711645422
125.44166293823615,0,0.47916972447637635
125.49430863595703,1,1.4130165956231366
125.77419843082843,0,3.5256629204918952
125.9738896011207,0,0.13932906798450193
125.9841712622563,0,2.0973004632825454
126.04410265518304,0,1.772273409314638
126.14641205430904,1,3.1939361676645337
126.28019667830395,0,1.3235803724083066
126.46330208853038,0,1.5492768013878215
126.46740001992706,0,4.704082810664605
126.4723841764631,0,0.00870304484221815
126.62177632786198,0,1.3560412268751108
126.71181044648637,0,0.7823048658369671
126.72329815879296,0,1.100602316382891
126.74960018453652,1,0.24432511781639057
126.75070164692687,1,0.9447920735434874
127.01997422208389,1,0.07887515019412872
127.21828231099946,0,1.6752292409809661
127.40168388252576,1,0.01673471540075095
127.86709100151703,1,0.1385209138623922
128.01483208209038,0,0.09592597615576569
128.0304226241447,0,1.610930772460621
128.3384375293159,1,0.04989334754598986
128.8787546160141,1,1.3032803947698695
129.075691781136,0,2.0097323559311504
129.24195394671446,0,0.44913182458049783
129.25387362595595,0,0.8949664781445047
129.34550695729408,0,0.857580808553056
129.35706406696195,1,3.030193043590538
129.87328504395077,1,0.252722134058108
130.24167605023138,0,0.49226533330299577
130.24310905392252,1,0.6457486707298418
130.46933326441425,1,0.4728822270292533
130.55603585386572,0,0.514377722321974
130.61981322837804,1,0.39818339012310544
130.94247725726015,1,0.3494587547619854
131.209257924395,1,1.5984869139050395
131.3608676561885,1,0.23680156254305595
131.52950094699844,1,0.15744675604733277
131.68540055245253,1,0.36709525902902623
131.73302512949795,0,0.9299109665580736
131.78216983398374,0,2.5995575775027833
131.99409536129417,1,0.16954823727864618
132.31904407023637,0,0.03843310779360022
132.39549959141095,1,0.40726544924695307
132.46349071867837,1,3.116269572214689
132.47525970676216,0,2.228316559920603
133.2218868749345,1,0.8945123654777636
133.26609061508347,1,1.431565681013855
133.52776297215163,0,0.7110078678290802
134.0260179281251,0,0.09385286154837046
134.46535126117018,1,2.1593711269869273
134.69381329924556,1,0.3171829884310707
134.77095947047326,0,1.9562512207543725
134.805488564255,1,0.8936508527931928
134.8562313980469,0,0.7299300655344625
134.991184271911,0,0.28198955222214284
135.5541801166251,0,1.0842615929578743
135.64109036539787,0,0.04268530219726196
135.83855105143232,1,3.962830412031903
136.05302938348564,1,0.17687568809559684
136.12579677846097,0,1.5094615259674429
136.23268264853965,0,0.1318293623971253
136.28319361861242,1,1.302574764003133
137.84115884961022,0,0.11575502101515792
138.02377109513947,0,0.2597605970014487
138.28770693361298,1,1.2431528760192179
138.38586107899968,0,0.9508385822066056
138.8705254172673,1,1.3863058289123327
138.97377442611824,0,0.4860151663732476
139.11915562543868,0,0.04563703619103698
139.18393498661555,0,0.9139375838871555
139.3401783723418,1,2.3837538209044054
139.50308540708298,0,0.028085910700636825
139.73493860548507,1,0.05397197507746049
139.9298975102613,0,0.49681466096294963
140.01909572205585,1,1.1204837888025563
140.14532243819502,0,0.0011799799288375284
140.72305066573767,0,0.2515436186819136
140.77223411177616,0,0.6917280515844529
140.79294742833295,1,0.25272630031603105
141.01717853439033,1,0.17303960309338473
141.04276264193342,1,1.8409982133818796
141.57283120197664,1,4.165814634127829
141.5783961034007,0,0.01101947256757423
141.66250121282803,0,0.7089890903428108
141.70775085009393,0,2.3894610532903338
141.8440935323547,0,0.27238268269076626
141.8533097432037,1,2.0888085469306983
142.04248219204902,0,0.15811314933434176
142.30685858048227,1,0.8019805413330034
142.516986284145,0,0.011549410361855165
142.54097308975608,0,0.1359744671875864
142.672957256695,1,0.20285196550873008
142.92931635810615,0,0.493723997886307
142.96327629288282,1,0.5738508078586726
143.36950283989225,1,1.723336049038613
143.37415228151502,0,1.9354634206220813
143.4128973747154,0,0.9307270635763413
143.49286237336503,0,0.9785521056901131
143.56295945573544,0,0.7444806597848725
143.8357053233105,0,0.96765712337173
143.90536170431702,0,0.8706971035629081
143.94906199398326,0,0.10990546540904711
144.27244104499087,0,0.9947315223568955
144.28095527131916,1,0.1631176663078001
144.3795398118768,0,0.2810838134909531
144.39616628177006,0,2.954263678056557
144.46872547494564,1,0.9278832097498906
144.5498864438935,0,1.044044021330204
144.55087853467768,0,0.17201785468115496
144.58821871508457,1,0.19799655705688957
144.5976108250272,0,1.0896749074160301
144.7513943406287,0,0.4671093566817839
144.87281459954875,0,0.027698819692654312
145.41024204855944,0,0.08968103852486613
145.41987525273157,1,0.059518966492558695
146.01853065537628,0,0.20431281290500317
146.20816210342448,0,0.8436125936772154
146.2109874083243,1,4.265652888648556
146.45128977267285,0,0.30250216762957144
146.5068252719884,1,0.42240405718151025
146.5085723817751,0,0.23775958430788802
146.57643304404445,0,0.6232516738202979
146.68431701723048,0,0.7967306945473036
146.74631131217546,1,0.6546947365306253
147.30917847642746,0,0.10032194657310572
147.31555843047954,0,0.23296214522169617
147.52080832426213,1,0.532940236857721
147.58873043126655,1,0.9091425524974446
147.69291220343962,1,2.6440590195395264
147.7709194490822,1,0.056639776731876576
147.78969487020703,0,0.019746259443598403
148.23869198354245,1,0.16726566390286704
148.95997276506202,1,1.2293062163669757
149.6414977477418,0,0.2506002868320329
149.7043380789057,0,1.586682924668684
150.3172918161057,0,0.42012605741807163
150.34126100321416,1,0.19455253292230854
150.54924778892686,1,2.7461765165278527
150.5647899889928,0,2.855731524552018
150.60381152626405,0,0.08701675144358013
150.7607732874679,1,0.1092940673075264
150.83303047505396,0,1.4329707387941348
150.85086466444457,0,0.36299680414626795
151.02202163029256,1,2.564980320463624
151.36626056555156,1,0.7872077730478908
151.8387526572938,1,0.3131240610162139
151.86706454051114,0,2.461503430300294
152.07551524669424,1,0.6928919986181918
152.99735923550585,1,0.0006716039642016211
153.0082123315753,1,2.331555438411535
153.24306021407537,1,1.6100603297167257
154.02996537001692,0,1.92692318797195
154.25280951844366,0,0.7959882185303893
154.72651812811074,0,0.6014295873870084
154.82281139204636,0,1.370579954877309
155.44803200274734,1,4.596436561550315
155.54301638620825,1,0.9064695125342159
155.80148418927917,0,3.3333709190077547
155.80217566992619,1,1.1231138464410817
155.98399931405604,1,1.0889003474866796
156.13409831305728,1,0.001977255001875777
156.20200596547986,1,0.6323349989512198
156.57259791958978,0,3.385831844264093
157.27936994331745,1,0.4602044836868358
157.31486289912107,1,0.4218722788241756
157.50544490784904,0,0.16420018600817388
157.60947837070208,0,0.5085645506939626
157.6312248385521,0,0.7386597340818701
157.64580064835093,1,0.44181823345189597
157.779936730066,0,4.731138856634477
158.07054863429204,0,0.28517555470090006
158.19011898141054,1,0.34916008109739216
158.55482635456963,0,0.5408640109124905
158.696650528883,1,0.36522002435969225
158.75639797734775,0,1.3562243423066485
158.7927754026874,1,0.18305346431827296
158.8156391379961,0,0.14473867756025013
158.84997523472973,0,1.1762076700902773
158.8823495401535,0,1.3113974442972858
158.8873437828025,1,1.5965943900875972
160.11282552544432,0,0.49148989970653545
160.27642488471682,0,1.4287240365034026
160.35941583105452,1,1.1264313767024172
160.49541152506376,0,0.875103730184033
160.52884007874496,0,2.2066230486947
160.5290344639743,0,0.8913681963304999
160.6464886195784,0,0.4914390315841311
160.73941941000558,1,1.0955533540806057
160.74717156642834,1,0.1181184757830287
160.77954122455665,1,1.811907270805916
161.00497683610746,1,1.5861953058658793
161.02571540062772,1,2.2909503123472366
161.05202800033263,0,1.591047117077391
161.1017337519131,0,1.0712789248366215
161.1098146407546,0,0.16391415010326543
161.16606546348538,0,0.7405561734933155
161.39375719331716,0,0.5441561063382918
161.4474291346335,0,0.4710446763037453
161.5732158071691,0,0.1974733109661202
161.61393986877937,1,0.3496537945105916
161.68380907503126,0,1.702473270763078
161.90411879760268,1,0.01891650589440992
162.4853370101294,0,0.11597345885610172
162.6484810077681,0,0.7598301688110337
162.76099856984817,0,1.5201597452586133
163.08118052832407,0,0.518698906595046
163.10057597850474,1,1.3279141680845576
163.17840095174589,0,1.1563241108647264
163.35172370496088,1,0.8563520156547137
163.36635171429478,0,0.6723215877053198
163.65176682837745,1,1.6611681859440484
163.96819168012738,1,0.3444091116062641
164.5290754125678,1,2.231977221915441
164.90378478954236,1,1.3452338646570934
165.18133033850842,1,0.5965478367476854
165.5841635286537,1,0.7120677970501076
165.60635820188668,0,0.32129576119222764
165.62152551726115,0,2.3030832199929443
165.8537922959584,1,0.892816773984434
166.30713347592965,0,0.22818093396859015
166.4518190974235,1,0.6863428419523326
166.61233665223907,0,0.26956575392486337
166.764250049186,0,0.017981871053801265
166.8869963279775,0,0.7851409081860987
167.02830489916954,1,1.1455227688942686
167.82604197847135,0,2.361449167540769
167.85220242267653,1,0.07159210915096516
167.92142599626797,0,0.33706311333949107
168.20734114958546,1,0.14739979914921772
168.2653632066121,0,0.5882323230818595
168.33578647603642,1,0.82740875609274
168.39737871825758,0,1.4792321999534368
168.41035182151745,0,1.8500956041747103
168.58788963743964,1,0.6487477916317077
168.67315272076638,0,1.2915270447032974
168.74936021585808,0,0.24442980711103812
170.05143651555656,0,0.8651982616915814
170.31376215486827,0,0.7271204830947506
170.6047997284266,1,0.5778421373099467
170.74772088044693,0,0.8655004982993191
170.7524757993018,0,0.7799284684233323
171.02439935879016,1,3.460850707215007
171.17191445386823,1,0.5920749156776831
171.29061163355172,0,0.6218182508497538
171.37815096696528,0,2.271099292230752
171.41132660648663,0,0.3857629194494758
171.4166629625167,0,0.7377256928373127
171.5348225534121,0,1.5539717159843112
171.60398134229698,0,0.20810100560528438
171.6999377614628,1,0.03312397417785303
171.7912900007115,1,0.15161060450697303
172.1703750288005,1,1.824086635598395
172.34434788758512,1,1.2538986792067388
172.71710340730968,0,0.5786301787625515
172.7747769607994,1,1.5327114145633796
172.89704345594998,1,1.181982112208501
173.0016657619207,1,0.8476751464629275
173.1414038964358,0,1.61692769564344
173.32799061252368,0,1.128196231857481
173.44803427870684,1,1.2214923592628948
173.64410215009144,1,0.9303606227782029
173.7824739246129,1,0.7003125252018454
174.026397541186,0,0.5895120409880158
174.10319796999983,1,0.284318103600645
174.13103010359063,0,0.8145532063069643
174.5707186673648,1,0.19476755272318103
174.64236317081523,0,1.201276644096355
175.0863567467279,1,1.3813692084094609
175.37481288413662,0,0.0737694882477029
175.4385634230795,0,1.5724973838258913
175.51520615893244,0,0.7003176873230517
175.52768343736471,0,3.6224362856172045
175.63676820688224,0,0.08284435024924014
175.6972065343274,1,0.1844465399929863
175.85820880321702,0,0.3375116137060865
175.8677517376367,0,2.114607337611635
176.0466653134843,0,0.35673610344230233
176.05014216112892,0,0.8711337224738469
176.120217458177,0,1.6247696739133297
176.14012074796688,0,1.2802351133638876
176.15510424586824,1,0.3156957973506994
176.1972039416146,0,0.8953025721855978
176.4337918335369,0,0.022255422463849546
176.5963946915784,0,0.7951640035226093
176.77096649129393,1,2.101978477181363
176.78160786643073,0,0.41338032876131314
176.8766802910098,0,0.7221953179042876
177.01562826924976,0,2.810333712440554
177.1243314287658,0,0.7690157185971697
177.27323222853065,0,2.305408317400358
177.42995537506027,1,2.3619134699877216
177.55430748104413,1,2.663623379999503
177.63662674767966,0,0.6827202256429745
177.74261121365345,0,0.8590562025423257
177.7568346120456,0,1.4575110716447899
177.8745357269009,0,0.9409248372459535
177.90491415532244,0,0.5540454317992889
178.04686844762327,0,0.9944861877161575
178.12194037749302,1,0.47937342358259877
178.13485101866374,0,2.304289886279136
178.16354995104203,0,4.071168544071002
178.4061349990516,0,0.9860698928108728
178.4864348441386,1,2.0723861969776105
178.644144947159,0,1.0682398295452014
178.78799881323008,1,0.36130780979170785
179.15757164730812,0,2.548100501458255
179.78462448749482,1,0.3381696234446415
180.05063472134725,0,0.669841756345669
180.16809181306715,1,1.3315420608005808
180.8905678612152,0,0.664042350183049
181.18431902969013,1,0.6414396428606047
181.2694206335997,0,0.3631035378121073
182.0172354994859,1,0.9006484972580917
182.18465079134552,0,0.12033959751148583
182.22829720121138,1,1.2599043836657922
182.30750744398833,0,0.1881517495512844
182.39187972922937,0,0.1724247244118089
182.56584749482917,0,0.8866630167595678
182.8920178388366,1,0.6383028657374947
182.900079080544,0,0.9156040318977786
183.67776816414886,1,0.4222142572487182
184.02222352824512,1,0.9996606896446236
184.3571135455816,1,0.17501960865814156
184.4566741768164,1,2.5293766605384365
184.46751617754907,0,0.3505052587980741
184.469845742284,1,0.8743887535433724
184.62031438787588,0,1.087626402151251
184.64488139448724,0,0.9299440557426594
184.66065511537812,1,2.680477422083744
184.66743756396465,0,0.03343592366432077
184.90553721555236,0,0.19968819392765644
185.03142513472886,1,0.20964302504706156
185.24767203860617,0,0.05263686072854736
185.2679442121049,0,1.9257836765816645
185.43724098130625,0,1.14595148800937
186.07787873930587,1,2.2195558424010953
186.08781713073057,0,0.5064187692710066
186.20847977273147,1,0.4321849041161498
186.4148263874729,1,0.3618139554370807
186.7847547671909,0,1.3873529207945452
186.86942872566405,0,0.5836296055515809
187.33448262339658,0,2.2973617303624017
188.25587235032805,1,0.7861566053024854
188.415822359931,1,0.34050834219282883
188.56253036964955,1,2.2491059474790815
188.78376481085985,0,0.07567402808284741
188.86488716130378,0,0.3383859526487627
188.8687933575951,1,0.484581975534556
189.05749336188836,1,0.838166171938168
189.40318971402831,0,0.11243440345237848
189.45012230348314,0,3.0876199647249494
189.61477608689864,1,0.4330120966494755
189.89527125204685,0,0.6684624167933951
190.07911963809417,1,1.6776665217619993
190.2314408290187,1,0.006098960570052577
190.43037312150395,1,0.4237338082279379
190.540953831458,1,0.7945037940488059
190.55745243876567,1,0.009709678882653531
190.61836014045372,1,0.03627025445354903
190.89675503468186,0,0.9691837305960374
190.91765408549898,0,0.32836635866547276
191.05891512408036,0,0.8938177638477608
191.08435073451997,1,0.8835777601501263
191.41270547088845,1,0.42186379020350656
191.43643151814203,0,1.8710785594412436
191.72594577685612,1,0.7541659850014523
191.8521901189282,1,1.5841981366312554
191.865004110269,1,0.136142928920797
191.96959857783867,0,0.792693962447721
191.98527891467432,0,0.8975803232005409
192.01433898785154,0,2.194118775503275
192.0435512922331,0,0.790843542354127
192.49772005946951,0,0.8854113809289357
192.6281886707376,1,0.2964479972078664
192.71807560915872,0,0.2296538026768403
192.94442524461647,1,1.9397163675879252
193.18042793015044,0,0.16691545925096
193.24640174919233,0,2.645980829981084
193.25079521084606,0,0.6814679438552745
193.29537420428125,1,0.9761323878993502
193.3025770112116,0,0.10389727041567409
193.41098798937418,0,1.3067459459244488
193.4822404834329,0,0.1602844152618607
193.48896041570737,1,0.1372808513369739
193.7441896219116,0,1.6999084372112083
193.84659367241218,0,0.06826718552350808
193.8777667917046,1,0.17635047773441462
193.95516795790746,0,0.7874047177723137
193.96117982231206,1,1.2645217783446858
194.07073168967017,0,0.4005953637351963
194.1438393554472,1,0.8571185220542401
194.22553289730004,1,0.02888362055720121
194.24995157736862,1,1.7654221077166188
194.30105254540533,0,1.186738908660517
194.3818240190914,0,0.9021420104656531
194.7637614122375,0,1.7349015691207441
194.84161151899795,0,0.15411901101557163
194.95874083161857,1,0.7959616386483106
194.96843152108045,0,1.0898459345905482
195.06066646481554,0,1.6795768187464128
195.1846552612408,0,1.0436234662788562
195.34167901327797,1,0.39516155632995115
195.6745751366398,1,0.5777703515843431
195.70964950169048,0,0.7424206444942826
195.80352135168422,0,0.4195953344149032
196.20302275801245,1,1.748940626836509
196.38959164343814,0,0.24416676440147586
196.76420358305654,1,1.1703336755582663
196.84255128399474,1,0.8223292540768454
196.86919475994478,0,0.045167910706061506
197.03355340255922,0,6.348892842695397
197.50999763764784,0,1.1846361838828965
197.51086226557004,0,0.9915399802048295
197.6993903486713,0,0.13368088610685064
198.04369989000392,0,1.821699819268219
198.04753925913923,1,0.1326199087891354
198.18230183911018,0,1.962366104316152
198.242028273888,1,0.3208327070870007
198.54576322631007,0,0.1686851575199972
198.75321664705265,1,1.6886954227945412
198.8707456846961,0,2.760022837706215
199.19667528935452,0,1.571704843139361
199.37393297968623,0,1.1918166642927308
199.55978524103998,0,0.17616791983926058
200.20026997743003,1,1.0526062298153693
200.25608770195316,1,0.5833766055917902
200.45363088179406,0,0.18418244615684176
200.57762081465438,0,0.5138897105386929
200.6187477314114,1,0.6793244261865544
200.64788413862848,1,0.2608072271182468
200.64994410326705,0,0.508529455036472
200.83358587884246,0,0.40734306274446946
201.18754817887844,0,0.5227511955716353
201.1881743722044,0,0.3089334545169783
201.22725057926542,0,1.1986151226939845
201.46125269466177,0,0.9128265676199098
201.72099993362164,0,1.8003868841357176
201.74536677079166,1,0.2597948333539565
201.77313714653377,0,0.9178351490497932
201.903351681906,0,0.19712026569870023
201.97569677038783,0,1.2775129735477653
202.0137532563742,0,0.07946626014677384
202.09754776818664,0,1.0788949742639389
202.27812787335716,0,1.540907451333673
202.5797163667896,0,0.9499628322671699
202.60623270557338,1,0.39299501904400097
202.8392641554821,1,1.6450448821928634
202.93132138638637,0,0.3515443658131135
202.95627374802368,0,0.1074862037353956
203.1516191015694,0,0.6204645873099564
203.83652319422686,0,1.1916267118215513
203.85937437769635,0,0.7803939991664922
203.91574335313467,1,0.08702980454611807
204.18114532956517,0,1.232344664946266
204.34878105213923,1,0.42203966303060225
204.66427187640946,1,0.2098804203642394
204.672503027276,1,0.37675224191215795
204.75131629393863,0,0.07795069471548309
204.7890056719324,1,1.3039292723253233
204.81351519739914,0,0.8336049299277085
204.88456937157778,0,0.642649713264724
205.05925921993833,1,0.7294272640470897
205.24418176046814,0,0.6425398143454405
205.36737425010858,1,0.07302673610041734
205.6809694833492,0,0.01137534371188546
205.73945439586416,0,2.360986998432077
205.82207199988457,1,0.2364518518389436
206.3154716809946,1,0.5367996406525251
206.58148218861868,0,0.09342913549143807
206.66701862026926,0,0.4628096165536768
206.72780095396908,1,0.3104318641684106
206.80594121716578,0,1.3205605970971563
207.39263515530513,1,1.4771461815738933
208.30819936560138,1,0.43323659223421507
208.31994597812567,0,1.1088222850849183
208.55351835364453,0,0.8174978736916984
208.78021540033447,0,0.27486022187348713
208.8693621114719,1,0.22064136057711353
208.91709323397012,1,0.35818224753325084
209.00447602980694,0,0.11418116424682961
209.20975256765342,0,0.8029452333949236
209.46824774131474,0,0.4921395138341769
209.552875395189,1,0.7197892775737003
209.88260763156043,0,0.12016531878152502
210.1990149642404,1,0.1008210676871946
210.2299494720638,1,0.6078242168915731
210.62754395753984,0,2.258143167799992
210.73431164320743,1,0.44411996738932635
210.9246301850525,1,0.9137852349122941
210.97184572353808,1,0.7499223411079959
211.10159945214863,1,1.116395752943201
211.1501205608144,1,1.1702121438743107
211.3453571803629,0,2.0561390992254953
211.6517447916848,0,2.389914475602457
211.83492854186682,0,0.30500011359241447
212.14309303692397,1,1.4689636201653542
212.15369189540223,0,0.3216492443224702
212.29073229704164,1,0.4748320962827047
212.52276924134932,1,2.091664217868681
212.62575309114158,0,0.3481256094520466
212.9369036864806,0,0.5333438160553773
213.04086920721986,0,0.5127494731888397
213.0872171504562,0,0.845672734494447
213.15744952777695,1,4.384431506924747
213.18835347986533,0,0.7976786505058566
213.65891082408845,1,1.2941906778848444
213.76649728136826,1,1.340018067437581
213.85843845586015,1,0.3103911184281151
213.91776365929138,0,0.24832318491082242
213.96558376919916,0,1.0890843725029056
214.05694612302648,0,0.3716815316548354
214.07752989451143,1,1.2216096066686526
214.11631882248207,1,0.534321773736082
214.1966939358919,0,3.3630899184591074
214.30142747122852,0,0.9075251203191504
214.31382094376858,0,0.2054612458279262
214.35402722987055,0,0.021762393909721196
214.52440978508588,0,2.6679647774727315
214.56982370596285,0,0.037027684958356566
214.65262961448428,1,2.5204377554798167
214.76936514171499,0,1.1798456172618281
215.03208920142328,0,0.07624667034803526
215.3052675367581,1,0.28639352454639955
215.3482887325677,0,1.8496428326791574
215.4135766143531,1,1.7643294952135757
215.50636372967105,1,0.8985492985659904
215.52214761322915,0,0.03399936671119401
215.99986904807346,0,0.43009936774459046
216.03981191598342,0,1.8954063497214853
216.10972309303176,0,0.9734845184534869
216.173164071821,1,0.4192333548887206
216.23183962623915,1,0.6643276974509954
216.35664771641785,0,0.17371435766446924
216.3926265435364,0,3.2079107347770237
216.40794279835924,0,1.2335928418277866
216.43878084155781,0,2.029766606221044
216.49439557800792,0,0.3650917139692392
216.51181486055916,0,5.23959257079693
216.6392914081244,0,0.7120359065557533
216.6764475799108,0,0.08680321852354635
216.9475663546884,1,0.2958369657355697
217.29307401167512,0,0.6883642973806982
217.42811586897815,1,0.3696426438982576
217.67547970292188,1,2.5169828572960675
217.88858377395616,0,3.034400697859698
217.96729787997367,0,0.30751644290277086
218.2604067223209,0,0.49581552011171004
218.4665573994391,0,0.9492622731794996
218.5771387022856,0,0.5132370763750755
218.80672422582575,0,0.4368566994799731
219.0746035497344,0,0.19166018274451366
219.12426767493406,0,0.5702367558229039
219.29796277014088,1,0.7921528876457967
219.2992601552304,0,1.8059547365042015
219.71032472204294,0,3.212403532255747
219.83046425344614,1,0.4539590324284676
219.92569269564382,1,0.5698624566772804
220.01232971863655,0,0.009124510408510547
220.03448591154972,0,1.4903712967565816
220.03911628340666,1,0.6338127757321149
220.36579076790832,0,0.49017639266915125
220.873498381659,1,0.13454356859666533
220.90321176382787,0,0.011993772925852844
221.2218663143881,1,0.6673449711182791
221.2224835470079,0,1.9253604485596787
221.22782564796606,1,1.5271582966380752
221.5042844655131,0,1.5225233492442092
222.12946471308257,1,1.5854786286542568
222.14230775325996,0,1.990277004464349
222.28487922479596,0,0.3730833287127014
222.32745316273633,0,1.079737257437417
222.5313047741075,0,0.3974098553623495
222.6213651749959,0,0.21745481709868705
222.64308238505257,0,0.06965399407425706
222.7951963397565,0,0.004511336177311732
222.8693872975674,1,1.9760614637829153
223.0014283792326,1,1.0629553831063125
223.01357707273303,0,0.21837279964978015
223.11869161762027,0,0.12287267662987787
223.29774260050166,0,0.26998212884725664
223.304955716893,0,0.003967721364646993
223.9780394916628,1,0.9035484902530383
224.03398979881604,0,0.33964224960786804
224.09881450440483,1,0.9829161918936228
224.1177530242237,1,8.371243539011614
224.21648262391543,1,1.0102286825186442
224.25970649283337,1,1.2385344271379632
224.39629088915993,1,0.4435905330294018
224.77252748691484,0,0.04977961464678428
224.9901890593991,0,3.336066829856962
225.07179875468782,1,2.23979360788339
225.5362807258779,1,0.8174230406276536
225.57479822089508,1,0.5167615060525534
226.03706181290738,0,0.42783198356132
226.12293869790858,0,0.5298845841014159
226.13591560277027,0,1.082275677193754
226.14865787037317,0,0.6633701208803616
226.19017460989133,1,0.034226410201426555
226.20696595210666,1,5.968079876673247
226.580786106504,1,0.5770983950985344
226.6348947008334,0,0.3543629836901192
226.75294392057486,1,0.5684503644114484
226.96041115838642,1,0.18901540759868743
227.10974308544843,1,0.807267223581481
227.42492526299594,1,1.4789332368004051
227.57895972082434,1,3.081095442390115
227.73515278292717,0,0.5635763152250111
227.89327437873933,0,6.92883657957707
228.60537743846055,1,1.0375985490164377
228.69978258777576,1,3.4459600237091217
228.94122917809642,0,1.0283770674318018
229.05017963210932,1,0.49221746141912665
229.24007652782058,0,0.22003235583761147
229.45739673663968,1,0.2623429831285141
230.30401836817651,0,1.0808293835799228
230.49458293168914,1,0.04754303297623286
230.68248778712115,0,0.38781098931204583
230.82416852944263,0,0.29397282190840346
230.8536202975711,0,0.9187388576260208
230.93804742406905,1,0.25039884191634554
230.9485879167974,0,0.7355374139340736
231.01618662725545,1,0.003911518422002577
231.0651428774852,1,3.6008360699549016
231.55442251561047,0,0.928564997986997
231.74501087413836,1,0.09313440485445187
232.39025147453373,1,0.5741508263102948
232.442821600636,1,1.368502709583119
232.72789168402068,1,0.5407967255133982
233.28418603565407,0,0.7315398258595252
233.45665340666437,1,1.8143633531525978
233.5490695504744,0,0.2267394186076323
233.97183003582464,0,1.292417727429873
233.98919337441075,1,0.4313757981374917
234.08064862569734,1,0.0900492799847603
234.34127861345712,1,0.5099078736314832
234.4818296675115,1,2.1719771841329325
234.48196509421888,0,3.300715695838614
234.8283847368335,0,3.5841241615787904
234.9781338641071,1,0.29156672241512094
235.18608691909398,0,1.2067716681624863
235.28529329293687,0,0.13680236669339885
235.44159883670966,1,3.192677765018099
235.46465622076653,0,1.009560227107027
235.64344109427788,0,0.4496440867187052
235.6723626706177,1,0.10895962770650473
235.74596278578446,1,1.1649161497645464
235.8382086092755,1,0.29166524603495275
236.1147507351186,0,2.673214152797342
236.56366180482948,1,2.76169520392069
236.6233531585048,1,0.019019953248815977
236.91082817559405,1,0.1691939424627548
237.2047973852001,1,0.3693568562787274
237.28172075257126,0,0.6259399372964835
237.29174155656779,0,0.40199101133405546
237.49821082761483,0,1.0377937041799847
237.56658008890062,0,0.08416584236551615
237.6159892659069,0,5.0975607798925875
237.78383422866304,1,0.4683850071649087
237.78556265719988,1,0.3410073130652172
237.80240210050718,1,1.3271458524223243
238.07863228830155,0,0.6849498075830812
238.5317433175682,1,0.8137199523139017
238.55210846642424,1,0.4738228931958479
238.71925542357857,0,0.48009600470993097
238.81079664423416,0,1.048698254130338
238.8464145562172,0,2.1646042596346344
239.1921796462452,0,0.05528848420066199
239.2662325162761,1,0.16120248102990029
239.43755159730915,1,1.09536560374941
239.4537732355015,1,0.7445738331270471
239.47898132357687,0,0.5405931266774429
239.72933460598975,1,0.7294458676164133
239.8840717492145,0,0.5041748665096705
239.9078946215744,0,0.1581218861171328
240.4891434428228,1,0.06884057549861322
240.5805087505734,1,1.4628689574292284
240.66350367983938,0,0.5264859282943394
240.71628421609603,0,0.9146294060812741
240.7572543773557,0,0.9776873790146515
240.79009067283684,1,0.818778414933542
241.06059260239837,0,0.7199725446387077
241.14163826382483,1,0.16216268757569424
241.5605234724405,1,0.40927707418083153
241.95144727580688,0,0.9077612288585866
242.46007865719656,1,1.8618637999034426
242.48981806245587,0,0.02861806349116037
242.95313600919073,0,0.07081672555766017
242.9784119135505,1,0.9251420268345715
242.9796231478526,1,0.5236613685254027
243.02326506872896,1,0.08187837987619503
243.04596917702804,0,1.156336036495963
243.05499268848607,1,0.7433119733029916
243.08142146758647,1,1.554434178870922
243.61585902376757,0,0.5418716533233613
244.0191506039536,1,0.2557829185269922
244.03276044083572,1,1.585858824456674
244.14361024466422,1,0.08140609936813833
244.28771130076777,1,2.8339542673144034
244.34754730904086,1,1.3022760377516198
244.77921245030555,1,3.0947276356252233
244.90763341578364,1,0.21401515956080164
244.95339783749498,1,1.7022613673381226
244.9620394301673,1,1.3744029191424474
244.9988929803199,0,0.051707330375393275
245.05536083209253,0,0.9918621893614907
245.56099563364398,0,3.379144400621809
245.5877791639242,1,0.632193465079698
245.68964667260062,0,0.10968276951073713
245.8022893203717,1,0.15304600197326126
245.8714436832945,0,0.6054183546232509
245.91404191010264,1,0.4794054730762589
245.94348952416578,0,0.6260605988550062
246.52611071873082,0,1.680642149073964
246.72078302505977,0,0.633123995682573
247.01661496388408,0,1.5690848714000316
247.03363903307746,0,0.07914805481110862
247.0413188974498,1,1.0432773793287138
247.16624335478116,0,1.1997725892580136
247.443984071855,1,0.6384663908163895
247.47176311636412,0,3.3188966751677667
247.48978338563396,1,0.6373354006060666
247.50945844847558,1,2.128318089607988
247.51840818182558,0,0.16870575161924733
247.52442755172618,0,0.2918994137408482
247.67716943633602,1,4.1468910374113275
247.76489651702897,1,0.03363762301120229
247.8409956392753,1,0.06095383968284264
248.05742486169703,0,1.6177813218147632
248.06178060102962,1,0.9708148319242936
248.15257474702173,1,0.037273958924188715
248.20991762620267,0,0.6036485412763266
248.2813660987094,0,0.19711426489039033
248.29275815706075,0,0.10110968755242437
248.29597687144866,1,0.7333114939050622
248.30091647884444,0,1.4077079434965394
248.3216330648772,1,0.5915965210079536
248.39345039124885,1,0.10951712219503132
248.61631074089783,0,1.734212796715043
248.6252151623051,1,0.9466347719198657
248.72559040351183,1,0.33707725836564173
248.7925638346249,0,1.571863881291105
248.79637090020415,1,0.620126156790812
248.86871583872596,0,0.9980476746046897
248.87322333607005,0,0.4669845351195926
248.89157439868322,1,0.31272400845598275
248.89552126227707,0,0.5325174273140693
248.9324262867743,0,0.5214558006339923
249.02936794994986,1,2.0406186092773373
249.1088538192323,1,0.03500940677689437
249.1551712546912,1,0.4408618503128041
249.25207728263987,0,0.12480041370532186
249.2648423951581,1,0.571205288752651
249.27366331052696,0,0.0261583928908959
249.2855654678119,0,0.2982680157532962
249.30157762021895,0,0.8600567706549211
249.45489438706466,0,1.953945394382302
249.5579404622825,0,0.2519658469151845
249.61091940377307,0,2.830302090143747
249.65298043462997,0,0.04881855559859643
249.68812296444864,0,0.1062787231148085
250.01878235431988,0,1.1237743348977012
250.15942792225022,1,0.6781851089093245
250.18753355763513,0,0.13853139969058867
250.5084816310457,1,1.5040186594693388
250.57801425541896,1,0.02049396114103277
250.77261780472014,0,0.2440155458866284
251.06012553717702,1,1.055503999250459
251.96048596313847,1,0.21272732308513898
252.47611981776384,0,0.4936999840954053
252.4966421337784,0,0.40900428203142875
252.50226226076828,1,3.3676227594840213
252.52673303447256,0,0.44030286585984363
252.5283906618617,1,3.2483637631977618
252.575050597428,0,1.3145138896779922
252.73568044712545,0,2.686489016755688
252.75283884959117,0,0.7141926936973482
252.76892236300336,1,0.732568443631264
252.88351861530415,0,0.41964516286359343
253.04489212912873,0,2.222935736780224
253.09020141878273,0,0.014678794528460383
253.1178417200375,0,1.0375623376752083
253.24305925916613,1,0.0683910725804543
253.24786317312828,0,0.4840080256344549
253.37581881941003,0,0.9011169658703421
253.39794294365603,0,1.2919873242627349
254.03969298126725,0,1.5874532109943533
254.0810586336936,0,0.7116938182501725
254.3448586697281,1,0.460728156465695
254.41958263988283,0,1.632883821187623
254.49755672734784,0,0.8796992443420959
254.65549266132194,1,0.0007390399015904571
254.66768828811846,1,0.28788940604054575
254.69187283628892,0,0.025664069132105265
254.79489945654697,0,0.45563657908693367
255.19903810578825,0,0.6283560182209665
255.37368793808213,0,0.6731038017349625
255.403320218388,0,0.731493102684631
255.64001234527976,1,0.978219942982434
255.9348167043853,1,2.9864710338169664
256.0255307237426,0,0.08488942369779201
256.04613280842887,0,2.316469598126138
256.60186791908404,0,0.6766150630870374
257.2500340002663,1,0.27395448705858527
257.3035437352984,1,0.12340398427770802
257.50102219385576,0,2.560531073610719
257.62302981132547,0,0.4276290188507756
257.6318655393814,1,2.150179417408429
257.7089731180193,1,0.1594023182006024
257.7840575903564,1,0.5022702657907244
257.880991971407,0,0.2523306027431728
258.2105741024888,0,0.29664648378036745
258.38446481694933,0,1.7645582142386043
258.48124165731514,0,3.3627174387979712
258.48157845047814,1,0.7764553886562549
258.55502399728135,1,0.49368007594793856
258.6600725499032,0,0.2100244408949367
258.66976199765236,0,0.6022890681678966
258.89429477498913,0,0.8527510539779055
259.09333169423695,0,0.4997690571860078
259.12448254990875,1,0.4686196795270354
259.18812195254355,0,0.08331410100935234
259.3678621149946,0,1.8544726761994696
259.7074569347173,0,3.0406539964406507
259.78264989050456,0,2.6961913714961243
259.81919520595824,0,1.4670688056545909
259.87237902546144,1,0.04752183560002963
260.12443431965545,1,0.029424484524330063
260.13557164578725,0,0.17249188208350466
260.15205456372644,1,0.053310151158534214
260.47467979340854,0,1.1014742583537827
260.6400360121305,0,0.7246640303581459
260.9185010972979,1,0.5545646733777319
261.25396789026246,1,2.6973774398864463
261.3415435324458,1,4.959818741032613
261.53116993249483,0,0.8872925980602006
261.79527961539986,1,1.7155486451713906
261.8701322831713,0,1.9511702546291816
262.04731178038753,1,0.9508065618896807
262.12160420904917,0,0.5959118351675387
262.1568908946419,1,0.33530047558902343
262.7128143732903,1,2.044208070793465
262.91413155475186,0,0.6697181321916671
263.1549796322505,1,1.0883821180466409
263.40376815715075,0,2.1395595678585324
264.1329599923025,0,0.5097369128003134
264.33059697291384,0,0.7058137931241505
264.5352346866119,1,0.5090338502217584
264.7146217923198,0,0.7014844677943601
264.8278930733017,0,0.18576560561622013
265.0382135340897,1,0.4063572614374728
265.1002363702126,0,0.4179253642077943
265.239399081809,1,2.1666186121802737
265.2460529957209,0,3.795783950001705
265.28565579234186,1,2.660345169825074
265.356031010535,0,0.9272086199891517
265.5361257154996,1,0.7910460300793346
265.62518685411675,0,0.195439753121178
265.8127947084495,1,0.5740282824021565
266.0466374763405,0,0.39900842562132455
266.0476022725503,0,2.380362403980345
266.5265562773551,1,0.7399033835610729
266.53011018304557,0,1.8190092402747118
266.60581005250924,0,0.1687416236572678
266.84441796803367,0,1.3858656386994348
267.047024122808,0,0.19584901412398156
267.1259522760901,0,0.08764329537409321
267.37780514062814,0,2.847502474236887
268.2511837217911,0,0.5820299545498655
268.5739603952877,0,1.0901361241614456
268.6667656820407,0,0.16181422639757698
268.998100608505,1,1.3089953520020214
269.3201802458851,0,0.2627722123486558
269.50796737179303,0,1.0692467106710308
269.787177571491,0,0.3173655531582234
270.07951418266435,0,2.476766853704964
270.18259943248904,1,2.1541871780041215
270.28803015449245,1,1.6185464965579328
270.34672578454615,1,0.1443286797438041
270.4267639427008,1,0.29340110692358595
270.742575665577,1,2.2965723905223694
270.89583335218833,0,2.062766514504217
270.9592567714615,1,0.4456915870133233
271.4091604836229,0,0.42312037106725153
271.46160650148255,1,0.8386303307066616
271.6585100508064,1,0.06652037118931178
272.1286609732293,1,0.6885759323193408
272.17064324579604,0,1.2657208044261152
272.2571377148508,1,4.52029212854107
272.3001086548351,1,0.4741367166032729
272.30429289650476,0,0.01875718184301664
272.4375588097055,0,0.04541604728017371
272.5274804304947,0,2.1669764937937788
272.62690523134654,1,0.6087871550904755
272.7923626846069,0,1.1051550394956648
272.79759029616906,1,0.14256799311676913
273.0633773819167,1,0.17079201884108497
273.1416601600203,1,0.29657384932195124
273.36985620505186,0,1.0572800890376663
273.38400522961905,0,0.34267218558504065
273.5190663740757,1,0.5976546865432141
273.6398614721694,1,0.4444643730881605
273.79977461765793,0,0.20645990747816068
274.5511499328128,1,0.23067173870556618
274.8522533471205,0,2.685119555645955
275.271137359377,0,1.442272586540245
275.53802897127304,1,0.5487959925438614
275.55205123066884,0,0.7140807798353958
275.55656217350065,0,0.1569799789578306
275.7765702329216,1,0.2598273801205891
275.82805228134794,1,0.6237578981802535
276.57356611411376,1,0.2047623588297066
276.75871859603706,0,0.14267449587480552
276.9574581144616,0,0.33255939959514946
276.9581706878657,1,1.7323264736532014
277.02883209600157,1,0.023376304690118036
277.50036658855794,1,0.483481091816839
277.5781218087095,1,0.803442280228597
277.58227960745995,0,0.7704700317035612
277.6705481474748,0,0.01797625346259455
277.87182013022937,1,3.220007534858221
278.08796407548255,0,0.5790116258757722
278.2250256460509,1,0.287075665399486
278.30916624173545,0,1.3769793308819895
278.3371105579614,1,0.6074236966313701
278.4418764659653,0,0.5854060256910394
278.482009496078,1,0.3939448494886752
278.5783874809437,0,0.3094824818415308
278.6904350426369,1,2.147841663423034
278.7399505711562,1,1.81731428670492
278.8428832552014,0,0.018097395224513892
279.09224673969254,0,0.31629081716211527
279.19657692231453,1,2.054780381417598
279.26326800064925,1,0.13458796611557225
279.59773522834814,0,2.1710008573107027
279.8424911608412,0,2.5009889344298086
279.9118409339993,1,0.4484679213248094
280.23316037120964,1,0.6904459569883559
280.5520782580729,0,0.4169033174714198
280.63717152066044,0,0.17670436750444682
281.11304851608816,1,0.7765558172647725
281.1712726532561,0,0.6942715219212702
281.1737249000284,1,0.39360142285592015
281.37296722077724,0,0.005822042409591719
281.4008368064855,1,0.28103178254727934
281.5263278191147,0,0.1481792212249398
282.0365110606564,1,2.380187612736498
282.16879900048224,0,0.6754021031234183
282.30993232293594,0,0.42770469261327715
282.4222014150802,1,0.3470867571809746
282.48080393690213,0,0.7807673160121126
282.5399309761775,0,1.3119266511644874
282.6929362964186,0,0.6610902098043121
283.0136491531351,1,0.6710860502899949
283.04801191005873,1,1.966454569491144
283.11483767233244,1,0.7993591247105362
283.27522550278104,1,0.4193383357987401
283.34335498713847,0,2.878043831675509
283.4547653515413,1,1.8928039153253775
283.9120498377882,0,0.24387158200345974
284.04937179364856,0,0.45009619093812764
284.24588953297507,0,2.2762296831845696
284.5814797937551,1,2.1100761662436898
284.58789075895925,1,0.8993411051563407
284.69206422290836,0,1.3159137859436765
284.9648459419565,0,0.8957459171021113
285.1946420148008,1,0.4320139959198008
285.58333300359,0,0.9419013663647497
285.6460022976318,1,0.8814810446294249
286.3044107432446,0,2.070134032601399
286.42660513949585,0,0.13567581796008923
286.4502736409986,0,0.07592501262037524
286.97728818486723,0,0.0318252834365663
287.07572389785884,1,2.0244440252607347
287.1479942209003,0,1.2341191684090353
287.17463176519794,1,0.04669874559652117
287.1802794376017,0,1.9939940256190523
288.13986531632605,1,0.9575550475293038
288.27209108393987,0,1.1178747637150286
288.30609133336185,1,0.06998999765956204
288.4373674887049,0,0.3137754752862319
288.6967849284683,0,0.2373912205332319
288.8530813595758,1,0.5088040114663045
289.0435607067827,1,1.4009158380095323
289.23803761839264,0,0.7185802464401471
289.3508372658256,1,3.1439177158036116
289.3842744866672,0,0.19497420761619136
289.4112356482683,0,2.2991015366376377
289.4850661024218,1,0.9183307353194468
289.5699249143898,1,0.7933790760961161
289.58326382739745,1,0.7183952892162294
289.67069309768726,0,1.116314911652275
289.82671756613644,1,0.5614906378512392
290.29725964088755,1,0.93029955749586
290.3313477065748,0,5.3475989869843294
290.5959260442089,1,0.6321336817695923
290.6108759279135,0,0.39652466199224173
290.80494331673077,1,0.5468647018555807
290.8205403950923,1,0.03546271524224576
290.8506463785284,1,2.231171545596576
291.0877847603119,0,1.9196137100502313
291.2230500622016,0,0.2326854971639798
291.24121004731217,1,1.1277403074289813
291.5603430679345,1,1.2990258073836711
291.7105327639092,1,4.452674628242152
291.78735232452414,1,1.374245685666329
291.9903710426234,0,0.9930270581075807
292.0159829321809,0,0.8908257393865068
292.0401600357186,0,0.06435164567219501
292.0424754414677,1,1.6243301476875773
292.0995384914713,0,0.7897783169968995
292.2052601606422,1,0.7871185758432652
292.2055157715901,0,0.41948307430437126
292.2749970249057,0,1.4188999400503957
292.39456498004864,1,0.7645987450216858
292.49837985250565,1,0.3720599559821997
292.64861248827987,0,1.42445057981409
292.65543775364415,0,0.1510360554259491
292.76106084606727,0,0.159153682208992
292.8976464857714,0,0.3602099947611453
292.94562040729744,1,0.5354974466816362
293.02967121741733,1,2.4008382406097377
293.0726047419813,0,6.131964967828246
293.11965138633894,1,0.21410205461854293
293.2942018957369,1,0.9686652567707048
293.33675893858293,1,0.9331639637525891
293.41419382461567,0,0.268281329933481
293.62155955011883,1,0.9213473198461447
293.6573176325149,0,0.3497981466776073
293.66109720986265,0,1.3901220363796984
293.7199767907983,0,1.974528186963899
294.2138027382919,0,0.9099425882282476
294.32645696007756,0,3.293923166937344
294.63686325232527,1,1.4124665596532875
294.91693201710365,0,1.1228223319489212
295.21010338600865,1,0.9589615836853355
295.4895303032738,0,0.8045459762139963
295.7429517360678,0,0.9114333064097175
296.3166073259419,0,0.8902283576330274
296.4281713121409,1,0.957920238400654
296.4622773591559,1,0.12611313357024986
296.7270381721564,1,0.7297453509478632
297.07332146532815,1,2.1120530216577937
297.17009144469233,0,1.436092272503621
297.2914139163545,1,2.8942676700486154
297.40212459408065,0,0.5648925843045842
297.4050117551476,0,0.7771884787703629
297.8731113942187,0,0.1943511839861494
298.5496875371403,0,1.2594945822129215
298.88369828263797,0,0.40967436590662626
299.26330685677317,1,0.4379899090000376
299.2731621854276,0,2.3651021875138465
299.3954842342421,1,0.8358360224680492
299.47955405443,0,0.0010712691470309219
299.5493453428425,0,0.6266071105018179
299.6705221335762,1,3.119306711493871
300.1045951839852,0,1.3765262925917225
300.71188722362103,0,0.20085501812595946
300.7904545697138,0,0.7961996859980774
300.80948480292096,0,0.040803097275545916
301.01524032050895,0,0.3698666227492807
301.07008394531067,1,0.6903076811996474
301.20742156343607,1,1.0087011964762345
301.3906464209027,1,1.3710552425990161
301.4818919436414,1,0.3860321911688166
303.0107586077716,0,0.34840512482980757
303.34271159573166,0,2.181608133552168
303.4001300043869,0,1.3069165079192326
303.4077954894165,1,2.4352631892715713
303.50547136081303,1,0.06916475715912158
303.54991076540114,1,0.27885575032739773
303.8847886767482,1,0.705698898467622
303.9306448018363,0,1.61669462705788
304.08970902821306,0,0.4588751655182613
304.1049805543053,0,1.3333507872796364
304.192116301126,1,2.5360566267584272
304.212011558555,1,1.198107916407752
304.2427998858325,0,0.7849045755575135
304.3955634821913,1,0.39629308726100965
304.4554226075921,0,0.31722627832170097
304.64594463731754,0,3.1026207366321295
304.89384797157237,0,0.29173770454245695
304.901412956316,1,0.8665652322304773
305.00684686309484,0,0.6693340577058468
305.4252682305673,1,0.46138064108414784
305.58459582007737,0,0.3140206062443203
306.0160398999674,0,0.16676984195379643
306.1186878192415,0,0.9637589809482896
306.3083504240532,0,0.38905659606214144
306.8876727499614,0,1.6658300364738996
307.25723653407005,0,1.1973579307218278
307.311855231992,1,0.8349044382619741
307.38796897943786,0,1.241262295347221
307.97445507269265,0,0.41897546823586973
308.12418567608944,0,2.81969422689514
308.1623046965894,0,0.7716385720041601
308.78956542247636,0,0.43179734053118307
308.8733233944946,0,0.32344953365677426
309.0312692152514,0,0.5818882536884106
309.41100451158627,0,0.4718598872204408
309.4616517267341,0,1.2155564204879274
309.6164529842031,1,1.5987498899480908
310.04238942010466,1,0.7712254571112399
310.0555282516613,1,0.3589132460334176
310.10112869530246,0,0.34829860904997456
310.1202825633482,0,0.8045579026563923
310.3941597386821,1,0.1776125186303297
310.5751020657725,1,1.7011231729276552
310.74901507607495,0,1.6025304661562578
310.7678244405973,0,2.4444226739897337
310.8305989192797,1,0.7446203491432558
310.83331523217555,1,0.4786102667318894
310.9285327372527,0,0.0596786779210844
311.00041988473026,1,1.642857319282711
311.4397961155776,0,1.4625178360264928
311.61376454652776,0,1.381345470261734
311.6904143142585,0,0.32415432102426484
311.9939727354808,0,1.6217597834985582
312.0670662477317,0,0.2721005359376994
312.12016185118557,0,1.9896570879631679
312.28195691642014,0,1.3528116249112323
312.5061602537153,0,0.07054468097235693
312.6259398264122,1,0.06944595765921752
312.7384076311104,0,1.4301665199855071
312.9203226242199,0,0.5449547264467751
312.98615727767844,0,1.9466516628246964
313.2147754014015,1,1.154425321991584
313.3283370740583,0,1.7102667845279906
313.373290520135,1,0.9087155843193601
313.4031427529627,0,0.17462845151323256
313.50627664082896,0,0.5389430116026862
313.92905751871257,0,0.31929355739623777
313.95857032945094,0,0.08436432988019146
314.1825872347398,0,0.49297864265270464
314.9514440842924,1,1.4648658210960734
315.2751798064592,0,0.21434514780732203
315.2983017807988,1,1.5142970635834205
315.4534158461265,1,0.4324000915594417
315.47397412127157,1,2.0759354844006825
315.8728830814088,0,2.8504708077739025
316.0644037803497,0,0.16078908251023066
317.10429536990716,0,0.28315655860428085
317.1055394179395,1,0.046507290923640525
317.1074532742918,0,2.2592545062491496
317.12122800492284,0,0.07168884637038019
317.6446047838984,0,0.6231963923530293
318.0470330192044,1,1.101462061833954
318.15867448305534,0,0.6276368152640845
318.3077639726095,1,1.4331358314317217
318.5484243508517,0,0.24432505923170988
318.59556246343624,1,0.2762692841817979
318.6398678629231,0,0.3912220661938727
318.6942258789608,0,4.363899733881947
318.7123123301567,0,0.19289467116773865
318.82419837562014,0,1.992138944366249
318.8846825380832,1,0.28640323795463685
318.88977836252093,0,2.3426138235421115
318.97761734599953,0,1.609998634387064
319.0728801643189,1,0.6124669292813416
319.0738407718935,0,1.0020271973038875
319.37846599041495,0,0.09228485824809518
319.3873523599258,1,0.14748477449431255
319.43098643403243,0,1.7967469659646051
319.4845414788565,0,0.2683997124387118
319.58723517517626,1,0.14866378596014118
319.8229142216802,1,1.3597334822405513
319.89851535719345,0,4.7592892962243845
320.2150641729683,0,0.5262041318451307
320.60256569390833,0,0.4816653552447802
320.6057845711036,0,0.30377750986623614
320.7056629264311,0,0.5806470350310271
320.7373975569323,0,0.8956396551644786
321.03354155083434,0,1.306651827205005
321.11770419811046,0,0.1689697258070878
321.2402061296724,0,0.26940445599823776
321.28051092188446,0,2.902132037918998
321.46810462355,0,0.9959822166492323
321.4698163715762,1,0.48341002775234404
321.54654968792664,1,0.12644565514892683
321.6954195954681,0,0.7623010756833378
322.0390188748309,1,1.2331902201320426
322.0797927253642,0,0.4642545590871376
322.12440281279856,1,0.7229093945787044
322.18826989344865,0,3.315624175864381
322.2726207105274,1,0.7058764403673302
322.42588691864177,0,0.015303613809501314
322.514349380065,0,2.616598920634773
322.59522153148964,1,0.0023914976251842015
322.6389644036551,1,2.2082204021587444
322.6420072457331,0,1.265993431096659
322.7480097742889,0,1.0455609935742503
322.81552043004115,1,0.41152353499609007
323.0970868168552,0,0.739457130735041
323.2359848375312,0,0.355920089904972
323.5571809677392,0,0.516121823216537
323.72311784221296,0,1.3877471295197048
324.07843967154304,0,1.827526663254335
324.38029926421984,0,2.1708287576436947
324.5667544427033,1,0.04205683345628364
324.5881993170247,1,0.04139468607491427
324.59804775313575,0,0.4536577488315567
324.8853097946539,1,1.2477531465781413
324.98931575147077,1,0.04399160424064454
325.17726836733453,1,0.08233859429971987
325.97144245843685,0,0.8522600176711135
326.71487379411826,0,4.4161845983599965
326.9486298796307,1,0.9700438823905441
326.97183446328546,0,0.2330923381184431
327.0594587862917,0,0.25061511328957486
327.2036485537913,1,0.8696812968921175
327.2379027381951,0,0.3004712281936675
327.6179717623369,1,0.060253013969175984
327.6864325329341,1,0.707429368792924
327.6887208448617,1,2.918012087295451
327.6923943707128,0,0.13739681583438895
327.7674518806852,1,0.4153631083882406
328.04266364984886,0,0.1797119074041089
328.07365931466984,0,0.24591048656327377
328.3160463337544,0,1.9659943967052211
328.43304257182433,0,3.0462388676699175
328.7586015135118,1,0.2636079126701125
328.88893275204066,1,0.5940138672162372
329.11147984718053,1,1.6041133936153649
329.2373566036844,1,0.4189195983180414
329.31964453443203,1,1.9251201449676005
329.5585520938226,1,0.6992280299521071
329.71722030308723,1,1.3789172457342531
329.88739244082296,0,0.9575769002056039
329.88788848912145,0,1.6276073900756656
329.9743206424913,1,0.18558496576727584
330.0731287968489,0,0.8698880972763768
330.21006875307137,1,1.6252826339215862
330.45722770769964,1,0.2705963136048288
330.60798922245044,1,3.3661980188102087
330.65679204510667,1,1.9463953406934555
330.67934294356337,0,0.8738088092111277
330.7042954943656,1,2.652084798458042
330.7922396088528,0,0.6313126160129721
330.79961502871964,1,0.28823242515985414
330.8235072671553,1,2.029190538950956
331.17281348521544,0,1.4088986246051038
331.75093210358153,1,0.8184293028833451
331.92602778189007,1,0.7440908691757145
331.9580210901608,0,0.6190443759277676
331.99253616377365,0,2.8537255165209765
332.1380103342692,0,0.011516576216906606
332.29296864871236,0,0.2646024561451785
332.380776483828,1,1.6600061489290454
332.4924771285205,0,0.686050764602051
332.6245759911105,0,1.532177153728904
332.7141602442819,1,1.7631416928561094
332.79069501151963,0,1.9935202659311222
332.95979672040534,1,0.66600899896825
333.1983483838648,0,5.610898819966673
333.338840341266,0,0.29834598628746317
333.3894192684202,1,0.07559260856790243
333.5454331005711,1,5.205974655413251
333.69554483773857,1,1.2180280944784814
333.74014634662825,1,0.866105641847847
333.8010379320948,1,2.5034526909537274
333.8468050044202,1,0.4662887199016263
333.87655146719663,0,0.5444545396544757
333.9649553759889,0,0.6094629697530612
333.9670870945848,1,2.3681135664457376
333.98553882208523,0,1.6305365764592055
334.0203613805454,1,0.4110806853554475
334.2232372053442,0,0.02419632412310096
334.4189255140428,0,0.844452105900205
334.464757907364,0,0.4793150690396167
334.53818500704733,1,0.01856621748049413
334.59636476947526,1,1.2810418306035096
334.63089000119214,1,0.4157428052429006
334.67116211938384,1,0.5403025596677642
334.80598556603655,0,0.4112624499101709
335.4945182232502,1,0.5513923510041436
335.6428520604781,1,0.3274807220971393
335.82537346327285,1,2.4280316307457155
335.92615974246627,1,0.042449820717380196
336.2082056700713,0,0.016556355857330073
336.2765475104295,1,0.334128476051761
336.3101410481664,0,2.155555281136499
336.47815264071517,1,0.9959706940088725
337.4897972522966,0,0.5647446787228201
337.5277173855677,0,0.7116811081147715
337.75030073582934,1,0.7070042495095427
337.79729695624127,1,0.606900621825003
337.9039932816587,1,0.28578510185713635
338.0493064698426,0,1.2871488183500017
338.2421037218264,0,0.387634996481056
338.3650482174599,0,0.4642718232371844
338.6833944412956,1,0.08606374729512421
339.15069507629005,0,0.6602019834629467
339.2019505881384,0,0.06310304501486313
339.6540518722201,1,0.17873562574923546
339.71029110079905,0,1.944636562363304
340.1306433728069,1,0.28684825660072233
340.3365277699227,0,1.6607725101968112
340.4315346527448,1,0.7723573087699581
340.604058605921,1,0.500031420511206
340.63000100846835,0,0.23409400889296383
340.72269187419346,1,1.7422603736976032
340.78171416286096,0,0.8145210283262108
340.9353597531042,1,1.6489076230612936
341.11837551707447,0,0.02717509666202667
341.19227902369215,0,0.03235436516484149
341.63620298734645,1,0.24870214020772008
341.8605804074876,1,2.7421982886780403
342.0507671133366,1,1.3230547019199184
342.44940249638125,1,0.05767987438395957
342.51859274717475,1,2.8486823374935772
342.5461875949785,0,0.41794654285844407
342.67351990040873,0,1.4203104256289896
342.7667980099025,0,0.07433472850317077
342.89977641632765,0,0.5275190842167214
343.48475424447116,1,0.3541784421378676
343.74542961227024,0,0.7015107687333829
343.8076580712697,0,1.4959950488073168
343.9288216565048,1,2.3816342130309525
344.538828964072,0,0.2530666381338157
344.60650814732594,1,0.6086814004170507
344.658243736293,0,0.3042421357406535
344.6657227423533,1,0.5450832262136341
344.9003645801749,1,1.7976182095255173
345.0435879358279,0,1.3584058724720973
345.07946160840993,1,0.30172958870288985
345.300465832883,0,1.1205683537768159
345.419999789203,1,0.38561841377857553
346.0583969233369,0,0.09539167219136771
346.37731815830494,1,0.09120013777601009
346.56628958854344,1,0.28728034112466233
346.8429231564997,0,2.3844922736408667
347.1257710616278,0,2.027744345396917
347.18827228160455,0,0.08838858453638722
347.484522449802,0,1.7034746751787897
347.5639384861458,1,3.2397440974819784
347.81786132250096,0,4.925641861387775
347.83290725886116,0,0.9033118560074612
348.06359221684204,0,0.5980589083666545
348.16997994853057,0,0.1332372394370438
348.18383545444937,0,0.44143456560147853
348.55097841534496,0,0.17363661818521037
348.8121903227143,1,1.0057011037031742
348.83252788320823,1,3.625114949309712
349.2231957939271,1,0.12231936009430946
349.2347611871392,1,0.6184630072769921
349.4902928693803,0,1.2648364548442923
349.5924085381694,0,0.2878050559500282
350.146322561256,1,0.38731254832531503
350.14692629786066,1,1.204107931661632
350.1652364560329,0,0.5494933586665272
350.42829372849803,1,0.8081507073318697
350.5122066565869,1,0.003642065958024131
350.61081368164463,0,2.096675347705571
350.74695534119996,0,1.3054369615038333
350.7663043068932,1,0.674055098966001
350.86719882122725,1,1.805891728254947
350.9715332332193,1,2.256579105761072
351.1440168443841,0,0.13411837599627288
351.5112978145236,0,0.05204832612199677
351.60405214151274,1,0.21127524211523413
351.67088156391,0,0.20287234916018038
351.90156155524886,1,1.095211583084374
352.23601461498447,1,1.671720684696285
352.3404520993949,0,4.486239672501052
352.3861485645168,0,1.7954127536757711
352.5235184357926,0,1.250836401668269
352.56137745688943,1,0.15276272850241968
352.6464488232562,1,2.0594960294245475
352.73406821695323,0,2.38740442559116
352.7421826987157,1,0.8436033909266638
352.9707158694095,1,0.7339048910380137
353.11419064189664,0,2.2071558458668044
353.2457197587586,1,0.2258859980184978
353.6994173815877,0,3.034613706593221
354.2138362146288,0,0.542086664875623
354.2513087312324,0,0.03403305855346621
354.3030786113199,0,0.3297170415575072
354.3947523597599,1,0.8498593568106889
354.8963987003984,1,0.6136796545447847
355.1388542263294,1,1.063126125260987
355.4127649594745,0,0.6302484403705055
355.48712029068304,0,0.23630063056741082
356.2130939275719,1,2.169800744459926
356.28535418466544,1,0.7413561703947014
356.5440315026693,0,0.49232270415158774
356.668334376237,1,0.564122017484259
356.90179731052774,1,0.3205318760222773
356.9964335124187,0,0.5576476111188907
357.1021654132728,1,0.443400844330935
357.1089574335226,1,0.907019872041827
357.22534814572003,0,0.23498534015747843
357.607151285456,0,0.4436146260463647
357.6955923387212,0,0.7239005727313211
357.88388167657513,0,0.45041858852591854
358.0650602094389,0,1.6270213407549614
358.54220436041373,0,0.4045246995760661
358.73021755581567,0,3.9893629050139277
358.7401279698793,0,0.4910852382826733
358.74264987582603,0,0.17062582021677056
358.86059968311497,0,0.06371858605306233
358.96027601919485,0,0.6195646826973991
359.1328072569771,0,0.736854791150214
359.1881379532671,1,0.01643177693035717
359.2330710832935,0,1.7916814243930386
359.6830629625205,0,0.09930066226681361
359.71510136364964,0,1.1505605953758598
359.79467480215766,0,0.34329363146799613
359.8972120759427,1,2.5065128127473613
360.04962175887414,1,0.27647501052680784
360.54300163279396,1,0.35234866900342876
360.55137825629845,0,0.03135369573330514
360.71773557488166,0,0.047343249658620905
360.7220262233193,0,0.1630308365597838
360.9234256068323,0,0.692413794187292
360.97917250180444,0,0.21188007891506414
361.01494609089195,0,0.03254455793061239
361.09975376398415,0,1.0723677546058552
361.19658477699267,0,0.1685290996375277
361.2296869122901,0,0.418888864572441
361.6177731557567,1,0.224662575977031
361.6582832790904,0,0.26730711764621085
362.01465399761395,0,3.7692133129686742
362.17670563907296,0,2.2350669240484384
362.2208179090381,1,0.2950197147023151
362.36858597427266,0,0.26833855941692397
362.90899859571726,0,0.3398392532648425
363.1029218410275,1,0.23980340863148164
363.1540450733784,0,0.34341901167392785
363.16845309896036,0,0.2390483550240318
363.3101760448235,0,1.0073111557658139
363.78886018887135,0,0.44602714630949
364.0320926276528,1,1.746689711877543
364.178752509333,1,2.2047955186162986
364.2072677536113,0,1.576784644253434
364.2259500913147,0,0.9537153290528052
364.33447051956085,1,0.6489438206932431
364.4847384861081,1,1.0440206741495732
364.57425579015677,1,0.2351914593428524
364.81769330293315,0,0.22324644779482838
364.8523160523194,0,0.028810870399224944
365.1151356117101,1,2.7050031460336146
365.4457395750168,1,3.49107008100028
365.564780477023,0,0.31529366758554833
365.71365411677124,1,0.48968563159814815
365.752977879324,0,1.0246290453748894
365.7795034013177,0,0.4969297772296419
366.0543272375623,1,0.324160448850045
366.1259875638298,0,0.46522924704972674
366.1958326876761,1,0.8066283797788983
366.3471296370518,1,1.558849274983798
366.40641926581145,0,1.0130319429565424
366.60042045278533,1,0.4993126716314057
366.6729534167194,0,0.7124418356607948
366.9832836704508,0,0.8139695739870102
367.0382819977427,0,0.8327973224508356
367.07142783630263,0,0.5500121163715143
367.0788527317378,1,0.24606344526472415
367.1224984807727,1,1.1524619223326311
367.3474695688457,0,0.3183553693138854
367.3522479985247,1,0.06068631111374073
367.7636943136584,1,0.8371541789399722
367.9648727478701,0,0.4057837540088159
367.9774817267787,0,0.5684985015497971
368.07915228970273,1,0.07354828461781145
368.1265467493021,0,0.5575566115725683
368.20888060502887,1,0.6573934302847957
368.3580371403852,0,0.2891979712221112
368.6494692865097,0,1.3343516184409911
368.649933826978,0,1.014105128946289
368.69215154223417,0,0.8652467886834886
369.02042635610155,0,1.7682082443432645
369.06762946654675,0,0.02189639767193387
369.1800442292584,0,0.20468134955903294
369.20988059179246,1,0.5404216609355394
369.2195786609796,0,0.08040173161113354
369.2658273111704,0,4.591998234388079
369.52760674910246,1,0.2884047518406309
369.5281577315161,0,0.5283383075100752
369.7459817023549,0,0.7143805649975558
369.82826292204896,1,0.48470481291176887
369.8774335959885,1,0.04331688471089377
369.9035497105757,0,8.958962158284407
370.1106778617117,0,0.5311878288250713
370.8316325489538,1,0.9711536625570547
371.2250706447067,0,1.2218666988531495
371.2319921693601,0,1.59910548135481
371.6793961926192,0,4.607273532317483
371.97376862509026,0,1.4039938461134613
371.97564854115586,1,0.03641467532278689
372.0300643174613,0,0.1381373907839787
372.1610996149211,0,2.945930932911916
372.62576759957705,0,1.1967276968474614
372.65303117190433,1,1.707924374171478
372.79022814182537,0,1.679045777719001
373.13700997236697,0,0.9580441861755341
373.42451989907266,1,1.3167162720136065
373.4725835335442,1,0.5623845132946766
373.49735624112446,0,0.5178721927470396
373.68879899754955,0,0.06717095091820499
373.78145095164007,1,1.369305264402901
374.05110746199716,1,0.9552558557507957
375.34340785128984,0,0.6380489950084912
375.4248746077831,0,0.6300118718552977
375.51225011466386,0,0.31588692787569733
375.68521328357104,1,0.10797584046285638
375.8742522223304,0,0.4459949035026039
376.0418234992882,0,0.034238599007829607
376.04451028978946,0,1.3289803447774022
376.27580603252505,1,0.7015578683126678
376.2891365476306,0,0.5763160104878461
376.4482486741287,0,1.203376104698338
376.4842931307674,0,1.7288273656193651
376.60048423526183,0,0.1669243913070312
377.0547069994182,1,0.7428291334813305
377.12226134285316,0,1.0304637159251286
377.1481025246906,1,1.8107925942186156
377.93206702576987,1,0.38455536841071264
377.9767272701253,0,0.8998186390120043
378.0160629317146,0,1.064303555971592
378.02966650084653,0,0.38699063992938376
378.22988761489046,0,2.9323664174411177
378.28685300907625,0,2.407177499272111
378.32656646054704,0,0.21056228414174818
378.36828726838166,0,1.8012165688656416
378.50914663167197,0,0.6967062075439732
378.6359177858622,0,2.5952219436415898
378.9845854758446,0,0.22694772004723768
379.1394600926601,0,0.621752994436642
379.24275494648333,0,0.17098326170907394
379.59883190368043,1,0.14017734943983007
379.80512184121716,0,2.3204766847315637
381.21093944481265,1,0.09049656959500287
381.3651055111584,0,0.32917444004221746
381.5191381980555,1,0.07960169959790114
381.56565747000275,0,4.311665659288301
381.7087065865018,0,2.744832845088763
381.8188467888705,0,1.7975671338277117
382.37322895482646,0,0.15499807637816987
382.3746265336071,1,1.264288118744726
382.41941657342716,0,0.6793623151273905
382.60162224010634,1,3.5642392672234378
382.6057531998179,1,0.09533371103941865
382.7432097452044,1,1.513451220028545
383.3444764799937,0,0.04837488822088219
383.361464568318,1,0.5278693783661798
383.3718913825744,1,0.08613509785475602
383.50374883438985,1,2.739531399678049
383.5555069017619,1,0.9107744393623695
383.7406279849187,1,0.35834121031551885
384.22243377674846,1,1.3832303907186125
384.7341026964442,1,1.0629318037656945
384.85013495590533,0,0.248701523774471
384.8909287771914,1,1.1989705475028034
385.15467849232357,0,3.3868390923498777
385.15581126527525,0,0.11935110303175675
385.5255336751312,1,0.18463958112349782
385.5639224268403,0,0.5998935228397176
385.7724298315565,1,0.3023995986198066
385.83529115756164,0,1.4198770749682645
385.96149812007695,0,0.9945583972963618
386.03002751922025,0,0.3194457585094389
386.03812555820457,1,0.7600315663073727
386.1830856774781,1,0.4789135567234186
386.21396797827055,0,0.634464367011341
386.280309565726,0,1.4393688019299187
386.5304757296451,0,1.342413323555346
386.8493335735716,0,0.5793763454257012
387.08125426038475,0,0.009324797816497463
387.47968069871666,1,2.4255115804602982
387.5937033111903,1,0.08808718633603685
388.2497493540678,0,1.1603456330858284
388.3823641668692,1,0.305048208530986
388.58471371532687,0,1.0701849817184674
388.95158584518526,1,0.40023220258386744
389.57110098653834,1,0.8063544268853279
390.0577645720994,1,1.8610678604735347
390.13673608798535,1,0.6523373971744635
390.2150828613697,0,0.5755062975918361
390.3747492763963,0,0.35991034434181574
390.69317778474294,0,0.043767742532541856
390.86770537209253,0,0.2322140667151861
391.19736116676734,0,2.7316417205163894
391.32936300463166,1,1.6722632194880478
391.39732592187374,1,0.9745488493270997
391.75528721134367,1,0.9846962078403144
392.06360661762164,0,0.9137379017439542
392.17451116871644,0,1.012346302372155
392.4055391984927,1,0.6553883879185802
392.46959433155314,0,0.6203873470891056
392.51902993666795,0,0.4321989770762884
392.6039229104722,1,0.769616503259036
392.6734704345594,0,1.006051589026324
392.72739245262164,1,0.7545694404478941
392.89496284577643,0,0.8862080440101898
392.9730489378489,1,0.08132652174863066
393.3885939001782,0,0.26419971421248095
393.53046958984635,1,0.9870160357378742
393.8729494010559,0,0.2054821272869885
394.4126293706333,0,0.8112732901038952
394.44821909042514,1,0.1444396444486396
394.4556127468018,0,2.135713757768383
394.5594312283833,0,0.5982619552742958
394.9003194512116,1,0.8341851363101581
395.42289561636267,1,1.310579841699319
395.6746494324943,0,0.4452553455605728
395.93842086188585,0,0.34204709662318716
395.96085931863234,1,0.19473036835938254
396.1163918626326,1,0.16064303318169998
396.2237154185518,1,0.5005833700610152
396.91291464634924,1,0.42373268706221906
396.9483308154738,0,0.27105728321376243
397.0721542045681,0,0.5074909957289784
397.2103879516622,0,2.419706399070456
397.21944938652257,0,0.11664929423593494
397.3344268850449,0,0.26552970816548144
397.67946719074297,1,0.9391192950805938
398.09755389668544,1,0.3270846879565545
398.6246714871423,1,0.2700778219761724
398.81054313415,0,0.1355986505724746
399.1650428198199,1,0.06976042114897751
399.237449694548,0,0.6964350342300712
399.37211028159857,1,0.3209196386496812
399.38036632039916,1,2.340000444408726
399.39773701405784,0,2.1854799906205975
399.47417679709173,0,1.077651637462237
399.4757510832882,0,2.7868815967773077
399.51352050547433,1,0.10532723427292821
399.5708018178905,1,1.6054931788603592
399.5844700580459,1,0.16245449119178088
399.61023018949476,1,0.971452490019832
399.64367973215457,0,0.08774483456360271
399.9107838664864,0,0.2209937359082271
400.0974585215547,0,2.5789981380600064
400.408784425511,1,0.8839169974597394
400.5858823423517,1,0.48788915634911123
400.59952205730286,0,0.14777581268774415
400.8104515848106,0,0.7192912716168584
400.94733670534356,1,1.839818297320815
401.0186282552663,1,0.23565529182526448
401.72824326809985,1,0.05414282799550428
401.90344866627305,1,0.09093178737287108
402.0845053927436,1,0.10125062679329391
402.1972831997098,0,0.40005687255347266
402.2271994456914,1,4.711334325223836
402.2655698355045,1,1.239876220171316
402.4796749884015,1,0.6367885175929874
402.5408868401806,0,4.57683156428079
402.558984179898,1,1.8934284503267849
402.5965863237272,1,1.6752251369652582
402.8405951772544,1,0.35672639123985894
402.96992836827326,1,0.12447863284993854
403.4850048236128,0,0.006989111551120161
403.666077379539,0,0.09777788420312973
403.79336316119856,1,0.06319889649242696
404.04384976429526,0,1.9727809864116463
404.10412433763173,0,0.06585888123601616
404.39240053477874,0,0.33373534173563246
405.04022903556387,1,0.45318637361056047
405.415801060794,0,1.2318286703419103
405.50293298466096,1,0.01678835433958092
406.3519353407089,1,1.3240799329378548
406.3747172856006,1,0.5706538808070653
406.4927133838745,1,0.3010217696641387
406.5593638799324,0,0.6988932663471795
406.74053842645316,0,0.7108677425007407
406.80344390370453,1,2.3555225425603545
407.02567949021574,1,0.30058084563764154
407.244776248017,0,0.02219516189902383
407.33271240816003,1,1.1747167891278474
407.34960916768523,1,0.04592765282086656
407.4173961392752,0,1.3942285854687353
407.4580719161275,1,0.0935329849768949
407.56110958245586,1,1.2468376983685394
407.71509610490597,0,1.0022115375861418
407.86022277747867,0,0.34970122579356655
408.01330589893223,0,1.540182741916942
408.05323349572643,0,3.6372423229485067
408.08550489957014,0,0.0592393881798024
408.0977277228088,0,0.6865478535147362
408.1143712403099,0,1.9403413506143752
408.46580133637633,0,1.2030972908954138
408.58242552308536,0,1.3017422854863079
408.74397847804283,1,0.01407318924940867
408.84317582623885,0,0.007014590474371348
408.89725465996025,1,4.017824130913663
409.09108997160655,0,0.05404245931713042
409.3872384444904,0,0.5113791542187801
409.46194781548854,1,2.149294845611118
409.5275797035335,0,1.308335526815407
410.23201616078967,0,0.3091081611857495
410.26496533816,1,0.7544104757897537
410.2968632606812,0,1.321992122379953
410.39682119765973,0,0.05197710013756619
410.77818869727776,0,1.4366193575037098
410.86960583289755,0,2.1196991213114615
410.88548821723094,0,1.1069193863251205
410.92034794311945,0,0.8147515973412767
411.2881157672744,0,1.5756741981328573
411.7120816722137,0,1.1616749050975268
411.8468743730685,1,0.06570120635219229
411.88620719391594,1,0.701877254462343
411.90968196377275,1,1.1534272355363282
411.91292417905214,0,3.156648844979281
412.2018224681727,1,1.7823237450636793
412.2683847120732,1,1.0588588499080935
412.6066308587388,0,0.8577114882484874
412.6645875839555,0,1.6387505415211554
413.20661662166106,0,0.7424368237242712
413.9863039206437,0,0.7989231408609084
414.00441938705416,1,0.04832861360818252
414.0678099397503,1,0.0803647375391939
414.14941048035723,0,1.5356635747475522
414.40959316287325,1,0.3298052622517534
414.46021943032576,1,0.477833023698769
415.14350863072923,1,0.5013431721436817
415.17822304922237,1,0.3732034589922272
415.7210191316655,0,0.7824980199538518
416.13792857256226,1,0.7365087248796196
416.1815518248271,0,1.9222760404889854
416.206587678506,0,0.008048848780503493
416.25679904442643,0,2.633326328821813
416.4743189900815,1,0.2727132903315776
416.5167125346884,1,1.341643193836704
416.55465822040577,0,0.031587776876534496
417.0546058603076,1,0.7975523785356888
417.13668587913304,0,0.43012599810771246
417.29145618104127,0,0.20845958550879323
417.40249872058934,0,0.36218244208183614
417.50613527410763,1,2.2093812029679767
417.5459203517217,0,0.3416848825258259
417.75485026278994,1,2.3648953031978124
417.78094700084284,1,0.12797058755556698
417.97936701857185,0,0.7662327066808141
417.9904088424119,0,1.5307009679187835
418.008147627843,0,0.8446386751118143
418.35202144643984,1,3.3718962652975626
418.65656084419487,1,0.8282013389824777
418.97760506850807,0,0.6058587986125585
419.6853072197228,0,0.19587737413993933
419.83360015483163,1,0.0028733598127324003
419.8437941143365,0,0.6981735812363421
419.8931012145098,0,0.9454610856708265
420.14612454941846,0,0.5125907712970368
420.16225415165167,1,0.2727372135971679
420.50964254349657,0,2.6523002352334433
420.6593530006864,1,0.6245411322824834
420.9744162393692,0,1.254242535773616
421.032192053885,0,0.47737309257781674
421.1902320353707,1,0.7067320361892984
421.2097401295834,1,0.3955211036272358
421.2802155911042,1,0.62733935201758
421.2915494130471,0,0.6011184472346666
421.7633524959183,1,1.2199903847377125
422.08258831261537,0,0.33760718333272544
422.32366024626884,0,1.7510813656054727
422.3553757701887,0,0.6189612518889889
422.69628579588255,0,0.4327129484267824
422.74178349286325,0,0.35776438549344464
422.770050707101,0,1.6595627862068227
422.81043550536185,1,0.20623894514485908
422.97674044833184,0,0.3953811304621507
423.17667208239357,0,0.0599780267493341
423.17953995131705,0,0.35890063463131083
423.31493440487003,0,0.09806275892023553
423.3865944201682,0,0.9869609470449654
423.39670954646243,0,1.2007565502250692
423.4467111417163,0,2.0509761878052135
423.4653420566607,0,4.689579688728187
423.47758762295945,1,0.811493943604656
423.8532624201585,0,0.34957882043343375
423.9688546678236,0,1.0224888499509819
424.0359693576398,0,1.3957808495739534
424.15055653757946,0,0.1100945372160235
424.1749208581303,0,0.37170905755645606
424.42325442360533,1,0.41500701028715725
424.46226810627485,0,3.4393262886861438
424.46470347098875,1,1.7211115642728088
424.5154223814099,0,0.12396398226730451
424.71223921530753,0,0.3407876454321952
424.7464707577122,0,1.0458922551445227
424.74673158307405,1,0.7034824196094585
425.21189282180376,0,1.3128941192798904
425.46204307744057,1,0.3511362979232118
425.6672712620642,1,0.1321796514653092
425.71103304727546,0,0.7570110626467629
425.773787195419,1,0.8802378484335214
425.97425843947514,0,0.293973450994646
425.998691222369,0,0.5390055066249638
426.38218404394166,0,0.9454169583110491
426.3890856229673,1,1.3162444373926105
426.79409796568586,1,0.6473890597275463
427.70632478609184,0,0.7403570397112538
427.895750308156,0,0.19444143368770467
428.03503455274875,0,0.12921784955410412
428.31778526872074,1,4.413426693856056
428.7668752147302,0,0.392361592248945
429.0192820345527,0,0.5379832423269739
429.4197026713258,1,0.2832187005782384
429.5198565383476,1,2.010154555433059
429.538405004696,1,1.880506770393299
429.68225733537116,1,0.7024594635738654
429.7046652872121,1,2.1307815986485314
429.9468361464858,1,3.2457894468051416
430.34946129598933,0,0.19163377895721245
430.3787216863375,0,0.8862045887412398
430.84846134077816,0,1.519938038037975
430.89504058283825,0,0.2951354444625039
431.59748125762565,0,0.3680167698819555
431.6862125842074,1,0.7671627915605866
431.89099223736883,0,0.2279316459575431
432.2588224922487,1,0.4763993835470314
432.358402075109,1,0.02195119149153209
432.5213323612321,1,1.2108110266154715
432.6271237443335,1,0.3777884484352414
432.8137536220103,1,0.11026385327495383
433.0823335982367,1,0.6187391173573146
433.20310288772043,1,0.8377533159291852
433.58817934359246,0,3.7510583898153333
433.73022877867595,1,0.3957717912316215
433.7375343795349,0,4.2699663452257495
433.80190436808726,0,1.4257184938161611
433.80663454831466,1,0.06258579876664361
434.0786405211727,0,1.0220150727379873
434.28219534557905,0,1.0013230931115593
434.5905946694246,0,0.6833867020498746
434.740379539115,0,1.176324102400251
435.27300340131455,1,0.22184067235108218
435.3081295073721,1,1.699280854319015
435.3772973345547,0,0.19653987637625514
435.5645975459003,1,0.8670283295767558
435.58839739775954,1,0.043504118483499096
435.67094667800467,0,0.6383875270201949
435.8841571604357,1,1.4275423461249528
435.9585223751248,1,1.225996775286378
436.00433333722793,1,0.3713141249780286
436.24025076051504,0,1.2778204644975448
436.69679838708834,0,0.796313097967395
436.71550877517996,0,1.5791649663328562
436.8124635803239,0,0.29731244565733217
437.0906208260494,0,0.36774627970450724
437.85604809794245,1,0.44142194872905116
438.2216517006892,0,0.4495113362794547
438.226780667419,1,0.9100148142590603
438.7318683042464,0,0.864251546635813
438.9545716499781,1,1.081653411844164
438.96486765442364,1,0.4173377684829931
439.05038324734574,0,1.610213819731467
439.09143362154043,1,0.32644291426765154
439.31930701236035,0,0.7057570444589601
439.44094554328717,0,0.1700322738454913
439.46600245667446,1,0.5287520488835256
439.61727600293744,0,0.3882458182356428
439.8770522935409,0,0.3432582389420923
440.2330373455984,0,0.9200983421935242
440.27982544575997,1,5.201821541398271
440.2844726226513,1,0.3606601675496041
440.48806655454604,0,1.0220793938217518
440.54685425659886,0,0.43538022883932703
440.559854732107,1,1.77555581303806
441.3737838652178,0,1.0971489798382934
441.49464407397545,1,1.4220565593382244
441.86245190061743,1,0.7822526799347159
442.3143897304533,1,1.4127734485188352
442.49387647814257,1,0.5799425473824373
442.69199347815277,1,0.02636845733099117
442.9505506458877,0,0.3686006128483205
443.02024247437754,1,3.960243766273271
443.0827655937602,1,1.995724004884903
443.3802858280824,0,0.0557897043533048
443.5072377540502,0,0.3903447137200634
443.5952854876054,1,1.4817024881114635
443.61364379674444,0,3.169514451602902
443.93137859382676,1,3.158188406994398
443.99031373413425,0,0.6380300266917548
444.1821938297363,1,3.232823068633531
444.4171291139079,0,4.338348876231558
445.07839996956085,0,0.4076622249563415
445.119122937884,1,1.3803143428017735
445.2668621224501,1,2.057984330586407
445.554850419818,1,0.4492843775843382
445.80024299425185,0,0.04385391177865889
445.8820714413248,0,0.4507893964950124
446.3051587873643,1,0.13173571461729391
446.4929553862859,0,0.23363194147479346
446.8488770518568,1,0.9281121281027848
447.04886791573296,0,0.6965773248386151
447.1264931791174,1,0.5856635188530985
447.3081359066311,0,0.3237761856193922
447.579357087161,0,0.8855176384315068
447.7188176534476,1,1.8211766001141083
447.8231317903784,0,0.027696498409104594
448.02432029368407,0,2.105543203915561
448.104664047513,1,1.135896544497803
448.18971200196387,0,1.9184808243552387
448.31465334863134,1,1.1273076628702048
448.4844412128671,1,0.37511316957831237
449.22016531883423,0,0.6286775000302443
449.7807178852203,0,0.6262478898654961
450.14387542818565,1,0.5463716759139351
450.2105241109637,0,0.5392002148612134
450.7419050753979,1,0.9463176359692248
450.8057334659732,0,0.17279871993897328
450.821342226413,0,0.6541162922390281
450.82288497598745,0,0.8229835256951514
450.83168108944824,1,1.742177324831815
451.0581492265864,0,0.09337804463881222
451.31725106996385,0,0.3667357857976905
451.6528579210862,1,0.4794460431576123
451.6700667001887,1,2.1394930779327725
451.83857367937924,0,0.21549373244988548
451.9604330807985,1,0.0743244115058558
452.2760876157836,1,0.4866116200771158
452.3922511529251,0,1.0297244769872433
452.6020268363584,1,0.8169137036439754
452.77642946215417,1,0.464423130379364
452.7827481672433,0,0.593783454920583
452.95562713138224,1,1.9462444966288313
452.9893382195099,0,3.4099496324995697
453.11981249702,1,0.9648923239669248
453.3769514170689,0,0.14016444506408257
453.4294922270766,0,1.4229744773150812
453.44482118426095,1,2.0026729877495004
453.50764604338167,1,0.10875586377309301
453.51637303465196,0,0.2690327213724543
453.57579577273964,0,3.316374569924845
453.7583270434366,0,0.024408021630407804
453.85846575728175,0,0.17624094379723731
454.0759094924318,0,1.960861870724484
454.1087704484961,1,2.8861282916024056
454.2760355776777,1,0.11320116366520297
454.3611739350216,0,0.27144406741183197
454.5267622511329,0,0.523046230442172
455.0757063474429,0,2.312296107693096
455.09213218863783,1,0.08340963388580255
455.3195550162424,0,0.8020420407093137
455.42956310075624,1,0.4258158757591361
455.69906033176466,1,0.9199488359282355
455.84046804105037,0,1.3478471328546333
456.0354291547486,0,0.09837054326186304
456.307042617538,1,0.6074980380871271
456.40665980575415,0,1.6703121712955935
456.42014272447005,1,2.4942923131006625
456.5048283672752,0,2.2854065885933252
456.6075080251277,0,0.7874620587546081
456.98732440375045,1,1.8619707045265816
457.2631799233325,0,0.19858103938170685
457.34330724647833,0,2.539198759050841
457.40982129908554,1,0.1009687329422743
457.4668404473347,1,0.7457951920645074
457.6747657584241,1,1.4698923152620964
457.816594198395,1,0.0013220248877327102
458.04758045196513,1,0.6585605009849061
458.08903846454825,1,1.1002107149349767
458.43340453079344,0,0.8589096755453436
458.7949566718113,0,0.007904764029890946
458.85157514148057,1,3.3341761671722914
459.1511079568426,0,5.7585525309214365
459.2539479280063,1,1.3057079311488604
459.271948831843,1,3.033631175083023
459.6069936832716,1,0.6656407570871592
459.6498975588177,1,1.745694923669034
459.69768519961735,1,1.084551312336923
459.88862442218937,1,1.0529211499293372
459.92279401623153,0,0.8174456267159993
459.96064776150087,1,1.3608768271779508
460.0672846600493,0,1.059335581564188
460.115801921035,1,0.6614580298231583
460.4013850969322,1,0.4786416483249081
460.4492409216204,1,0.26791855240935764
460.63545149714145,1,0.9000540677961966
460.660676586497,1,1.0791113116108668
460.6878555547075,1,0.3109799383065592
460.86476633441106,1,1.604446043942761
460.8877980706911,1,0.8696474289827234
461.0104372355014,1,1.1491887315383003
461.5810965338775,1,0.010399000293886533
461.98895629224563,1,1.6924449745176509
462.5835895066541,1,0.7478714329526056
462.6556805553161,1,2.474068076480392
462.72279787779047,0,1.2172658810036163
463.0256610378527,0,0.5636189227544083
463.0510123869304,0,1.9963424963645335
463.2093971465974,1,0.24169380947598654
463.28289535182967,0,2.003887508866587
463.3428587313812,0,0.2874133444317475
463.41875859875466,0,1.905190452098625
463.46603407129544,0,1.1978957590151076
463.60928198288565,0,0.467398425315443
464.03123702200423,1,0.13093502731902565
464.2584504379826,1,0.45291768062854726
464.47779284834934,1,2.1410311012793257
464.58644781733784,0,0.1402359917060173
465.01184225882116,1,0.12864161785909417
465.0594456420112,0,0.5836733606946913
465.2103282435616,0,0.2343911178800479
465.34042995381344,0,0.08182683236939634
465.3719501494341,0,0.45684347050018637
465.45718771130953,1,1.5272623826838578
465.8734858382217,0,2.3200214231178387
466.0367419386356,0,0.13931930607156776
466.1443850413141,0,0.5861256604514129
466.4111733573618,1,2.7521358139098115
466.59032202613156,0,0.6753938771182244
466.65156665445363,0,0.6726044034121503
466.7314041583107,0,0.043818727200083125
466.88121245102496,0,0.47584184926855655
467.0123409166484,0,0.6130009648654358
467.4304404638423,0,0.21749087598529002
467.6052023723519,1,3.4788348678412913
467.91612635250914,1,1.89587217123543
468.2304101413012,1,2.3700907944356677
468.42637358036063,0,1.5181668120131464
468.5197504771125,1,1.9767125292371845
468.52457633904714,1,0.11781442401637703
468.6019569369588,0,0.20960660157473784
468.6257239739459,0,1.7487668252285062
468.85607562277715,1,0.04343195393079292
468.8962115180419,0,1.886277750327736
468.91949139277375,0,0.09064572260596318
468.9338855405046,1,0.48332960049478774
468.94444819773236,1,0.1669549098447771
468.9664281476937,0,1.4819544079204139
469.0754313177783,1,2.5785830412005155
469.13416223479265,0,0.32035103056827086
469.2290045388402,1,1.6262067904244206
469.2788342590962,1,0.11081757678993377
469.5104138910762,1,0.23453311636253318
469.7030830255947,0,1.545167855200705
469.7460835234875,1,1.9822395805539592
469.9043503619703,0,0.3725493190389459
469.9275648644985,1,0.2847287701647
469.9545440979894,0,0.2227553968980087
470.0152747508403,0,1.6804422701154675
470.27510375535905,0,0.11314707813242728
470.3461447173365,1,0.19741050976922012
470.4140413235845,0,0.3415760300829889
470.451564641754,0,0.06764766561070526
470.6712058264052,0,0.6515425485402018
470.7083789440257,1,0.3657087956698627
471.41338471172196,1,1.4173469370989107
471.5073109026692,0,3.2517684016727446
471.64932130531116,1,2.4269532008293235
472.0751867709981,1,0.7740167663816836
472.1896849311885,0,0.41519464541970547
472.3934807138247,1,0.29367395746528
472.4481406666111,0,0.0250961755449771
472.4884403802205,0,0.2602737416703093
472.80158062499765,0,0.7686237298697427
472.91904805447,1,0.5610592592706284
473.33000982716914,0,0.06237245982275927
473.3714871700496,0,1.8922786536138518
473.4819973810859,0,0.2600894090601081
473.585739889576,1,0.04259674375732284
473.77411695597317,0,0.5291880689320767
474.2194775659935,0,1.5528652069897702
474.29004633291845,1,0.4962496898028462
474.4295173344535,1,2.81692810502468
474.5280894094372,1,0.31429982658152766
474.63001014267985,0,2.1818430677578173
474.64550079855013,1,0.5450337325792081
475.1099612396467,1,0.4643124929672509
475.18742725895277,0,0.4204281043834967
475.2013219953167,0,0.09952643350397462
475.2392968324804,1,0.9442904735012447
475.82028992883835,1,0.6035356279816825
475.88289891562744,1,0.3544783791149333
475.9874905143465,1,0.3280157270682022
476.2725062208546,0,1.3046230624196193
476.29538059260034,1,2.2074415648757366
476.44833978718776,1,1.6258093974135666
476.7384062310012,1,0.07025203023558337
476.7698681665836,1,0.2146547266160337
476.78964859332524,0,0.139453401049743
476.8293348621735,0,0.30187252010529864
476.8757195512394,1,0.8339693074737122
477.04616615701,0,0.08015280751825934
477.17776240219507,1,0.6413400326175861
477.28975419328907,1,0.9328026442097644
477.4443084428171,1,0.04987043166247624
477.5114873202361,1,0.021053813066735903
477.67829067613235,1,0.6682909325503283
477.9107989453923,0,0.807647705760416
478.2572493169307,0,1.7688139643085774
478.28046286339935,0,0.027372434856544357
478.33355662933764,1,3.5542121505520887
478.568798506288,0,3.1315127878050135
478.68919795357914,1,2.008062965614829
478.7844426098166,0,0.08964479767071887
478.78736106395536,1,1.3898373833461921
478.78975868397276,0,1.0260866894919125
478.9075202788157,0,0.5230397263442078
479.15813362028507,0,0.00444047607789312
479.4425238540005,0,0.08743589044758454
479.5616432269889,1,0.8897422513645279
479.5656019341655,0,0.01044020331257
479.681718567917,1,1.0171282436190343
479.6977275056598,1,0.6558461262610781
479.7500418203091,0,1.1433772061074352
479.7891162052709,0,0.37864135579520497
479.92941615868114,1,0.21151919063734
479.96739090215414,0,1.2795663370013763
480.7112541383429,0,1.5986976846787904
480.7307294000029,1,0.25339827465383724
480.86511556236957,0,5.653148278463505
481.1011050985174,1,1.3320453090584732
481.3520173057715,0,0.34987688435118136
481.4746745248353,0,1.8944068846688578
481.9148619449217,1,0.15006145555333575
482.0579477302927,1,0.9843405626596857
482.3793877177982,0,0.966566052257718
483.0146810487089,0,0.1739923309624803
483.09268761542626,1,0.7954267845654384
483.19768002209275,0,0.3002140172214987
483.4226670985954,1,0.15127657805268613
483.7393102344943,1,0.7719650430072912
483.75111648434245,0,0.03337779780767444
483.80002154337603,0,0.9284557711119373
483.8177696948307,0,6.056591575636556
483.91654361822833,1,1.4791712757823516
484.0219471988034,1,0.220281082224891
484.0588521002952,0,1.1040727380179833
484.1108074278146,0,2.0305819386159416
484.84029765132175,0,1.7846627019949235
484.93812186418495,0,2.3169756582109438
485.00769129272203,1,0.24103662330851314
485.18186758808474,0,0.40648719178429843
485.4033017681264,1,0.2507371177267162
485.59053967344204,0,3.0929195027961347
485.7600304019114,1,1.5931500259028095
485.804557778514,1,0.004317680705784149
485.89579562398455,1,0.5630028740673433
486.18662519522366,0,0.5673918307196566
486.4292544750959,1,0.28707174134195007
486.557512547952,1,0.46753727995685185
486.79814305268064,0,0.5398377142250564
487.12899987813466,0,0.23816008760250282
487.2667580609609,1,0.3991376739674512
487.3392109302769,0,1.1232594135000777
487.3794056231451,1,1.5997446423326462
487.3873696452347,0,2.4402053017655105
487.5213605531806,1,2.208824697019249
487.60535230063886,1,0.38840478183706123
487.6322028837488,0,0.1618937817402579
488.0973320841339,1,1.065003085344207
488.5111046189388,1,0.2475341236325435
489.2564549832827,0,3.195928166036381
489.51252892776546,1,0.1865462739621322
489.67777299182,0,0.06768780492951751
489.77436639829364,1,0.19989461112764403
490.02562022072897,1,1.959837771607657
490.46076359662027,0,1.7892324204793106
490.4823817444749,0,0.4151439698834032
491.1326701708436,1,1.1412742438264487
491.137781966721,0,1.519125974360921
491.19734486513204,0,0.01164281832271071
491.19807633514614,0,0.6310931729653013
491.2017860179592,0,0.9371338131445052
491.24560753462487,1,1.4202116232835302
491.6726694530321,1,1.021479176119581
492.23228031407524,1,1.3257628187730777
492.2567169395496,0,0.6839110597910132
492.4910613578422,1,1.370969975262307
492.53344107839564,1,0.8789919945225595
492.6996229207248,1,0.583766144257625
493.0533801089448,1,0.22791722563388514
493.0700157131018,1,0.40687908205111517
493.24883588197406,1,1.6191250751589907
493.62921398266377,0,0.05455301267641201
493.6535761020194,1,1.370573395945497
493.7659857534219,0,1.7225403040026384
493.82307911104687,1,0.1415908820569334
493.9225801546611,0,0.6397476054195421
494.19414525327926,0,0.020836839803419615
494.2494201762606,1,0.5855721939921499
494.36002853562536,0,1.522910757169784
495.5571297515693,1,0.03684784385314981
496.7427910724409,0,0.13962480022567447
497.2842004671112,0,1.4791067363190697
497.5769426471609,0,0.22144677123113904
497.6691282272161,1,1.0117071645254707
497.71461835559137,1,0.24077504885159043
497.7540845025978,0,0.04722229476623993
498.6701388353817,0,0.2735577662825388
498.72888227593825,0,1.5079412247229438
498.78702022459476,0,0.3947285871291379
498.8977428858061,1,1.874786371506617
498.95194412168144,1,0.3034132632208651
499.14564993704334,1,1.4903305089975052
500.3225542021596,1,1.9782967611288498
500.5628919952681,1,2.5705720286015032
500.6559329493802,0,3.0984701969583055
500.7804568536033,1,2.3086881605837135
500.81033329033716,1,0.6796802981120893
501.15488983287304,0,1.6602810549418785
501.1767167913308,0,1.24000796999635
501.23754988686886,0,1.5813379143951625
501.6283335287488,0,9.561341773669492
501.7617943157601,0,1.367721571348964
501.8356379979887,0,1.1047650950460246
501.8627612909737,0,0.9576545492707461
501.92750516088705,0,2.7349401633486345
502.0319048271581,0,0.3516452704474466
502.1074071475778,0,0.6175960012153089
502.5506069700975,0,0.5696894989775088
502.6002568123373,0,0.26727762355642104
502.7376688055828,1,2.0324765952139043
502.9204318157237,0,0.1369730011256536
502.953586711079,0,1.717685182920227
503.036964065366,0,0.277046162956935
503.13206454868424,0,2.048164890348092
503.3857203111257,1,0.2252394847445603
504.04131014228665,0,0.06936829366159349
504.16232884139293,0,1.570181996418189
504.2241217183247,1,0.5234484648747705
504.2693902766406,0,1.6977498123212964
504.43647927528866,1,0.2621424863433332
504.56485646671996,0,0.6134445691116253
504.85032800996925,0,1.6252772092720982
505.09854718968086,0,2.753892591805194
505.34850814591374,0,2.8724708003054196
505.5756669679706,0,0.6129202989498005
505.8108106541497,0,1.7973959965041393
505.9647959603988,0,1.37600456407832
506.28403553799455,0,1.6681344175790822
506.3138304475356,0,2.2668981055246786
506.5866994147156,0,0.05828024753344549
506.95553624713955,1,2.0524135109937767
507.2405150425352,1,0.35037622289224074
507.5470796582205,0,0.5969740666593606
507.5826616675628,0,1.3412315673109525
507.89030746303075,0,0.25725581198740505
508.380078773915,0,0.596825710151307
508.54698650861354,1,0.9758809636731365
508.65804200065327,0,0.05995983678158366
508.9016738459977,1,0.5546690789951751
509.48009260342883,0,1.1394877971874318
509.50281987308125,0,6.224955844339425
509.5395581543868,1,1.033802749517457
509.565974690922,0,1.276967598950329
509.84053040452864,0,1.20166837231675
509.9347543950404,0,2.2701449266105658
509.9882544585652,0,0.7127674746039271
510.19897728584186,0,0.027369652921057117
510.28083834377924,0,1.1783059792604174
510.2818033850475,1,2.650515342089766
510.341455659001,1,1.4354882345235054
510.3679121674928,0,1.164274586981097
510.3828967239794,0,0.10417262340738642
510.66376129039344,0,0.4810754096044768
510.76187853874643,1,0.38721456480156
510.8151813953019,0,0.4267769920903797
510.8405581655385,1,1.2574045515857586
511.0241430688626,0,0.06199131852064231
511.0426218860538,1,0.12660310895548343
511.0538625840433,0,0.776428885638521
511.0612354321257,0,1.084791814357051
511.50684023366233,1,1.5047170711528786
511.76277229713185,0,2.8472988529248293
511.87577532810695,1,0.12128040943701177
512.6024538360874,0,1.4426890868141213
512.8840709477934,1,0.5782984838099177
513.3311164759714,0,0.7694022367490828
513.336489173457,1,0.7096766848102454
513.5047201055002,0,0.1067545343825857
513.688930322932,1,0.413958347367853
514.1225142309708,1,0.13003035278373118
514.2286483807641,1,0.31389590646830134
514.4648104901584,0,1.3595715387965415
514.4677461809983,1,0.04404350651465826
514.4766557811722,1,0.004813676079381195
514.7186093783112,0,1.2117316515188048
515.225433859572,1,0.15216802397990992
515.4044146156531,0,0.17299132666434705
515.7695077502116,0,0.10275242597283711
516.0837567416147,1,0.4869251219322396
516.1090508781201,0,2.2591206559641406
516.2574533142968,1,1.0462212694116477
516.9946135682108,1,0.8566259854979262
517.4177970082312,0,0.10387058038998774
517.7885045797761,1,0.04165552640215954
517.9824806379509,0,3.1529552294766154
518.119848748515,1,1.7167370938960784
518.1819314088124,1,0.6174356755546203
518.5391264315223,0,0.3595517201736784
518.8212452069184,1,0.6264871882354207
519.0609967913642,0,0.546106939951297
519.0680556785898,0,0.4135243003851926
519.2439785444399,0,0.8888768922117272
519.3430820347103,1,1.0413599348723315
519.3572431966162,0,0.5114468472537596
519.426739972034,0,0.908594285965372
519.4420793562587,1,0.8929047071858349
519.4792266278404,1,0.1712967955585302
519.617341723232,0,0.168824988969069
519.6696817869276,1,0.4851716573625549
519.8202752735482,0,1.2660204144381124
520.432835222974,0,0.14809258403684114
521.3051810832217,0,0.011032699908563483
521.4156767177568,0,0.7028336091915957
521.4399778576781,1,0.29999479225607134
521.8967675284268,1,0.7278467330703464
522.011365571661,1,1.7763048660525012
522.0614693759804,1,0.05817406908929281
522.093310262551,0,0.45244871850297497
522.0943236021697,1,0.5831092561441623
522.1210282403397,1,0.7795269675397213
522.1292548875076,1,1.141400232098394
522.8397901843548,1,0.8755148279555071
522.8407204863632,0,0.4122729149753014
522.8895462431148,0,0.8911385249624502
522.8941245342525,1,0.4854283917645827
523.4403907453291,1,1.3241888595486349
523.8799772407685,0,2.164300975610925
523.941924859885,1,0.2922657986925522
524.1768872308513,0,3.657157475515433
524.4192382593237,0,0.755314771685067
524.6162517546467,1,0.4903385568242575
525.0592333081127,0,2.0263216237007033
525.1643212818038,0,0.2982432429025987
525.1850035683347,1,1.3920864651913345
525.1993000988482,0,0.649215684448739
525.2547316228072,0,0.2806668671564374
525.5739682426913,0,2.6399086127136155
525.9329222439699,1,0.05980640511877925
526.2048049917848,1,0.5263589632902422
526.2550999324616,0,0.00045580837541631537
526.2597898635048,1,1.5997482667771055
526.4548003732547,0,0.5106402658434512
526.6043213440453,0,0.16424514886573335
527.0474512335527,0,0.9280626378277286
527.3947828650506,1,0.005564536305342672
527.4105332754312,1,1.2286678988685884
527.7418485773188,0,0.1435967990449083
527.7935749724651,0,3.146452461472041
527.9527560424675,0,0.18104944876840517
527.9564408417913,0,0.13217108833190894
528.2817190474758,0,0.40361293583142094
528.361503431326,0,1.8442083933896958
529.0454312341757,0,0.24237776570997752
529.0648027222433,1,1.8169510474977133
529.1243122002775,0,0.6392644494423699
529.2477477653323,0,2.2766553469722526
529.3203276440441,0,1.0819664431113183
529.3411293331092,0,1.8555198248811406
529.8502087509186,0,0.33151486340531355
530.0350311034686,1,0.2702095885852949
530.1733202655591,0,0.6538413549065714
530.3309410712809,0,0.14330002624570193
530.3911969739898,1,0.19592332342750782
530.4427896701737,0,0.22355678923179786
530.8719837749765,1,1.165828468819028
531.0756933785445,1,0.7958209808058081
531.2009820560846,0,1.3469150274017703
531.4866179581567,0,0.8454376768679588
532.6479563429014,1,1.5497910123844405
533.1593019688335,0,0.02957317963181935
533.3025798719319,1,0.5470489748421268
533.6165083778016,1,2.005823589310629
533.8853909958128,1,0.334908441989235
534.1615723902665,0,0.4161996451041007
534.2110744042146,1,1.0169775252402282
534.7621194090021,1,0.01897373575777124
535.0466414101091,0,0.9021051643332115
535.2936332707429,0,0.9722442251606231
535.5928216763918,0,0.3334023736283582
535.700393561899,1,0.09607183149316226
535.7593231729775,0,1.0965121209191488
535.9262314482727,0,2.444555964833285
536.0093218648715,1,0.2943732816650642
536.0395632791161,1,0.23293031647150228
536.7324058692286,1,0.043416712115613806
536.9724710428428,0,0.10531386009841585
537.203088310463,1,1.5634725920042252
537.3088104267983,0,0.2944752703154486
537.4266436240695,0,0.8578682255189635
537.5358790491957,1,7.187464841830709
537.6814193656134,1,3.798187489258598
537.7122509857612,1,0.277935635955919
537.7881664387526,0,0.6800948194333398
537.8183302659431,0,0.18037528449786722
538.0842413662674,1,0.8832266642932107
538.1482090102567,0,2.9940396771568527
538.2653221635887,0,0.1317619014300781
538.2677974893378,0,0.1801452535958982
538.6828653298497,0,0.6858613262515366
538.8977453845719,0,1.2809510008369651
539.5010239269685,0,2.8053552824420267
539.8299985929975,0,1.3399734868928033
540.4345234290769,1,0.48312224640801604
540.5993245911762,1,0.2844055939435324
540.7575917891038,1,1.3630220454358695
540.8474299687327,0,0.6670894214865914
540.9795297427254,0,2.625394215930245
541.0156714306819,0,0.3131148704977574
541.3795030874827,0,0.1762721283909103
541.6087296853906,0,0.13722678935414429
541.6710490287791,0,1.8503466363981411
541.6757299183977,0,2.550420623995259
542.0146412141148,1,2.2387044398890996
542.229608385878,1,0.3682873181743214
542.6329736211743,0,1.7987750620818201
542.795052382623,0,1.3645302043375809
543.17421918436,0,0.6574452791831973
543.3955516913358,1,5.415614984728277
544.4050115052956,1,2.4473176561204872
544.4082408217085,0,1.722217541817688
545.0143422685525,0,1.1868799425266987
545.0619483563978,0,0.7481575892731482
545.202114744361,1,0.46349164805870213
545.6294571665364,0,0.6621974414959448
545.6427608829694,0,0.09912138483792512
545.9302084544115,0,0.9079938261839817
546.3455898625772,0,0.8352115037167482
546.4109362909442,0,0.752744129762587
546.7096408098993,1,2.157222587222171
546.7301803254461,1,1.7469022687094682
546.8471832050267,0,0.2204209318484647
547.094847914868,0,2.486176340909741
547.1014582235288,1,0.16744713227624122
547.1106231864177,0,0.5859712483477721
547.2483372733686,1,0.16362574807102492
547.2542693564767,0,3.0269074472111774
548.088406108175,1,0.8268606657637306
548.1541652392135,0,0.3054496648580866
548.4169721103478,0,0.8166149827589197
548.6034720672804,0,1.7756721987804611
548.9445289129063,1,3.977252774834633
549.0836966957972,0,1.7558141055633685
549.129078277165,0,0.42683848060697205
549.3487980247246,0,2.2379401928657656
549.4733699979115,0,0.11933128588074873
549.7351564869225,1,0.015362593838100244
549.779811716675,0,1.6180685763872826
550.0493146312572,1,0.5376114801324821
550.0843610871292,1,2.138264545145511
550.3295317676717,1,0.2259176200536807
550.4030061171487,0,0.6569705581832173
550.4457484745728,0,0.3068075212079177
550.5002870611181,1,0.5527121477842616
550.7164524986148,1,3.4519205190667672
550.7710151634664,1,0.6470566629018407
551.0097668274522,1,0.11750844109189064
551.046067467136,0,0.3069904379078059
551.1408713488144,0,0.011482226433732126
551.5788224645999,0,0.5814394061215806
551.647557723751,1,2.6789698721278135
551.8039262466892,1,0.10428687338029474
552.1123198274865,0,0.826514221799529
552.1663621657888,1,1.0370827460694378
552.4972661878544,1,0.8106873941647521
552.5223494909321,1,0.7705323610950979
552.7961520797198,1,0.8985383028212948
553.1634132763327,0,1.9703394567696713
553.3817091735832,0,0.1394094306124941
554.1412058330873,0,0.7283628837381048
555.0858024161703,1,0.20392332101001567
555.1489738858279,0,0.687587437428309
555.2039539547864,0,0.43550623123812643
555.2306671982693,0,0.46329233973830425
555.4492715132958,0,1.5202771725505355
555.6359006808864,0,0.9739904779497687
555.7286861915823,1,1.131525488539966
555.8009020998824,1,0.09151334168717959
555.9230962623847,0,0.17853692765678603
556.2049878707152,0,0.7749388625613168
556.8524169890123,1,0.9801722041578981
556.8526573346377,1,0.07801425430381329
556.9472741917708,0,0.12917498211373618
556.9701335794483,1,1.4360086725182715
557.4609659154022,1,1.696376453482495
557.5496432323406,1,1.3391909372186652
557.5908769524584,0,1.794966099717633
557.6749086446868,1,0.9255657027959783
557.8420767011329,0,0.0787823280496469
557.8873946767656,0,0.06598737788688984
557.9640596791844,1,1.7211899985871815
558.3846770162995,0,3.7173378441218468
558.4428352519998,0,0.03908459073432027
558.4561998618823,1,0.7347127240188086
558.5022332123851,0,0.5654820398680747
558.5785172703379,1,0.30729641734705
558.8052674582265,0,0.5305450115173815
559.1070363915609,0,0.8276659121272003
559.1297373072232,0,0.04431587405604634
559.2046922901417,1,0.015364698331659992
559.3214352034422,0,0.10283732621839181
559.5531215647327,0,0.36973219182374795
559.6795392583738,0,1.3704153116460343
559.8354340385304,0,0.8669012250683175
560.26523629793,0,0.09677305223282345
560.4185790714901,0,0.921977970028752
560.5655896689616,0,1.1265809037544392
560.9097405075512,1,0.7911310360067259
560.9274282984837,0,0.7198865872988274
561.0558305203525,0,0.8225823722976124
561.0816458736621,1,0.7881789083519486
561.1463789942864,0,0.37386378278182425
561.1664189272586,0,0.2276454736303262
561.2285168150247,1,0.47687693776758716
561.2290586634413,1,0.00020480496837596045
561.296997531711,0,0.2891953279087431
561.430105601804,0,2.2474548509247145
561.7296335087998,0,0.09889087875317867
561.7576615580549,1,1.3487311635371821
561.8233210497536,0,3.161605339619343
561.9461323803333,1,0.38614917150364064
562.4089297086819,0,0.6900784945808323
562.591931974585,1,0.5641495061929276
562.7059032676343,0,1.2856577115871766
562.7356673965148,0,0.8085144432139645
563.1427047073336,0,2.8601584987294233
563.4381017332634,1,0.22515355195816242
563.9511806794158,0,0.23230274665971987
564.1057877714527,0,1.1990302430597037
564.1176843498353,0,0.06867029504744732
564.1714860204303,0,1.2993650429262422
564.3434681646369,0,1.9291594099655243
564.3931133290496,1,0.48878673401230543
564.4098373118406,0,0.8336034445070568
564.5128329223834,0,0.002643064555925285
564.978488208175,1,0.4845383204569093
564.9997215501185,0,0.05872764244270891
565.0437639831259,0,0.5762905530935537
565.2922542708119,1,3.2072589533333367
565.3321821936378,0,1.1291104089470043
565.3535104667836,0,0.575513102645118
565.5551478577424,1,0.13022709613546976
565.7168967358446,0,0.3050706433636062
565.7391093943761,0,1.4207958764458055
565.9634286927886,1,4.1405431676718125
565.9719274518928,0,0.4447262764437521
566.1292021825814,0,1.6986528109955286
566.5066068024531,1,0.5908303638599741
566.5249917690049,0,0.42856403618530564
566.5553461806453,1,1.5454995041911936
566.5837379433948,1,0.9979664739742748
566.7020842972299,1,2.8696252048120257
566.7701606397004,0,0.6689305669145903
566.8150411164527,0,0.5894978882222636
567.0391402348944,0,0.2912139035281677
567.1061463844475,1,0.005815057500594644
567.3077801362953,1,1.0189922975184909
567.6142417699608,1,2.9273659769351315
567.6841921608897,0,0.39554841879953284
567.6905029980974,0,0.2648551496367693
567.7729636623692,1,1.7251161413138214
567.9181235398416,0,0.17486036135688487
568.1671912979526,0,2.0445126063225194
568.2536012613552,0,0.5543989031357113
568.3438686171725,0,0.19349091266159577
568.6024813050827,0,0.7979775092463157
568.6173935986513,0,0.33361321965621
568.7282336917897,0,0.6251736368266225
568.91102659062,1,1.9167903749933053
568.9248998779508,0,1.6750595070451326
569.2109525546483,1,1.5338821212216192
569.2287622260376,1,0.7785440451833603
569.3325719326833,0,0.553752885545122
569.3810256484242,0,1.0973162820724074
570.4798544374793,0,2.322462008531614
570.5348700714453,0,0.215814818961429
570.6640614602138,0,0.32814044694321787
570.9449449266582,1,0.4918490453574738
571.1182469237043,0,1.1066489909905703
571.240618056805,0,0.16675429967806304
571.4027594575523,0,2.4597587365910436
571.4617388258583,0,0.4857734184027709
571.5602797947565,1,0.880168236150893
571.637971915312,0,1.3347567432620424
571.7065164902866,1,0.20660079471636114
571.7097567719943,1,0.2252129012742661
571.8365911668766,0,1.2343973706545825
572.2125798422732,0,0.05672513053145925
572.4920225941604,0,0.8105962124518514
572.5674199460218,1,0.24842540650954936
572.6413268128994,1,0.27010009807327623
572.7059269793594,0,0.4500412943580436
573.3136997747272,0,0.8050788293187414
573.5627102446028,1,1.2213237987862018
573.6151700867315,0,1.3533147007822095
573.6250165488993,1,0.9829925962555552
573.6518124875242,1,1.190982707598556
573.6801443151006,1,0.3554251565982695
574.2874956487411,1,0.3356940490488461
574.594799597975,1,2.504759012664609
574.7045621246946,0,0.26645018083054006
574.9552921472853,1,1.6804582781821855
574.9833167444549,1,0.4009350575936357
575.085855395102,0,1.248281616692402
575.102986736128,1,0.0269573732634345
575.1501190981894,0,0.10000899933524218
575.2508434575099,0,3.8507823438031865
575.53426799262,0,0.45030822888635297
575.8028289516155,0,0.7506169577945067
575.9978848101896,1,0.5033059026475841
575.998869901962,1,0.1319617178517436
576.1705212362604,0,3.0067888959981657
576.3763108276894,1,0.10294065612743167
576.539835847677,0,2.1116492411642853
576.5440011505663,0,0.6129065175039041
576.7990964231597,1,3.8152735478585904
576.8826069733975,0,1.189260492363398
576.9558857410397,0,1.2165430955063241
577.0458059904108,1,0.274234820643869
577.1011636567132,0,1.492345988024966
577.1540133848205,1,0.9804083039217193
577.1547637088194,1,0.04346104994279799
577.2022374068024,0,0.3582073281111623
577.3129935584491,1,1.088845923508245
577.3355394102598,1,0.6978758197200943
577.3575484989768,0,0.6037226697135991
577.8028959590948,1,0.2752225743143529
577.9537642552624,1,0.32495753709439446
578.4249492111587,1,0.8706312870295473
578.4819068826309,1,0.7896803505339476
578.7532266337578,1,1.8750432473902618
579.466049546766,0,0.26011090160344164
579.4696998385953,0,0.2815146196827662
579.5109241079485,0,0.34696465131463455
579.5134143628954,0,0.4907174391904632
579.5316463538073,0,0.1392022850984517
579.5935914683433,1,0.23412711127563893
579.6130428890921,0,0.38375422327493686
579.6352185600069,1,0.2537665990826474
579.6516720603573,1,0.3125106445413907
579.9837156393243,1,0.48542565333510085
580.1196693534152,0,0.6088735694467026
580.736157449543,1,1.9418722872638219
580.743904296319,1,2.0363348950110303
580.8691438115301,1,2.6814706536607793
581.0937839325851,1,1.4627728694121809
581.3278975171365,1,2.5448325250494475
581.3922357675824,1,0.23635044685809703
581.4271117609477,1,0.46914175686434
581.799281333644,0,0.7853563096339601
581.8130284864184,0,1.6439452357026838
581.9409653000355,1,1.9141188123887694
581.9774890128022,0,0.7316489589747873
582.1434343622035,1,0.5693186981736009
582.3094868193355,0,2.5944412641162993
582.3247820100498,0,2.097062229790365
582.4328011283266,1,1.4319115111382419
582.5375864628276,0,2.6030451891938506
582.5590026735581,0,0.9642316616434236
582.7156971548509,0,1.893098389905925
582.7872651547451,0,1.20365297924268
582.8236851445602,1,0.015208971892332508
582.8339675471782,1,0.43981297747548936
582.8568300542827,1,1.8748253762471836
582.9061739381536,0,2.3094239499664586
582.9219859083937,1,0.4158063119299048
582.9470984708614,0,2.561240521383711
582.9935469040126,0,0.013984251797474794
583.0879743561413,0,0.6804222274443467
583.1008062716769,1,0.2258255563787321
583.2745880130951,0,1.5829651599083592
583.4329644397994,1,0.3693225349107664
583.5917076765686,1,0.2798713096621391
583.6342002675823,0,0.7102683805489329
583.661044442176,1,0.6171988408434841
583.8209356189244,0,0.3213801873310723
584.0093202151511,0,0.3847323404406032
584.075849219342,0,0.2480126003382821
584.3365337278159,1,3.234221936444927
584.3721915818279,0,1.15889791519137
584.6611583040774,1,0.15810441374771922
584.7567539397379,0,0.6451062102837077
585.0051491631555,1,0.4270234343732176
585.8153352844608,0,1.3471649308147589
585.8937277282853,0,1.2427257973729888
586.3107239059813,1,2.2416862103604394
586.3517481417109,0,0.34929911634218624
586.3670734573698,1,0.04712581133693537
587.119049921519,1,0.3036160798256553
587.1690967077958,0,2.1819370594522276
587.403557982702,0,1.4511964172717755
587.5869442318524,1,0.7292401497884293
587.7931436331147,1,1.3823040047689248
587.9759999826199,1,0.6147433541640284
588.2310005635848,1,0.9139325665766109
588.3455126572139,0,2.735278680779639
588.5747059795308,1,0.8948949824539215
588.7179157753918,1,2.4762321531225595
589.1905832800297,0,0.3324208458619068
589.5069719922986,1,0.6556111527652229
590.0189504435332,1,0.5474430115428565
590.175233648825,0,0.6398727736500277
590.3907998504139,0,1.691645153118912
590.4332757573249,0,3.1321611764748747
591.5379703906698,1,0.2607774923947684
591.8078452583987,0,0.8082591773263346
591.9171199780804,0,1.20427734616793
592.0558174984735,0,0.59409763385093
592.1693185396622,1,0.3437523225387193
592.2984921905057,0,0.4857264083954837
593.5046005828468,1,0.5410462800161533
593.701440946713,1,0.5432642268640676
593.9314353589563,0,0.3524737325632376
594.1203319209777,1,1.7620991633879146
594.1893105986621,0,1.4753608541671321
594.8656940688123,0,1.1620348243231675
594.9670429054081,1,1.4287588145699583
596.2570973256106,0,1.5329318036486161
596.4489883543633,1,3.477295641084947
596.9332637085831,0,0.33373058339657036
597.0976116396153,1,0.1152650013857071
597.1037346926298,0,0.4824283606904867
597.1685911959628,0,1.316596246841426
597.2439432384145,1,1.1282342940892942
597.4831872665835,1,1.622604362789056
597.8766285836437,1,0.09814608731299794
597.896106925384,0,0.5887696783957179
598.0950162793754,0,0.021708053541042546
598.1564867592126,0,0.10185080090896433
598.2470547507419,0,0.5761149080803383
598.845568183164,0,0.5059742517682857
599.0141520256183,1,1.193360223379788
599.0474431229158,1,1.6685276776323095
599.2063742663645,1,0.06840899213868332
599.3415996594026,1,0.31209914902134556
599.5161193988338,0,0.046890363536551675
599.6967597072733,1,0.20632063131427414
600.0089564692512,0,0.8530175094269816
600.1482407622456,0,1.5235964800671882
600.4401045192448,1,2.6596151657775198
600.6182879848574,1,1.0085498846491534
600.8144034799069,0,0.07349334302425806
601.3737344468608,1,1.0849420376330299
601.5652356379076,1,0.26064858654393774
601.7632086520038,1,0.3532677276192261
601.7860198758099,1,1.6243023371666916
601.9432867033195,0,3.8357395567948522
602.2391283661599,0,0.6457672996187834
602.3256823546619,0,1.0595169010497694
602.8239094826678,1,1.2114081087391484
602.9570891814549,0,1.8035168419291463
603.0573055630493,0,2.0679825295771
603.2968832187846,1,0.11060759400466878
603.5127676017032,1,1.1672233741825253
603.539508349024,1,4.236396060753759
603.7157146610992,0,0.8241132772759485
603.7607074203589,0,1.0760324662797691
604.1124338475641,1,2.2947185430019186
604.116534167293,1,0.8428750271203033
604.1349633591401,0,0.32213042489013727
604.4181294610888,1,0.044171281313741664
604.4966321495313,1,0.9570417740818987
604.5954868592846,1,0.7604679588488222
604.6744651598915,1,0.38191356406426746
604.7633854308235,1,0.8993627134162936
604.8249728754702,0,0.11264327599626155
604.8926123676232,0,0.9442700946912056
604.9683292354391,0,1.6991699700031375
605.1527944800574,1,0.026077124080200857
605.2226084770563,0,0.7647169663122473
605.391093746108,0,0.7051767297676153
605.424822800673,1,1.876860583191906
605.6356490452769,1,1.6877300191029365
605.940835180665,1,0.3321428290167804
606.1856280513977,0,0.2313840037318791
606.5730034948979,0,0.4781330159229072
606.68806397956,0,0.2729243999834539
606.9195456225916,1,0.4342298320664602
607.025120206688,0,1.074723739925049
607.0458535408818,1,0.829344490685578
607.1526773170399,1,1.0030901342506235
607.1843454388401,0,0.724204855895852
607.1957507392933,1,0.6741431902622581
607.51390146134,1,0.5277215057217091
607.630527516804,1,0.6771149801999128
608.4034731957877,0,2.713580401628411
608.5573103145614,1,0.3252653903880511
608.6204807494528,0,0.12867531042348468
608.6488842998252,0,1.44842283871597
608.6735894346855,1,0.5355906294916132
608.6914018704875,0,0.8633368450426813
608.6918429318961,1,1.7691542659902606
608.6926563671428,1,0.06048439791717799
609.1137133758673,0,1.747012056006205
609.1235420740203,0,0.434914659653208
609.3008052184915,1,1.6146167413592547
609.8723667971557,1,0.15464120071382545
609.9731377094423,0,0.6112049647922055
610.342400292705,0,0.14416017248370605
611.1743050950381,0,0.9700070295172231
611.2689913998483,0,0.09251441455339227
611.8900815873508,0,0.7236525584203948
611.9808507307733,1,0.24143382029574362
612.1208296078804,0,0.5542159867851685
612.2797542340803,1,2.2098309365926494
612.4489412583507,0,2.360419973978607
612.5335008687503,0,2.4858050855586726
612.5421043313521,1,1.4981993946100371
612.7300186756175,1,0.8633635493600473
613.0689599625506,0,0.11595416761039747
613.3639619545027,0,1.9635343491709527
613.6484578652136,0,0.08111687196381102
613.7108425682427,1,1.6458303279400759
614.0061385182287,0,0.9512507206926124
614.3727930281675,1,1.4662077222928822
614.9223698546222,1,0.216503819782062
615.0107816205785,0,0.33861661040960117
615.1394079653388,0,2.127345340551461
615.3370584269387,0,2.709063360930971
615.8996638758131,0,0.5256788622532086
616.36382720942,0,0.10850940738832023
616.3757091714197,1,0.45193371735158105
616.528575752685,0,2.872191918540488
616.8063971230407,0,0.610323353653042
617.0008849871501,1,1.3092063359074904
617.0301521883181,1,2.266377109591306
617.4532529524183,1,0.33603138639509655
617.6195401613938,1,0.4270750605214502
618.0044869679651,1,1.6443630591167613
618.0423176453819,1,1.051371419803379
618.2074291995484,1,2.087915201192201
618.3922132551172,0,0.2811934906897267
618.8202451861235,0,0.9348869532746225
618.8626685167466,1,3.572997987114218
619.0950609971344,0,0.9647801077423428
619.1074833520473,0,1.4573136062735854
619.2246094976651,1,3.8396662130630146
619.3944511953554,1,0.1744493187255752
619.7925926332359,0,0.6399215119822613
619.7947289536925,0,0.46934410220568096
619.8347880946088,1,0.48377515111199754
619.9608217119943,1,0.2108740716995482
620.0646175834153,1,3.601920376567084
620.178686842228,0,0.8439133788356795
620.3334934114637,0,1.2532599161920892
620.3541875581616,0,0.03191526570980075
620.3910041160573,0,1.3294572609530213
620.5381289227114,0,2.8676386856844798
620.6340426939561,0,2.0903183311593354
621.09881023039,1,0.21132270899996833
621.2287648306124,0,0.17812403850108366
621.3331626148713,1,1.3491928706872183
621.7356085519156,1,0.43458534226500717
621.8132365004493,1,0.026274313475473658
621.8811346472021,0,0.987178716979161
621.9148882371833,1,0.5045385983593986
621.9630822751914,0,4.560142507130453
622.2788622983949,1,0.9353106135507236
622.4617955124609,0,0.02027633741531788
622.5561169039422,0,1.6167915678259521
622.6187924602424,0,0.6260098933468018
622.8197872941579,1,0.2788631677200634
622.8237048726829,0,1.355854205206274
623.3576799163321,1,0.056910631313310665
623.5960145577296,0,0.15440370643511023
623.7982771790772,0,0.4590687873087417
623.8647224183072,0,0.038336758249749574
623.9030074015471,1,0.17190476759415935
623.9498823995086,0,0.6866611592876364
623.9964420537306,0,1.3010116332441812
624.1505035353371,1,1.4435816641325192
624.8309157302763,1,0.5917055240024207
625.0637350884965,1,1.5424488100845302
625.0715568888739,0,1.65741118235865
625.4000344887996,1,0.36394770240133295
625.8448285938715,0,0.5919325697027247
625.8527697138132,0,1.6625523452820485
625.9967907422567,1,1.1778395101418568
626.0213868580289,0,0.8159370210964039
626.2027158455908,0,6.093928960752436
626.229059550235,1,0.16772876626879785
626.3028118928946,0,0.22195399897242948
626.3680519076837,0,3.027534910467945
626.6168739699835,1,1.2951557355922572
626.6767653786413,1,0.46014216219551957
626.7754991182826,1,0.8207761598304373
626.828731302217,1,0.1478229734213325
626.9003436644786,1,6.437234750331644
627.2179225403745,1,0.0636342112648473
627.2471070822878,1,0.5445424593797382
627.3175732544582,1,0.12727531774512454
627.322300390315,0,0.4550526227078523
627.3616070636597,1,0.14985353890339584
627.3987587219235,1,0.003634557698009342
627.4584546824924,1,0.6154506348592365
627.4796732658692,1,1.24122833854179
627.5036236098784,1,1.010029806270608
627.6789395451062,0,0.0681191690332156
627.6896662120702,1,0.07386581252580049
627.853135162955,0,0.3165696870348914
628.1775385391012,0,1.2823194669870421
628.1781098878666,0,1.0235030269665402
628.1805559578452,0,0.3465977289226388
628.2808706684477,0,0.1450271352420149
628.3463412682319,1,0.956472385423758
628.3835640449386,0,0.5613887821232839
628.4766075119386,0,2.445079033856755
628.5975914873707,0,0.8673414260263815
628.6149351411191,0,0.4792972082942562
628.6289277099565,0,0.11200965598319029
629.0387346814376,0,3.871308436712665
629.1662953091744,0,0.5975666607274456
629.605570461422,0,0.5586608415477594
629.7388999357725,1,0.6192509352328571
629.7898673213544,0,0.2824321093133148
629.7903219870858,0,2.3946883773645773
630.5398316558565,1,1.949510148310766
630.6488738639441,1,0.02983793375175338
630.9444250102634,0,0.9101058370117067
631.3293650337524,1,2.798186219407485
631.39184414212,1,1.4071356954210281
631.5730193963938,0,0.07737363695525576
631.8025613051808,0,0.009508375586521083
631.8526769593628,1,1.1057325585406585
631.9130374984588,1,0.4760281526007162
632.0290728660058,0,0.1815286884743286
632.0492792352126,0,1.1700987093055117
632.10878363822,1,1.5036844074578524
632.1201903788782,1,1.0601122532766971
632.5103886578322,0,0.0698687730992236
632.5626810615186,0,1.6833879482472438
632.5925772111192,0,1.8388086873268743
632.6490241909188,1,2.1133685509305433
632.7910740374208,0,0.010815896479770434
632.8800468954701,0,2.422235580238328
632.9726509424878,0,1.437076289243463
633.055108200804,0,3.2365897848989102
633.1066815569746,0,0.17458564439314236
633.4092985665213,1,2.4686900549101343
633.6091670087155,1,1.6732914343097163
633.7695401649057,1,0.13966205823423838
633.8990393170761,1,3.8104929322532173
634.1033671341363,1,0.38602284623358685
634.2804069427958,1,1.0778359052190007
634.37221980814,1,0.378283507867992
634.4502205983027,0,2.4835014870174583
634.9405683327835,0,0.3602224961210575
635.0873999258224,0,0.5159917546270657
635.3172023137561,0,0.8543031717954684
635.6692973926106,0,0.15684856494004207
635.7678406517952,1,1.042710027338227
635.9930722125796,1,0.12226656141067689
636.4218752479244,1,1.23529523692169
636.5095956670807,1,0.782588756528616
636.9998166422338,1,2.8810345838880638
637.1204633123083,0,0.4089850025757764
637.1215076897031,0,0.4013276826099965
637.2162894578611,1,0.032549892206477575
637.3955802087665,1,0.15638051174554077
637.5197356096979,1,1.6416490006647606
637.6303846054536,1,2.878088430322583
637.7974835197016,1,0.3400807174235537
637.8022601092895,1,0.21062025739580809
637.8176251076237,1,5.088732249125731
638.0386188486326,0,0.051545042056895515
638.0879634768087,1,1.7408938922367445
638.1799690157353,1,0.2775719951644352
638.240163498975,1,0.06177407689220592
638.3037403496589,1,0.03722023551768835
638.8236327852181,0,0.40110968657634544
639.2488964724514,1,0.060133676513690434
639.6114202227934,1,1.1674760752096476
639.6345194617318,0,4.2146247666959695
639.6476175593241,1,0.36807670731704106
639.7249471376498,1,0.16074796416146492
640.1777077580132,0,0.1443383581059314
640.3238505617891,0,0.46278396127943194
640.445006824979,1,1.176099574434836
640.5741584253151,0,0.15326326786663444
640.6142642806595,0,2.3627113007064557
640.8446299592931,0,0.0903462820895303
640.9443190736707,0,1.1331329131991181
642.2221460456736,0,0.2647204941072178
642.3663592869704,0,2.9954618711497476
642.3702059050819,1,0.26351861977005175
642.4221502380378,0,0.6601077520015531
642.5895280479225,0,0.22391796104234538
643.0638661648003,0,0.13888932557387815
643.1528332283382,0,0.8284202614312662
643.2416605436091,0,3.790492931362504
643.2524218597196,0,0.07880661558098857
643.462735652278,0,0.916766114777284
643.7782794761508,1,0.5249077698072668
643.7838966031882,0,0.38042836929592283
643.8246479752908,0,0.4402364136054966
643.9511758692166,1,0.10341921476964365
643.9833292768297,0,0.4236546357279261
644.1218287916247,0,2.690785156997055
644.3827532356381,0,1.0052360481803486
644.6052864075735,1,0.4178824266578759
644.6489703151753,0,1.1974729503028587
644.6491166559285,0,0.19911927423425277
644.9783668807049,0,0.40817588372668917
645.0408833588846,0,2.9514086268466886
645.1069373763648,0,0.7011888686036993
645.1119581374672,1,1.9893127494372096
645.2563819720805,1,0.3975680617191403
645.3277081863816,1,0.6185045860773533
645.8831191504399,1,0.1637376907552288
646.196086048866,1,0.48985528287043256
646.2124546736883,1,0.2269029308244877
646.2879109264843,0,0.9141857158256368
646.5756235387107,0,0.08468236259036718
646.6701859126961,0,0.23576605058459643
646.7154723226428,0,4.396706551989607
646.8931798071144,0,0.5821685810961812
648.0229293702444,1,0.624422552975159
648.1466701357934,1,0.2523511186629809
648.2750580786463,1,0.10693839396091752
648.3432575408793,1,0.383642871292465
648.4095272879208,0,0.5834724278621389
648.5088848382383,0,0.2684569744573856
648.8014230025991,1,0.5308376606394661
648.8334588106351,1,0.5997339092812829
648.9361474826634,1,6.381075329599682
648.9631356501947,0,1.0125595765283117
649.1757098999975,0,0.3846840412243273
649.4288130667568,0,1.0462652182762329
649.6078789949654,1,0.005783367663614571
649.8200183226556,0,0.27458272268325484
649.9669692680342,1,0.331389174957848
650.0759424743437,0,1.238427290055534
650.3360065019732,0,1.1555608616426718
650.4057934286863,1,1.0994175284533145
650.5911844830142,0,0.001630246358914305
650.656323263066,0,0.39526353463559794
650.815725364398,1,2.3120199055642034
651.0062962406116,1,0.701064409923671
651.0178939408584,0,0.7829768693727771
651.2229628848175,0,2.7605203706753403
651.2294933138807,1,0.9186783620798444
651.307350230359,1,0.2551620944073014
651.6708396620498,0,1.1909795116650665
651.6890227464386,0,1.5361354565923258
651.8462207221063,1,1.3236442613094856
651.8734580540279,0,0.9525672067906643
651.911077107413,1,0.3579532194799728
652.3086278600086,0,0.576852347957965
652.7973776589658,1,0.4564252105064247
652.8694008245972,1,2.0307406034850195
652.8837645776656,0,0.43375578979480933
652.8884432780696,0,0.7034986368163461
652.9675387143639,1,1.8249557254306321
653.5804811731522,0,0.24076856881341133
653.9321008807183,1,0.30079736766672016
654.0563859560172,0,0.7327436229186904
654.2622692138897,0,0.17394780878433247
654.591722100058,0,0.10953507109231211
654.8764446488469,0,2.316893649309002
654.9659492824551,0,1.512978137144417
654.9691982992317,0,1.7173818089091022
654.978321136599,0,0.5260953943371481
655.0901718525479,1,0.3727174931161482
655.1592271319939,1,0.13584261812034273
655.3123893086155,0,3.450453571115307
655.3426113598605,1,0.3484754445304333
655.4284058634316,1,1.8288497361330667
655.4317167477933,0,0.6161918349365482
655.7106578193914,0,0.3000745123216961
655.7956594177095,1,0.3555127404340512
655.8962927722278,1,1.246875095059365
655.926481624492,0,1.9039631626694584
655.9874039719565,1,2.7497580307160003
656.0632091777808,0,1.1373682160214835
656.1482663373449,1,1.6236622712355469
656.2164316230898,0,0.8345533888418387
656.4724064638373,1,0.2268628122259705
656.5599771933998,1,1.4896726673085532
656.6617090391328,0,2.4665726185950083
656.768607795628,0,0.722173610099426
656.857769394288,1,0.32646142756327756
657.0149331584254,1,0.745277472021409
657.3617331656382,0,1.8492046600560799
657.3743675447143,1,4.440216919871653
657.5522573568109,1,0.36724372465433897
657.6350352359193,0,1.2015227244768305
657.6458295659158,0,0.05094424686490051
658.0508398582026,1,1.5168683076094864
658.0713778253111,1,0.14275475079204392
658.1394601450014,0,0.10222066492982176
658.1417154925311,0,0.002168212933181219
658.3398215630722,1,0.1464604962706404
658.3536516022218,1,1.8979314941652983
658.517684357328,1,0.05022454112231192
658.731567526259,0,0.5331431424854094
658.7612402020114,0,0.5898863459331374
658.9157407841126,1,1.090974807761306
659.6416136900369,0,0.29282131635441594
660.0493784024122,0,1.1831669245959064
660.0577012674163,0,1.5420901091533645
660.3346448155796,1,1.5445226079688505
660.359621261185,1,0.8853434605610426
660.48451536023,0,0.3175542180515132
660.498743970231,0,0.003853028772613825
660.6319716435086,0,0.8712733836554607
660.7448057847004,1,1.7868945946312305
660.9140106569059,0,1.806413382398047
661.0106705347084,1,1.12423055674587
661.1098765053824,1,3.637231188872386
661.1485312469719,1,0.738481428244368
661.179072992448,1,0.039660361841500874
661.3191329318984,0,0.06383902134837677
661.4233486633774,1,1.337493642014026
661.5542865498484,0,2.3823412717560855
661.5815672243708,1,0.4966934344963621
661.6421240075114,0,0.4733479888093994
661.6893559144303,1,0.578945506834777
662.788229388809,0,1.3026774578099958
663.2906069038968,1,0.43366812636061053
663.3509007416625,1,0.5031398931301343
663.3509967541519,0,0.1251980159957154
663.5469675184978,0,0.09068974204280995
664.0815722626027,1,1.7909476721599542
664.084593447381,1,2.249998935078008
664.1999734153278,1,2.4500833365884978
664.4146577055117,0,0.4616921942917342
664.6131459064833,0,2.079297748237071
664.6314496935083,0,0.3445792225430677
665.3189789823438,0,0.19776822129736885
665.9604428801426,0,0.4605806442063897
665.9691461944007,0,1.4604612653222473
666.0566918004432,0,0.03704176898428332
666.0776594186309,0,1.7481637377550054
666.1511396604392,0,0.004157599254131283
666.2021640982974,1,1.1577408246131349
666.2026005992858,0,0.177057524568905
666.2386169438606,1,0.3730452726371406
666.3205149359391,1,1.249749061346011
666.3589292184079,0,1.3229636098652156
666.6629125347725,1,3.9566873788630517
666.7787530850694,1,0.03987482495072384
666.8602689620495,1,0.8594961097980217
667.0793618689685,1,0.38437446396252134
667.7865677319885,0,0.04008161307855092
667.8383943853829,1,0.2844774215314939
668.1782107977975,1,1.550386094990911
668.19262053888,1,0.5133184943512455
668.3476627706731,1,0.5388295746059099
668.770606102479,1,0.6208705878009735
668.8140113691506,0,4.980115384802209
669.0551616021984,1,0.3432612613141613
669.1874118617353,1,0.6031447983289401
669.5669034247833,0,4.026019833526187
669.6824599844255,0,1.5601741772357665
669.811575734722,1,0.9056011306067531
669.898587741996,1,0.12971237424201038
670.7640855562574,0,0.6902335689178649
670.884780989297,0,0.09764950298231813
670.9854248485811,0,7.31663185121649
671.0751243538043,1,0.37354888131206415
671.5014358883745,0,1.1308829984234212
671.9207049501488,1,2.6087782828606527
671.925905884933,0,0.13416322228580682
672.5234860180348,1,3.5357050162839636
672.9390784626506,0,0.4026672183045338
673.0795636931231,0,3.9796607244899844
673.311380567651,0,2.2576725956428594
673.4455307880046,0,3.328878739811501
673.8072928458396,1,1.6259715694656998
673.8363178564333,0,0.6006520652146519
674.0142998654222,1,0.07254637146785467
674.1966340080123,1,1.523823845874309
674.2188920799022,0,0.4659318570656647
674.4581949527812,1,0.4427105104311748
674.4598221301077,1,0.7746684654951277
674.4670214401401,1,0.7329490271775569
674.5627262255821,0,0.027832773408833777
674.6067737974644,1,1.3538416097850934
674.6507418746518,0,0.7939955636589507
675.2504048865342,1,0.6739527545202914
675.2584145495298,1,2.892404555311504
675.4382277213904,1,0.3459587635723487
675.5119741425506,1,0.197999890986833
675.5873001778983,0,3.474983545887447
675.6762634464136,1,0.11755458959068657
676.0308407137104,0,0.6879696736066073
676.0327963409918,0,0.7337056350450714
676.157347637096,0,0.2935773126117231
676.752664281712,1,1.0250276842752881
676.8779592695969,0,2.732394891474386
677.1902981601532,0,0.4938656543457818
677.2096303064967,1,0.698280414070449
677.335299285564,1,0.2778442403251428
677.553553910405,0,0.544962964729208
677.6509633515221,1,2.10151571100929
677.7006521365126,1,5.665331773081108
677.8023810255746,1,0.16138286239375937
677.8960918681814,1,0.39547088590639484
677.9884973547582,0,2.2006793910520193
678.0972578880012,0,2.758443049069974
678.1421028002984,0,0.9904092679651854
678.2228139988258,0,2.6811306260969605
678.2788698620168,1,3.196685998692662
678.4040177969209,0,1.0792804714091238
678.4246301026058,0,1.439207974307965
678.6617334181033,1,1.4982826780014435
678.6729602946592,0,1.1301621805640247
678.7312347670785,0,0.044118662333776676
678.883299930884,0,0.4804564930500061
679.7671745908771,1,0.9465960498588308
679.8549199141188,0,1.8273384800761314
679.8721184533244,1,0.6585009048731726
679.8750188164156,0,1.057890656861689
679.9103937355462,1,1.1505895091577556
680.0087369780085,0,0.7716223191210563
680.0808802093502,1,2.58347968516564
680.4903306870874,0,2.472936857191306
681.3506736808299,0,0.16976765810280922
681.5512361030023,1,0.08058201382629632
681.6261702643644,1,0.6672649884444039
681.6629780716449,0,0.0702687647172077
681.8604030264971,0,1.248415234640011
682.2805229995856,0,0.06151922006890519
682.4561502296409,0,0.27610898294911246
682.5516356536757,0,0.2565061100085108
682.5878785270992,0,3.2851769748028397
682.6323621898963,1,0.509753947147683
683.5771339232745,0,1.6379583736057504
683.6476575280909,0,0.5693092661112693
683.7713840815945,1,2.2932454798738964
683.8176274360221,0,3.266168033307176
684.0931103719943,1,0.42129117276068156
684.2218796795757,1,2.032551572552203
684.2603777937853,0,0.19334298999405788
684.5634212927594,0,1.5548901892422047
684.9489710512207,1,0.2790566572822432
685.1651279652017,0,0.5453613644968193
685.297129580294,1,1.491204727458543
685.3748455863137,0,1.134424223517625
685.3748764037327,0,1.0071119414918859
685.3753059735062,1,0.6391918804539006
685.5271195037249,1,0.647557531047284
685.5779225543484,1,0.6403797481466789
685.925241626739,1,0.7817756642887967
686.1318809731138,0,0.4884069354888341
686.3488134330568,0,2.90594643942374
686.3873420041779,1,0.009229075601940036
686.5211434603199,0,0.07517640518432099
686.7755331175845,0,0.5908326893116838
687.0348880258337,0,0.28510565952555017
687.3763962504116,1,3.1645741869704245
687.3824482489485,1,0.1884100234571085
687.5658809840414,1,0.2582498233924942
687.9697615729599,1,0.57897227431473
688.3706422987459,0,0.25989257353738404
688.8142665392969,0,0.8078881404939103
689.080495600565,0,2.5112884039626926
689.8184405034513,0,0.2448324396237778
690.1055938030049,0,0.8225883639809104
690.1831393534861,0,0.20623584191714153
690.5675503294817,0,0.09441537113952046
690.8316871792051,0,3.3072207159587146
690.9214119134986,0,0.9835993216009048
691.0833461856282,1,0.5244658096620055
691.22694529597,1,2.5368056167652844
691.4317735229741,0,1.3737476206137467
691.9781558787755,1,0.5093878288888222
692.3448933158155,1,0.5698726491915755
692.3656766255498,1,0.6091388634126755
692.6395186368377,0,0.039812483370959925
692.8941341015858,0,1.1463719014929425
692.9646264284848,0,1.9667975959559507
692.9695378440983,1,0.06428053057737636
692.9782316299209,1,1.179574642417781
693.1014369534635,0,1.1099412419549153
693.1930205250435,0,1.4792509156260014
693.3007027496091,0,0.8912336317195765
693.3565818645363,0,0.6399823305285991
693.4441530977144,1,1.1795780102743896
693.5743060997951,0,0.1889334876975311
693.7856466812086,0,0.5352222441288901
693.9095130751142,0,0.4481191550902281
693.9974231162557,1,1.2359125325428109
694.117563702649,0,0.8800219228741498
694.2027356073036,0,1.1215834949307737
694.2390506738737,0,2.3225916241594797
694.3385513815633,0,0.7252702010279554
694.3566336422116,1,2.972082814272556
694.612993816268,1,1.1739751925909325
694.825384340954,0,1.1864629485557234
694.9877746273362,0,0.5488162582509143
695.0118444175397,0,2.0325669223010028
695.150253867057,1,0.21465779177540664
695.2501265548937,1,0.48085498619313205
695.3740450061476,1,0.8873155435087642
695.7562693211004,1,1.2226748046421652
695.7907649910288,0,0.925862158663929
696.0987679086637,0,0.21244402231182097
696.2070247187843,1,0.35537428348890737
696.4277091011047,1,0.21569152821107462
696.4296469076246,1,1.3831271217653756
696.726755401702,0,1.1045652645589472
697.0508662189843,1,2.3805312158116494
697.339208026776,0,0.46753450689889264
697.4038337360387,1,1.7274316818742452
697.717042585698,1,0.6965028776669179
697.8069985021727,0,1.1512285798196573
697.9701227453376,0,1.326208513710717
698.0578004986454,0,0.3409477661188265
698.3130763507921,1,0.8252379124171957
698.3507033227247,0,0.3215220172123519
698.3675413777952,1,0.5505533098837829
698.4514560156592,0,0.796799136648502
698.6130639713544,0,1.6699481300724566
698.6459324572347,0,0.12460447866731919
698.7163210728072,0,0.7880766385781202
698.7228023369731,1,0.5911280494653668
698.7755333272773,1,0.6382421739926872
699.0120432813206,1,1.2221261812682154
699.1225769166997,0,0.39157966020767837
699.3446727705314,1,1.2692808584293724
700.2163069528051,0,0.47023574177932775
700.2195318155474,0,0.1866483340367315
700.4094881613423,0,1.178245213336191
700.4142740529711,1,0.6762755474079838
700.4439842716519,0,0.03964319189464591
700.457879840656,0,1.7585408984746507
700.6105806691145,1,2.4778450039502258
700.614182759517,1,3.8524260940098074
700.7572763331615,1,1.3102453196842918
700.8483207246567,0,0.44153671914723297
700.940320215881,1,0.7814664336094963
700.978935743474,0,0.10328372569066108
701.0045461221638,0,0.03964084505628675
701.583362157345,0,0.13554210632909125
701.7471985721422,1,0.49700659847350154
702.4277563614528,1,0.09563831323781413
702.6423908795044,1,0.01957809820903705
702.9098087070033,0,0.23340726255986396
702.9136647647159,0,0.04835268278110205
702.9834431652905,0,2.8890038624815784
703.2622450319866,0,0.8840083363212787
703.3513807176066,1,1.0545439326111106
703.3966697313773,0,0.48735154664772024
703.4972679332953,1,0.9734977090387152
703.6614659681471,1,1.3524396160812613
703.6679403351417,0,0.06025519823865706
704.1294507942796,0,1.1398582759835063
704.1881135028193,1,0.9909333076864241
704.6177208475923,0,0.5516334663666063
704.7290734761448,0,0.6789879262974072
704.8741760416569,1,0.2882653753178397
705.1652260147009,1,1.02891059923493
705.2179994694858,1,0.36835048458311087
705.3819693308149,0,2.297743522596724
705.489834259802,0,0.593167290294389
705.9814392876151,0,0.08385282482929227
706.2532660784043,0,0.2582356277131724
706.5255708730438,0,0.6903582304993028
706.650667356873,0,0.3673190866368404
706.662925027599,0,1.3880018326675985
706.6946542105204,1,0.6678761750338736
706.7695490862462,0,2.402644396240883
706.8062979167122,1,0.3415393255360543
706.9715250680704,0,0.16215984135119327
707.0997604804244,1,1.2699312073046494
707.65383484702,1,3.572465453343153
707.764987402535,1,0.08217106312470032
708.048888918296,1,0.16880413746742984
708.5481763960123,1,1.304676506511255
708.9211307648366,0,0.44350728041584164
709.1238269325713,1,0.12357855369463906
709.1382988101902,1,0.5595630010749764
709.469916458682,0,0.5040690955310417
709.8449510499788,0,0.28888405260621325
709.8917583107807,1,0.02150287165592271
709.9614976738237,1,1.8825633552520906
709.9707468402255,0,1.159540918247397
710.2511220204144,1,2.5363322677777957
710.3988464890001,0,0.17253616284796414
710.4867985815678,0,0.18630993356797024
710.6530153441905,1,0.7139819146347746
710.6780297044529,0,0.8034140834207032
711.0296027576161,1,1.9270470327278735
711.1068869767322,0,4.957521766105525
711.1773083897615,1,1.6570366935330172
711.290693170776,0,1.9159715017004364
711.2981263957065,1,0.462393038318354
711.6968423402006,1,0.6349106778717242
711.8612795272296,0,0.2297459145079924
711.9009287272522,0,0.22647878735302795
712.3183959792965,0,0.17238516943512092
712.3580180414766,0,0.4049182374839687
712.4023392385208,1,1.3994179559158495
712.5462081328924,1,0.02039960034671419
713.2408082191811,1,0.06954064313602941
713.3165053236237,0,0.2875694813419672
713.477744849361,1,0.7757550683714497
713.608746756079,1,2.2629415075938133
713.6350563506415,0,0.36435147382931354
713.6834342709396,0,1.2861321039498776
713.7606648139694,0,0.57089109131642
713.8961602010389,1,0.0929216043774968
713.9158129402471,0,0.2684982165164073
714.0369039992672,1,0.674606777370265
714.1202319382169,0,0.5332851149091052
714.3182204998581,0,0.5348968114695828
714.4096522930064,1,1.9737114922991486
714.4370669170896,1,3.379898873196836
714.5942448553815,0,0.004374472235881631
714.633860018349,1,0.6713720212016687
714.7535268333128,1,2.6957014198975555
714.7862705139097,0,2.35153982727998
714.8028555916103,0,1.0557127382566345
714.9172906717959,1,1.0000483413075414
714.9357265754552,1,0.3477927451259275
715.6479920940927,0,2.844130033838063
717.3247149905412,0,0.48144156903044705
717.5202567310715,0,1.299544677410843
717.6754810765763,1,2.136407182748508
717.9011933342805,0,0.020141768954909288
718.1159903143179,1,1.6893888248754405
718.1369800953864,0,0.04742310109508097
718.2123500104468,1,2.5395901282048334
718.3118184143736,0,0.8061776543875394
718.4698987322321,0,0.4595081241933963
718.5071271486391,0,1.0626417048353405
718.952540902365,0,2.3517616190508277
719.1247734128127,0,1.0468702288077678
719.1607794501479,1,3.121302375969085
719.2373399970203,0,1.599829247523087
719.3074107782735,0,2.7939431460564284
719.3318221591115,0,4.074626172405827
719.4472865336734,0,3.2170239295186644
719.4582464703108,1,0.04812051016090622
719.4609892121697,0,0.7096752918136019
719.8459915633217,0,2.5577785810226583
719.9695087723911,1,2.256813544154233
720.024485640668,1,0.7089261728952143
720.1950283072318,0,1.4739157066429365
721.214999235695,0,0.3246572997059985
721.5970469077486,0,0.402522778105263
721.8216596621772,1,0.2770417234373319
722.3375901953206,1,1.1326978928617757
722.4364343685512,0,0.2774474072497099
723.2165480830212,0,0.93498555009762
723.3211808872727,1,4.172321558313358
723.4636705093018,0,0.9267970208513154
724.4459062759282,0,0.656371632172016
724.4774178957551,1,1.2007710994184282
724.4808699727594,1,1.117494895264753
724.7549563265621,1,0.2609867664147901
724.9987649874024,1,0.18568122370591345
725.3133151608743,0,0.9507456903809812
725.5189853050981,1,0.05591111131820308
725.6150165284851,1,0.09807228503942475
725.6304762861655,1,0.239318693169064
725.688755224195,1,0.32218908611166397
725.7321746251163,0,0.008916748230220555
725.8495923215603,1,0.04579879468987127
726.0053911272378,1,0.3830569357518667
726.1836570051429,1,0.10295491274478266
726.2849925225225,1,0.4523657793778046
726.5492201219032,0,0.386532510316567
726.6002126263867,1,0.2732733360759455
727.2477591987752,1,0.8937673830853666
727.3294922219459,1,1.2413076239414405
727.3907736223481,1,0.38697010313907654
727.4992680765065,0,0.5452352840644945
727.6527320112045,1,2.6841236373024957
728.4005399212054,1,0.3320189030047341
728.5406242648594,1,0.38372172304618396
728.7356459082142,1,0.46651984061642426
728.8994101749546,0,0.38786473999684173
728.9768426171273,1,0.11371073686406998
729.3163093772146,0,1.266603113572922
730.0402635420577,1,1.7978521896773114
730.2196869679404,0,2.9149417538477636
730.2767007714025,0,4.660232756247986
730.3038374097551,1,0.6693079885586133
730.3138819964796,1,0.37154334092716396
730.4420467627948,1,0.5009431231569808
730.5399737331833,1,0.22940466575078255
730.734671953711,1,0.33290834849345147
730.8233670052862,0,0.5623971303800501
730.8308670315158,1,0.3670013647102857
730.8528761338582,0,1.0358550280655001
731.0211498619202,1,0.3308052784770501
731.0685801652227,0,1.1024301718628546
731.1718730485554,1,0.29914566251873254
731.2269422123745,1,1.0348097269116592
731.2278244087582,1,0.4420304698873863
731.234476167143,0,0.6335519260414364
731.2884944138273,1,0.678633656103912
731.3312520625948,0,0.7747728162175695
731.4698580913083,1,0.6012637636073832
731.911512044121,0,0.5590129277192621
732.1125753225105,1,0.48449870628304775
732.1136809784907,0,1.3777624176763037
732.1605383066662,0,0.7501427187681785
732.2695086070797,1,0.972809292143777
733.2031422344764,0,2.8485670935710194
733.2770599309349,1,0.6601458977990862
733.4300144308265,1,0.5543836190493807
733.4727310881929,1,1.8483608440914832
733.4771657633379,0,0.7117082562352764
733.591105105562,0,0.49369916314951856
734.081937735942,1,0.6358947151654282
734.4319403919102,0,0.554113598745547
734.4322088777836,1,1.7407712421182004
734.4753377205711,0,0.0906648578391135
734.7455688839368,1,0.24811619325119816
734.8814193199185,1,0.23251273086725102
734.8997937492477,1,0.09763557814445735
734.9740508927335,1,0.20198706391598048
735.2261201558476,1,1.4260402558352323
735.4101177064796,1,2.512012840552686
735.6550051639873,1,1.4576676653960072
735.7745774814837,0,0.04664661134478315
735.9582019563302,1,3.0325790216723894
736.1257548197498,1,0.11942350893743421
736.5250472743969,1,0.056703409818255925
736.8141877245065,0,0.32587862818014224
736.9574850229372,0,0.8610440230121189
737.1136780826773,1,2.890653761272034
737.1149467464891,1,0.4350486627988637
737.1514784366084,0,1.615959906912585
737.3193346150254,0,0.052461175283497946
737.3560383450427,0,0.05017047292938133
737.5449372296338,0,0.06279837530951866
737.64462630341,0,0.7317670634549779
737.8538438025532,0,6.741834325659852
737.8799499277014,1,0.2715266108002873
737.9853761583915,0,0.5749116801009185
738.0279032535067,0,0.06713448853562487
738.3353101077757,0,5.969305097559187
738.3892058635679,1,0.5963529469503882
738.4018310112192,0,0.6207657399046779
738.7478979389037,0,0.7588589028583371
738.8405948265643,0,2.910803661872268
739.1740956648184,1,2.8101787744306375
739.2675887033697,1,0.22962428001241458
739.2913624972971,1,2.4344239565592503
739.2932254566603,0,2.2037407580359476
739.3987172660651,1,4.270752170959455
739.4087160855302,0,0.8257993071282403
739.5702925487145,0,0.1826410486367699
739.6658572231778,1,0.36065865168176414
739.8259714329474,0,0.45838440013702036
739.8314426604122,0,0.6800475690792886
739.8635732668902,0,1.2192188622902254
739.8636938364692,1,0.6049924689495327
740.0576544388865,0,0.9070172610585049
740.2976325936453,0,0.8467438843422004
740.9249430868274,0,0.2498277746602981
741.1212861321173,0,1.1933880935125223
741.3320224922956,0,0.739733890566574
741.3699617128343,0,0.44284461012222465
741.5849923591552,0,0.29332109918669547
741.6243343216024,0,0.19008483121386124
741.6280542390775,1,0.0026149939691105313
741.9458330483507,1,0.8355096660973274
742.1114055559594,0,0.015929133498517527
742.1902042668422,0,1.367019654792262
742.4778305763583,1,1.978035845889272
742.8961282272626,1,1.011080998281043
743.0447109989057,0,0.09377357750828938
743.1684897712452,1,1.3556487142040623
743.3018633491521,1,0.1368923149134135
743.3115171552824,0,1.0637663203426577
743.6790817022575,0,0.27088718863347366
743.6991164281959,1,0.7182671908856908
743.7748938056523,0,1.4184346195085855
743.7994990402194,0,1.0079910364406044
743.8334506553936,0,0.11720241910521985
743.8528673170499,1,3.3555259477941175
744.2118039338081,1,2.243054694797433
744.5066718100929,1,0.9816825477512793
744.9842305564699,0,1.7902860160000544
745.185633372303,1,2.2176383573595357
745.3984370575818,0,0.5578851994886214
745.5301024358122,1,0.011358247524269734
745.6935993900377,1,0.38508400172072565
746.4203229049616,0,0.2884498778866469
746.4263363069007,0,0.4798140722330378
746.5296392103576,0,0.15556149488764895
746.5874213887413,1,0.37798179306516333
746.831071762365,0,1.9090070695136887
746.8818105756957,1,0.5614397320816878
747.0541758091987,0,0.9284211308111999
747.2881348879417,0,0.33383220483312387
747.3775476149482,0,0.00840929479000452
747.3822034406236,0,1.0327351992178604
747.672814438137,1,1.3867732776388044
747.8440334962067,1,0.06834622700630892
747.8487141780822,0,2.7515672568900276
747.8673349476829,1,4.427903568481047
748.3558257678874,1,0.6129083828519707
748.4353009943,0,1.4088595573355138
748.443726935374,0,0.4643485365623802
748.5426113672222,1,3.256057024672083
748.5867813246285,1,0.3014353850452656
748.916037725716,0,0.3285600721879494
748.9395466255968,0,0.9166160761206125
749.0092064076401,1,0.7246322808859978
749.0288513974194,0,0.8695192002472583
749.6350987823929,0,1.891627601225209
749.6565289356149,0,0.025046289396129122
749.9977702801531,1,0.4471488942595821
750.1059110295994,0,0.7880308822532864
750.1414907035007,1,0.21576857144247497
750.2304315411573,1,0.028271866421282543
750.497220411976,0,0.4391942151788624
750.6000780386979,0,3.822723043660366
750.8031774064456,0,0.7017211362594478
751.3406105712469,1,0.0749858652758519
751.4100819580528,1,0.8493591663798609
751.5368374563793,0,1.2251426647457953
751.7118529353409,0,1.1783785492415628
751.8580192232948,0,0.8604603255349267
752.0755311745963,0,0.19010474031644964
752.2099072532244,1,0.49491240894208394
752.4229567104911,1,0.11224447612008737
752.575600530837,0,0.46763195733498186
752.6419307276946,0,1.935918141729461
752.8301912284753,0,0.1844224006904888
753.0364512429178,0,0.22681767801830244
753.1527826473102,0,1.7598742094536495
753.4443164968052,1,0.7915207063193739
753.5107182621309,0,0.6267444318991128
753.6416815067641,0,0.18307336013221823
753.7411142030646,1,0.8088367817096747
753.7776717267429,1,0.7232459877944629
753.7783409342015,1,1.2192078899943806
753.8307163458501,1,0.4953424365702194
754.0119647837537,0,0.3808257384387534
754.0436663637876,0,3.3833306252874866
754.0631929261106,0,1.185153276898264
754.2609306022028,0,0.6859141683391401
754.5267274940014,1,0.7662704260007768
754.547984212811,1,0.4906905678451538
754.5639761211773,1,0.8456372293005315
754.6651523610078,0,0.8392423130506524
755.0555166986949,1,0.013383150896511651
755.1840463171613,1,0.4354238702393252
755.351657090816,0,1.5133864704061983
755.550993346631,0,0.9767934850725163
755.6040191790538,1,1.8893724657038973
756.0343144280112,1,1.3366109284111525
756.0835350259821,0,0.06837839721073073
756.6149773842479,0,0.08015412407818386
756.7162373335796,1,1.7891088511357354
756.733293799782,0,0.44832444908449026
757.2254938947867,0,0.20739658950107953
757.6077542576868,0,2.820327214454755
757.6850450112596,1,1.5182951795375033
757.8136195258392,1,1.7389140443229165
757.9546653107903,1,0.2660404869690832
757.9821360924412,0,0.6642669652237533
758.2076839265865,1,2.1545016098490004
758.5123902593654,1,0.29804320016615715
758.5194231927973,1,1.2226875849086192
758.8767661390589,0,0.06280960834763415
758.9753079743765,1,0.0005952339838386533
759.0430190518384,0,0.1391475340087716
759.068148654301,1,2.087030583894092
759.0913845401734,1,0.5031961138169732
759.8578324123927,1,0.7522558835949622
759.8663135863835,1,1.0803882411511578
759.8947459461397,0,0.231429656935981
760.7723580450848,1,1.543291764398527
761.1776280670421,0,1.4841168047195987
761.7958923541091,0,1.2792012477016947
761.9524863708823,0,3.486405882526604
761.9904367997989,0,1.951700341908351
762.1256751005463,0,1.4237500948326383
762.1689130604768,1,0.2096346800716571
762.171608078562,1,0.479904254599829
762.4754742883044,1,0.03136075323817336
762.506613375474,0,1.4128492682971314
762.8890930831257,1,0.03580919307110188
763.5552322363076,1,2.159913666352396
763.6575286059765,1,0.11661678784777126
764.2333840993376,0,0.34751790366367163
764.5878722502148,0,2.6790438093165956
764.7800674345591,1,1.5728414521536134
765.2666102607485,0,1.1370009326507833
765.4932789670082,1,0.9019602757866165
765.6416034753603,0,0.2667898522100481
765.7432528706628,1,1.135887405685377
765.8670163906656,0,0.7053146621442948
765.9345391217103,0,0.8793640051376348
766.2645784517474,1,0.8248872469277425
766.6275643093518,0,0.08557934925791823
766.7340984256426,0,0.6222239014195928
766.9137733688857,0,0.2784391774140538
766.9882145318503,0,0.616591523416853
767.4440409000609,0,0.00597159909596815
767.5072715701298,1,0.17395307763490894
767.5161880243227,0,1.282612921831508
767.6776892366382,1,0.25610598974582666
767.8924603617988,1,1.2033089995510862
767.9740159309459,1,0.2676759061641821
767.9825100111892,0,1.4945771702872994
768.2363920885589,1,3.4838312234468
768.5601200440968,1,1.3512301675735043
768.825863720741,1,0.5486307000488853
769.0378274418136,1,3.158682939321724
769.1215148121177,0,0.08890180471652792
769.1344795320853,1,1.8841062606350623
769.235522231441,0,2.2935726117094295
769.2744670824685,0,0.6286721075703314
769.3585646384265,1,0.20909141417385435
769.4077646865034,0,1.6674793309622808
769.4122830715692,1,0.1491561523151202
769.4616366315543,0,0.17081804944906764
769.464402486291,1,1.0810218876053936
769.4795763926476,0,3.3214400185492465
769.495859287407,1,2.820905316528252
769.7907840902787,0,0.7762424319317048
770.4049246642772,0,0.29141281357349885
770.9488825178878,0,0.584417911634643
770.9593698901292,0,1.7097939799091795
771.3812265944214,1,0.41314256356497525
771.5979985221242,0,0.010889367557481875
771.751730663398,0,0.43090790381574984
771.8281287064134,1,1.309926351050314
772.0034494606849,0,0.07879374299083494
772.1492919100708,1,0.435450025049569
772.224577290416,0,2.050965036172775
772.3419260735651,1,0.35763739158221003
772.6819279793903,0,1.8379400344136962
772.714868156682,0,2.169656434205826
772.7624505924301,0,0.3895256562728632
772.7939161162881,0,0.478154305453421
772.8072184774333,1,0.3773138153616423
773.4968006787271,0,1.2854609887337773
773.5052120687069,0,0.5562525380470312
773.7163764506753,1,2.0360594628146216
773.7481975030173,1,0.11174564678208924
773.7911376293505,0,0.6044457977254213
774.0122032427576,1,0.42779084878584567
774.0562190458721,0,0.5562497934441818
774.3848817210923,0,0.306984443134828
774.3870476496978,0,0.012829811164209998
774.4265047551118,1,0.9459390622130871
774.516185196022,0,1.5322986198089048
774.5323102726093,0,1.8849792902837552
774.6473806104301,0,0.7258899619959486
774.6907582903764,0,0.5292285175063121
774.7354776548641,1,0.8000882711938024
774.7761659694808,0,0.8996550286298836
774.9580124652025,0,1.9183878156658964
775.0112622749433,0,0.5979463296182851
775.1145102602999,1,0.8663722339360789
775.1360257732326,0,2.3177370308226974
775.296531277311,0,1.0898872057759073
775.4425424867408,1,0.5228978341968457
775.4445757336707,1,1.8622913641727632
775.6519083475478,0,0.008381646547015299
775.6991155845091,1,1.1418011663157244
776.2734665757282,1,2.1504722699105643
776.2943904378558,0,1.171115474075252
776.4560085429026,0,0.6861450427255164
776.5472563336152,1,1.023766932695947
776.5805871787901,0,2.5227649937737433
776.6544300233818,0,0.3406894982975556
776.863453812062,1,0.03139581184362658
776.8719489964068,0,0.7622723953072292
777.38030767267,1,0.04923632216011559
777.4633438358743,1,0.03326435119694839
777.6689488913744,0,0.7116975917668186
777.7215204412378,0,1.706148954665395
777.9727783215887,0,2.2214444787834986
778.0439895351282,1,0.184414348420405
778.1062856721041,1,0.12104003668570162
778.4208561087275,0,0.8173765795447664
778.4520695221847,1,0.7556903892924431
778.5908701470643,1,1.190928537882432
778.6093182963393,0,2.08869281630057
778.6564629266612,0,0.3020941156810517
778.852752236093,0,0.8316087515421927
778.8939672071263,1,0.44302188763314526
779.1376806676662,1,0.8791112959741998
779.273629252464,0,0.3979240180503465
779.5572227244417,1,0.9492011400544499
779.8461240173696,0,0.554202797407012
779.8490942979802,0,1.9978819283602984
779.8676820332594,1,0.388287396061024
779.8908048700783,1,0.18502556243240303
780.1606982149791,1,0.3207369401484592
780.7055507770351,1,0.5752601229237367
780.7982965584882,1,5.6862726927445575
780.9420590124183,0,0.44652775074341483
780.9962768130755,0,0.16063712162384663
781.1596527731315,0,0.09941352459702557
781.4535885441243,0,0.8789613760018244
781.8451255798003,0,1.148040857006212
781.9128413246748,0,0.839163678376305
782.4621094136551,1,0.3317612509041025
782.8387907551211,0,0.09039742812867028
783.0410861666386,1,1.000106620568192
783.0907921537927,1,0.6558572380099847
783.4982210167229,0,1.109777171674805
783.5533194369708,0,2.474488265072437
783.6092578043198,1,0.31878102308301853
783.8384994393359,0,1.8780676957329674
783.8571269963104,0,0.44443654807235033
784.0486167168336,1,1.1306874936806857
784.2198522279481,0,0.412381403976707
784.2214447972771,0,0.26619945869598904
784.28292595614,0,0.17886173938855643
784.325795410645,0,1.810910860681836
784.4170137788716,1,1.0216588615047066
784.4542902952962,1,3.936761611432873
784.4927201090613,1,0.6736380148043606
784.5992789895007,1,0.5890689513421039
785.6124274321779,1,0.06847381019633818
785.7030061282906,0,0.2681826683218811
785.8010682536615,1,0.5412380239273761
785.8188938861929,0,2.157848621025323
786.5199362425242,1,0.1150615300444595
786.5381053271697,0,1.6225071223976488
786.5708695136606,1,0.08957753176859903
786.6404824219933,1,1.1622900817931772
786.7250605140766,1,3.0743329715402523
786.7310965930952,0,2.207166101366885
786.7624545426648,1,0.81569840711316
786.7912838483371,1,1.7499986458903232
786.8684085712327,1,0.7901445320935313
787.0951032743823,0,0.5431791977207111
787.2105809710479,1,0.017276155067517847
787.4755049007875,0,0.35373905737864686
788.0389757181357,0,0.4400573231629626
788.129981937187,0,1.3531741265094066
788.162866046982,1,0.9353916697559033
788.3247991289196,1,2.7139996564740994
788.4141871062628,0,0.43088102159303127
788.425004836356,1,0.9693795338563364
788.5473502497448,0,0.2558995547462206
788.979961115564,0,0.5917916076931679
789.0129165236949,1,2.3097116552265033
789.3174331723259,1,0.04497342314887737
789.42692991396,1,0.2366282285516147
789.5808404745119,1,0.003049050659436534
789.6537875183583,0,0.11821332043443092
789.7790510846593,0,1.35592765161581
789.827476308671,0,0.3998835208961845
789.870830725258,0,2.7036795406876912
790.5438960149146,0,0.5279828992516342
790.6956756475972,0,0.35051044225263817
790.8344291389845,1,0.9331220221698159
790.9840081117048,0,0.6867824231281519
791.1318478944912,0,1.3557370943359943
791.207027601594,1,1.9147401853749753
791.259011174757,0,0.5955191727920551
792.0143694232069,0,0.3169799276998044
792.4563994237615,1,0.20004672534765153
792.4991398256476,1,1.7615786052441749
792.9417200864755,1,0.5648179419458705
793.017426112095,0,0.9706880616942266
793.2225049844791,1,0.024310059340168482
793.4318609055849,1,1.20838639970739
793.7509024785718,1,0.8537808225668221
793.8731138331206,1,3.9504335058114846
794.0126587049073,1,0.6613364182507965
794.0321819013712,1,0.3174986911434524
794.725849139582,1,0.6669526511357364
795.6078569973745,0,0.6103328816760681
795.6423961410812,0,0.7200425391566185
795.6801170304431,0,0.0900033087966669
795.8079066145002,1,0.4222654183142846
796.0101125978877,0,0.5640932731199556
796.1875870823554,1,1.2522323094496906
796.4758083043394,1,0.12256107717623352
796.6779341303159,1,0.6126890910347523
796.7414341022268,0,0.19069884030341178
796.8819914231148,1,1.124319782073272
796.9538376847681,0,0.3663109740673839
797.0617792569977,0,2.0842705914213546
797.1466772478351,0,0.9823145305302194
797.3969266852782,1,0.8200467047111839
797.4132129164219,1,0.7958096191868343
797.6940209051855,1,1.0857554327056473
798.1551048929372,1,1.2721627658237207
798.190844483525,0,0.7195267959134292
798.2372735049084,0,1.1630107465415647
798.2628351844731,1,4.879800868265412
798.3301209031853,0,1.3859072028914914
798.3334163733513,1,0.07026195781457184
798.7216569064109,0,0.3541642149607555
798.8788461418724,1,0.4992803422057176
799.0319904520506,1,4.622384425495263
799.1635819190752,0,5.098210900794453
799.7300861265475,0,0.7879958782631996
799.9298859527293,1,0.2278502025525782
800.1928930118969,1,0.2536553531305943
800.5198406024343,1,4.804643038432495
800.9582264894444,1,0.9754040524250611
800.9936929038968,1,0.2768245238211311
801.959238736971,0,0.3457287502980506
802.030423594654,0,0.17421872097298963
802.2750592973348,0,1.1234177020510154
802.2969735344536,0,0.9103766060816475
802.3038882708427,1,1.69676641881877
802.3166616710137,0,0.2719275166065579
802.3830230231852,1,1.436295339336034
802.5390566553144,0,0.38515273466994654
802.7263632522698,0,1.5091877238450626
803.0417288142381,0,1.916057447616507
803.2561737943224,0,1.5699747407180964
803.3006626147317,1,0.5119310238293706
803.3250092755931,1,0.3431303641543791
803.3472915806882,1,0.39138272471496843
803.4413825119508,1,1.1815884419284743
803.4662588998139,0,0.9681059904443134
803.7571846921605,1,0.8977676568876075
804.4084600230927,0,1.5858084059722086
804.6635082205224,0,1.0716548196916533
804.8862514751706,1,0.811752794271764
805.0541013104439,1,0.8612154194814821
805.0914554448666,1,0.0002490827666532869
805.342324516505,0,0.13590395332711697
805.4204964418418,1,0.9143253990288889
805.6004550798452,0,1.4224454527527246
805.6678090755582,0,1.338156274437128
806.4331704877587,0,1.3584638971719292
806.4498956686458,1,1.1314091803124051
806.6804365795665,1,0.022238006209810934
806.9586893042092,0,0.38651397346761057
807.3001545644026,1,0.3258119818335012
807.6411589871143,0,0.016574439549413747
807.7009258262143,0,0.9843160715500313
807.8070713838166,0,4.285491288414001
808.0972280588495,0,0.311056390969241
808.1763993043103,0,0.3771714399257135
808.1859343750285,0,1.0284438785217769
808.2634358128303,0,1.8089885670434438
808.2674555132586,1,0.3775425003323518
808.3109045653283,1,0.7235499756615583
808.4065218743497,0,0.284590992716582
808.5327604325834,1,0.0033020359610206494
808.6817588306207,0,1.236223116034622
809.0128148335208,1,3.433864648793563
809.0731376507148,0,1.5888721606702219
809.0894845798551,1,4.325552962040941
809.4187007645295,0,1.1336290694840996
809.4528733111854,0,0.2248784546680805
810.0166542575591,1,1.0546737868027567
810.2704521161764,1,1.9536778979027083
810.3154668843732,1,0.7241932209017724
810.3788921193236,1,0.18570633573539333
810.5801250111631,0,0.4457510104332363
810.7357423834983,1,1.8784497154001287
811.219027251275,1,1.3837470487596517
811.3434825368697,1,0.511225212809731
811.4096881677958,1,0.4512290487585379
811.4767217576482,0,0.42599926143759004
811.637659297602,0,1.4290656123910503
811.6891072930667,1,1.0990803198110624
811.8791418106156,0,1.4298618619982895
812.1367659572464,1,0.45930791005335087
812.2326652940734,0,0.8832336996691221
812.4050836605732,0,2.0828147431827695
812.4891537276809,1,3.0338609805270362
812.5649575417826,1,0.04074884005265289
812.660195309389,0,1.9902039146859052
812.8026613401253,1,0.9643213591014828
812.9061022887742,0,0.832876826079743
813.1996576137271,0,0.06981171843746146
813.5027559236249,0,0.004313500165768691
813.5423455203194,1,0.40921041805649183
813.7449844142994,1,0.32264133131109846
813.7768279555052,1,0.16288707192536978
814.1303717466483,0,0.12238626906952794
814.3913793048304,0,0.012410958769793442
814.3928967736513,0,2.1131001694676415
814.4424422223614,1,0.7369231631548232
814.6230336066515,1,0.26661631089304244
814.6451439980633,0,1.0854312304036797
814.7331644854698,0,0.6123684666662814
814.8101643420406,0,3.1834158142396247
815.3259765054263,1,0.6487262766674615
815.3364773673485,1,1.4070003304839063
815.3440173685841,1,1.4713072199029822
815.4662661909132,0,0.13753892122192046
815.6540471790921,0,0.7148413053035014
816.0607075509439,1,0.026422657748068457
816.2410103949952,0,1.3029084588274609
816.7353674003491,1,1.3469054746583995
817.9263481413853,1,1.084536552019229
817.9990614640986,1,0.26917565700488155
818.1898301954806,1,1.6152470448246252
818.3332374592652,1,0.03300432682063184
818.4896385858038,0,0.7350877355758477
818.5095401792121,1,1.9670588538138236
818.7159047704766,1,0.25116457992975466
818.7736872927779,1,1.5611865445832247
819.0002448280826,1,1.7552546205321515
819.0472248690783,1,2.18284525026126
819.3082221410874,1,0.7568338021713032
819.4893813234461,1,0.41612151550164156
819.6226090564343,0,0.297926962203625
819.6324658996577,0,0.4707003413603481
819.9049199555869,0,0.3036738451184565
820.0357279932716,1,4.348488741536579
820.1961643222667,1,1.3552354112711902
820.2308319674713,1,1.982485652749621
820.243195379897,0,0.054828747421848595
820.5351147119525,0,2.1823358982031476
820.6217337401081,1,1.6560904947024602
820.8776398262912,0,0.29738010912324375
820.8998195229257,1,1.1956657525176404
821.5673017907211,0,0.8172453771286299
821.7413452287972,1,0.26428103609374715
821.8263010490459,0,0.7534700111165787
821.9190224491869,0,0.7892712415847559
821.9786037061643,1,3.69994664222105
821.9954109838179,0,2.2330907901362846
822.2913686973397,1,1.0464560771090479
822.3145234117237,1,0.7367970151616476
822.3277648251369,1,0.04012633502430391
822.626480301351,0,0.6266554068830168
822.8611750664782,0,0.6489319725264558
823.1465793111878,0,0.8761311447626444
823.2403934737387,0,1.5056452463910677
823.5121716901273,1,0.1951219070773368
823.7284913306896,1,0.831929168728193
823.7341406335744,0,0.21855292271297028
823.8401186130142,1,0.2662514040783686
823.8505736161305,1,6.461544351503825
823.8846248627958,1,0.24325103282980137
824.057908289663,0,0.20847710235024686
824.3717205672982,0,0.003830591191237299
824.4002552992192,0,0.15167509194110926
824.8275766171274,0,2.8404997038332236
825.634839902137,1,1.571468155283897
825.9043262585687,1,0.4651082387093359
826.1722998467307,1,3.7045580282918142
826.1885455325975,1,0.14095308022684613
826.5700008722013,1,0.1812965478996158
826.6801129401617,0,1.4670906447159873
826.708360397781,0,0.3913973305737407
826.7690180160153,0,0.010325954209278782
827.0836691158089,0,0.2553097408439135
827.2017278457216,0,0.09732913365102476
827.5544185751238,1,1.78364146004307
827.5850905245808,0,1.266889956313818
827.6101006325626,0,0.9682042255336362
827.7111848553532,0,0.19694474641166584
828.2036769088461,0,0.1362290277482407
828.3854971529629,1,0.189437615885937
828.5050903528912,1,0.897010375306349
828.6276066836052,0,0.9065970899291866
829.0772226660741,1,0.5208309393932972
829.4384213190968,0,0.3100443955008953
829.5365217644177,0,0.1776110967188657
829.5447772760065,0,0.45534185981113584
829.9213875597643,1,1.5115213744955998
829.9491030208346,0,1.7987087133406257
830.1373396082984,1,0.48744664844523083
830.1819685320543,1,0.3601656737322471
830.3375128609961,1,0.1633055404289529
830.3991002660941,0,0.08673350088581014
830.4933641086207,0,0.3847537273527719
830.4939987783406,0,0.3068627635055064
830.6289438683078,1,0.5714112752905247
830.6616766082328,0,0.1117990621849132
830.7984104151515,0,0.14164999031223807
830.8885565865615,0,0.5360790671684805
830.9088045121113,0,0.2456490703860172
830.929944409236,0,1.126974829339909
830.9665453083967,0,0.532782651076802
831.3253837275174,0,1.035782256443652
831.338698489494,0,0.2284141567325697
831.3805147645872,1,0.8645649272118648
831.4820984745323,0,4.6420355655146235
831.4836055800293,1,0.30503530906339166
831.5736185072304,0,0.21944511610440812
831.7551241603265,1,1.8117822884716868
831.9179598199704,0,1.5891098621376571
831.93076188013,0,0.7509992003113108
831.9665533831732,0,1.4699504312996794
832.4190155928483,0,0.37588811808637307
832.5728635262394,0,0.02171950846322197
832.6698893539533,0,0.03298719267343439
832.8821908090644,1,0.9758591127847287
832.9766044280556,1,0.2427574160011604
833.061213875252,1,0.9932369925105812
833.1669952751988,1,0.015336669788590938
833.2806316057223,1,0.3663789277847981
833.3172426904649,0,1.3558743513709004
833.3488952616109,1,1.1261215332921972
833.752548329215,1,0.33364258769289074
833.8551976741746,0,0.14320923086301657
833.8601113172016,1,0.013673352729176021
833.8700214873403,0,0.3715840659809992
833.997964720312,1,0.6073495111491698
834.0056930407032,0,0.7592389724690541
834.1593669257786,0,0.27863950214294825
834.5225248844062,0,2.3745620987090885
834.6102477668652,0,0.7320382659846728
834.698905721074,1,0.1447198291193605
834.7501550009637,1,0.25442625318850726
834.8284607935301,1,0.7963416466114198
834.8307060840318,0,0.6314105234957337
834.9988829865193,1,2.8977342637950976
835.0215593504319,1,0.208038850323043
835.255227742768,1,1.110293329442434
835.7642116480528,0,2.064865362716775
835.9529497128465,0,0.11755903984051315
836.1382856329451,1,2.339832230380874
836.6701965082881,1,1.460189034278609
836.8684641686391,1,1.5378924832096434
837.1888885723465,0,2.29102057944268
837.4438914911306,0,0.14380155589583848
837.8117932791697,1,2.2316391668119855
837.9073195499565,1,0.5261769685037134
838.1740893243615,0,0.15409043553615934
838.5873992142255,1,0.0762546452931335
838.6226429867121,0,0.13352721753891464
838.6644955804371,1,0.45099049288416837
838.671739569994,1,1.4180430698023023
838.7256715686816,1,1.2556244442210416
838.9920294762605,0,0.6372013118030245
839.0330824258157,0,4.7099666775568005
839.1341323127832,0,0.06469137273029836
839.4762711822601,1,0.7524135586690986
839.6778384388078,1,0.07479356114084619
839.8799489530309,1,2.8437777021204993
839.9013396712305,1,2.67802051415963
839.9457445798865,1,0.0195233774444576
839.9739346501872,1,1.0927329208517063
840.0163484365328,0,0.3273737785182957
840.0824765861744,1,0.5957977186198091
840.1035338346162,1,0.7411330977681239
840.1327939841659,1,5.558824058025742
840.2734109464634,0,0.017394198300832928
840.293379314083,1,3.172336354480199
840.3266649461193,1,0.00325340175526899
840.5783737551782,1,2.1012575890616905
840.6057328078803,0,1.0472822488364548
840.7066655832907,0,0.1497389051125016
840.7358355105885,0,1.8276278902951155
840.7976056753546,1,0.47165586119970815
840.8555677024383,0,1.0562113330151497
840.8653553828884,1,0.375170420185766
840.9525258246472,0,3.8383046064458197
841.2242491843718,1,0.7039682259393826
841.4891712326404,1,0.13622185957687244
841.6691867658371,0,0.804211692950303
841.6736488735902,0,0.508059671973913
841.7969858579766,1,2.9239554736577724
841.8998534485964,1,0.497786370956192
841.9437676546424,1,0.4105342643578208
841.9746250079569,1,0.4503240048978511
842.0720999274122,0,1.3753576576276048
842.1023033605559,1,0.46585431199590166
842.2904485019583,0,0.06356423438919184
842.3999279923199,0,1.0894554969658068
842.5044939319152,1,0.06393188471620515
842.906649712198,1,1.6296237176665438
842.9343617624941,1,0.05503300071646077
842.9354510236835,0,0.605482953047207
843.0439744268432,0,0.14711466968266898
843.1867324170292,0,1.5638242324017961
843.3760153225087,0,0.11610347333522349
843.514866877853,1,1.0347963311971802
843.8463824119365,1,0.2825280001925842
843.8822146055155,1,2.240757876126688
844.0523914380293,0,0.02429849845976788
844.6299800048383,0,0.9678158807594414
844.676010692487,0,1.0863272174751815
844.8080314219711,0,0.4961578969681962
845.2346403935994,1,0.8876737826498875
845.2836276770564,1,0.09538004353043977
845.3670760347558,0,0.3021834975858949
845.421630260379,1,0.841625944058019
845.7979366159258,0,0.15598488792975632
845.8239151895806,1,1.4058361986000991
846.4489554076927,0,0.08752435520362062
846.494293291843,0,0.016283341551446347
846.7691273257105,0,2.4205648336988994
847.0453293568002,0,0.5276061646686291
847.1855988816523,1,1.747117518105009
847.3104250550053,0,1.7813635391614682
847.3732687307811,0,0.09913257754654581
847.4455427168285,0,1.5325687853537584
847.4621256892073,0,0.9805798194091124
847.9255786631378,0,1.6786257975324619
847.993076411176,0,0.20283732946901414
848.0603386462768,1,1.2266895303239536
848.112836916473,0,1.4997451984353403
848.1823062771045,0,0.6641860815694114
848.4030235187661,0,1.8826133920922994
848.4495645424475,0,0.4977816467883521
848.6045799633379,1,2.5889885177605216
848.740468600794,1,0.9087235044294368
848.8152140196166,1,2.1635724144011816
848.8300621810702,1,1.4340646731337097
848.9302627076922,1,0.01003940858647271
849.0882799149928,1,1.4461681466014331
849.1644615062686,1,1.4332203660378355
849.2591708814643,1,1.0155927493472827
849.2805107927337,1,1.5086787538879003
849.3190445434622,0,0.21570803165744698
849.6994766492516,0,0.9003583666581915
849.9336126677233,0,1.3280811971086264
850.4702173123513,0,0.0057526034291634515
850.4957176111329,0,0.7092149534352996
850.807847492472,0,0.6739938888516201
851.2273812734545,1,0.07406003007979585
851.5713744930691,0,1.6809447214972615
852.3200243552484,0,0.6475263647012726
852.3876182196428,0,0.4212168926501734
852.7381666749873,0,1.0394852180517689
852.7497858332825,0,0.47617714319398374
852.9175167400995,0,1.4050724630612343
853.0357923492287,0,0.025833392908077825
853.3415227958051,1,0.6593367354056558
853.5904154195191,1,0.6012938941221808
853.6016593117881,0,2.0410920193209487
853.6997873305986,0,0.7788686159733674
853.8094390581911,0,1.4192188464477709
854.0125028927813,0,1.122706572350952
854.2322150620786,0,1.8376658592758601
854.3162805395663,1,2.274594964536621
854.4704152011935,0,0.7935495985550782
854.5591195205384,1,1.8951742677257564
854.6069716785173,0,0.29347461156573323
855.4941972809755,1,0.7065655285734127
855.6142556958049,0,1.7427060627524809
855.7922430500275,0,0.039237154385168956
855.802531547946,1,0.3367809163568445
856.015643667889,0,2.789604856917208
856.1339033051003,1,0.2639600324203862
856.1461885537209,0,0.7944913262614647
856.1957044467556,0,0.5468455633786565
856.2092231312472,1,2.390696614360918
856.3397383199717,1,0.26692800007117856
856.510480247401,1,0.31010133008313634
856.5492868674664,0,2.2656108255850276
856.5931011068845,1,0.9574242634646786
856.8249689754257,1,0.022480925516291047
857.029117936075,1,0.8553812855194588
857.2575920126703,0,0.0032779923921428286
857.2657280335217,1,0.6853026838372731
857.6254008248776,1,0.593307827510596
857.8493415638823,0,0.526741071308152
857.9756078443729,1,0.664819090426762
858.2828362202044,0,0.321022949493881
858.701046870664,1,1.1837249329098196
858.9068437426505,1,0.5980339069562365
858.9115996939996,1,0.4939055986965675
859.0878641394297,0,0.6023871381064395
859.1514407040927,0,0.7826254332627698
859.2535266697013,0,0.05392320903195001
859.5707319191075,1,1.2808703854282637
859.9315213141749,1,3.610158428484245
860.0334856556885,1,0.2221510268494294
860.050606571192,0,1.5317338117221575
860.8222668918177,1,0.9087646662894571
860.9149391294688,1,4.304035167319868
861.270102229713,0,0.04395353267037533
861.3296065686083,1,1.3619195297541928
861.3502728841872,1,0.5185857861825828
861.3937166802126,1,0.1898887389214531
861.6913233710964,1,0.6061896614375774
861.7259965101795,0,0.20000552681901762
862.112130021727,1,0.06427770544476383
862.3503514954668,0,0.06870144697867356
862.35219225614,0,0.8204155469082604
862.4260227892207,1,2.9699504666562353
862.7667270864681,0,2.1450503774065197
863.0694761469065,0,0.21298829613495354
863.3832523031757,0,0.39659154448249617
863.6469770822188,0,0.53578234823036
863.7029596166501,0,0.1695707974497288
863.7104772857998,1,0.33652570274933424
863.882485268824,0,3.083461439196933
863.8854016783481,0,1.498244375065169
863.9212825822908,1,1.333105329266389
864.1799950030071,1,2.3086802866338503
864.6700349529852,0,0.3045754729024971
864.842735512755,0,0.35600385908487775
864.885420669672,0,1.777369077319796
864.9116248183061,1,0.10511626723823017
864.942653932655,0,0.0880102781447051
865.018561586441,0,2.35265197132572
865.3824002422516,1,0.41430946731319945
865.5498497827311,0,0.3743532899423722
865.5869805663893,0,0.3496702525974791
865.5940248820955,1,5.36674804169908
865.6681916607231,0,1.1971216447439654
865.8144901603938,1,1.69361406456476
865.9095699577227,1,4.429682569058629
865.9493403246116,0,5.183492379549622
866.00363261497,0,0.5581866622051189
866.8649369436357,1,0.8847813772793122
866.9040428406386,0,1.1508023652073542
866.9791387431743,0,1.6845789387260797
867.1350800040751,0,0.6060617818682735
867.236305597311,1,1.221309183852118
867.3374370926183,0,0.32670918173372493
867.4611228880615,0,0.8120013375054356
867.5361974481254,1,1.2620858138369733
867.6953187335621,0,0.8661512293235994
867.6974771144716,0,0.5730328131390832
867.7656971765248,1,3.177718949932774
867.827486553283,1,2.1057028720725
867.9191827024918,0,1.7910315439151738
867.9280547728134,0,0.869676737111516
867.94183800907,1,0.23743442724070024
868.2047918372044,0,3.014265116623642
868.257974025812,1,2.0428172040634793
868.3353756755763,1,1.176928041262138
868.3482810023827,1,0.2527352864195253
868.5927275034443,1,1.057956334826111
868.6134694786632,1,3.4657190192347986
868.6277977966752,0,0.09024722180473717
868.7912356768654,0,1.578359454169498
869.1906764399974,1,0.2819955755932543
869.3562129950307,0,0.06875885436218881
869.4444028056903,0,0.5377151633925811
869.5189183625905,0,2.3541755196743273
869.776328971064,1,1.096959979392923
870.01570091671,1,1.7561821783816793
870.1674936476679,0,0.37549669448453443
870.1690367650818,1,0.36685844995680456
870.2865117101468,1,0.9342755999117678
870.3117434038335,1,0.05981203161612624
870.6647006057799,1,2.1676385403829035
870.8501249115188,1,0.7938612434617317
871.1250089067709,1,1.4543403155156351
871.3662895174524,0,0.8955005975371754
871.5154114854878,1,0.12060543173911352
871.6520848997219,0,0.17643709585897704
871.9548395212021,0,1.146646989910439
872.1014094974565,0,1.2370585987475278
872.3735073779425,1,0.8229009766588149
872.3956215394214,1,0.7580904431891633
872.7962888074128,0,0.3184301633541145
872.9350725344768,0,0.757572252221857
873.1529402419784,0,0.4362722744292239
873.2188542700027,0,0.16847968060044693
873.2704434090396,1,2.2760851289120794
873.4142115958258,0,0.053056385793440984
873.476094054049,0,1.3256855189307903
873.5830902931287,0,0.44262650018313365
873.9766220497795,1,1.734202243169676
874.1493789834822,0,0.160706727740028
874.1628774110259,0,1.5134224562925576
874.1712595119691,0,1.2531846555508646
874.1830742319576,0,1.3801254436780062
874.2268674724615,0,1.492894977507751
874.3266410996697,1,1.9485202040645044
874.345397931155,0,3.2156281220683196
874.3521881970391,0,0.2630229859785503
874.3898931939315,1,0.2028828238935743
874.4060308155858,1,0.21825327061791172
874.496208969304,1,0.3806702370371622
874.4986906676837,0,0.04756266963717821
874.6255162416091,0,0.6853492141929236
874.7054892619823,1,0.007371344787923951
875.0828742092446,1,0.88661931001352
875.2841614168666,0,0.524145133806115
875.3287302031744,0,0.6634015010716029
875.3925499563411,1,0.661613178836994
875.4658003716901,0,1.447838171836264
875.6956830839351,1,0.31137288666682383
876.1449858762107,1,0.2244526328478023
876.289077682587,1,2.4546855343555336
876.5911967241614,0,0.40770415219888984
876.9112249562776,0,0.7860333564017861
877.1551045462651,1,0.32288068338642023
877.4183756612775,1,1.63922052623446
877.4940495723165,0,2.4511005313306633
877.6059072338257,0,0.5254423579860318
877.6205957507913,0,0.9321799579109508
877.8856807339415,1,0.8718172620882422
878.2191186418769,0,0.12728352064887993
878.6207187026903,0,0.49430992015782643
878.6823098440998,1,0.20710325981918418
878.8195157210065,1,3.179622229006438
878.9832926886318,1,1.166389863714224
879.1925287241181,0,0.28696081423095743
879.2507440756502,1,1.1345483494937183
879.3764370487613,0,2.6061014268404565
879.4697737214151,1,0.9974539108885241
879.8319112307768,1,0.42659667357108666
879.9701583929128,0,1.1430103732157573
880.3043010383656,1,1.3646445132541043
880.3977687366358,1,0.18875694824308512
880.4146779249437,1,0.20838707693764155
880.594902492253,0,1.6109132354091724
880.6081746401841,1,1.1227410225826455
880.6200408833353,0,1.8186915326065447
880.6338455352068,1,0.04520954248564802
880.6786171706988,0,1.6116375655281203
880.7106363195403,0,0.1900481120578237
880.7821644433681,1,0.019707894300165875
880.8317355771819,1,0.5301644980774866
880.8399901892907,1,0.06289684200137584
880.8628220435098,0,4.91246458980639
881.0099490764621,1,0.45343238255209756
881.2217969878468,0,2.091152418457536
881.3512371441966,1,0.8949609107190271
881.4750651175788,0,2.4237959655258337
881.5293493287706,1,0.3838621278605954
881.8468352534494,0,2.1623550674885608
881.8539618033396,0,0.6345090564939317
881.9648249848714,1,0.2133811259073699
882.3027325330129,0,0.4038894136391016
882.3190033011169,1,0.028294469702465106
882.3805630681346,0,0.6468912198348753
882.7969294311711,0,0.6286158644568224
882.801535078444,0,0.23525711757043855
882.9626667195876,0,0.39902418685959673
883.4856437768091,1,0.21389409109578417
883.8671223483555,0,2.3771373543770573
883.9027062457204,0,1.0729784298542067
883.9059749440195,1,0.8521327690241377
883.9411760973366,0,1.1597366873602581
884.0713072952049,0,0.4902720098349495
884.0891726268015,0,0.231175241459856
884.1514718510725,1,0.4726486617696848
884.2341945853553,1,0.21158828888914716
884.8463703255907,1,2.5729997890307312
884.8562619675097,0,0.35299285610208964
885.1960020242511,1,0.17256800302246045
885.3891241646518,1,0.7886187549709446
885.707756974711,0,0.8003851420592074
886.8253222251673,1,0.06694704161138901
886.8260900372486,0,2.370697726075026
887.1012299419186,1,1.8551304020783446
887.1088855671846,0,0.2005942814614287
887.1182652582414,1,0.20660581569155637
887.2065420956638,0,0.16212823829865602
887.3885708218819,1,0.26538182399985255
887.4063853536911,0,0.10068789259549213
887.5162309226984,0,1.6504296982384934
887.6224047850742,0,0.038790327942449486
887.8330160739107,1,0.014385286129946316
888.2926358918307,0,1.0347068642380999
888.6604272258003,1,0.41953683219554566
888.8976700927385,0,0.7154279102242973
888.9627255555217,1,0.41880897440780873
889.0009552909939,0,0.11543678518150939
889.0290704903396,0,4.13583124953632
889.1876050535386,0,0.23169785128511045
889.3409531575414,0,0.5165029357620267
889.4359071380821,0,0.7123652131344819
889.7474754004917,0,2.9887114919491746
889.7524019014705,0,1.5589347776852462
889.7857969058248,0,1.5936561012899448
889.8997277865084,0,2.142131227844102
890.2493030628716,0,1.7014016219047894
890.2818106207972,0,1.3305423226634194
890.3950832707355,0,1.4860779899949135
890.6626036570667,1,1.8514297250004121
890.6767391138724,1,0.40736691782205475
890.7957974808216,1,2.6413937235900784
890.8788700436769,0,0.6362070367083628
890.9343781805951,1,1.5982442945336284
890.9509250935729,0,0.9714105564029457
891.1926205551289,1,0.3399985544435054
891.4789615618037,0,1.8480941761618168
891.5383040950601,0,0.8370103956892111
891.6156979951818,1,0.5096222393159082
891.6697506863497,1,1.075265946602747
891.8326608188365,0,1.9187680589898752
891.8787934010169,0,0.6803358069947425
891.9222062813359,1,2.421722033917904
892.0098827899026,0,0.7213173686512537
892.4009835165508,0,1.8535179127090664
892.445610135203,1,1.0018545597421449
892.4729046893686,1,1.3244664907832862
892.786332960592,0,0.5057018616203481
892.8148024831661,1,1.789726397189219
892.8449737580924,1,0.5712480677433994
892.891195727147,0,0.09186278436590885
892.9953958306138,0,1.6254938706621846
893.0999263242893,0,0.013584507705787301
893.1095899513721,1,0.5467489790867578
893.604426340479,0,1.2540456591182954
893.7902655617987,1,0.6690099839796887
894.1544187985884,1,0.3925494663762412
894.2827814153843,1,2.4597742809123577
894.3003495526499,1,0.15418748271870317
894.3338087259824,1,1.208511328968171
894.3468043143702,0,0.06267857789330644
894.5780180183873,1,1.3396545210744035
894.7497882647455,1,0.5106397235474108
894.7822119678168,0,2.116301281387218
894.8996392673306,1,1.550905109647119
895.0528032883498,0,0.16261002314244608
895.0663303139037,0,1.221380134747001
895.4768107341522,1,0.025147503770970255
895.4835361298076,1,0.6130028363645796
895.6501208584472,1,0.047399838881538814
895.7675311209002,0,0.25839770383217087
896.1399730950941,1,1.0987589003140785
896.199698163261,0,1.569953458982407
896.4395241909117,0,0.264934437969087
896.7041517957335,1,0.13251222507386476
896.9351608938359,1,1.034654082503627
897.0903688537699,0,0.6932773227850417
897.1647736459875,1,0.3821004025979247
897.4689033308679,1,0.2004851402531853
897.612651622521,0,0.7559206300550976
897.9688080989418,0,0.22957361552896888
898.5429657758476,1,1.137478234163377
898.7035446796555,0,1.2966497846523437
898.7688739869926,0,0.09193906489900802
899.4420311520291,0,0.13407214562913194
899.47339008608,1,1.0299695419898356
899.8989273021192,0,2.6849309135915074
899.9447375429478,0,0.1746157049764451
900.1888588934182,0,0.13592958276467795
900.2118096311689,1,1.3251646310991851
900.4710632041416,1,1.6195284203679798
900.5568636539717,1,0.47324546583338933
901.2922908202261,0,1.4098652490933385
901.5146092176503,0,2.066080357709596
901.5463634218991,0,0.11192717237287869
901.8024648375334,0,0.9727838648887479
901.8053572768869,0,0.0942582932062308
901.9393361633954,0,0.9258105198616696
902.1260928073791,1,1.963389853875072
902.1998611401908,1,1.9155889031661801
902.3376353573577,0,0.04196076186822755
902.8415050736992,0,1.1735963331871138
902.8497747040955,1,0.7977698540758797
902.9871341644994,0,0.8780239968283872
903.1655869079233,0,3.255661646723905
903.1748592919674,0,0.22233407136024697
903.3954393656878,0,0.6619161649802459
903.4161052130474,1,0.538516470846678
903.7021837065855,1,0.6217806303935492
903.7313969967877,1,0.1808679281216442
903.9296816501807,1,0.2758881725522818
903.9914401463767,0,0.5279808328012908
904.0182033319016,1,2.0568938302092024
904.0608531707278,1,1.550132911457333
904.0879281586591,1,1.3353811684466272
904.1578826355286,0,0.17603845950768068
904.2109707452779,0,0.8718062734711424
904.3412871576318,0,1.5597239908879268
904.3859379875298,0,0.7460125704131482
904.3935803988572,1,0.16023048862987282
904.4150688135252,1,0.8532222285963252
904.7551751270929,0,0.24363266183110327
904.8748602935292,0,2.7473223563575764
904.9668555252721,0,0.2991219025676304
905.2371850774355,0,1.1069318511184398
905.7472603343848,1,0.5280065649337945
905.9182107362535,0,0.49473379558437275
905.9467642399056,1,0.46981861752391957
905.9712366752703,0,0.01747602338334657
906.0729919330832,1,0.9061409777167623
906.540400955938,1,0.32439737613227626
907.0343257749487,0,0.21772448662305421
907.0425800035658,0,0.9751239088085499
907.0427616936979,0,1.289924932720723
907.1367242411775,1,1.5881056294404674
907.5350721563394,1,0.01599421878068237
907.5542438468426,1,0.5594829111913217
907.5626408598514,0,1.3626531599610459
907.5737074357953,1,0.16238131221688254
907.6068285194801,1,0.3803285546473607
907.8247367871289,0,0.22831644053748557
908.1081469712416,0,0.5274928889809889
908.1867038684682,0,0.07358349341154623
908.3749517900923,1,0.715129183935075
908.3964298416989,1,2.59478175511889
908.4613375851675,1,0.6823463127826492
908.4753737774563,1,0.1783703999070905
908.7746194537784,1,0.4831706262191059
908.9681812324926,1,0.05912581152652885
909.00580332423,0,0.4155959661942934
909.024590666755,1,0.20350313675435114
909.2631797162262,1,0.9273765992287566
910.375125731398,0,1.6899717900246554
910.4911734753496,0,0.01229486581009002
910.9464889140205,0,3.4659264191641785
911.3743610883062,0,1.3815547121664342
911.4304839847364,1,0.5351871553213177
911.7305020887416,1,1.8634185034374966
912.9254730545906,0,1.3394959385603737
913.0069252441746,1,0.4114136600720128
913.1510070972065,1,3.6478814686082437
913.1797103927689,1,0.7935471372272014
913.2360175505007,0,1.1985532564721422
913.2568020658701,1,0.45399311417700444
913.5112629755074,1,0.3194441106275112
913.6681458998199,1,0.19937481241922989
913.6882849560558,1,1.8043011957685688
913.9642828380662,1,0.8311269643818351
913.995754174679,1,0.2740632260867412
914.1983574752935,1,1.6131784450999203
914.2147346848199,1,0.11207785421205764
915.1494105962986,0,1.2594988779179928
915.2520900414105,0,0.3706214904013779
915.3941841086018,0,0.7000769652932599
915.8779467125204,1,0.3109582921567095
915.9267106478956,0,0.3133813088026578
916.3376742757058,0,3.3593823333058976
917.2320097839734,0,0.46838973389412253
917.405292799332,1,0.43574481166165124
917.5423217170692,0,0.5443020419324751
917.6868795797672,0,0.0240883972515975
918.0922162696639,0,0.73434619794529
918.232143204772,1,1.541882300867221
918.388204523887,1,0.2784989300284685
918.5709904665987,0,0.4289014412884761
918.7523738781251,1,0.2830574928569304
919.6463773137971,1,0.8135393340079612
919.6546119012926,0,2.1501928804682153
919.7456528005307,0,0.43023738121594307
919.8663983499421,0,1.761634150895041
920.1532215327497,0,0.01771386277613865
920.3756379060186,0,0.7974380825067493
920.6910622241994,0,0.06465427121822172
920.7453173569572,0,0.21135276563849975
920.7808302624144,0,1.0350382661401423
920.9686812484058,0,1.9571400584728809
921.0748079102141,0,0.163970037068147
921.0816344128583,1,1.1088124586900119
921.4516936371265,1,0.6200214459991477
921.6394607561074,0,0.041288684222360254
921.9415556600617,0,0.15071553302474805
922.0202108928202,0,0.6326827929835674
922.5183808263781,0,1.2856653655931485
922.7063946922377,0,0.7655970434616453
922.9664625037907,0,1.5230795787316993
923.139166007659,1,1.2714188392416224
923.8366918930367,0,0.422193532903897
923.8453496730881,0,0.6238688326477997
924.0971837355088,1,5.290955099907266
924.3168136180115,0,1.452597795786181
924.320251192979,1,0.9061474223395236
924.7461145835487,0,0.22249336110623474
924.7875389935176,0,1.1476174088201199
925.149495781988,0,1.1499751081511946
925.1917736649193,1,1.714195453507684
925.5070806405323,1,2.1924729565412813
926.0541015234336,1,1.1026355874721459
926.083064309301,0,0.09370246653204359
926.2488184951246,1,4.086693342058924
926.4270810843857,1,0.6524451693361913
926.4632660571821,1,0.10417882075970396
926.8595574366525,1,0.7469940218972333
926.9035445166206,0,0.058476014951520716
926.9885186800436,0,2.0992819852083073
927.0044110828927,1,0.667776015114576
927.0393195022713,1,1.7333543724828122
927.2182379814993,1,0.21790786841175797
927.3464335670811,0,0.12962707691148534
927.3948736303514,1,0.9683334843825488
927.4355562786243,0,0.039626367392044864
927.6639338777809,1,0.7439113535941106
927.7578132066927,1,0.445010694205114
928.132391905629,1,0.05012329423472797
928.1572830540792,1,0.843926083987101
928.4354552032931,0,0.10041335627577086
928.436097129646,0,1.971170089619971
928.441590345747,0,0.7218091281418288
928.4613159314341,1,1.3113528394482141
928.7057453775229,0,0.14862140051492592
928.7240461937706,0,0.2327025586709188
929.0711438159542,0,3.786820538687366
929.0827175421791,0,0.3184560236624562
929.2463147055589,0,0.029090340421813524
929.313183916749,1,0.23106825593509583
929.3247513422152,1,0.4828026127740454
929.7760560417559,0,0.26414349122775427
930.1491482083065,1,0.026846690168946124
930.2047145450014,1,0.3151257589109474
930.697119073624,1,1.6218523846889132
930.8045284692272,0,0.557500907880867
931.0309327823172,0,0.3475342808437069
931.2232709009618,1,0.11036670661801809
931.5629069150709,0,1.3921321411100984
931.6378501636466,0,1.7830617367768307
931.6642336131803,0,0.47041303720571165
931.8684728941322,0,1.1637256871870116
932.0087757744026,0,0.8783043042180153
932.237268594832,1,0.6482821283981216
932.3577569400379,1,2.79568875787353
932.5060226093233,0,1.1142872311836791
932.6370934415885,1,2.973906860941068
932.8004840820727,0,1.3430877300648052
932.9332591956301,0,0.505477813790746
933.032519774058,1,0.15216750572822482
933.1515354001493,1,0.6277659984740626
933.3548099535061,1,0.38129875720376566
933.4412645188447,0,0.06527103311297609
933.6251971126353,1,0.16162122995114644
933.6968311304449,0,1.720510608323161
933.8450111348996,0,2.286969584862308
933.9038718737694,0,3.02272047918575
934.0159915010569,1,1.9258971664911095
934.0450471142404,1,2.349583485810021
934.2377360699684,0,2.877508200878586
934.3634180896862,1,2.11041825683153
934.4021085976108,0,2.206266763757414
934.7344371742724,0,0.33616169430418924
934.7764472392796,0,1.8793130577429158
935.0429266973865,0,0.18690479794033107
935.2329518659462,1,0.1693802962375269
935.4492883479389,1,2.050857847789852
935.5371919970205,1,0.4468024925824788
935.5649967273052,1,0.6295833280635552
935.7690642407963,0,2.394226681736476
935.7794401766143,0,4.518773214789045
936.0257629848542,0,0.022397107821509797
936.202909220041,0,0.49885795094362084
936.371091235674,0,0.41756571416554594
936.4078414830851,0,2.666876923053308
936.6031351032085,0,1.7645998908137164
937.5361245537023,0,0.4303604675616175
937.5981484951554,0,1.6089035457485248
937.6724764306554,1,0.18646114804123917
937.9626522969696,1,0.17724159118940114
938.1206665278302,1,1.1829174335092267
938.2401100742356,1,3.439024570229242
938.3656762705458,0,2.062649019180382
938.5360677725682,0,1.805569411842791
939.1285838721653,0,0.13669235240597183
939.4463071288109,0,0.38722679841905494
940.1854701893204,1,1.267116591213138
940.221753509582,0,0.937401334302966
940.4158754853439,0,0.32794015526052817
940.4928423518369,0,0.2057121639303087
940.5283268871319,1,3.3532449551088725
940.6924296471982,0,2.475091526795996
940.7201227373306,0,1.744227311587565
940.7204578683946,0,0.33235514269439265
940.7463052743965,0,1.981174152774351
940.7759706478184,0,1.5455955242045973
941.0149792021058,0,0.32571149459711285
941.0558439504329,0,0.2071802575661619
941.1624519974754,1,0.9381515204213934
941.3928575870152,1,0.2357573934189703
941.5666418391016,1,0.23164542939371774
941.6329716639334,1,3.139561965616241
941.9927515527321,1,2.9860966841737593
942.0278092666038,1,0.2951770741197653
942.0711448567256,0,1.1347977824756477
942.3213379505237,0,0.708464370955441
942.9790197913746,0,0.3425640577390591
943.1577169762229,0,1.5403353427104636
943.2933906876767,0,0.07307326495167174
944.1231547648073,1,1.2710629884572555
944.1994386434569,0,0.631341680105325
944.3089587354559,1,0.01689378486701588
944.5184270071878,1,0.4179626677394366
944.9083676147056,1,0.4227806183419962
945.030493644542,0,0.09182313768125809
945.2044200780202,1,0.2994330526208728
945.2445923583754,0,0.9348432398021806
945.3377950658589,0,0.7364811587731722
945.5003006396937,0,0.23285631812484356
945.6507585618915,0,0.7002221241540629
945.8855821603323,0,0.3406090724664774
945.9268672788771,1,1.9839485992041386
946.0491725217777,0,1.9940891360417887
946.071965589533,1,1.0071674211591661
946.0750963893456,1,0.9519493690596574
946.1155818532926,0,1.7909124564108592
946.1349241539515,0,0.5685427096925664
946.137514635844,0,1.4486987134209155
946.1703390940809,0,0.7716185632677836
946.1981313347078,0,3.9148655664631495
946.2253387143081,1,0.21303098316532187
946.8737817025063,0,0.8585641370626828
946.8766837347409,0,0.009220568440746226
946.9516355689216,0,0.008953491355266895
947.1356631268633,0,0.23646056262100762
947.5642244639233,0,0.53792419388349
947.6198641813355,0,0.34664387906263344
947.6321574594883,1,1.5412234578718635
948.0551084979516,0,0.3955646485541895
948.3014440445868,1,0.9860256323847001
948.9755588064995,0,0.7690966505645417
949.0468923542116,1,1.5909352642079881
949.2833155132166,0,5.348714864049947
949.4313255541609,0,1.2704464737487857
949.5693133978798,0,0.6707008123972711
949.5878668405812,0,2.410523101077393
949.8134819019833,0,0.14828497045938216
950.0739888433859,0,1.1841604875716634
950.0978447494861,1,0.22117598952535544
950.380575551679,1,0.26704021142235124
950.4495312578384,0,1.9809380681971864
950.5220002380498,0,0.41332948157841515
950.5802536108905,0,0.4366516528390236
950.5947665840243,1,1.2728227635776548
950.6196163529455,1,0.9032882900675107
950.9197162202626,0,1.1823563304026734
951.0121497587947,0,1.1359018517235522
952.05718574517,1,0.8267255654272038
952.1457211110059,1,0.5713476302865308
952.157708440433,1,0.7516917230395055
952.1579098767891,0,1.2709828234105167
952.2350142683973,1,1.579628517639418
952.4074399050387,1,1.8379465705903095
952.4718221311055,1,1.261409808933784
952.5208292591352,1,0.3518958898102293
953.0374432203811,0,4.856320556828333
953.4245709213455,0,0.32332906761690583
953.5452036570949,1,1.4742143660564497
953.6504382582066,0,0.7720512954191341
953.663237619573,0,1.8994708727621834
953.8665721705737,1,0.26172750479477436
953.8668765032903,0,0.4465500571781181
953.9939615630586,0,1.171372592577762
954.3745395356383,1,0.049395702199517964
954.3993563046456,0,1.0555659332116742
954.5642590134854,0,0.553578336629462
954.7688937411172,1,0.7099941749495627
954.861644919175,1,0.651671061134402
954.9121733487839,1,0.5985473007621999
955.2713086949022,0,0.13845866669265094
955.3711164014252,1,0.618584144656624
955.7158677222016,1,2.097767470204457
955.7300645026036,0,1.4104308552217741
955.9141205104745,0,1.2886076689481312
956.0598867048286,0,0.0022494327690618095
956.0842146723128,1,3.587347823587762
956.4456143937465,1,0.3209186592436745
956.5202002251809,1,1.8170865716419726
956.9304212906894,0,0.3902169338839575
956.979533486552,1,0.20614688612327123
957.1091058653667,1,1.2856725883329234
957.1232478189004,0,2.4841226761917694
957.3146012963377,1,2.8935721819513467
957.4487822198206,1,1.852801693886247
957.8724262167253,0,0.9044892146972053
958.0624624581233,0,0.11678647256054453
958.3562174517995,0,0.5594414932940782
958.4455948658433,0,1.381561491715198
958.5670101045978,0,0.6378317157962954
958.5941722283623,0,0.09076725753839579
958.6677407873655,1,1.093126529528957
958.8027134497219,0,0.3701875595751768
958.9142163771563,0,0.07804421251602799
959.2284602418895,0,0.4015220261982399
959.2984940776024,0,0.8962748998553198
959.3078084957617,1,2.146656635045518
959.5011345226807,1,0.5158454028698927
959.6649409278348,1,1.987763508663824
959.9109231656878,0,0.5936454363807065
959.9181525288968,0,0.0013021772153638963
959.9418202110007,1,0.7783280782822029
960.1455315434106,1,2.2831814190384865
960.3515851073441,1,2.774536125809705
960.8447284707588,1,0.620554313417629
960.8484119527395,1,0.784505489978482
960.8605129085078,0,0.6504063440003875
961.0768436930977,0,0.052657793719197085
961.1321004065331,0,2.02830516186214
961.1513481455752,1,0.13722524699781932
961.1691943395423,0,3.461288725350052
961.3369349791545,1,2.7664418955915977
962.4974788300707,0,1.8156505697837655
962.7148280009235,1,0.03882927881569866
963.2493170832586,0,2.631311180136474
963.3854981788529,1,0.04181258892092704
963.4004646197538,0,1.2779175586009799
963.4746722326794,1,7.946622314534646
963.4940631569908,1,0.5216450130411793
963.6343984444819,1,1.0416282123563116
963.6845531288825,0,0.24065365475069742
963.7220273025133,0,0.2737986654317862
963.9606697170144,0,0.8564915227814864
964.1052261394382,0,1.0918722699325307
964.1269958336646,1,0.13772642615834815
964.4358370149279,0,0.8628199672222916
964.63302648383,1,0.05751222108425084
964.769600511272,0,1.7950756112689978
965.1077361057947,1,0.425719403292602
965.3947945338089,0,0.0834903308342538
965.861136536264,1,2.5466413686369096
966.0607049548219,1,2.1154047629337205
966.1376295605855,1,2.7239066119237267
966.2025311922145,0,0.3131737036204096
966.4110119700342,1,0.23293167914613713
966.465205980851,0,0.5385301789416835
966.468404739802,0,1.999288373181283
966.8260720306215,0,0.9597809099853541
966.8763734746234,0,0.26727708552541024
967.0112659014196,0,0.799574769671405
967.0939621267617,1,2.981945868476942
967.1338388768135,0,0.05196793360049405
967.1893711060279,0,0.2065820164902341
967.2698864471382,0,0.37751865790245315
967.4121213089718,0,0.6526086873402837
967.4186683639654,0,0.1614460876989161
967.4789543014734,0,0.9551685213945788
967.6606406783538,0,0.46758988993763323
967.84651112478,1,1.5241698969598627
967.9057317263704,0,0.22864235022248885
967.9134613510646,1,0.4708963131833066
967.9552091718277,0,0.5308924230865494
968.4097853038725,0,0.056906024075018664
968.9985130325138,1,0.4059381002021017
969.2957472041313,0,0.3076689555840047
969.3421420476784,0,0.8123625189081383
969.382223633865,0,0.2920773990968549
969.6308880146529,1,0.4019913793833641
969.7114440382393,0,2.680721063055367
969.8034546551688,0,0.6166232272740174
970.1787146426504,0,0.6443453210796158
970.5201253501176,0,1.150154664096625
970.9771547618518,1,1.615642298671835
971.1089804586676,0,0.1643378010363046
971.14890804125,0,1.456062289109212
971.4010068085978,1,0.5508263953227255
971.6384077085042,1,0.630315358799495
973.4705828281093,1,2.282698766814727
973.4960825464699,1,0.8928240984075323
973.6667862208194,1,0.3887556383664892
974.0146437636913,0,0.26102046477921165
974.0762405843434,0,0.09708164648955886
974.4963220356105,0,1.6418686557163964
974.7223565483281,1,1.7310540466729558
974.757930095077,1,0.4588345255792369
975.0753617456904,1,0.9520330824621233
975.4236023457278,1,0.00925839343923107
975.6809668467235,1,1.5763864694652434
975.7625636242806,0,2.2314181465814538
976.211066588041,0,0.8045277021958281
976.2295496187612,0,1.5034629146603924
976.4569451324539,1,1.0286407261399626
976.9347081725457,0,1.5295668730032237
977.0827067919349,0,2.527804202139775
977.1689952604056,1,0.22698702937082374
977.1968148443516,0,0.3464407648368928
977.2266674454771,1,1.4584075267923655
977.4403145192974,1,1.0032704197094593
977.5659421384562,1,1.1682031039779053
978.0375473590565,0,0.2213116670544729
978.0888945134991,1,0.6326925689023615
978.4551872013017,1,0.8488756357987777
978.4836417962433,0,1.3622510694207939
978.7798488076581,0,0.576059878425242
978.7845590664406,1,1.46423008438019
978.8264097586018,1,1.1329009506472139
979.1833944851113,0,0.2971819329583084
979.204585619074,0,2.870166979338893
979.4376281226383,0,2.097053489622746
979.7254501121814,1,0.36418617298147504
980.1136839754984,0,3.4089523182117683
980.1923681396211,0,1.0161557619770534
980.2074431695546,1,0.5566843878558729
980.2847053425916,1,0.7123969858585993
980.7200434208199,1,3.367708219311505
980.7328529891972,0,0.3413131917622875
980.7590376952139,0,1.4920531146222653
981.0732935450344,0,1.1673089604337834
981.2618210064948,1,1.263107739629292
981.265158248763,0,1.9691459633552848
981.5806346011652,1,0.7772431056756868
981.5863213416436,0,0.8534275503349857
981.835624329936,1,0.266700268539323
981.9315055092704,1,0.008585781336326056
981.9610821780178,1,1.6568709935945485
982.5277402461433,1,0.37697388030124185
982.7074652605662,0,0.3346791635864118
982.7619044948389,0,0.029362024872135083
982.7937694874821,1,0.33723289837103465
982.8496525665084,0,0.6531299421640531
982.9090805562893,1,0.706712517488914
982.9750874031832,0,1.3699649896953898
983.0956942447267,0,0.217872491298971
983.8231609971775,0,0.30488184691975023
984.060041529206,1,4.846853577720765
984.1237129498423,1,0.49715834541428927
984.1968938455836,1,0.8079070348201913
984.5478338812616,1,0.11859296410372802
984.859928076454,1,0.21744174081448914
985.1598017521452,1,0.27221152499011353
985.8426118940552,0,0.3067029846180131
985.8869615393938,1,0.2100262056529665
986.4158266416052,0,0.20198014803695397
987.2171904780614,0,3.4276066954456343
987.396498096319,1,0.0754284535855792
987.4273138791273,0,0.07163280292347164
987.5451001342627,0,0.0024962626634498428
988.2518394687115,0,0.6055561101989692
988.7118245275509,1,0.6169595590237453
988.7530490582718,0,0.41044041676935084
988.7605009256113,1,0.318449002092261
989.0450453212372,0,1.251348013306226
989.1458885146188,0,1.2449826014037908
989.7310739615702,1,0.030729797305451327
989.731123958302,1,3.4194058042367437
989.8891222618325,1,1.1973620809169376
990.0252147422813,1,0.4764092372114369
990.2219357080605,1,0.5065822375841496
990.4629656142574,1,0.20654863307973512
990.5054468135858,0,0.7936378160605421
990.6441430130742,0,1.4640851267019017
990.6463744558039,0,0.13011281114856682
991.2522748513351,1,1.3305064080780191
991.2786711248526,0,0.0244549347369869
991.3912415644896,0,0.00978670820136464
991.4699577356428,1,0.36170834631616905
991.5053310237416,1,0.034960236896475795
991.5723554996224,0,2.0606141898952886
991.7462389430157,0,2.3834845845618173
991.7894386305896,0,2.152520215071024
991.876849691652,0,1.0863617084805497
991.9773101005187,0,3.66493897335771
992.0594887444569,1,0.5143584047075036
992.168886941363,1,0.8896764495226172
992.2085417003948,0,0.8121742776817644
992.4222122520487,0,1.1247247804671072
992.4264196557526,1,1.8947483705807393
992.4354442370028,0,0.7436941185679822
992.6786007608197,0,3.2518266696531777
993.1114181707202,0,1.1824866558943545
993.1347572729011,0,0.7260660590913158
993.1374309560808,1,0.5907645368250549
993.1696447472701,1,0.6729911835234252
993.5828181960278,1,1.4691645792161332
993.634041492638,0,1.1459372622507817
993.9701238049578,1,1.1351683850449854
994.0870013062802,1,1.6582914053730855
994.5503393518693,1,0.30346140169427244
994.5983303253973,1,0.04189415478404664
994.6754959299451,1,0.46564120674863996
994.9379490122093,1,0.9768133845403393
995.1615726944889,1,0.2969652334196057
995.2353537541999,1,2.859146908998926
995.2762361249431,0,1.1876882323033249
995.5359579293968,0,1.1930664981616028
995.7229269515525,1,2.9084535432069343
996.1591961115627,1,1.3125527080861208
996.308142499239,0,1.544487421133098
996.4180084573064,0,1.254411989272478
996.5669603778753,1,0.5546846830229454
996.6975641372916,0,0.2788122110500333
996.7415798629329,1,0.47483569711398277
996.9358113686117,1,0.77336958419396
996.9433416846156,1,1.7350197961184322
997.0657358705458,0,1.124887241039042
997.2672449505362,0,2.2697040499480416
997.3682674127309,1,0.3448142183567323
997.4300889070771,0,0.2510114459860748
997.498242001603,0,0.33368315107815466
997.5211474326634,0,0.4323259361058146
997.6639568651343,0,2.5996156252670675
997.707082017593,0,0.2284145468845637
997.7424189483434,0,0.33420860046602885
997.765408135605,1,0.09215184966783176
997.9449456522701,0,1.9957084798935356
997.9553738596732,1,0.02843303865141703
998.1953100277148,0,0.9388790189845418
998.4888632602167,0,0.3114614360094941
998.5813560751626,1,1.2858487748721157
998.6800851313134,1,0.6622900537419897
998.6843649389201,0,2.571054597783407
998.6916341937932,0,0.17518486961216012
999.2151723340028,0,2.6828494452854406
999.3657529444434,0,0.0952544198015053
999.7388595467243,1,0.47022998972105695
999.9494809414157,0,1.2219046628961912
1000.0901549547482,0,1.1903143327678338
1000.2182654864631,1,0.00733257306920504
1000.4499542055992,0,3.9188239619699567
1000.4680959289591,0,0.10814103712406985
1000.5026297722108,0,1.2642580541033026
1000.6423483996152,0,0.7719215509429677
1000.6744157746648,1,2.3034505083680394
1000.6790820452834,1,1.6690924000721037
1000.7540902830978,0,1.0272721076841274
1000.9404927641805,1,0.4841451513103023
1001.092568693108,1,0.11220472862714928
1001.2378116485413,0,0.30470658629670366
1001.3994683143555,1,0.13841759107365864
1001.5210559204651,0,0.38530561826027165
1001.7174299580711,1,1.1494493529052765
1001.7937928751271,0,0.7767420473154636
1001.8240766807118,1,0.17148642603905337
1002.0300014794315,0,1.9517283470467455
1002.1762163791172,0,2.780477393256568
1002.5677995068979,0,0.3279782918965781
1002.688664398376,0,0.9030750225251941
1002.7783471550962,1,2.1922166431106205
1002.849182877067,0,1.7298687510658526
1003.1741883387563,0,1.0393628879893233
1003.286920278919,0,0.5874365428996365
1003.3953387359679,0,0.41131495808524066
1003.413090600212,1,0.04443996274301159
1003.5190936265942,0,0.18869131981738585
1003.8098433157033,0,0.8018448465141018
1004.0389896113426,0,0.38741578043537084
1004.1102353137557,1,2.75323303500152
1004.3414115921289,1,0.9686133015926992
1004.3616172123204,0,0.48317978989571136
1004.469344877235,0,0.16796736528373654
1004.5452472609952,0,0.44841664748872634
1004.5798928160235,1,0.49097481413001076
1004.6649630271569,1,1.041137859549027
1004.7425640244446,1,4.837410163660022
1005.16445566085,0,0.24103074447385342
1005.2245587135498,1,0.5231054878208684
1005.2952027304232,0,0.5491118925168735
1005.3122355619289,0,1.0751311161791928
1005.3799791078826,0,2.1703599779284013
1005.3973838558009,0,1.3930534711978588
1005.5143202967972,0,1.2753951039747489
1005.5362995645935,1,0.15814444920763188
1005.5647569735459,0,1.6528167121922788
1005.6557389459313,0,0.10234866137068499
1005.8529824518516,0,0.7278360220321363
1006.0052980765807,0,1.8803478992504863
1006.0515888189119,0,0.13193157690023033
1006.0897806248302,1,1.3619132839584331
1006.1022141300853,0,0.25890771605302626
1006.1111071734922,1,0.022350400647047228
1006.4157718123683,0,3.646677821603205
1006.5684870113107,0,0.01669430647421963
1006.6245168337535,0,0.5393594404957777
1006.7808948987403,1,1.0575021286339024
1006.8599687597895,0,0.9802643365194225
1007.0564063227145,0,0.5015966770044957
1007.1454436964432,1,0.47589359740015524
1007.2264405099789,1,2.430136965381991
1007.4545478504645,1,0.44117798174834144
1007.7228612706655,1,0.20846968141109842
1007.7945037676316,0,2.4786520434221733
1007.9153815876291,0,1.5951124413402027
1007.9236193325584,0,1.2415389839719375
1007.9317689642932,1,0.04443013659093642
1007.9722049784788,1,0.25122481609102554
1008.0111711981176,1,1.7256294784003252
1008.0967077720508,0,0.1209584741713618
1008.1484973765538,0,3.175859422761848
1008.1575744712227,0,0.29178071301887515
1008.3099700423445,1,6.542473186449111
1008.7865056154166,1,0.4165083058200104
1008.9116602977413,1,2.6334454443774282
1008.9505676814332,1,0.47382260946709176
1008.9542844170377,0,3.4307511193238884
1009.099380812682,0,0.05984353345968557
1009.1565631312479,0,1.6159657204021154
1009.3462384567163,0,0.1735366518342753
1009.3811158742577,0,0.27895110352108593
1009.4896721027922,1,0.48035387931818385
1009.5553721902659,0,1.5358779048557736
1009.9669462349201,0,0.2592804733013876
1010.0661004348865,1,0.9851941615070962
1010.2931868825684,0,1.1495788427840685
1010.3262674731684,0,0.04709049173829933
1010.8388572098728,1,0.7766744145722455
1010.9285942884766,1,1.1785752641634908
1011.0018042562104,0,0.5863630466491561
1011.0774206163794,1,0.09790850921676099
1011.1536827253606,1,0.48605833019986805
1011.2067705735856,0,0.2132176019876574
1011.4616867339812,0,1.069029197672802
1011.6212165367175,0,0.9376442112650702
1011.9210156504922,0,0.8138837314459421
1011.9323468441063,0,0.36694389245491016
1012.2131776111404,1,0.5208492528736266
1012.2892413006069,1,0.4073709622221117
1012.3385590872412,0,1.3460923932319973
1012.5632055696092,0,0.30810052233714363
1012.7776555332777,0,3.3706345911996416
1012.8105692299091,1,1.414680668125921
1012.9841952166062,0,1.7603851595098379
1013.0286299525654,1,1.5999804305670127
1013.0688092904409,0,2.338803161741571
1013.1014406577507,0,1.0141595774919134
1013.2488321197284,0,3.216091385688753
1013.2776608186074,0,0.974572383832914
1013.3033586788349,1,0.31745097771081965
1013.4433634360796,0,1.1791159498223254
1013.4562276224777,0,0.16174181494671816
1013.5894567774769,0,2.8119001549439075
1013.7125776013104,1,0.23155558897455503
1013.7335097649599,0,0.3473383307678198
1014.0364907543332,0,0.6889182033852373
1014.2737359993607,1,0.5507491526241796
1014.6035033965226,1,1.5618103762235949
1014.7074205783612,1,0.11976797015336717
1014.8017437522311,0,0.4821097597867183
1014.802566449428,1,0.44402345120999265
1014.8429898513011,1,0.2585546783012339
1014.936818587464,0,0.33079526659288794
1014.9550993538903,0,2.0176059147062992
1015.0268818698631,0,2.1291789558381544
1015.3536778011663,0,1.1419564490247731
1015.4090843927643,1,0.060943895590271364
1015.5468396736663,0,0.36423955987964896
1015.5518656645238,1,0.14903824484958586
1015.572971934491,0,0.3697581897163181
1015.6245885462044,0,0.5062224391814478
1015.8849257043105,0,0.05386313431665442
1015.9005610929947,1,0.9416825334762577
1015.9390769998746,0,2.3976313002799565
1016.2570223144958,1,0.9807569614540618
1016.2690965288898,0,4.74621776991298
1016.51015744744,0,2.083907879607793
1016.650800464233,0,1.9094111585528526
1016.866210645325,1,1.011751330964153
1017.0187464740902,1,0.3315943878686985
1017.2508251124511,0,2.1868239088648034
1017.2870557792268,0,0.8540897021970474
1017.3067943065643,1,0.3213003436729755
1017.3637296596729,0,0.7501202620107652
1017.4716850889499,0,1.6599546350275578
1017.5601375739046,1,1.3788224894487284
1017.8631404213954,0,0.7216652227366508
1017.948472449944,1,2.095669719600297
1018.3120894512267,0,1.0942579186787582
1018.3455245915086,0,0.12082875842560845
1018.3913359980656,1,0.44299875993534993
1018.7983296815447,0,1.2368554845076851
1018.8731844721599,1,0.8695141987722177
1018.8921819104088,0,0.1965673704030506
1019.0124397796245,0,1.990098746895808
1019.1598184752162,0,2.8192504771808085
1019.2735074927465,1,1.2673940587913075
1019.4605081545852,0,1.3579449742854823
1019.5068126212743,1,0.14618329802454127
1019.8080932057528,0,0.5656756680937093
1019.9868183676623,1,6.8193813283891
1020.0578381644539,0,0.49690807019708516
1020.1202791012829,0,1.5485158107375074
1020.258658196941,0,0.3709750501439848
1020.4862921218834,1,0.25148438600079415
1020.8118542852037,1,0.8564910297014052
1020.8503414834826,0,0.4842556515973942
1021.1073733559388,0,0.8851550453020858
1021.1773358244889,1,0.6102150033816426
1021.2618261973595,1,0.0443285966709355
1021.2967981824455,0,0.11594899935602931
1021.3314340880772,0,0.7646190146499664
1021.3564978863942,1,2.3190969384551026
1021.3839061300673,1,0.5445613738603982
1021.5398028561885,0,3.5498753855693117
1021.5963940565247,0,0.7141492450922556
1021.6579554753685,1,0.43709715059353094
1021.6698680086929,1,0.48851157733272943
1021.7986576413815,0,0.773289113220229
1021.991999988152,1,2.1732572802453904
1022.3027685097511,1,3.7840430933900526
1022.3299750465025,0,0.25549163125357466
1022.4597767785222,0,0.18458598708222562
1022.8504392350371,0,0.1128125224215047
1022.9541402129211,0,0.11019623142625776
1023.1629343866172,1,2.546886234668033
1023.2831796587985,0,0.2215949083195738
1023.5338839011545,0,0.3940085534158987
1023.6130132532384,1,0.11167549812686654
1024.281186098721,0,1.5805206497041304
1024.4312551240646,0,0.15908558658474842
1024.5340354977009,0,2.33161323245904
1024.6414822412905,0,1.9095165558026956
1024.7147606367755,0,1.3446759920352012
1024.726915410204,1,0.18549724517605895
1025.325053961317,0,0.5554215469695633
1025.3782118817155,0,0.06477557812268717
1025.573852844538,0,0.8626316694580101
1025.901495250902,1,2.0336426728346426
1026.358518523629,0,2.7947472946314886
1026.4256961759538,1,3.1961224976937928
1026.5797348062288,0,1.1377757113759588
1026.8113467195717,1,3.9273881358653853
1027.1228743021702,0,0.06920744884582117
1027.2860063416633,1,0.923184989238413
1027.2868481765793,0,0.15575262580197322
1027.3468095372511,1,0.0695287359873668
1027.3664440705402,0,0.34836181359404067
1027.9056538755694,1,1.385318628687185
1028.3028488385341,0,1.9064649683907253
1028.5618644106269,0,0.2799511925215475
1028.566357275917,1,1.3230884070620075
1028.6091720326551,1,0.48063370302577546
1029.043823091412,0,1.7719521889377126
1029.044846000423,0,0.25111289857634356
1029.0628032721424,0,0.38529909980380866
1029.399504301267,1,0.43357453207605673
1029.406528687346,0,2.9911058114199607
1029.7009842966622,0,2.172452040242674
1029.7101837213647,1,0.006366132030832244
1029.8889312231624,1,0.6540250371738326
1029.9699735625613,1,0.3818215029629396
1029.9779551432841,0,0.2233470069180583
1030.0073228872775,0,0.7113864991796962
1030.2054520032423,0,1.6288816582008412
1030.231502181279,0,0.5781229260763967
1030.264816744407,0,0.7567626035596325
1030.4155992833735,1,0.799960813848102
1030.5502055937122,1,0.4301800664704827
1030.560747391364,0,1.3819151876765803
1030.6699073907735,1,0.8031436063073044
1030.7214437778282,0,1.1444363357601164
1030.7745995820585,0,0.15182470995702876
1030.7765522451882,0,0.4559187348830962
1031.2098623247016,1,0.5529013690307905
1031.3238896522416,0,0.9429583936469058
1031.3458451873357,0,0.09829014324628908
1031.7437038380663,0,0.04267846139175082
1032.1747963430146,0,0.35238771938824914
1032.2169620821512,0,0.7330325961277201
1032.3809135298513,0,0.5917379895493283
1032.4064537338836,0,0.22276404716992537
1032.514955340877,1,0.9198216461999258
1032.6393143279195,0,0.3380998453607844
1032.6952232088763,1,0.22983474181735739
1033.196191277599,0,0.253568558035711
1033.2859895026327,1,0.9995612985899479
1033.310262307383,1,0.29475501172523483
1033.5115141111485,0,0.5113556605410763
1033.7500107081778,1,0.41356781393030134
1033.7686685879864,1,0.4447248108926585
1033.7811754639788,1,0.4698289515151604
1034.2552472888765,1,0.03061554427123986
1035.1902731750934,1,0.27566652996153473
1035.20486356421,1,0.13456781161723338
1035.7082079855063,0,0.2263233339472784
1035.7367248060687,0,0.5928967016822818
1035.8601641031844,0,0.8594863132954987
1035.9089705169563,0,0.02685668091294992
1035.9288654732034,0,1.0868577573124665
1036.2574083799257,0,0.005220396711963151
1036.292385249351,0,0.012432439982463801
1036.5561104327219,0,1.3366675933181233
1036.6214109122336,0,3.4492627810018965
1036.8839682477476,0,0.25883382577197955
1036.9071363850683,0,1.5410886603420322
1036.9187900390582,1,0.6562169116010513
1037.2638898680962,1,0.4368010183721639
1037.363682290902,0,0.14012843289785357
1037.4330484863278,0,0.2088117770710932
1037.7682636627967,1,1.6067355329300954
1037.79302996992,0,1.9714471453097646
1037.8831399886888,1,0.7517186215355264
1037.969089426829,1,0.7909129111679412
1038.2744566236051,0,0.390627915058562
1038.345728201354,0,2.3296190131566488
1038.519942002221,0,1.0223871630196169
1038.5217337749975,0,0.13355429237907668
1038.567842628191,1,1.8519977561023204
1038.719625281502,0,0.3871150268027632
1039.0150195309695,1,0.45524403395278196
1039.102309719601,0,0.10464075421943801
1039.4971299701342,0,0.9795295503179233
1039.636156463285,0,0.13078189822613134
1039.822957416403,0,7.33350436748867
1039.9801388020676,0,2.3998129888385487
1039.9907394680013,0,0.08280051617085091
1040.0757454811578,1,0.2182422326200625
1040.076929134969,0,0.41890783326812514
1040.1638130499362,1,0.5470127306325542
1040.176058439698,1,0.8882406657601782
1040.533470614826,0,0.006976119446261698
1041.5001219020658,1,0.045566546163805746
1041.6159248264842,1,0.16740366238753837
1041.619182639371,0,0.22199040414840798
1041.6789743261215,0,0.2349128309923901
1041.7848381717445,0,0.15594693557952255
1041.9512449174558,0,1.5697300555802807
1042.1472926159202,0,1.083402600867369
1042.4308655091675,1,0.0528031295940334
1042.517871869722,0,1.683869563165098
1042.5204362320048,0,1.4079232115549796
1043.0094600472146,0,0.18836051353664568
1043.262864843742,0,0.2596980053033832
1043.2985331790192,1,7.351421104529275
1043.5687958252947,1,0.6541267244974325
1043.8142579396658,0,0.5693396607882165
1043.9370929124595,0,0.30027412254758856
1044.026017148298,1,0.5058305695827917
1044.190468805165,0,0.29117638645186317
1044.2984000278482,0,1.674700973561833
1044.418190719465,1,1.9321522287308346
1044.5755696209258,1,1.2946982772829143
1044.5877302815663,1,0.2500981216123495
1044.61239214504,1,0.48584947828950653
1044.7110607923119,0,0.5790636999418208
1044.7746809944042,0,0.10024610953239886
1044.7834129676185,1,0.2081697798777837
1045.0618668134132,1,0.8080002178966119
1045.4221166975747,0,0.0984237205528
1045.4384988445368,0,2.2177442336856856
1045.4461292342462,0,0.047307669258869874
1045.5510271487076,0,1.2427078748463953
1045.5616558157299,1,0.6980737109301755
1045.6107221574582,1,0.028419733831340478
1045.6195866930964,0,0.9125300063763779
1045.7374976384074,0,2.439621295663801
1045.7844178196165,0,2.1833991678866727
1045.94964246158,1,0.05332990291378437
1046.1076379427377,1,0.42673283284959895
1046.1407378619797,0,0.7090748975991635
1046.1489117892627,1,1.5829895393431392
1046.1709842886264,0,1.0042601891992873
1046.2303134107817,1,1.7959908559294437
1046.252038053491,1,0.11494577537765804
1047.1672303524251,0,0.3337649482313595
1047.346737453176,0,0.7924245456637835
1047.4859587254386,1,0.20147616801656315
1047.6492503196425,1,2.5592513253959073
1048.2653251110553,1,1.4616951069885127
1048.2889979728586,0,0.020011542768134504
1048.2985892963554,1,0.05557777433105128
1048.3407124549194,1,1.1030249803595522
1048.4242063056422,1,1.43188747778626
1048.5301062886033,1,0.2847903024197161
1048.6604778927067,0,0.4133835276234245
1048.7585803613476,1,0.8672667659270243
1049.3483440242385,0,1.168478795567272
1049.68056745003,0,2.995265234863512
1049.7432366643536,0,2.8132595479140785
1049.7710230348268,0,0.09637654195223946
1049.8058199109998,1,2.64978046064447
1050.2581061524404,0,2.687065020474846
1050.5962342727278,1,2.0949513422293555
1050.8519485109978,0,0.01295027206328032
1051.2185052986686,0,0.20677717644090335
1051.3840487132388,1,1.0210061119464504
1051.5411035434067,1,0.33266255678614304
1051.6178041741534,0,2.582344277012311
1051.9149292061043,1,0.8792310848422723
1052.1542169398795,0,2.999608083281292
1052.2670613885907,1,0.20376819565243248
1052.2732084439403,0,0.10545533603345866
1052.3370823906673,0,2.488971637922315
1052.423662336405,1,0.6849849967818019
1052.6527269755525,1,0.03825895502502372
1052.6801910219708,0,2.1263502712099056
1052.8083580548841,1,0.2843688700422169
1052.8900236981622,1,0.025355029696915863
1052.9582587377586,0,0.8992216504130982
1052.9973139425322,0,0.4105792246176355
1053.0470810595934,0,0.524813573635722
1053.1126168251208,1,0.7346481797225389
1053.370804046664,1,0.13946349809526726
1053.4584944147373,0,1.9769488560700363
1053.5128300275583,0,0.6645356838464371
1054.1984521946151,1,1.5740491215261574
1054.2541686745185,1,0.935014113980907
1055.1140503887273,1,1.048652563990517
1055.2822814421622,1,1.1642511173787284
1055.3121783099652,1,0.34322462697722
1055.3633642596812,0,0.3321217104172353
1055.480636568765,0,0.01934847051535027
1055.5410847286903,0,0.09291756346488894
1055.6812608993957,1,0.14907615310123598
1055.6898962013106,1,0.013452045509541103
1055.700117527688,0,0.10340900083843749
1055.9111995550188,0,0.1660241494784924
1055.9566750815175,0,0.5021452809617049
1056.0303427858296,1,2.53529663251409
1056.0400803626635,1,0.3784146919762077
1056.2319702530933,1,0.0010949345729667221
1056.576294013634,1,1.8288058649809917
1056.643934067544,0,1.1698819969637542
1056.7395380507742,0,0.27948287184409365
1056.857806364005,0,0.14722842155010352
1056.8626168292283,0,1.8925031393645224
1056.8675463640948,0,1.1962609199349064
1057.2361604466669,0,0.09471858166946397
1057.811670284147,1,1.5605533434846246
1058.2444523600332,1,0.6008571735824945
1058.2526294106458,1,3.2498250592334803
1058.4019059354773,0,0.35726931667625633
1058.561651053777,0,3.056804486084842
1058.857796204848,0,0.1458050650468725
1059.0273879960457,0,0.0813225267041741
1059.060121898079,1,0.022981301309019042
1059.108819965621,0,0.21569601152482662
1059.5472362434864,0,0.9666711779424916
1059.602808038731,1,0.5506478545713892
1059.8614378936234,0,0.1907756480649757
1060.025109449446,1,0.3596231566578505
1060.2026732064287,0,0.7229956113335672
1060.218521963441,0,0.7066948187016371
1060.6546671180788,0,0.30892724630631796
1060.8479367004945,0,0.39849863318643564
1060.8951293244863,0,0.6524327352496504
1060.9390797720812,0,0.13855763951663946
1061.0899243569063,0,0.7376613642761694
1062.1468202310537,0,1.6037014674585337
1062.1710569915672,1,0.014807870684037279
1062.4320565506373,0,1.1758995810874406
1062.639624782373,0,0.31811567805454527
1062.6866006394255,1,0.2786270287848117
1062.8911641155382,0,0.5217079309466769
1063.135902329691,0,1.632950345577759
1063.7532744188984,0,3.2726942901819247
1063.9455310595738,1,0.6297677434434357
1064.5528982513458,0,0.007919559735210706
1064.7054257796726,0,0.4711744020299638
1064.7075025040767,1,0.04691328996482241
1064.9612498430206,1,0.545642435839941
1065.6335527516653,1,1.2468711630243274
1065.940604553744,0,4.017713417105826
1066.4193081757605,0,3.4947399848186094
1066.6902047783817,0,0.16357989592483
1066.8206473248667,1,0.712052167408443
1066.9928584509614,1,0.018698880834944726
1067.1198986990948,1,0.17022847548290795
1067.3745308299663,1,2.6841893611743664
1067.6929992496152,1,0.7115617054435304
1067.976816721989,1,0.05155704628961029
1068.1599963298231,0,1.242191940780063
1068.328287747658,0,0.9166750716317489
1068.3317752579192,0,0.10547523225411626
1068.390811564514,1,0.586488653592366
1069.1108218899794,0,0.1382548122424639
1069.8884934417538,0,0.8816049172044125
1070.4417364164733,1,0.30275186391091424
1070.452954767801,0,0.33958032746189754
1070.5303290055829,0,1.4528227892220766
1070.7181889380447,0,1.7062955980922234
1070.7401222658382,0,1.1091147071362109
1070.748040132234,0,0.32025352681808633
1070.8202487088638,1,0.14540639607255978
1070.847256037324,1,1.7289645613922004
1070.8655378020303,0,0.03984931951516467
1070.9324579773127,0,0.42112023833367423
1070.9560462824397,0,0.11059469420049176
1071.109900171703,0,2.934312744372343
1071.21768801932,0,1.279700527027871
1071.2275369478734,1,1.0504133879827129
1071.5188649091542,0,0.489848077408243
1071.5264749995051,1,0.22435849921714468
1071.6144374744574,1,0.6111269198818134
1071.7084373651912,1,0.23074469069225398
1071.7998089418872,0,0.06871789103256483
1072.2256776287932,1,0.27075815076198795
1072.385370726476,1,0.04304686690709822
1072.554867223593,1,0.1138250766776337
1073.1289125565634,1,0.8303826073171542
1073.2724389704113,1,1.8842502850878344
1073.3870851924162,1,1.149780414861922
1073.4633607971416,1,0.2764103521614595
1073.7691448142227,1,1.6226871028581449
1073.7725927776526,1,0.8055639495975659
1073.9093194063455,0,2.243909129384208
1073.9553084775093,1,1.0262358011382835
1074.025883070591,0,0.15289710185533537
1074.0849252900884,1,4.792045377705083
1074.4776667115705,0,0.2948084103789562
1074.730213336051,0,0.8735098365426633
1074.7944777720402,1,0.17476242973706155
1075.1997535914618,1,0.1463460363617468
1075.2874188728554,1,2.6543830550005754
1075.3484284125745,1,4.291707630354907
1075.365670670924,0,0.07745677134701907
1075.59267367294,0,0.5693191712069957
1076.1136089615798,0,1.4937164684512607
1076.4929735123492,0,2.0992676770671426
1076.7622220928172,0,1.430116330087373
1076.9057813690029,1,0.34608433976816866
1077.1900512192312,1,0.9129255054009625
1077.2010516413402,1,0.21787165843904086
1077.5069078913277,0,0.17451069754843287
1077.8789984870562,1,0.9671859984181916
1078.2161853948246,0,0.8104799345855932
1078.287981621309,1,0.32695217612455146
1078.4200014402036,0,0.2503149093286751
1078.4406116837138,1,0.9107173024521437
1078.4591463147144,0,0.052584487023274264
1078.7560784417217,1,0.4032245604204978
1079.0926507588244,1,1.3278342413628017
1079.1588553281683,1,0.43304694778072417
1079.209742052304,0,0.31540081369228806
1079.2685645576955,1,0.5623026131819122
1079.2825089374103,1,0.19090604324244914
1079.450240874819,0,0.4057732575732324
1079.5615729797075,0,2.1374769339652837
1079.589323649154,0,3.491624970517542
1079.795193145769,0,0.980084377984407
1080.1059482974824,0,0.17665828362270472
1080.2055581185061,1,0.6893157960701973
1080.3812575804952,1,1.5228030924710798
1080.3957795610045,0,0.09006045919353681
1080.4212156266028,0,0.9390308581632336
1081.2170653845722,1,1.4238647552993366
1081.6375041422425,1,0.2609751761174064
1081.7090160513028,0,2.3463143806108735
1081.8585078907163,1,1.4742595606684856
1081.8765501987918,0,0.03332182054314745
1082.1297145260742,0,0.19066705293428546
1082.2970529815245,1,0.06329703465403066
1082.807095344182,0,2.6767353075382574
1082.9733406037628,1,4.105499567056596
1083.0684860331244,0,1.5863660588573136
1083.2270445826446,1,0.3626820299406761
1083.2275471085482,0,1.0649508873341373
1083.2940126762066,0,0.05943596667097314
1083.3333686231867,1,1.8878293528521135
1083.3990512791975,0,0.6017885455736163
1083.4539956476267,0,0.31149900699324024
1083.9973379003243,0,1.9346776030733788
1084.0910118373988,0,0.6452526948595885
1084.1996022742376,0,0.07930183628243667
1084.7932819818884,1,1.2402611014482088
1084.9229482349888,0,1.0043917023439377
1084.9495440804315,0,3.3150861150762254
1084.9735137612686,1,0.3643650573881792
1084.9790741565112,1,0.2349265322189467
1085.0687425320418,0,0.05064881886296845
1085.2399628986327,0,0.4482258687112309
1085.7666546377989,0,0.40008056051266755
1085.9064550302683,0,0.6171058167280705
1086.1381085225714,1,1.813409356895891
1086.4302766701094,1,0.17405238517408472
1086.4329403250092,0,0.5721220980770887
1086.491144656399,0,0.5016121073940631
1086.678992644937,0,2.375179071314796
1086.7768166674405,1,0.5402911023256073
1086.9438664744107,1,0.8222509771430596
1088.017332724616,0,1.7113074209184176
1088.0376934387718,0,0.09644284451211958
1088.3368409081986,0,0.12540458662536838
1088.455177098388,1,0.14770336029719028
1088.455670493216,0,0.04960629002168495
1088.5126966955972,0,0.5063892635835765
1088.5684043862395,1,1.2204165050546856
1088.734612384207,1,0.08159356068425062
1088.8133142347535,0,1.6352646764856804
1089.227665279628,1,0.9616822188399631
1089.8029392604046,0,0.7271334273480751
1090.012097503878,1,1.9710712353757016
1090.082450790552,0,0.2861084286661136
1090.0941977536188,0,0.20550363491153512
1090.4389873312177,1,0.8669852318679503
1090.4735257603743,0,1.4276481005603585
1090.5081468021567,0,1.1475200814252784
1090.6596306420631,0,0.8512361214309098
1090.8974753278535,1,0.8047874295176504
1091.3822058172566,0,0.6933088719590991
1091.5132106197373,0,0.8308007116354725
1091.5852234782024,1,0.9857425115767922
1091.603886973557,0,2.1283453104717185
1091.6363736079254,0,0.05626985493164396
1091.8458752257934,0,0.7468304044944518
1091.9160939703115,0,0.7477838655116333
1092.0301516282736,0,1.4049591271598347
1092.2345481617133,0,0.031781277927274504
1092.4442034743165,0,0.03608804618131838
1092.4683201669725,0,1.3407432530533905
1092.5890365710052,1,0.02369009810369841
1092.8656947260752,0,0.228125499144871
1093.4902200471613,1,0.30804561635569294
1093.8709339440486,0,3.3901465248808997
1094.2636625435969,1,0.6767906317998291
1094.5010030892763,1,0.03792519185290263
1095.199058594621,0,0.2293284736810535
1095.300727097261,1,0.31969166179884106
1095.3878612468884,0,0.25783138508027315
1095.866849991573,1,1.1256658269098934
1095.9602763075131,0,0.08638725739794179
1095.9606034369715,0,1.5806617096228366
1096.0513354177965,0,0.41977102290632945
1096.265356613608,0,0.03657244667460554
1096.963870460923,1,0.3676855422785689
1096.971637790409,1,0.7306572613849469
1096.9913703176799,1,0.4595626233359949
1097.0682098965904,1,2.0185673794441703
1097.799840654193,1,0.7413891604313081
1097.9850651746428,1,0.6424164999378454
1098.2337916971633,1,1.120388012443832
1098.4209948555592,0,0.11397955745937471
1098.454878643029,0,2.0392939781553427
1098.550848763797,1,0.9623994226523749
1098.786320602786,0,1.054325012541768
1098.8672666345308,1,0.2523734745370275
1098.9587516061442,0,0.5905156496016561
1099.1504547847683,1,0.4136950385041743
1099.295974384596,0,1.0950913370485038
1099.5558799284124,0,1.1442405421660755
1099.6661254372236,1,2.099279059657555
1100.2109907654442,1,1.4360908007035336
1100.4325826706604,1,3.957373842593348
1100.5605656809996,1,1.8782083729671306
1100.8241880462604,1,4.143761505315122
1100.9567012658893,1,1.332095533984659
1100.995642691694,1,3.0796671785851135
1101.1375932124683,0,0.37441008568038214
1101.3263720580378,0,0.22154065516424049
1101.4853151613809,1,0.5992704170700838
1101.5832311540737,1,3.4820557365788827
1101.6834497590114,1,0.9986074636023836
1101.6885330349673,1,0.10793036953593715
1101.7494851450945,1,0.07205718743329337
1101.838534768831,1,1.849924640806465
1101.9426317578655,1,1.1204836478504934
1102.0185404922122,0,0.3982206641420814
1102.3841466020074,0,3.204406754703627
1102.7611887685603,0,0.4986422372024487
1103.026373907633,0,1.2349622258899489
1103.0413633215599,0,0.2053760733050908
1103.1780997954752,1,1.3887636770157317
1103.30577428782,0,2.581624200881002
1103.7182242914052,0,0.014343150015127409
1103.7907025971579,0,0.5381541666008739
1103.7994045427083,0,0.201251815584429
1104.3450481797568,1,1.7004862871160322
1104.761196065416,0,0.055524835314946175
1104.943592916097,1,0.9823576811645912
1105.2242168683938,1,0.7960855751218601
1105.2831204092518,1,0.6419230758790575
1105.533388830114,1,1.0418135263014119
1105.8405849768344,1,3.47751585977856
1105.8462099571977,0,0.07323947143133089
1105.8634775201067,0,2.380324898137495
1106.1311534257118,0,3.5111185218107814
1106.2889236216463,0,1.1695961861723583
1106.7862632651372,0,1.056989313166593
1106.917110878874,1,0.5545846584578866
1106.970789772061,1,1.9729502899606095
1107.0674434354419,0,1.1287243507395117
1107.2324584415865,1,0.3309712002095489
1107.294768946801,1,0.8391076999290754
1107.3287215589737,0,0.2469377318076833
1107.4146015018723,0,0.36547918937816776
1107.592275098703,0,0.564477574519522
1107.872389577162,1,0.5697622049978663
1107.8938152159667,0,1.5473251256056813
1108.1655170371116,0,1.9385276807497076
1108.3630370720443,1,0.9417458095230711
1108.7053717833237,1,0.1891488692516551
1108.7699001926896,1,0.0292251146934564
1108.7781232583832,0,1.012175094577418
1108.8584778247136,0,1.3973012146023613
1108.860233270611,0,0.6573494162502155
1109.303511775551,0,0.8962035247476754
1109.6150700271287,0,0.10143906289239378
1109.8186922657833,0,1.005582063807568
1109.8535582956267,1,0.7968712563052841
1109.9738437048918,1,0.7646900694192309
1110.104431189789,1,1.189386864206814
1110.1451953535268,1,2.318513754070588
1110.2570427066207,1,0.5272875241840725
1110.293476398935,1,0.9779655060375734
1110.6582650589025,1,1.1431363655602016
1111.0120444204722,0,1.0781990959040475
1111.0179048700013,0,1.801457001481257
1111.0376243854028,0,0.5800031498876403
1111.1851600585662,1,0.3762870044846165
1111.5070835209085,0,0.7140448128014922
1111.533600890058,1,0.3665492059284887
1111.598929168127,0,0.7813072945647624
1111.9616548731447,0,0.8971815259933412
1112.1164244171712,1,1.2844015581311743
1112.129994348844,0,1.0133910213453226
1112.1393712170095,1,0.6617676293065093
1112.3857246894593,1,1.0766442685890865
1112.4711672813303,0,2.8099838540273345
1112.6812871260595,1,0.005039623317217876
1112.9679393449182,1,0.14937627287610672
1113.0945680227233,0,0.6009775647570387
1113.3599416283034,1,0.34761085136053615
1113.4502913727174,0,4.689122227155236
1113.5002515085264,1,4.351415454834228
1113.5864603599439,1,0.00023861209644801732
1113.6177297496229,0,0.7534190113830812
1114.2161698080613,0,3.4909008012144063
1114.6317425366049,0,0.18182052574331423
1114.8964509420205,1,0.5250123331144145
1114.9099358347753,1,0.9856438651186197
1115.193540292674,1,0.8044797084211254
1115.5542018854126,1,1.561199393271796
1115.7157877699512,0,1.9100091186915453
1115.763927649982,0,0.5517497588968299
1115.7682962199037,0,1.3670020912936143
1116.1366829323115,1,0.20361823433043835
1116.2599488618107,0,1.6410902061597124
1116.5929002679843,0,0.6782678988783635
1116.7467645392685,0,0.6216902585560978
1116.801941839781,1,0.9421627912717326
1116.8025625462844,0,0.8343914206058093
1116.931743127417,0,0.014631052320861954
1116.9493798461672,0,1.3616780442124925
1116.9588170652166,0,1.0051343227723468
1117.2556784229403,1,0.6296783585327995
1117.2643597281185,1,0.10502374005070791
1117.3089865706486,1,0.1448419651222482
1117.3172606234557,0,0.663397464598826
1117.382392171641,0,0.3143599723696849
1117.5186288243005,1,0.564282418704098
1117.713895675123,1,0.4098275698801708
1117.8117442278715,0,0.16729529626392975
1117.918436512159,0,0.05934001889244787
1117.980968823067,1,1.0808295019885419
1118.2236185843044,0,1.1151522656623705
1118.2491968121938,1,2.326184227400521
1118.3311753989851,0,1.2433539899306936
1118.5618010281978,1,2.4192489093527505
1118.6197719318434,0,0.08304181234535472
1118.7570962923735,1,1.9090016088915336
1119.0410539739025,1,0.6048357278550359
1119.4417663162212,0,0.26303821069191824
1119.610562617117,1,0.8786464264050079
1119.6130780411688,1,0.6944508192926865
1119.6813614896862,0,0.1166920295193232
1120.1027067537825,0,0.3139845220052831
1120.2891005178467,1,0.7910175337057384
1120.3578279249418,0,0.12879932110617584
1120.4176633605011,1,0.23796115550995894
1120.6002239658822,1,0.31984637653580633
1120.7052128736257,0,1.5947371877245005
1120.856732542771,1,0.36455907154550565
1120.8696438712564,1,1.2904616655301502
1120.9288108147189,1,0.3177502439249502
1121.003757845194,0,0.4878321549061955
1121.4344066066421,1,0.8847627046170515
1121.4592828037348,0,1.0208260399408822
1121.4728164195235,1,1.8579706366675397
1121.5210278147592,1,0.6657761378204341
1121.6117295431377,1,0.7290074979451159
1121.7714942352284,0,0.00010686996134575712
1122.05325045051,1,1.4683169125200202
1122.3183415294131,1,1.7375096335927211
1122.48067509761,0,0.173331877403979
1122.5002048923182,1,0.043940798700746145
1122.5031444339238,1,0.3474285789485303
1122.5713109849485,1,2.9665912929714664
1122.5946187701716,1,1.923300725152303
1122.607097864975,1,0.6418823564218092
1122.7086892399086,0,0.019377801483149975
1122.8001330462725,1,0.7828189589033535
1123.0787249334146,0,0.24806941974009808
1123.1993804143106,1,3.2947414292339663
1123.2496550131862,0,0.27140206764880365
1123.2865013480434,1,3.796914379848756
1123.4097019815813,0,2.0050895102058743
1123.7692793980068,0,0.6156281838568219
1123.9456445210046,0,4.362175649120281
1124.0537261056459,0,0.9758953073925305
1124.4370687051949,0,0.21576177956121734
1124.6622762273562,0,0.8735239574149705
1124.7351959118505,0,0.12356377824864948
1124.9285529365745,1,0.46602685005725003
1124.966304784312,1,0.37931659339055257
1125.3057756281924,0,0.04655611803062641
1125.4661338495996,1,0.6865622834923919
1125.8386575928066,1,0.12302583356673456
1125.8468391313952,0,0.08872107403166195
1125.983607767063,1,0.11203641474399706
1125.9910233968897,1,1.5359874495661008
1126.0955663958407,0,0.9424819620925929
1126.437502600769,0,0.06580591758748938
1126.4835434363695,0,0.6698945875364929
1126.632561990523,1,0.8845982197759801
1127.2129731112384,0,0.7113048201171862
1127.2499151674613,0,0.38720808590214156
1127.4435982169082,0,1.1793951394798752
1127.6897765847236,0,1.115053808783205
1127.7628764597175,1,0.30828916638182824
1128.193057341214,1,0.3000194850403304
1128.7217475336888,0,1.5176133992184762
1128.9266121364767,1,0.4995062763320874
1129.0268053435868,1,0.696440587996934
1129.24903094257,0,1.2056691284809544
1129.4370534830405,0,0.8934382612667702
1129.770269201948,1,0.6525088797882058
1129.8113331105033,0,4.6962186975456905
1129.9223546156466,0,1.2807418952529797
1130.3999458013907,1,0.12023224079772304
1130.448940795683,0,0.7541719652214707
1130.4802355009192,1,0.4017568384170926
1130.4813733913927,1,2.5468971080410823
1130.502832844296,1,1.2620996031468437
1130.6249190015058,0,3.0625760427945727
1130.949621787836,0,5.837743498138698
1131.0664615443316,1,0.1676805348958011
1131.179275989415,0,0.8172743906561311
1131.4537009124556,0,0.6915965174307237
1131.726057970124,0,1.3423205931876665
1131.7778819258465,1,0.7520741682991697
1131.8846588374474,1,1.7242764252476745
1131.8880555106175,1,2.570408116539249
1132.0137228708654,0,0.6777897459418284
1132.057097201135,0,0.6749172481390897
1132.3621585896678,0,0.04052813469745657
1132.4416706272746,1,0.09039989185859945
1132.6337288850464,0,0.5789434102223115
1132.7482745183024,0,1.088596269062361
1132.8414502143496,0,1.8688154446522276
1133.3520860754456,0,2.1926735263412467
1133.7292199134058,0,0.2850807204089806
1133.764888639886,0,0.17979758730339576
1133.7665727059969,0,0.36211475141235433
1133.807881399903,0,0.6122940839274358
1133.8214494150197,0,0.45005643108330257
1133.9158404296616,1,1.8356434717423669
1133.9713135831319,0,1.1057956081467684
1133.9977273734062,0,0.9713932699030686
1134.0229980056033,0,0.7530306603732324
1134.081248151694,0,0.9232083628593943
1134.2700792250087,1,1.3720247727571937
1134.3456112451388,1,0.5477089936980496
1134.3476688932244,0,1.6653841461769046
1134.352688119261,1,1.9156885605880953
1134.4080313044637,1,1.0640658268909555
1134.4431052602736,1,2.3313938642403738
1134.6962858336674,1,3.64833801027831
1134.744360520208,1,2.181048000402543
1134.8294243665937,0,0.5605721352707892
1135.015534385142,0,1.7995180094950527
1135.0698422513374,1,2.9752797872033705
1135.643768605516,1,1.2244629815680381
1135.766472903843,0,1.0441304783228027
1135.8682100019844,1,0.18250821567944467
1135.8983192139958,0,1.8422776303895931
1136.0255773003012,1,0.7684063632996332
1136.0675925179312,1,1.000908273814507
1136.0807279201367,1,1.5963499093511433
1136.1150196587762,1,1.9593547445706767
1136.1802616511186,1,1.402766608523184
1136.451290113688,0,1.0047132147319229
1136.9450254017308,0,0.1430972916641074
1136.9952817544638,0,1.8585284919888538
1137.3399454261748,0,0.8196946289801791
1137.586640134127,0,0.3428300521302876
1137.6041382722312,1,0.5853060055539497
1137.6175677692918,0,2.015501864587076
1137.8332927420186,0,0.12787425721055684
1137.9077178930545,0,2.864200840007434
1138.1621831239831,0,0.8517163533482992
1138.2110780154155,1,1.007944434595395
1138.3880389029325,1,0.2059832031696931
1138.6505992483444,0,1.1766203829520543
1138.6606848891656,1,0.2308301687920966
1138.8636610877484,0,0.036774740770839566
1138.8959704753593,1,3.5847857038632074
1138.9657769135815,1,0.32382952286635686
1139.387932872063,1,0.7003311979855331
1139.47773348595,0,5.044075975528026
1139.5256431374464,0,0.4389593562651537
1140.2409184556907,0,1.5072154411243444
1140.279274083206,1,0.2478300550193742
1140.493582448409,0,2.358424570443277
1140.8155693251033,0,0.20879214286671904
1141.3003980029555,1,0.5698696837286533
1141.5393746702262,0,0.6804400653259218
1141.639908233835,0,0.6771422159182385
1142.089833304658,0,1.3741729189524297
1142.099601505736,1,1.1870709028450883
1142.5451735818888,1,1.6728484212118746
1142.5645138852403,1,4.224047457724727
1143.4789422839394,0,1.1615072865749423
1143.725490845037,1,1.1490590995906325
1143.793181132719,0,1.5904869752004362
1144.256745896839,1,0.03793693016996402
1144.3578008012496,0,1.0587860658284571
1144.3831431221138,0,0.206002274353101
1144.4577841467003,0,0.2240992763855773
1144.5060213675722,1,0.036718443921820595
1144.5570739972345,1,0.0020223238951770097
1144.689760681109,1,0.37496060899477895
1144.824158282148,0,0.42543056689729725
1144.9317885887576,0,0.5819589241645207
1145.003593335222,1,0.06738959382488466
1145.0793905524467,1,0.7777558647351334
1145.1782400352288,0,1.8844574179505902
1145.3246995650645,1,1.1187689161900483
1145.4958095076709,0,4.4216243975078156
1145.5789398557408,0,0.09011559413251019
1145.9605099731239,0,0.3005364190459056
1146.0356554002085,0,2.0017718677250147
1146.0569644055217,1,0.35843068577045484
1146.0972082261503,0,0.2621644741306635
1146.1794837070936,0,0.24001887352879311
1146.2089684046384,1,0.10130513562857017
1146.3160770789455,0,0.5340835973741096
1146.3788934309182,1,0.3240816622030139
1146.400919378,0,2.6765325699348703
1146.6978995647557,0,0.4516391257521592
1147.094168426053,0,2.57898979951656
1147.3190356366792,1,3.3163270024018345
1147.4867100060826,1,1.4634782645792697
1147.6542276327648,1,0.7480358771056826
1147.6998800955946,0,0.5811761399606922
1147.9401924460922,1,0.23263544001426534
1148.2928048766576,1,2.603624854820801
1149.0052700997612,0,2.5313389877538035
1149.3867624977793,1,0.05126304207077214
1149.5146419644254,1,0.5748654689162324
1149.5592368841765,0,3.7439691191369304
1149.6023985221348,1,0.8980807443591596
1149.6541059011543,0,0.28445201065564085
1149.9341406224605,1,1.4794077164941297
1150.1846795327565,0,3.670547620675621
1150.4556844390447,0,1.478756104966321
1150.5782385889556,0,0.3266982822643207
1150.6340228561396,1,1.6332492754806198
1150.6467319117805,1,0.3520623951321121
1150.799306346571,1,0.0820378505374964
1150.8572471855744,1,0.10487731197015858
1150.8948144392775,0,2.382315441937616
1150.9723524118297,0,1.9688820478749733
1151.1202929285157,0,2.2977966303973143
1151.4941353827624,0,2.01258206946879
1151.6280764091307,0,0.1668923012713417
1152.072330419377,0,1.0277554424389364
1152.108735691992,1,0.7453458764657217
1152.1243565402565,0,1.7786948255858033
1152.1562457546693,1,1.4564533305545702
1152.2267012790687,0,9.360288937542478
1152.3447158956658,0,4.506512586969676
1152.3527538957783,0,0.01719708011355711
1152.3689237166177,0,0.9807992086160582
1152.5899825673403,0,1.0412340673056462
1152.7314764880425,0,1.5064651846108845
1152.8904630412878,0,0.5315557358378497
1152.9174517168933,1,0.8898393992244453
1152.9563004071144,0,2.707637410403703
1153.4083480258128,1,1.1809381286694052
1153.481278336487,0,0.32622437321326475
1153.6609388103261,1,0.48779468642573465
1153.7806938962199,1,0.38256755219488636
1154.0629945930193,0,0.13749572875939967
1154.3995690811666,0,0.8549106619409605
1154.8502991677215,0,0.7273816657336419
1154.8640996532047,1,1.437642146241296
1155.5094076646344,0,0.3007691142586969
1155.7529008366764,0,0.09138477004990044
1155.9752373043334,0,1.1789162028351692
1156.2064333695241,1,1.0401170589973412
1156.2793289372164,0,0.015976991877440845
1156.4643467901826,0,0.8948408656737977
1156.473439643401,1,0.3351680821961874
1156.859283998825,0,0.5882149913609421
1156.9156683415824,1,1.9100991092555275
1156.9419607590178,0,0.5678588487927972
1157.197471357952,0,1.7025180576856864
1157.3502685812548,1,1.4426743220776386
1157.3685162825616,1,1.0265326065262554
1157.556205957617,0,2.434406886112179
1157.6126993201544,0,1.262394200249577
1157.889248641968,0,0.4810803561287385
1158.3046629752266,1,0.4537916109743854
1158.613444735832,0,0.10435787175505547
1158.945526190209,0,0.5364464189326726
1159.010091565462,1,2.121386519993258
1159.0990077440622,1,0.13020997201464088
1159.3576161732353,0,0.4718872201276228
1159.4857792668272,0,0.02730507427839906
1159.5416966578814,0,2.983709615995214
1159.697863631322,0,0.5857496249725953
1159.9580635600328,0,2.0426688649382436
1160.0642083948103,1,0.07101030522113018
1160.1458197557254,0,0.6403524599357454
1160.7131909495686,0,0.47413873244185073
1160.910460703992,1,1.4920114115931447
1161.088300186471,0,0.3308107989762624
1161.1055250848926,0,2.501295774378621
1161.190384136783,0,0.38811827133890725
1161.311142466709,0,0.15472990373153198
1161.3637276409559,1,0.02578940413249563
1161.7116038973754,1,0.7464158994992425
1162.1999057131416,1,1.2898656913553588
1162.2688827525844,1,0.22691482765598164
1162.4677381834074,0,1.0702744188075408
1162.4763326026125,1,1.4598881936067205
1162.4840190307243,0,0.6440919507038905
1162.545942857562,1,1.1967502778098897
1162.6156556601807,1,0.31759738203367494
1162.6567203888112,0,0.7744203415977134
1163.1477427310892,1,2.6536625578136253
1163.4265984830504,0,3.5084265000649464
1163.5290844179005,0,0.25862613857290045
1163.5596093571326,0,0.2959650916039196
1163.8167674584768,0,0.540406956557521
1163.9729210959683,0,0.3661629178715444
1164.2255027993149,1,1.2728081041937152
1164.245676081898,1,0.4741864840948392
1164.4266577597914,1,0.1153280775806274
1164.5286398025935,0,0.02629159223210733
1164.5309546286219,1,0.17536325680989476
1164.6111410911408,1,0.2483857011435579
1164.7437407140148,0,0.38221965332727015
1165.1531302905178,0,1.8599676582988702
1165.1709657613403,1,0.46587440029211774
1165.2273433103444,0,0.3007712558410726
1165.7290230998985,1,1.4513411516839636
1165.7808443905528,1,0.6036907061017146
1165.9714816325845,0,0.24014446923955723
1166.6173902651694,1,1.2218859415970817
1166.7220318653208,0,0.42067630367230213
1166.7848242598498,1,3.7914989863566193
1166.9724040083563,1,0.643409869564633
1167.0902463426369,0,0.33578539043745714
1167.410322193136,0,0.3082993255395197
1167.425392963227,0,0.04508001375206987
1167.4355747513364,0,0.35207288417193605
1167.466819953648,0,0.3584828019517375
1167.4888496969736,1,0.5846380195238853
1167.6038123151334,0,0.042153329308390414
1167.9560730623286,1,0.5800990537720137
1168.0051880739466,0,0.7469809509114453
1168.040300867816,1,0.01913206023329856
1168.04706278329,0,0.7285969955907465
1168.1790632480709,0,0.38419617488594965
1168.5185341020838,0,1.2171719346900238
1168.6425482166958,0,0.19769257026940673
1168.7292944229357,1,0.9020977916744437
1168.8724322728062,0,0.24369080575375734
1168.9794980823863,0,0.730190573599976
1169.28497436137,0,0.033188239738021694
1169.9729076813217,0,2.1055318080197316
1170.018563864424,0,2.117180185923408
1170.0474025690505,0,0.3697704594357882
1170.265517105041,1,0.8975231378024806
1171.30356956972,1,0.07156015025280747
1171.5145787877811,0,0.20707944566072864
1171.6049329896596,0,1.733116276598423
1172.8353958969296,0,0.050355557630877165
1173.0218047774351,1,0.45621558053733996
1173.2349170349003,0,1.9318710665360104
1173.3219787363348,1,2.402430688639855
1173.3899115425907,1,0.47078364678973134
1173.5079089333603,0,2.823681146668112
1173.5709208513852,1,0.8132521500614294
1174.6888969792649,0,0.1861829434144239
1174.763762117926,0,1.864690056270911
1175.4220276934614,1,0.07914839811807713
1175.508635053174,0,0.4965938887293453
1175.6696329560496,1,0.600714394317923
1175.7915180661491,0,3.8571425842140084
1175.831527079462,0,0.20212856207660831
1175.870331687649,0,0.5399301102084831
1176.253936222939,0,0.2227529972630105
1176.4306240936485,1,1.9275055112187054
1177.0939478140842,0,0.0373931664816566
1177.1168220519012,1,0.33762686742899695
1177.4295421408383,1,0.2781589626132387
1177.836268475833,0,0.46460743778653607
1179.403178629511,0,0.41789786316322736
1179.4191846770434,1,1.588236098621343
1179.4670292098629,1,0.5673193408810631
1179.7687981427985,1,1.0099352836277908
1179.8102093713126,1,0.24751215483597333
1179.8585912243263,0,0.11437818887253207
1180.110400154796,0,3.983030546856642
1180.1654124632405,0,0.4261629000434198
1180.1964267199073,1,0.3182651777320975
1180.4169773486624,1,0.00544355309114062
1180.490745612953,1,0.10545847789755143
1180.7156839299298,0,0.22215079918834915
1180.733337935975,0,1.14089782729495
1180.8264181431157,1,0.7013890165427911
1180.8455383401924,0,1.2713555823059486
1181.1431254583524,0,0.049067109188541035
1181.1717161510173,0,2.362845320907947
1181.5240604145617,0,0.4663700921589891
1181.742530462572,1,1.5190341029139185
1182.0007621391137,0,0.5429016754007746
1182.6151843662105,1,1.7958801728148654
1182.900570203955,1,0.34468895269493066
1183.2644302089004,0,1.0796183694177142
1183.3796221655311,0,0.5771116053275148
1183.774907554602,1,2.5894591637733506
1183.8925142171074,0,1.520983645432637
1183.993555590144,0,1.0502476076148717
1184.651903986734,0,0.26094207748514164
1184.7930562872396,0,1.1024653093951673
1184.8265142101877,0,1.7561829394733333
1184.892582041787,0,1.3795243167123397
1184.9356107796034,1,1.720126271518101
1184.95169312082,0,1.7376310041174432
1185.3176914086182,0,3.213950218539474
1185.3430302478346,0,1.929031878059206
1185.565949012182,1,0.12585554447316383
1185.9976381659287,0,0.2951817140410307
1186.2507626515612,0,0.35466026716234617
1186.3504406961492,0,5.700527416184883
1186.4656674653645,0,0.9180142284054285
1186.475054454001,1,1.5132623306187953
1186.6799888319727,1,0.6930551033195508
1186.699811797814,1,2.4148669697530716
1187.0227768768805,1,0.06324552452488326
1187.4682359198239,0,1.3614976586711325
1187.6582935142935,0,1.0585952582177778
1187.6738106851217,1,2.92591979513123
1187.7507564731563,0,1.7658092292284606
1187.8133804232104,1,2.8538161184415856
1187.8761516984039,0,0.21999937867249236
1188.0213206414173,0,0.44089753512603214
1188.0553713998652,1,0.13898245390458255
1188.2314591573193,0,1.0378440433658176
1188.4462337926072,1,0.3345797803463363
1188.5963779692877,1,0.7361761070647326
1188.602474832946,0,1.5184527589025862
1188.6066242025474,0,0.5603783608838645
1189.0403793321755,0,1.6463606296919102
1189.2849528094278,0,2.9039895643970737
1189.3053574643582,0,1.3494406133672912
1189.4061272910624,1,3.6680255466053877
1189.6295290596483,1,1.0600911313371715
1189.6591213531588,1,0.18061282890086122
1189.745214790111,0,1.8194174495573336
1190.301751438527,1,1.8792449435278074
1190.3115971469304,0,5.278443669647198
1191.0216693228042,1,0.8823287430498473
1191.0255018266928,1,1.0286190641110013
1191.135799698668,1,1.0228006073621074
1191.1996884454893,0,0.40129395363777914
1191.2070104851532,0,0.12088938501595518
1191.224047671287,1,0.8257498718889419
1191.5065799140007,1,0.21268052230376502
1192.2198727892762,0,0.20411995527798074
1192.2919662761437,1,1.8662361173372752
1192.3104759786866,1,0.33269941154424787
1192.4723884122411,1,0.1684219944401314
1192.821823278201,0,3.2615403716393185
1193.303830608408,0,0.7773812934512707
1193.3587778822816,0,0.6372828411164454
1193.3791407274934,0,0.6069657217971289
1193.5148211998992,1,0.1636030809671288
1193.8176661681666,1,0.27464969344845197
1193.989898979609,0,0.22697756857011692
1194.007148834671,0,2.441220094845104
1194.4497476137374,0,1.3336852530575962
1194.5048924546152,0,3.4017182378039776
1194.5963284412232,0,1.4546670784912148
1194.6106041023772,0,0.4123329098101297
1194.810167207927,1,0.15713572329583475
1194.932257729061,1,0.7038582018205918
1195.2831558691364,0,0.31853017935513284
1195.3585838225777,1,0.4441544639724098
1195.460499755598,0,1.4297340613678318
1195.5064317282586,0,0.11263493623192118
1195.545672153984,0,0.0397420134244864
1195.627291294191,1,0.32653005677014507
1195.823299921455,0,0.9103206160046643
1195.8902766664417,1,0.2437323961374507
1195.9037907559673,1,1.7187169440782502
1196.2131737500572,1,0.5875906895089112
1196.5183289358642,1,0.4956938817805594
1196.5524345092833,0,1.0237126577999718
1196.6051745792713,1,0.6584513410923282
1196.7267672533503,0,1.5894697520213223
1197.0333098653252,1,0.0323606293185773
1197.0746919194814,1,0.10601241792480168
1197.1410379678498,0,2.8383653377510294
1197.2897786436836,0,1.0304755088690165
1197.3710105853856,0,0.136797026980365
1197.3908668335864,0,2.6035701479842923
1197.534723568782,0,0.5189371888148724
1197.5927021684122,0,1.9670480546117717
1197.8641772852643,0,0.45244796904364737
1197.9024053004712,0,1.9005374514952411
1198.1935049127842,0,0.04403667826609885
1198.2135671269457,0,0.44891314453050885
1198.338905049845,0,0.29976987995432486
1198.4136082454643,0,0.0030819438440642215
1198.5161259356944,0,0.7756982377430613
1198.9996552735215,0,0.023728505022573017
1199.1175163123562,0,2.9987562389185074
1199.376011855578,1,2.3755791034496405
1199.393427826922,0,0.41518710548074816
1199.520327320974,0,0.14688971077722163
1199.6484803808814,1,0.1169623722223335
1199.6997252681003,0,0.24114052156368987
1199.7206421052908,0,1.2890236510112383
1199.7810412097174,1,1.9738707327139722
1199.8027881022285,1,3.1708553561582846
1200.0617990730898,1,1.8823602111545419
1200.0957631934828,1,0.09863230320610407
1200.1172407876968,0,0.8868015100033592
1200.1267371833576,1,0.6402657816946948
1200.2030039452022,0,0.1906587619661521
1200.5659893079776,1,1.0007753566810242
1200.6739119987674,1,0.02992552695823306
1201.0547152998936,0,0.4975441777875304
1201.1010092765466,1,0.6388759628854157
1201.4960904141283,1,0.6140106428499865
1201.542548942851,0,0.2090499371264485
1201.5684161557147,0,1.2608376381389694
1201.8121248623697,0,0.15081161284844935
1201.9318959334691,1,0.907040594903022
1202.6115413344064,1,0.40727689813276374
1202.7506896479504,0,0.38232916537653444
1202.894085541946,0,0.07427790926377192
1202.907238327143,0,0.5633410642598041
1202.908478451847,1,1.2287078502341153
1202.986946763232,0,0.6662461097999243
1203.011430109431,1,0.793758914509905
1203.0216055857054,0,0.2930793129828514
1203.0339179147954,0,0.0907733049431562
1203.0767624567463,0,0.29623070399719076
1203.1912992740563,0,1.7008360840539922
1203.3321010399236,1,1.4227815394989016
1203.3512075867563,1,3.1679414490806
1203.5414156849033,0,0.07318118146631991
1203.61141407847,1,0.4839225986153082
1203.6170333579362,0,1.5488282169399008
1203.6775632987878,0,1.0063655284264699
1203.8866137337695,0,0.32883326848699673
1203.9547398419775,0,1.3941023792697282
1204.0559805996165,0,0.5109576273020052
1204.1151559865739,1,1.0760643448355744
1204.1932816694705,1,0.16903118215906546
1204.2985565354716,1,0.3155924189399929
1204.3631387035946,1,0.03938533098215212
1204.41481728119,0,0.493559437785094
1204.5097413375604,1,1.7639900548033798
1204.9814875152622,0,0.6334617180341513
1205.142881732495,0,1.8986095256848277
1205.1759914130032,0,0.7981297361476566
1205.2564437041776,1,1.311353707065189
1205.582081408944,1,2.879543638700335
1205.8391837188688,1,0.2802798610762084
1206.0018215150806,1,1.8747930587968635
1206.6078015775734,1,0.9341276412152109
1206.8667336053168,0,1.850773812397267
1207.0331019392781,0,1.1638665293663546
1207.1166570775924,1,0.4565760806970131
1207.332698517254,1,0.6675441187403852
1207.3478190455392,1,0.6797025844804706
1207.8503581444477,0,0.49922379146573065
1207.9975720296354,1,1.2269506113891004
1208.2663889370822,0,0.9415440581537838
1208.6550043720192,1,0.3792684125061689
1208.6706657409295,1,0.24273791750200308
1208.6765280405264,0,1.0332102544816344
1208.763635973761,1,0.5922407442676627
1209.0553832678204,1,0.056708765492926194
1209.1583278152623,0,3.2666551925262137
1209.2579592490856,1,1.4256686270281296
1209.2590729119534,0,3.717208611434501
1209.480453305603,0,0.4394126399089412
1209.6236652551108,0,0.5423769353330242
1209.9405856724466,0,1.3084514535013247
1210.4053232894696,1,0.3130360242510033
1210.485147479395,1,0.2874932656172922
1210.572033172759,0,0.505247579078365
1211.0822710188017,1,0.026347720551302318
1211.2298302467834,1,0.10918544480187098
1211.6586876407157,0,3.1204478445051023
1212.903907801637,0,0.5374494650610031
1213.0210665440572,1,0.10666078873547674
1213.2381877970354,0,0.46728082467945786
1213.8229609834261,0,1.903663479209672
1213.984917656579,1,3.453306055017097
1214.2771319174187,1,0.3019031265832105
1214.4208196240606,0,1.4229995226855214
1214.6932239256962,0,0.087571605620878
1214.8639338650578,0,0.9382097032693424
1215.7312584541087,1,0.4696872777557586
1215.7387750892233,0,2.8347092096453146
1216.0966652163454,0,0.1612448293384339
1216.205063664117,0,1.0883876055686141
1216.4884694385987,0,1.9203645625347356
1216.4940712033745,1,0.678740490935342
1216.7935750199924,0,0.8720619508738154
1216.8506947931419,1,4.809517023837863
1217.0077372645094,0,0.5097761292368131
1217.3106136081813,0,0.4198372191512861
1217.380723501532,1,0.2532462425399948
1217.6119741976377,0,0.2096506984527659
1217.711194926097,0,1.6496055887439942
1217.7264053479835,1,0.19105117978842923
1219.0168732668371,1,1.6514195447484132
1219.101622168521,1,0.052094288123618576
1219.1102289251264,0,1.0920337632572334
1219.324618592762,0,0.43215199392198617
1219.3335478828317,1,0.06979340101990546
1219.677205324181,1,0.0413333070045705
1219.738194723873,1,1.2353216944400087
1219.8833681589579,0,2.5159538886729376
1220.0887544363445,0,0.532931682229443
1220.7556142348344,0,3.5067431179896364
1221.0450351885936,1,0.714749410045042
1221.108345870408,0,1.9693060034004968
1221.226763957675,0,0.6437464333123245
1221.2359534579366,0,0.7927921349606043
1221.30341658017,1,2.2359038575742693
1221.3264794930158,0,0.12184496181203418
1221.4127276485451,1,0.03833851520703769
1221.7320538740591,1,1.8182832968259959
1221.7504473469387,1,0.31591148272746417
1221.7562066772048,1,0.03459693508901685
1221.808722498478,1,0.02847118530423558
1221.928529085626,1,0.03245648200878893
1222.044557212226,1,0.2587367018007992
1222.2883653710699,1,0.68774068698927
1222.4275476729654,0,0.2704075608156665
1222.6009913377716,0,1.7641048187969879
1222.7050440045134,0,1.1438731289790318
1222.7089835090496,0,2.3670477623658956
1222.784837694475,1,0.4680095119334017
1222.8298994242555,0,1.2020377663505777
1222.8557655922914,1,2.259363983649772
1222.9491620110111,1,0.2819648605467001
1223.8048607092842,0,5.764260254428549
1224.031505366716,1,0.25250378945721685
1224.5125245015015,1,1.2780271119526043
1224.7696639436629,0,0.5337120452117536
1224.879295712625,1,0.6146492729112049
1224.9545172496566,1,1.747793363489253
1225.0209254762558,0,0.6565923234951017
1225.0773612541097,1,1.5989923648706845
1225.722756086178,1,1.702024823211928
1226.4957015937982,0,0.029253840061365697
1226.8454259357484,1,0.557265805456022
1227.3167001794475,0,1.9025901673838073
1227.3285117130624,1,0.6136098232775529
1227.636332579149,1,0.8939747598936242
1227.7638350410496,0,0.8447492828065268
1228.0894771511864,1,0.058296130152440735
1228.273792511274,1,0.18128157164080178
1228.3198955405849,1,1.4658646399153148
1228.720884831361,1,0.218624826178162
1228.839963994904,1,0.38090250439268747
1228.8455838559748,1,3.4968639712441756
1229.1050037033795,1,1.199369673079841
1229.3842158258612,0,0.7265846142960312
1229.4913917948913,0,0.6758175050116141
1229.9103519837809,0,0.6567187895718026
1229.974697186526,1,0.1679075021714591
1230.2504872590544,0,0.7340727960274086
1230.418276855565,0,0.09520293323136328
1230.4335713549567,0,1.4280924128854564
1230.591917811966,0,0.762663416178853
1230.7996190828103,1,0.10253362444036027
1231.8314923077346,0,0.307954947935266
1231.883728383935,1,2.4016755033178607
1232.0893632097698,0,0.687635648257015
1232.1351648437062,1,0.09601883428734266
1232.1543405907742,0,0.3251759925054087
1232.1734239257037,0,0.017019420642438946
1232.2123862792212,0,0.28566226454623467
1232.3988548301802,0,3.2869249152915945
1233.1617919930666,1,0.6285966251938976
1233.4461313190313,0,0.32948045573835905
1233.6602643612637,1,0.10189659275673506
1233.7342977829082,1,0.686341503385926
1234.1122665588905,1,1.792031966620495
1234.4952665257279,0,0.4875175009207814
1234.7884765962522,0,0.8455883103339795
1234.8316685895054,1,0.09198045502302303
1234.9414317979192,0,0.2136549759318052
1235.0360563502688,0,1.5763782190920794
1235.1223294264455,1,0.7116414777974763
1235.2061567033236,0,0.4114252367230206
1235.4459730628896,0,1.4685892234736218
1235.4692183206605,1,1.497490700397752
1235.5672643327723,0,0.582547924083138
1235.8022539640824,1,0.4312239240538552
1235.856880140321,0,1.212713131277828
1236.1390415097885,0,0.40528992319101154
1236.1594116785054,0,0.30517468131905506
1236.20088511822,1,0.5354525686385009
1236.255791014165,0,0.3173189649803105
1236.3278336809979,0,0.08142871130484476
1236.423225190803,0,0.009916032947684022
1236.534885006009,0,0.019988649620594545
1236.740541735228,0,2.1547300600024353
1236.8570496891277,1,0.35131357860207896
1236.937396991539,0,1.2465300845358118
1237.1604552018478,0,0.6891611654555493
1237.2663410899956,1,1.5974223892910697
1237.2969258775404,0,2.71660662356413
1237.6581264143638,1,1.4183890332785152
1237.7274407457608,0,4.7059156042529935
1237.7311203538018,0,0.016258985053859785
1238.200385103329,1,1.2770841331675469
1238.298711478205,1,2.287701156729465
1238.4142681627347,1,3.841019238056689
1238.4261388542964,0,0.19063170273687277
1238.4748563399644,0,0.30657486471004086
1238.6046435066266,1,0.020606276056808016
1238.6346263593753,0,0.02732014249224208
1238.7009003882074,1,0.6403028018911507
1238.7336701993213,0,0.4899340816683731
1238.860153995752,1,4.416964989873834
1239.0271239176204,1,2.158555432050656
1239.2677284762503,0,0.872058509144709
1239.3961704599708,0,0.5063694909645583
1239.6220189310202,1,0.09164982451702304
1239.6670554716763,0,0.030328175111775463
1239.735036678343,0,2.1172200066073006
1239.8272713397967,1,0.0444192845761491
1239.8575166311412,0,1.1129184756086672
1239.989330092622,1,1.6456516702907371
1240.0664365824284,0,0.7491666049113708
1240.080400173621,1,4.068708838504069
1240.1019295354974,1,0.34495201919588064
1240.3463535619935,0,1.7481503296165637
1240.8180238664072,0,1.7190419351747475
1240.8525965802821,1,1.4039499650051046
1240.9393057695481,0,1.5292256094624777
1240.952559310521,1,0.7350826380815216
1241.09072118386,0,1.5223562480288753
1241.0944682418708,0,1.1622565987813485
1241.142133944466,1,0.5688295202256759
1241.3371504287754,0,0.4037306396461152
1241.399360237787,1,0.8548796071818395
1241.7656541694337,0,0.18995670035413736
1241.9466887296112,0,1.3680786319880467
1242.076357283521,0,0.5799108479693657
1242.2528018437847,1,2.119922880833354
1242.5462338293707,1,0.976464124124283
1242.633472522243,1,0.0339328560654152
1242.7836494007245,1,0.9013400716595837
1242.786288076934,1,0.33921455053835375
1242.8832211910315,1,0.5129029189390116
1242.9284359114708,0,0.2762296996177459
1242.9426503986379,0,0.35287248946183203
1243.2074204884314,1,1.025690943850031
1243.329836423555,0,0.05188386443381982
1243.3399813768515,0,0.7235359644951723
1243.9659200786193,1,0.9449488589258761
1244.2875821942614,0,0.01707080523167504
1244.6109428855123,0,1.4565667006557523
1244.7101270897358,0,2.6491934678718865
1245.3202382405536,1,2.5575955222506104
1245.3262597380678,1,2.1520471704763766
1245.8430921601193,0,0.8047958731209689
1245.8455017682943,0,0.7182792078729824
1246.1544477097623,0,4.043217009872879
1247.083849343134,1,0.6461751859814595
1247.3510588282838,0,1.304209047941121
1247.4715529496839,1,1.5488234765808222
1248.0232725030914,0,0.26389440971253314
1248.0292157280435,0,0.2118998476198156
1248.1254887027353,0,0.13920300388044896
1248.1442723873704,0,0.4527296161597711
1248.1736303750042,0,0.1496023382941104
1248.4013662273262,1,0.3003086561928115
1248.5533789746153,1,1.1594861175163957
1249.4705057634173,0,1.8383062638996914
1249.788296219341,1,0.8787721994463665
1250.1680682838276,0,0.05615645654938016
1250.286174704349,0,2.9714132366780888
1250.9214892136865,0,0.0033510170986153173
1251.4049764760443,0,0.025179498870341235
1251.8860639401887,0,0.40475571808824323
1252.3911876142486,1,0.4884420476137338
1252.432710490226,0,0.37421278399572344
1252.8056803814686,1,0.17314624729829434
1253.0226716602494,1,0.7408525959628249
1253.1475898562135,0,0.36887505412792604
1253.2290479391766,0,0.975612514796935
1253.3873474095271,1,1.2234037278898269
1253.4328978642452,0,1.0250610127678048
1253.4612566769133,0,0.5182541480036512
1253.6395515509535,0,1.2502152537446483
1254.0126796779225,0,0.6772126055451387
1254.2512456518427,0,1.7304255998367584
1254.284204457365,0,0.921426813878252
1254.526890875225,1,0.18676020747928757
1254.735964686119,0,0.08350773347254255
1255.113017074511,1,0.40611951563732557
1255.1312860649186,0,0.8014004851855162
1255.3315678826284,1,0.6159958963277642
1255.4375068395843,0,0.8954996797850097
1255.6079851395457,1,2.3499043519421354
1255.7752221675858,0,0.30649014360193116
1256.2791857817494,1,0.07755286504857462
1256.5375515252188,1,0.16082801617630962
1256.8436988342935,0,1.3059101551843662
1257.0516790076294,0,0.7750677950070647
1257.4004021012643,0,0.9381565117311462
1257.4010712286724,1,0.12902255408157517
1257.4654128296697,0,0.1621333706880043
1257.5116712196786,1,0.06014733193770809
1258.2041721115452,0,0.831938942423484
1258.2436724560755,1,0.13495314592028976
1258.2468467642948,1,0.1601976544001974
1258.3317929480431,1,0.34534244122790203
1258.372389886324,1,1.0266960024179943
1258.4448324818723,1,1.2993825810207782
1258.6958818951591,1,1.0979259344678962
1258.937347889844,1,0.6467971312540604
1259.6539126056955,1,0.3099023089843623
1259.7695696517299,0,1.0930432381456097
1259.7962874210239,1,3.483458764777387
1260.5890388556543,0,0.3046448864406987
1260.8927564434246,1,3.305230371295229
1260.9657271534015,1,0.8755292202489404
1261.0980229484385,0,1.4365776329255455
1261.1716953685457,1,1.9034410250890401
1261.7020894815448,1,2.3928214907144483
1262.0182611566283,1,0.18273920956583528
1262.060849326946,1,0.3809448237831305
1262.4381536346123,0,0.9598918582036738
1262.7092722487112,1,0.022577157084168773
1262.7310957839732,0,0.02279676246124443
1262.7332355523267,1,0.3300431537258026
1262.8439132590518,0,0.5281379829351932
1263.1784754028713,0,1.3287370483660406
1263.4194600990404,1,0.14963127345088204
1263.5330295947608,0,2.078145115820739
1263.873253835301,0,1.8256493254914203
1264.1029966896108,1,0.2432910315844858
1264.418230182765,0,2.3140071418773758
1264.5997658990832,1,1.006987265133404
1265.073389329057,1,1.7612757958518228
1265.1192018916638,0,6.93730794320445
1265.464815968933,0,0.47533934753656676
1265.4892165412234,1,2.710646731982025
1265.5331448087668,1,0.1250077070752932
1265.674774559067,0,2.7306275216056917
1265.8171132105156,0,1.0789703756556441
1265.8598016904227,1,1.3225177311015894
1265.9920310551304,0,1.7096718959510409
1266.1335225457447,0,0.18129381228609617
1266.4391935974156,0,1.7010529522746929
1266.4986690753938,1,0.050466501942137705
1267.1061030958103,1,1.0957710892468935
1267.2810336987966,0,0.32284313375343604
1267.4062596027018,1,0.5756256629574702
1267.426839467065,0,1.2753874481025023
1267.6405190801124,0,0.6093596238235371
1268.102806465804,1,0.257219171510831
1268.1169950169638,0,0.6755036489185928
1268.123629197047,0,1.1235916445351612
1268.4652272358517,1,0.5195887330403659
1268.6329751981903,1,0.9272971852271003
1268.749904151307,1,1.5032047168548701
1269.0697870699773,1,1.6787697689571712
1269.0935116331932,0,1.1997385081239178
1269.2433446434393,0,0.58252012671081
1269.3080359186554,1,0.5453253500454125
1269.5759462529265,0,0.131295540704489
1269.6225379485281,1,0.3542100700840862
1269.6994499676869,0,0.16538417824778834
1269.7417764582813,0,0.5582126772529487
1270.2376207551101,1,2.1450457989138383
1270.5873720929874,0,0.39031487158652817
1270.6215910735434,1,1.7042888413472956
1271.1489971973044,0,2.2973456440987268
1271.2965655170665,0,1.0469765653775334
1271.5580234184897,0,1.0763414513561056
1271.661224515234,0,0.37318900958181644
1271.959700693765,0,0.6119374813094742
1272.4033216369185,1,0.15872076483297484
1272.5356795492573,0,0.2678373631070559
1272.6602587300376,0,3.371779003388718
1272.7030811231186,1,0.928087553761535
1273.4652369944665,0,0.24446756268929715
1273.604067290933,0,0.4918143112741951
1273.627054109596,0,0.07867519473414562
1273.7618764929903,0,2.4013845991852585
1273.773438537097,1,0.6083152702891762
1273.7806349155155,1,0.3101766154109347
1273.8242102989784,0,0.17274788249936446
1274.293033893824,0,0.5826585877311572
1274.3073869796553,0,1.1350957104487198
1274.999538646169,0,0.9083922270485227
1275.460417336789,1,0.05074547705531212
1276.4409187047088,1,1.5015493490751086
1276.5237726333744,1,0.8301845510744696
1276.7469304161216,1,0.2971033874523476
1276.7799037852517,1,3.287401653503098
1276.7920753846113,0,3.8041749951659725
1276.8445464290403,1,2.1358283212331544
1276.992199169334,1,1.0700040146582699
1277.0348975147479,1,0.8912526938487924
1277.0392143372774,0,0.5446916615813812
1277.2242191450464,0,0.2295872545880282
1278.2215692233542,1,0.44974752622725844
1278.4117910271086,1,0.07521550303080336
1278.4459673729327,1,1.9057917894780043
1278.5685201530055,1,1.379091120065613
1278.6830993356746,1,2.3953640046869595
1278.809550494361,0,0.5797007783001179
1279.3531951465307,0,0.06335841677385153
1279.387892625674,0,0.10708985007934313
1279.4091636388564,1,1.5436925171855427
1279.9073114030334,1,2.823548178889142
1279.9788570978856,1,0.13729738403159836
1280.018099312508,0,3.4020816411112986
1280.0529513570818,0,2.5195056954905857
1280.4589656446333,1,0.7924565082522461
1281.0276355546366,1,0.14291974854494144
1281.0602466492844,0,1.7482601551622423
1281.3325948359532,1,2.7815579391344527
1281.5583118160594,0,1.0877492254800831
1281.832985492178,0,0.1991082635445671
1281.9999630628317,1,1.1943834454522069
1282.0110869430798,0,0.08951137761443688
1282.0769213252063,1,0.19954409099681786
1282.1923377788316,1,1.136263737469062
1283.0089169514379,1,0.31669246303356624
1283.0725273284081,0,5.6192558333583005
1283.4427534122271,0,0.7359053081931558
1283.7341921440684,0,1.6025149805067835
1284.0955649701623,0,1.960457266478413
1284.2020035450066,0,0.3696368155007362
1284.335408015262,0,0.577527530574436
1284.8388044206035,1,0.6740824118809544
1285.4444560463699,0,0.7382976708319441
1285.4950603645618,0,1.7018483809518532
1285.5875434906177,0,0.0651735180103218
1285.8988020953386,1,0.21195275996806773
1285.9048671052906,0,0.8943251396970775
1286.171718360503,0,0.8876366074884275
1286.27450483245,1,1.5493945325224836
1286.755562985831,0,0.4600566326157782
1287.0763186042082,0,1.214450126870308
1287.1320321713786,1,1.0172508590296647
1287.132937431944,1,0.10382531669171623
1287.3508311231767,1,1.150076434112561
1287.398832774317,1,1.0584308916389444
1287.6160707153647,0,0.020217421403441443
1287.7936623095893,1,1.525796345219344
1287.825715812787,0,0.10644990263320209
1287.8361185718154,1,0.14564035820783638
1287.9051827343387,0,2.049361287984921
1288.4327453940473,0,0.19277762220514147
1288.7942267189765,0,0.4032740551380979
1288.8113665045094,0,2.439779407534903
1288.974524817842,0,0.26750356529452063
1289.0426461976622,1,0.9496317532998017
1289.194046403389,0,0.361464618717966
1289.2159291874543,0,3.3924545371550123
1289.366145772223,1,0.3170766754838324
1289.4157088945014,1,0.4533653236107072
1289.471143408962,1,2.3523474975820635
1289.499238899542,0,0.023238613339872875
1289.6538051777884,1,0.2389963878059785
1289.7973529599346,0,0.6712064879334717
1290.0273376632194,0,0.2223192492334096
1290.0625328728795,0,2.424596084801538
1290.1019728092783,0,0.040825049966620196
1290.3396093716556,0,0.11903004270439935
1290.4263065353362,1,0.20418912912224868
1290.557405086036,0,0.20018407348597836
1290.5594381210885,0,0.09585953831639211
1290.610117000101,0,0.782001195815589
1290.6751325525256,1,0.4434704448043959
1291.33485196725,0,0.9729252656577987
1291.3549661680347,0,0.4526475286238477
1291.3965411157628,1,0.009083453113606149
1291.5973471783773,0,0.9008076100088148
1291.6284312777318,0,3.241529795664402
1291.7622395297424,1,0.7661639126863538
1292.023252853163,0,2.090581893638118
1292.4572034854805,1,1.586961950574964
1292.4786233904629,0,0.7900769479761056
1292.54066184758,1,0.7309323527580706
1292.822377034084,1,0.6114215545589974
1292.9119407368626,0,0.8565634920422474
1293.3149063376623,0,1.4973736964703426
1293.4154169917074,0,0.23358491095187134
1293.597036810909,1,0.6816948421263062
1293.9282277200477,1,2.6443350430532093
1294.0285993348632,1,0.8531586282210439
1294.3996482866355,0,0.12479387978534864
1294.9887687577564,1,1.1302206015511338
1295.073802452829,0,1.9837391246531206
1295.1239714440148,0,0.37982123078453933
1295.1246258815474,0,1.9294694087834667
1295.2840591476563,0,0.7268091334966189
1295.4179390903462,0,0.7527362805203146
1295.5038850754165,1,0.466299559335975
1295.5730421844826,0,0.38082569750876205
1295.7948895701497,0,0.4968213196103058
1295.9312813241293,1,0.01830938799686667
1296.01265070315,1,0.4990049688294957
1296.0178997943608,1,0.7002433134667482
1296.0899249583667,1,0.4595831891758396
1296.3059677321303,1,4.211536198096663
1296.6727698643297,0,0.589296215747036
1296.8333307016521,0,0.6477522830763753
1296.8593597021295,1,1.064288395409656
1296.9115473415027,1,2.327176235181678
1296.9334618039852,1,0.6210102584580475
1296.9708675504592,1,1.6564613748748978
1297.047569680707,0,0.8190048740526883
1297.2898544034877,1,2.72022646084862
1297.3172027199298,0,0.1602269852651223
1297.5327402754956,0,0.4406657134015367
1297.5647401388767,1,0.04715204141209371
1298.0492693384658,1,0.4114659658164534
1298.3636535575113,0,0.27838761737060913
1298.7713605913582,1,1.3901600038723367
1298.8135442995797,1,3.1608070639523524
1298.903932990726,0,0.07931308470274527
1298.9912377838073,1,0.914987666773203
1299.145797590867,0,0.10723968889165851
1299.2653335350528,0,0.9682823079298836
1299.2725398641026,1,0.2251623046662622
1299.6115673895843,0,1.7570542018710227
1299.6984365871901,0,0.11113832903878947
1299.7492624913184,0,1.4501739665333844
1299.8283941494567,1,0.9960772163287233
1300.1553840471483,1,0.44570489806265023
1300.3288699667733,1,2.713002435177144
1300.8123978284598,1,0.683767442806032
1300.8228835893144,1,0.03466626836841437
1300.8605162667811,1,0.5050752111333978
1300.971232646613,1,0.9527155303608782
1302.1328675720508,0,2.7394949422730472
1302.1946626445865,1,0.4559046218996094
1302.3114518551358,0,0.1308317296914335
1302.390058765134,0,0.8619665046436215
1302.3912145467439,1,0.5044486062566027
1302.4072820743731,1,2.601247675318163
1302.4115181756683,1,0.23129127563985777
1302.503579067455,0,1.2488236198467124
1302.5873652424573,1,0.3944851601879102
1302.8701932115132,0,0.6937334773640923
1304.2145600274555,1,0.6824190982084898
1304.2348864068265,0,0.36669165140942606
1304.2783339900575,1,0.6277721991453149
1304.3337456013435,1,0.1616614198255649
1304.5901399257853,0,0.9590496545675713
1304.8629828213836,0,0.36761213707856777
1305.3078613675596,1,0.04721177079071744
1305.7724526306683,1,0.8882755598175467
1305.8074777270385,1,0.6867337148845496
1306.4628525921737,0,0.060695135918596
1307.229548842452,1,1.035515064870985
1307.7874385256684,0,0.039454372485256746
1308.0648737254385,0,1.0789845434425456
1308.0656970471425,1,3.454124196159929
1308.1086692194779,0,1.4922869220202797
1308.1320598265045,0,1.6386413872714058
1308.4030389672046,0,0.9336158063879465
1308.4524171042028,0,0.15164694393102549
1308.484479120802,0,0.2219927967951247
1309.1384348323495,0,0.7991245930461032
1309.178384716102,0,0.008087404427088342
1309.1975160414577,0,0.8526917313095961
1309.2729783773295,0,0.7057461386844422
1309.898212349191,1,0.692998915893577
1309.9570792207671,0,2.860030093312641
1309.9596815201412,0,2.363627199833308
1310.041729238907,1,0.5384412818349865
1310.1631866074786,1,1.8199488895814218
1310.4950813031699,0,0.8369389091518775
1310.8461432940496,1,0.7584790900126605
1311.2717452095965,1,0.9237346207165932
1311.372300660161,1,0.2329772921952279
1312.1058844047968,0,0.0031342256336437634
1312.1432330578996,0,0.01077519481914287
1312.3816033728579,1,0.4435680854089365
1312.4646940166426,0,2.3281501049148443
1312.6734218213246,0,0.8046432265925394
1312.8344599568293,0,0.06202979270464159
1312.9220692218921,0,2.095793812368684
1313.1222586192478,0,3.232422443833635
1313.2803401228916,0,0.11610039842321769
1313.5783978031957,1,0.44802408121745446
1313.6169584412517,0,0.8249500198934798
1313.705264582786,0,0.12181349082489047
1313.9447850082045,1,0.2513667253836726
1313.994131350495,1,2.397070114452488
1314.688178188782,0,0.603006741991121
1314.832839031123,1,0.5642176917126223
1315.1460843480347,0,0.8958835921020578
1315.333728085336,0,0.46843232590523254
1315.5081318293849,1,3.3395989330109512
1315.5126742641714,1,0.8721870818103087
1315.626769307577,1,0.1469798845707996
1315.7487294747937,1,0.935610406031424
1316.188748787736,0,1.5247392578960703
1316.2073413050596,1,0.07452189230178742
1316.2443273406047,0,0.5406654751575668
1316.3455010982077,1,0.2781675927184408
1316.4189583172563,1,1.1243961356310217
1316.6714206969532,1,1.3504160236818508
1316.7307830894279,0,0.8460819086115837
1316.760262532042,1,1.1398560461326845
1317.1422086140615,1,1.8073305250698903
1317.5600144422278,0,0.47245294619303946
1317.9091887396191,1,0.8326665065244905
1318.0216026517762,0,0.3734405195309236
1318.1327234819428,1,0.5465837539931432
1318.1743898801058,0,0.42517162311240225
1318.1922792120367,1,2.631805998677478
1318.2846958011903,1,0.8190093624061706
1318.3762488808622,0,0.26241153367686115
1318.3776325435692,0,0.5106807329569214
1318.4758433751006,0,0.2627243078595599
1318.4987780763158,0,0.9501307473286212
1318.7110884043127,0,1.4035310103136616
1318.7772014229374,0,0.5544335295058874
1318.7821288447835,0,1.044755649248726
1318.8564544882304,1,0.9273576100164623
1319.0279937873393,1,1.5211758061294556
1319.2758917390547,1,0.24152318785631557
1319.3974034696114,1,0.21744155032941317
1319.4155912291142,0,2.2994203471894985
1319.4693555924064,0,2.6740510292566126
1319.5520549401365,0,0.10215133757616815
1319.620861158489,0,1.7474095205740692
1319.9855303268191,0,1.5446304329064091
1320.358066591712,1,0.9083828724010904
1320.4966508223174,1,0.6280898911299214
1320.6567276295145,1,0.16911215801509838
1320.7104928111596,0,0.766939780658383
1321.2898349536797,0,0.6318003543464958
1321.3006261944697,1,0.25750257150738237
1321.5160598944751,1,0.5843026269927469
1322.212468685956,1,1.7505967257364583
1322.2465240557624,0,0.0859666861470357
1322.4379700684137,1,1.4812519459513351
1322.8612807414422,0,0.7112460253033671
1322.8737908527664,0,0.2879771142148599
1323.0514309607665,1,0.7472181271900669
1323.302403746684,1,1.0790563608764556
1323.3914000535867,0,0.7038398694736491
1324.173886580684,1,1.5047252176284756
1324.2299732827062,0,2.2900528278374703
1324.2682810222186,0,1.5273539875666937
1324.6870084310528,0,1.7067502554926757
1324.8422562353326,1,0.8250009256900913
1324.8801510588762,1,0.28595278834606636
1324.9074863538033,0,1.6454173659008395
1325.0382399216637,1,0.5087388283271556
1325.318310347679,1,1.3755571285072519
1325.4054934136127,0,3.3170323621642086
1325.7386612577372,0,1.5607715474188324
1325.7513350790348,1,0.1858970111838697
1325.7960807343845,1,0.10602223820181397
1326.0076624897545,0,1.2059816469993272
1326.0386570729254,1,0.6111848852256151
1326.1801773168895,0,0.2344042761629181
1326.555437271777,0,0.28345966784279064
1326.595588023518,1,1.5184211947354904
1326.6898637257318,0,0.6366439214147187
1327.1119844269458,1,2.369611199924893
1327.1417280786209,1,0.006962130480965677
1327.3412588391348,0,0.7407854054509362
1327.4304922793299,0,0.6467969935557326
1327.8206667490556,0,0.32039513350937565
1328.1311631710005,0,1.2918853669147754
1328.2205557071818,1,0.7645193905051093
1328.24611583996,0,0.1563917183791334
1328.4295730844174,0,3.49785394606851
1328.4460165593287,0,1.2114370057085502
1328.6282936557016,0,0.025822178649355043
1328.7628314256328,0,0.08124734258455422
1329.1902547041016,0,0.2336823689807366
1329.2653127109681,1,0.7350374665511502
1329.3154614534176,1,1.4243143914905947
1329.3544205374674,0,1.0809828527562224
1329.4379325596599,1,0.6863380842655238
1329.6865752083088,1,3.876188660031032
1329.6976134884019,0,1.136828854290168
1330.106123584799,1,1.0699062021759491
1330.3580655216301,0,0.8840078077278472
1330.3611810122318,1,0.011534178269410427
1330.397297484715,1,0.18004274856743954
1330.4580826824792,0,0.22902355676305372
1330.4962996262714,1,1.6983177557702112
1330.7184888500499,0,0.10979427330230362
1330.9171782708383,1,0.07598569057449221
1331.136785538494,0,0.5526019403563702
1331.3012694148556,1,0.33039613113616084
1331.74710630559,0,0.841615908638838
1332.3365782852907,1,0.14194711772040863
1332.4068585759142,1,0.7562746493567976
1332.4107692357884,0,2.3754130295282683
1332.4491745331513,0,0.8665156335574158
1332.5173126966818,0,0.1502639204804307
1332.5174371079268,0,2.9047506325372017
1332.893394151372,0,5.9474450862030395
1332.9532030226326,0,2.030019678990668
1332.9533966052047,0,3.203957859550294
1332.9562843942915,0,1.6747310398689776
1332.9641677388047,1,0.1730574909574718
1333.0929837807091,1,0.9434990632455829
1333.273018417575,1,2.8272936250654483
1333.4786532961912,0,2.113155378776467
1333.5528429114997,0,1.0799955615883579
1333.628534951854,1,0.17450891611136457
1333.7039377322565,1,1.2813356088324885
1334.0227223418913,0,0.6334829286167053
1334.035581482383,1,0.7062585436297778
1334.1453029766278,0,0.6803848710218307
1334.3778959534332,1,1.020112161942156
1334.5155853482247,1,0.45314390506558566
1334.799490961978,1,0.2957013556248545
1335.0860650201084,0,0.1110486597624195
1335.2125590984028,0,0.25188810078713425
1335.3333231607073,0,1.016803130995354
1335.4346178443964,0,0.05410043882257739
1335.7926644213208,0,2.6046286395038014
1336.0171144872832,1,0.5716795912974358
1336.161980320984,0,0.4417306810524071
1336.3452651633277,0,0.05166799606985278
1336.4184355943462,0,0.5764865905055879
1336.4453328091586,1,0.6122755138156284
1336.6296931213913,0,0.5385317059464108
1336.6706111662365,0,1.5218976983605221
1336.753518576057,1,0.0649610977874926
1336.8907835662112,0,0.08709467872394903
1337.1529135998542,1,1.1294524246215554
1337.175893706872,1,0.9914769438383948
1337.1775366376683,0,0.6226994040381217
1337.242268293782,0,0.3132383805011463
1337.4998014071577,0,0.5110865987447206
1337.5820876909015,1,1.0470090327787156
1337.735832050708,0,0.004021543270907851
1337.765984171579,1,1.3553553151423614
1337.8555355592905,1,2.7892452052490992
1338.1082328953182,1,1.4857676960178114
1338.1312074840703,1,1.1703687483264678
1338.1392639751346,0,0.20125074042326868
1338.1592950921215,0,1.109923167743044
1338.183022130457,0,0.6312315397746683
1338.45065014167,0,0.2222140285695185
1338.4520550513967,0,0.2663015845868817
1338.4804056181688,1,2.4220335316039283
1339.1195037829941,0,1.2402618262320009
1339.2847426715919,1,0.4330426207640071
1339.4318836832088,1,0.07834830401392266
1339.5726501244092,0,1.08727084424424
1339.621550860597,0,2.1402935383052633
1339.7150480774858,1,2.021926184925604
1340.1072913337368,0,2.3227074894554365
1340.1156775717654,0,0.8147447976491935
1340.414414726866,1,0.8451964476888574
1340.502806146714,0,0.7845465707089884
1340.9332176521996,0,0.9764568452675306
1341.0760461882726,1,2.485106835318743
1341.209531526636,1,0.18548259104719458
1341.370060896383,1,0.23185273647384258
1341.6901460332513,1,0.32454694758347424
1341.7164979843603,1,1.0394656485943596
1341.8127379388134,1,2.4843909728579106
1341.861087645421,0,0.11796021675418891
1341.9010829844415,1,0.3878241196960176
1341.999842925501,1,1.786352724641292
1342.0299975397454,1,1.8272486376317871
1342.15434544596,0,1.3816450747734688
1342.5278254989662,1,1.1081310663410617
1342.5565193292987,1,0.3458676004663924
1342.5784022701005,0,0.9701876419998487
1342.6077709435015,1,1.3954121813617433
1342.9069070913285,0,0.026737505401009307
1342.9217358579583,0,0.3903857934691491
1342.9297287421696,0,0.4131937816120728
1343.0046726621138,0,0.3002590804794539
1343.2413885821506,0,0.4782414035328209
1343.8980422901013,0,0.10397684961426763
1343.9459265359158,1,0.33202374775109544
1344.2014794618433,0,0.1896897200895409
1344.2807867376423,1,0.3954852481327657
1344.4385159531873,0,0.039189091416228956
1344.4574687276443,1,0.7354397908679976
1345.0219050683809,0,1.9529767326648757
1345.0262526114423,1,0.5481248508993811
1345.253423984626,1,1.8528527947808713
1345.271866348154,0,2.4465165803590168
1345.2849599697645,1,0.43478783784377323
1345.4869128659645,0,0.9879282321178642
1345.5092793809856,1,0.14572545593185435
1345.5590833192755,1,0.8555455571404187
1345.6531356307496,1,1.2468417296420973
1345.6997265873624,1,0.07456674043113513
1345.714500564352,1,0.6783362724538035
1346.0245300997892,1,0.6680975992836282
1346.1801571920682,1,2.942921331364621
1346.5361711414155,0,1.613620529915403
1346.554111984935,0,0.05162776352673383
1346.5812363504713,1,0.9722339847449761
1346.6698681080475,0,0.2078936688532125
1346.8410548077532,1,1.3298976954012196
1346.8823431602823,0,0.43238768674517886
1347.4481410074097,1,0.27607419051511867
1347.5034439010149,1,0.06569702651995417
1347.5380887588326,0,0.8125539956998454
1347.6755097059433,0,0.614582025804891
1347.9680750974537,0,0.8461990264116973
1348.2156652714796,0,0.8801040706554588
1348.26838672987,1,1.0187002738565774
1348.2726541086568,1,0.20345487493166217
1348.3723083126886,0,2.2074023670367318
1348.8606878829996,1,0.6394667850909228
1348.9779921551406,1,1.716676807162447
1348.9978051043574,0,0.3407920621829809
1349.2146834367416,0,4.558044313819497
1349.3887524234117,0,0.8655649834915518
1349.5394281682898,0,0.22704255657708605
1349.575455871986,1,1.3511774722686747
1349.6275764931972,0,0.68933849116799
1349.7609547395023,0,1.6601025769899262
1349.9794041565822,1,0.4019414107621655
1349.9887597964646,1,0.07632087010613688
1350.0505802653493,0,0.35351649184404565
1350.0682179202397,1,0.5168758610875656
1350.328590210506,0,0.17259392458285222
1350.3373980252682,0,1.5734508086370116
1350.3682004468483,1,0.19532970383844137
1350.3904145735312,0,0.6282207569219037
1350.55056862391,0,1.2915389204304
1350.6403150764627,0,0.6651528014528878
1350.757595031928,0,0.7372119074588972
1350.8789689709004,0,0.05962036700659515
1350.9239411444526,1,4.111133239398168
1351.3184872060403,0,2.889674942001248
1351.747758903235,0,0.967982448325589
1351.8280660676057,0,0.17927476885913976
1351.8965007933143,0,1.7567660493435742
1351.914545562502,0,0.3289344692092218
1351.9350263267288,0,0.04928748058734585
1352.0010804607934,0,0.020885197461323612
1352.012613995833,0,0.5992820307220723
1352.630697193317,1,2.359230404251674
1352.9662966095475,0,0.60596098070516
1353.1223593413235,0,0.3190733384276958
1353.5933103766004,0,0.045853013329347464
1354.270140568416,0,0.5781054587819965
1354.278735638287,1,0.7575756026198726
1354.3394117150194,1,0.8705608449709251
1354.3891495854373,1,0.12288564550715125
1354.754711878103,0,1.1196023099319814
1354.7912695256941,0,0.7576811371490089
1354.8542494891078,1,0.35038099172582554
1355.1063036388841,1,2.0278310932431736
1355.260840042086,0,1.8533346428749384
1355.2685891736678,1,0.27269578045556914
1355.456130926855,0,0.25587158954395495
1355.6805319439502,1,0.017226198974868417
1355.7306141433482,0,0.142000654702094
1355.7638176508615,1,0.9719912389755002
1355.808432517937,0,0.8548910058515882
1355.842238394345,1,0.06816974938129948
1356.0606689754663,0,0.09160116970509945
1356.1682850695263,1,1.3276350641531585
1356.5361737343571,1,0.0609829122597244
1356.6444694134598,0,1.2728480108314395
1356.7437506701547,0,2.4075350439406664
1357.1246781885768,0,2.032033581774427
1357.2424907468278,1,1.75567577145403
1357.3160716395585,1,0.6952638694094628
1357.3688554071828,1,3.184222111880867
1357.3755185939604,0,0.9033464946930002
1357.9623176464188,1,1.111261130560997
1358.0626726776943,0,0.9936570844107463
1358.084407031632,1,1.6108413278749767
1358.1189560506618,0,0.07328238764823912
1358.144942092958,1,0.17956118810799418
1358.2840832663612,0,1.0994712947296443
1358.3662770230176,0,0.7566932133613656
1358.5381068076035,1,1.1224494975664534
1358.6167196302495,1,0.9946638496667368
1358.7378733459982,0,3.1281328392846945
1359.0931087616157,1,0.8769938008775917
1359.2072175111068,0,0.431623449725293
1359.2158195778093,0,0.5674782525665674
1359.509648783623,0,1.3291833718450963
1359.7788785043783,1,0.27450341895668123
1359.925405428595,0,0.670344578486724
1360.148826928507,1,0.7349706902587814
1360.2287488140057,1,0.5109256021107272
1360.3153986155203,1,0.8256834979317608
1360.3898274188823,1,6.079343460211589
1360.4476198178552,1,3.773258269009444
1360.521867492673,1,3.2743435043087907
1360.714113242287,0,0.5411613163157809
1360.7181108160892,0,0.6630761878559657
1360.7322202936143,0,0.3715867625451866
1360.7457993957214,1,1.3755976223941226
1361.2040154770268,0,1.8150847490579034
1361.2382289145648,0,3.8999502895804667
1361.6516186960657,0,0.3114076832753545
1361.6812228555825,0,0.1021314377564884
1361.8183128883743,0,0.13491981917738372
1362.051959389924,1,0.05488767444547939
1362.3045035317946,0,0.37193162971877564
1362.382712357876,1,0.5089873690337722
1362.4304286811534,0,0.04037118071783937
1362.445867903636,1,0.21779452640046287
1362.8230124733939,0,0.3880156352040776
1363.0241018672511,0,0.05816756261191746
1363.2471099021282,1,0.12601546419546647
1363.6054371508856,0,0.5364719765955911
1363.6095405882836,0,0.37761947597680756
1363.732867100862,1,0.11476871908613245
1363.8335325481296,0,0.6829668668073856
1364.0572554585851,0,0.4631973257652566
1364.0849759296748,0,0.4005748971180453
1364.300177107109,0,0.6101902748911617
1364.3499281738302,1,0.4388313123079202
1365.1242471084993,1,1.2107860660155745
1365.4409087405954,0,0.5560617725087074
1365.441203736478,1,0.07971051075691164
1365.5357775598966,0,2.4323695878464506
1365.9844662271933,0,7.766503114840197
1366.3409352654412,0,2.4276081545183166
1366.427114508604,1,0.10170411468536183
1366.4461231712864,0,3.5580470096359846
1366.5581291984386,0,1.5096445372357765
1366.7886043744136,0,0.516703791467773
1366.8325066461566,0,0.09921540943762411
1366.8837253561226,0,0.11290275510522235
1366.9125166918152,1,0.40227480075854155
1367.2381201640294,1,0.1588517943504599
1367.6399709403022,1,0.03789722867059607
1368.3844678570258,0,2.088411836703319
1368.6507549647283,1,1.0993511831119225
1368.6867570636693,0,0.3419238069096949
1369.5527680560922,1,0.04640590953050898
1369.7877707946045,0,0.49653977441388886
1369.933518255076,0,2.0100171817974717
1370.323624401862,1,2.0833926800924343
1370.5947563098136,0,2.2245746915003473
1370.7655907009757,0,0.13312071257717303
1370.8313848547589,1,2.9796046042632933
1370.8862256268849,0,1.1237025209470597
1371.1438122916818,0,2.512333353940955
1371.3004613623905,1,0.22595014075150896
1371.4461477776836,0,0.8324443102476256
1371.7083652963904,1,0.5467565001435633
1371.9754920857167,0,0.2101964090553818
1372.5676840758474,0,0.3287958524174145
1372.9252815286834,0,0.9037344972868119
1372.9555725431148,1,0.8756278411193132
1373.681288583705,0,1.1218039475715693
1373.924160698728,1,0.9204898942537104
1374.078221249242,1,0.5039753645264357
1374.0921319147758,1,0.18064544498755303
1374.221333719679,0,0.5849821887675499
1374.289513884673,0,0.19497201874530748
1374.3667462430053,0,2.250535372334243
1374.3892573221096,0,2.0279754208460705
1374.4727339286987,1,0.7313063756783884
1374.482817401941,1,0.611577928016414
1374.5863555709454,0,0.4238452971041493
1374.6691223268733,0,1.0665850286391885
1374.6916700166157,0,2.180585199232042
1374.7061504270987,0,0.1648585466128509
1374.9702008768866,1,0.75172477922888
1375.0819581227495,1,1.7976109981383133
1375.3126232933835,1,0.14146933093057065
1375.3599786677812,1,0.40328421713080426
1375.4880699013795,0,0.4832438533135881
1376.006773624354,0,0.6360254452173989
1376.0671271839353,1,3.46708103523321
1376.0801545574736,1,2.2584280968695336
1376.2264128231136,1,0.9376192107751314
1376.361344864796,0,0.5405906803846839
1377.3429836258092,0,0.4132837475765379
1378.0414737395038,0,0.46351912106139703
1378.1462641979,1,2.7525755072718914
1378.2215746109266,0,0.7685244172984539
1378.434271572244,0,0.29396424148534167
1378.5238455280637,0,1.5875396705183087
1378.9171033935988,1,2.3763231053850022
1379.0375692877847,0,1.6525803390612008
1379.0691800166107,1,1.637867276307936
1379.1390365853536,1,0.2944305850463807
1379.4595948150422,1,0.2618267645743469
1379.60999098134,1,1.6216718705721012
1379.649165832306,0,0.9647730391131766
1379.8266522061049,1,0.7271770636048814
1380.051007374806,1,0.33091627441766147
1380.07737489022,0,0.5205792343410736
1380.096408089103,1,0.3041823364925648
1380.1392060111364,1,0.688636834751406
1380.3014091691161,0,1.380039461505771
1380.3404627856278,1,1.7376588965950215
1380.4875664942306,0,1.1049155793219387
1380.5956196280465,0,2.7139617897936583
1380.806959684384,1,0.243138667629244
1380.809224391346,1,0.578892979818625
1380.8476431137624,1,1.3453789293008964
1380.9680813218595,0,0.0702644868712085
1381.0786718702852,0,2.403849128630426
1381.0932308722022,0,0.11819039749653203
1381.1720623839856,1,0.0901121364765354
1381.3162925350734,0,0.10484160149904595
1381.3331088629254,1,1.6505702893616407
1381.4478754696415,0,0.5868282005908644
1381.6226699229774,1,0.4580404851502564
1381.7988802599914,1,0.3429088924906251
1381.907086852772,1,1.1889774778257478
1382.0401662372597,0,0.5383609906393906
1382.13479041078,0,0.5505063601436844
1382.2783799705253,0,0.9779901941559828
1382.5344582667963,1,1.1093539507962407
1383.029803294839,1,4.160521288359791
1383.128763177803,1,0.2692749367275633
1383.3539843210167,0,0.7973221551872636
1383.3693266283717,0,1.1920151409521214
1383.373454481996,0,0.8569841910300642
1383.5911901834445,0,0.006312900376287317
1383.7343502443816,1,0.28376169080441366
1383.7345331195258,0,0.5259122336168883
1383.8481115255663,1,0.27501170523515955
1384.1252369352737,1,0.14577429776726358
1384.125737157341,1,0.9086793735667014
1384.2173128757436,0,0.4970844596225312
1384.5065267767138,1,0.24531308675274432
1384.6143114516756,0,1.46291436446724
1385.2684001120665,1,0.05751117246197255
1385.5331349639387,0,0.2032486735492643
1385.804437730288,1,0.058434018215888846
1385.8862258107297,0,0.8900855706558963
1385.9811932811815,0,1.0658483561672043
1386.5531972518502,1,3.709467603573718
1387.316210169761,0,1.8375552738723426
1387.5163035280166,0,0.9211267642426364
1387.6988868746892,0,0.45094494525243306
1387.7862926066477,1,0.6078424676353265
1387.824355683729,0,2.857204550717679
1387.9326605476278,1,0.3093248948245786
1388.2074938325743,0,0.36020403250749944
1388.2332742380913,0,0.3067661566515363
1388.640425771045,0,0.7491732994835677
1388.6712069084099,0,1.0071337248961594
1388.7634993095403,0,0.45099701309537843
1388.9527314876066,0,0.09317420899684638
1389.2628278016055,0,0.748525506610223
1389.331072645884,0,0.4451152922778918
1390.1113487226994,0,3.3548406886213056
1390.1819417743163,1,2.434355068281169
1390.1825048327642,0,0.3924708161971996
1390.2490646896736,0,0.03217098912098235
1390.268598393769,0,0.48768895670768914
1390.5138215761024,0,0.11411572872772009
1390.6916124171862,0,2.333328150392899
1390.7352942099508,0,0.8911711390525299
1390.8873456515116,0,0.3565237362224456
1391.0858511412446,1,0.566520578341845
1391.094259783777,1,0.7719912118808618
1391.1626877599622,0,1.0830717268655317
1391.4888596056428,1,3.0924096917731574
1391.4965222182927,1,0.4396556068233189
1391.942657088016,1,0.061362287168990955
1391.9820469812275,1,0.03807521958096918
1392.0039756765802,0,2.1724225434054585
1392.1072757127583,1,1.7955533532050867
1392.1499156217678,1,0.6989996382811446
1392.3099282156368,0,3.1173512437660023
1392.3841546417384,0,0.2814106787546286
1392.4519216486644,1,0.02282783637209431
1392.604471504276,1,0.7458383504293885
1392.7333532140383,0,0.7851724071112405
1392.7437205589385,1,0.8008533585777204
1392.7552174457328,0,0.7308243168424997
1393.1398442868826,0,1.6347269293740885
1393.195916742152,1,0.27261913094461215
1393.2171345563625,1,0.3027474669151338
1393.3209907037742,0,0.8682489226165955
1393.457679601207,0,1.2462702095728235
1393.7925169923012,1,0.5403108465834388
1394.090570788454,0,1.4131304620118785
1394.5077791905426,1,0.9089850549346322
1395.1589254141754,1,1.7597424225784049
1395.4654576674236,1,0.04731922555892495
1395.6168207058722,0,0.023952677426282293
1395.6335383805194,1,1.0032466747973718
1395.6831214548815,0,2.4718169024743455
1395.8017594099945,1,0.6899048128381573
1396.3296348008992,0,1.329477020266054
1396.9267536702787,0,1.4735570370452078
1396.9581981762365,0,0.541882706768656
1396.9736784270488,1,1.292578702197936
1397.5949093687882,0,1.0726389066353346
1397.611426481187,0,1.2143020269973643
1397.800342310284,0,0.054432471444108114
1397.9992071580052,1,0.6577328983849766
1398.063383080607,0,2.4453711450239646
1398.138958477684,0,1.5040242782212105
1398.1636194426414,1,1.3070969849907894
1398.5267606234079,0,2.5628448311645675
1398.8695780876565,0,0.7014654490306061
1399.0844938204102,0,0.01917811276116097
1399.142795474821,0,0.22156365314109103
1399.145653544593,1,0.08119718581218743
1399.2344592703794,0,0.20854892950688259
1399.4163095052995,1,0.9286288712765427
1399.5071187653225,0,0.9608715865212403
1400.2683791754623,0,1.3576191747281494
1400.3284294192474,0,3.189233257251307
1400.7121629664794,0,0.25776870684188474
1401.0710866167165,0,0.9939370557103506
1401.229219807414,1,2.687676160320389
1401.5990796614014,1,0.12126341533741047
1401.781189826814,0,0.24908301850957884
1401.9362586006234,0,0.47431782436420056
1401.9697612226803,0,1.1803199050699256
1401.9817096584095,1,0.2836270918929926
1401.9899706811968,0,2.776965983716884
1402.1645297964526,1,0.8725773779821716
1402.6680357562695,0,0.3016472196365051
1402.6743064621344,0,0.2860662665569697
1402.9366820996097,0,2.8454649599262942
1403.0732735932684,0,0.42629543309172774
1403.1940796656884,0,2.4512365935703975
1403.2338907772423,0,0.7241657688591571
1403.3015544119287,0,0.5507649014785604
1403.4297548436225,0,0.5588327487755486
1403.5796472739046,1,0.6984239005874097
1403.5945479833517,1,0.6266058052851713
1403.6409726855525,0,1.0014453776318086
1403.8462421764468,1,0.36583357692106006
1403.878598510053,0,0.268175049254941
1403.947899635149,0,0.9231570563738151
1404.0905633265393,1,0.4473909237168042
1404.1070798745195,0,0.9225625504973654
1404.1331093256942,0,1.5197452695989218
1404.176872865748,1,0.15052632830653562
1404.261506746244,0,0.3051439200654816
1404.3965080075038,0,2.4170666102622675
1404.5101862920715,1,0.23886130000937925
1404.7813867584696,1,0.28591794574544843
1404.9398375093463,1,0.012114904804627928
1404.9781875950114,1,0.34777787201552673
1405.003828613609,0,1.0948411371339388
1405.304652847592,1,0.4563828265146492
1405.4843588657457,0,0.10414817245489393
1405.6042612950853,0,0.1487299643708792
1405.7410111526938,1,0.6025554817130867
1405.8109550147103,0,2.1190065215201166
1405.8166903063693,0,1.1794691539626552
1405.9422308049423,1,0.864718631566375
1406.241402612226,1,0.6303908365434642
1406.3626737075895,1,0.09615136286986453
1406.3908503625028,1,3.0673833131121078
1406.8530132301296,0,0.19668326813100936
1406.9595469208184,0,0.4928671297325023
1407.0371103215414,0,1.1661314357919905
1407.6969096535192,1,0.269608314789051
1407.7584441547615,1,0.7298460287260407
1407.7584990879025,0,1.1579572005707701
1407.8425377817568,1,0.2926490670997757
1407.987072760113,0,1.9625565511092387
1408.7159378254153,0,2.5392373107884967
1408.7270387035564,0,0.33579090726259353
1408.7730089487957,1,1.0556781380637783
1409.058844343915,1,0.6947632496527979
1409.0619540751654,0,1.6364461348108565
1409.3909287508143,1,0.5988300604428963
1409.4152877098547,0,0.7317256810099564
1409.8238772526772,1,2.2152819871066387
1410.0937819286512,1,0.15689785867706912
1410.107385268762,1,1.4458226048717606
1410.5034832599295,0,0.3003419445017725
1410.6848890273363,0,0.9259938435840444
1410.752041880872,0,0.414270760540153
1411.5598840250204,1,0.010945360924177075
1411.692673929295,0,0.7747992943496628
1411.7236049289525,0,0.06238892988887081
1412.300506330426,1,1.9445786972056809
1413.4520008006857,0,0.3765092101261662
1413.9795517232326,0,0.09545821401051224
1414.0432218949697,1,0.2354058465323889
1414.0951574743692,0,0.07971543136250511
1414.3783770877938,1,1.6202566728367902
1414.431952107987,0,0.4370938587450818
1414.5846609154382,1,1.6229324268239156
1414.6151728531247,1,0.3130624481304141
1414.6275973443096,1,0.8701572842200301
1415.0458158354115,1,0.3128384615006476
1415.5875979782716,1,1.4677030209240736
1415.8408333656826,1,0.17719541090001462
1416.5772985855385,0,1.327434695550894
1417.0368115702106,0,0.2709554565231663
1417.5316714605722,1,0.030362365762476702
1417.7428966368907,1,0.493865795135203
1417.96426601231,0,0.26349083223298786
1418.1105545278265,1,0.54633708553215
1418.1268922118668,1,2.28911079300095
1418.2677206722417,1,0.3194131888937496
1418.3060913968177,0,0.2797766692882064
1418.4265075873395,1,0.13064127412745363
1418.523064977384,1,0.30115455377244066
1418.8384298674346,0,0.2918376890700518
1419.1230158327949,1,0.7108902203491652
1419.1561036801609,1,4.013717131757322
1419.5552127657263,1,0.10891270122403879
1419.5714578392365,0,0.3400700555354687
1419.5830383569305,0,0.4480058581748635
1419.586428377897,1,0.3260555410579982
1419.6061190564967,0,0.21560357468416314
1419.9090602535905,0,1.1037952202005896
1419.9394757346088,0,0.11316710961712621
1420.2390218251633,0,0.08301507455076478
1420.3376184059748,0,0.3691064935502958
1420.9528174187117,0,0.06167778513147167
1421.0442904276463,0,0.41408667689621376
1421.2228188028564,0,0.13109939523077432
1421.2684814190825,1,0.6780527504924638
1421.3662467477127,1,1.5626209866012666
1421.4810371701644,0,0.025758952271809712
1421.6153243067313,1,0.46217220684216226
1421.8806812595958,1,0.1561341600139653
1422.0128296613964,0,0.8129859541902543
1422.0719536789973,1,0.9893763964683178
1422.2089066322449,1,0.21017305379292806
1422.3630143934095,1,2.3734436766615707
1422.5067625053796,1,1.4403027582481676
1422.6060247395756,1,2.121697862689878
1422.721289490996,0,2.987135201233872
1422.9248419809733,0,0.6995926082159611
1422.9988983762078,0,3.88225891294155
1423.007651461636,1,1.03343369911754
1423.4034993195505,0,1.366225396197207
1423.568667105959,1,0.16264262741421895
1423.6257871911298,1,0.11661052803742954
1423.7438185091619,1,0.28764316558927794
1424.0463390596099,1,1.3611743410029087
1424.1988613100643,0,0.720934644697106
1424.338416488091,1,0.049153269091490495
1424.4314411802793,1,1.4928225231998686
1424.5340616639294,1,2.7571693887651105
1424.8104073395618,1,0.5224427115787434
1424.8435029145733,0,0.5474247266561953
1424.9615340511782,0,0.4558212888233061
1425.0500817729844,0,1.066133426046781
1425.1895363736187,1,0.33629003284431475
1425.5930202531372,1,2.772671844141975
1425.7461609840987,1,0.4763005687153325
1426.3894279859276,1,0.08633248475025848
1426.5749445747579,0,0.12471927181009392
1426.6085352518126,0,0.10724606338089265
1426.6738782894154,0,0.9341951190280354
1426.7375643324006,1,2.10120727077148
1426.9459802234041,0,0.09854176796004442
1427.1858477921219,0,0.4961228740055204
1427.2360037225678,0,1.636193310573426
1427.6191935065103,0,0.2778324209342486
1427.8187425421193,1,1.9575961344226933
1427.877986516312,0,0.023335314634947042
1427.8923858316073,0,2.224095192002575
1427.922232437748,1,0.08087160966689562
1428.0639165951811,0,0.48240634490229556
1428.0668973984473,0,3.064901176477337
1428.089306605814,0,0.43314402356808807
1428.101133741689,1,0.23424550420014195
1428.236728251959,1,1.670722876920875
1428.2614199252732,0,0.5206494506068657
1428.3891656347444,1,0.24963216877063482
1428.4223145211538,0,1.4662563955222971
1428.5968305982062,0,0.8370030588465633
1428.7252019829207,0,2.111122691355309
1428.7362374995307,1,0.11896193100193603
1428.801419539509,0,3.828980181753829
1428.8889719234915,1,0.016783012025555672
1428.9255816809787,0,0.1852178610732624
1428.9409140077705,1,1.2166841722318493
1428.966169436627,0,0.06357065576621719
1429.069594153582,0,0.6250724105313752
1429.1229590633818,0,0.7446189186252138
1429.5079137348212,1,0.026462600295173846
1429.6339697070855,0,1.073619403010395
1429.7027840445523,0,1.0251370878239294
1429.714086923091,0,0.8636154946353612
1429.825711153478,0,0.5458215558715706
1430.123044085686,1,0.547768044914285
1430.1934704662692,0,0.740749299671524
1430.357370239846,1,0.44798411288634726
1430.4383087300407,1,0.9791998103653204
1430.672058612635,0,0.057404617668131895
1430.894403038117,1,0.002521258737585879
1430.9042216176854,0,2.776390159032539
1431.0082166947107,1,0.15011399772478395
1431.42526933299,1,0.6598060345595839
1431.596283439396,1,0.8670690893738341
1431.6726843572535,1,0.5196046759976923
1432.0709321948618,0,1.6759402844456033
1432.0886329773157,1,0.22586356910397787
1432.2147470990553,0,0.14934586523901114
1432.359602979959,0,0.6591550902465699
1432.3609341464007,0,3.2464830469295665
1432.4068372729225,0,2.1559571311659376
1432.692886867989,0,4.999344901177927
1432.7818941969551,0,0.18132049999831254
1432.8389353964117,1,1.6579244361819498
1432.911517469726,0,1.2115313705379567
1432.939753724694,0,0.7331881627109583
1433.008613453541,1,1.6958121512685196
1433.0263122000056,0,1.6125394541660385
1433.106794006096,0,0.14421672205013034
1433.2103606653113,0,0.3073355700072601
1433.2212030308015,0,0.5560277673871002
1433.7212466612013,1,0.3065191832682088
1433.8217741266817,1,0.1391738903930514
1434.077206188621,1,0.36965919930722735
1434.2556573881357,0,0.19293939063319113
1434.459458984073,0,0.10673679292816571
1434.4840478802475,1,2.913498599909055
1434.5079565290462,1,0.5589169914996229
1434.5107873486088,0,0.41561096427814426
1434.5525283392078,1,0.05225902091129935
1434.5540787757345,1,2.592158369827754
1434.6153383240842,1,0.17050551508602754
1434.6532905207857,0,0.9934287138465213
1434.7405117377002,0,0.7535736084624283
1434.7495243989924,0,1.2794327435891613
1434.864406989159,1,0.2587294499754739
1434.928828873347,1,2.3139938397776527
1435.0063811680113,1,1.3153025604304773
1435.5864189921294,0,0.9184451346191433
1435.6833483529228,0,0.5739310162426353
1435.7042405794127,0,0.4633103872195694
1435.8006750058148,1,0.5833480392276151
1436.1396197907895,0,1.9362090444798443
1436.4761437720676,0,4.32322203384789
1436.5626399915038,1,4.76223193790532
1436.6742999464996,0,2.1725783831043213
1436.7951943301437,1,2.7405484974774885
1436.8264948287072,1,0.7743229444840867
1436.907244097157,1,2.3948907947509115
1437.1996781136845,0,0.30007765281732496
1437.2356197572203,1,0.25854565286664966
1437.2552137208065,1,0.03756625285234783
1437.4120401073776,0,1.664915584792966
1437.424536779971,1,1.603024787532426
1437.6784446587474,0,2.151592175984923
1437.7290723109172,0,0.15677267671991554
1438.148512740339,1,4.185203578721906
1438.42611333636,0,0.1338741206418664
1438.4973732702363,1,1.0316642836089107
1438.7499825763573,0,0.8877932336827749
1438.9471014124645,0,0.618992917201693
1439.1571650467238,1,0.6175071643566381
1439.3529129662272,0,2.7949490174829856
1439.646950321207,1,1.8409480351220169
1439.7438743362534,0,0.28502535929017847
1439.8271095916741,1,0.18340051092067577
1440.1851216886123,1,2.309564755882012
1440.2380836275227,0,0.42986236252262217
1440.4459146577656,0,0.10087652351029391
1440.4963860748019,0,0.2033213932285009
1440.7505407388103,1,3.4779619556330936
1441.096165386079,0,0.051759804221505494
1441.2075936654567,0,0.46797071999441214
1441.2127019159038,0,0.17657315183337108
1441.3952233862565,1,0.9567492937872808
1441.4564333202698,1,1.124564710394784
1441.4681061880883,0,0.2212171089434316
1441.514770100408,0,1.034280213834596
1441.5433287503654,1,0.20182345394333595
1441.5512533464107,0,2.2477775227744856
1441.9800157682046,0,4.609001965493444
1442.0251528824283,0,0.2000134276642284
1442.1119720029212,1,1.2033466349669144
1442.3057196163481,0,4.057527896974808
1442.7955354619087,0,0.9128834102981093
1443.4278731822735,1,1.2869511140018388
1443.4937866970333,1,1.1812242662377248
1443.7827007913982,0,0.32317007332104714
1444.0066285592918,1,0.8011099386000999
1444.011606260931,0,1.5119188987822463
1444.2387529477776,1,3.420884873925422
1444.3382041600048,1,1.676367824234701
1444.3849125764748,0,1.414827298594574
1444.3916992840366,0,0.5645556119484499
1444.7371778109407,0,0.11142316911349025
1444.7759591335282,0,0.40783066664110573
1444.8289841398214,0,0.0463957666875771
1444.9067012847217,1,0.44812541454177285
1444.9777351230355,1,0.6122325105934475
1445.227137112959,1,0.7597993101709256
1445.4131915593243,0,1.0055687174781238
1445.4463637902654,1,0.7070907411018258
1445.6137331576806,0,1.3523013709197211
1445.6673854042097,0,0.23758704832169364
1446.557710602734,0,0.34239153571013825
1446.5834441327675,0,0.012055401844034861
1446.772952126775,0,1.2646522325683724
1446.779650158591,1,0.25678034111634385
1446.838746589312,0,2.195778557083016
1446.9978543181119,0,0.3932509682497981
1447.2581693319355,1,0.6969177566336016
1447.3350083707403,0,2.1894572452377683
1448.0468979613106,1,0.22484876769130072
1448.0484022391367,1,0.8353472119876488
1448.135709196734,1,0.9084283297451653
1448.3998182683947,0,1.1069936199123926
1448.6655592212408,0,0.055422549907842775
1448.7749305776638,0,0.26143375102331856
1449.60123756494,1,0.3835421524916831
1449.7218193715687,1,1.3359108387040042
1449.9069368030662,0,0.1615438877785148
1450.324269507529,1,0.9033226848843875
1450.41672582195,1,3.7560725671624304
1450.5495964277934,1,0.7522342028454769
1450.7457559864556,0,0.29793425369944915
1450.8073605125473,0,0.685372245790555
1451.5702490134559,1,0.8057308253205522
1451.5882550889028,1,0.9336560954830087
1451.6839487217683,0,1.5899688014242026
1451.9442146354681,0,0.6862094531584175
1452.0740075001966,0,0.3851600561583912
1452.4024025936728,1,1.8598302048249264
1452.68661764992,0,0.9686049732407903
1452.7333131013634,0,0.12938895542222922
1452.8780620102025,0,0.9776866604832061
1452.8824150082169,0,0.03510995710530333
1452.9726449689226,0,0.663363149988954
1453.302052896169,0,0.4612400434709173
1453.3863063111423,0,1.1501130839830833
1453.492490009999,0,2.9218237292333877
1453.9702072637333,0,0.908058756227809
1454.084020214657,1,0.1135602205439733
1454.2640111430833,0,0.09228860344617787
1454.373189010696,0,1.8487852008664514
1454.9714224664774,0,0.1227658776113244
1455.1040672099602,1,0.4530132236472725
1455.1903851711127,1,1.7810141533761013
1455.2783497477117,1,1.5239552184043863
1455.3570196162727,0,0.5465307293347327
1455.7938193538153,1,0.1670890281419755
1456.9063942042148,0,0.33211396725879455
1456.9634650457867,1,0.46901345002494843
1457.7268113491652,0,1.494900148266982
1457.9770897270062,0,0.6112224937046722
1457.982440769824,1,1.948983620907894
1458.3281023327763,0,0.7966471643483342
1458.346774318006,1,0.3057954150978536
1458.4319493559485,0,0.8582868240497263
1458.5895454509925,0,0.22980097496842933
1458.7004941364212,1,0.7067308954427333
1459.1268234128954,1,0.11014003737634397
1459.1391813693942,0,0.4836709553120555
1459.2140125337335,0,0.7991751838762495
1459.4443526294756,1,0.06939817475254487
1459.511196934841,0,1.1918134650838939
1459.6801603584695,0,0.7464445976907719
1459.9617312220234,0,0.21753448948841209
1460.0048141035281,1,0.12870662657276352
1460.0360019681627,0,0.26023810333475217
1460.1996827028102,0,0.5964853960651756
1460.2016117393746,1,0.15834749375084012
1460.2722793944463,1,1.3127718279138294
1460.3493027934585,0,1.1898530983862718
1460.6387020878276,1,1.678797304345971
1460.9258515946835,0,1.8540101866477958
1461.2593058100213,1,1.15732750219754
1461.3874155671037,1,0.7799461171079773
1461.442058855551,1,1.6271443618040158
1461.4791873708016,0,2.7838881691993116
1461.601700135968,0,0.136224459261089
1462.0327514673425,1,0.8491832427719835
1462.1474767294876,0,0.5601887330302576
1462.5063477893623,0,0.07931717847894491
1462.5772988414312,0,0.07471279833872835
1462.9521670748504,0,3.763016026412773
1462.9843598473944,1,0.42428027098165605
1463.14289110391,1,0.06078550885828753
1463.4008779031947,1,0.597386371993061
1463.6752507707902,0,0.14034525194999725
1463.891841186068,1,0.3314166288892818
1463.9412115265281,0,0.16090428442486468
1463.9591334354066,0,0.43446194702488494
1464.0490076058686,0,0.12607207100557624
1464.072244741051,0,0.8132545758824471
1464.1735783517038,1,1.3228966305896976
1464.8501700482823,0,0.29871461722946385
1465.1072937185056,0,0.20098821518580315
1465.2705457763198,0,0.2766332347052175
1465.4593721419483,0,5.646867326687778
1465.7190825798234,1,3.617388823894525
1465.9064165993564,0,0.18213964936664356
1465.9410332572215,0,1.3952674586740106
1466.0074715670987,0,0.3489152367226613
1466.045799723181,0,1.4304617755313758
1466.1294236924246,1,0.17788860777747476
1466.224656895833,0,0.6267018464346052
1466.236666380723,1,1.7902240323415315
1466.7592529454648,1,4.632451580092422
1467.4016375092917,0,0.9990275100587798
1467.4303098929936,1,0.7542246707946173
1467.5126356387707,0,1.3841484439204756
1467.7046859295606,1,0.22460536651795912
1467.9065580668125,0,0.7773685556967855
1468.1540936112392,1,0.2904481059239158
1468.3044412367572,0,1.8277231032548071
1468.6002900396427,0,0.21197411613111497
1468.6178645656769,0,0.40637275776525983
1468.817687250793,0,0.11826482999706932
1469.0964486174694,0,1.570850676439328
1469.3361363040303,1,1.4555021553435943
1469.420759977218,1,0.4658988227482255
1469.5040910006223,1,2.4347446276574365
1469.5849105797793,0,0.5078413749751172
1470.0072165949807,1,0.18717555041128825
1470.0616209386778,1,1.087782640263096
1470.083594508436,0,1.0576628572744733
1470.0935218137015,1,0.029626768159907065
1470.11490014883,0,2.11024553563811
1470.2926320626011,1,1.6203270923336341
1470.3528025743663,1,2.9576882004658387
1470.519808547709,1,1.297429811187209
1470.534649662452,0,1.2135154932037209
1470.5425764575918,0,0.3761225543636263
1470.5854699151269,0,0.21149526075413708
1470.7649191367686,0,0.11451325095722624
1471.0194152982267,1,0.4984179539782863
1471.127301433175,0,0.7682755220052052
1471.1629508514802,1,0.6149483863991883
1471.6635766790541,1,0.002086923424914956
1472.4267950279523,1,1.1681333257542996
1472.4281048047305,1,0.2228485088363847
1472.640717431192,0,1.5569018130143875
1472.8915129138354,1,0.44128584808445526
1472.9257514851226,0,2.6607145767525786
1473.121512124587,0,0.4027159168968749
1473.333268180917,1,2.341139017537633
1473.4382337726618,1,0.13502234828302617
1473.4667770821095,1,2.489016047259528
1473.4799998706083,1,0.16450061912389735
1473.532465568354,0,2.23558075245086
1473.8686196969888,0,0.0711846298408615
1473.9462598817468,1,1.267911408736335
1474.1856844308998,1,0.008777941247822777
1474.2592230994312,0,3.2012143442997028
1474.2637134257138,1,2.479426050402616
1474.2769082300201,0,1.6370506733907586
1474.4342664240212,0,1.1163243988368416
1474.5642156865435,1,0.07120836280049865
1474.5916699640509,1,0.1299251178848754
1474.6932299913763,0,1.072298380415462
1474.6952417872767,1,1.1353573265946382
1474.9742707615085,0,3.2448947507916297
1475.0109271863532,1,0.30999564737329066
1475.2971154929692,0,0.183892587525998
1475.3135848776762,1,0.3589035930077204
1475.517531975065,0,0.8215546211365764
1475.6546504745077,0,0.4029069230086927
1475.7967013317143,1,0.18224533174013963
1475.965583748878,1,1.9074579025303549
1475.99281956094,0,0.11476352687799171
1476.019599369647,1,1.0264381271435683
1476.042622220271,1,0.9397450285122985
1476.0741234128527,1,0.43354097837613326
1476.1601228645034,1,4.231219982730687
1476.2276656957538,0,2.479982976440955
1476.4507381423052,1,0.17835965642219734
1476.5079422349754,1,0.16316089299095626
1476.676139798775,1,1.6362662138866393
1476.7689122228035,0,0.7802880238434601
1476.8047562451886,0,1.2201650815667133
1476.9380795342743,1,1.9986628325028377
1477.0083433568661,0,0.4757129737044925
1477.0824053896713,0,0.5518244528248876
1477.2948854986414,1,2.138111551121621
1477.5584125629143,0,0.1667032184515334
1477.5738699212775,0,2.9600326718249006
1477.894549605761,1,3.1267735349024472
1478.3780276645778,0,0.6585654831935065
1478.4140041153366,1,0.8212181588128945
1478.4829025631293,1,1.4118871929112757
1478.587256412744,0,1.0453971755707074
1478.7767770692883,0,0.34508073036621606
1479.0640064890856,1,0.8589661089721312
1479.4110437545535,0,0.12249184823215231
1479.4813774267157,0,0.40579396228120607
1479.4830151589897,0,1.6271723858212743
1479.8888093763064,0,0.1936680120075143
1480.1520351447764,0,2.2840919713893486
1480.71777816214,0,0.33802346115498655
1481.0515283747393,0,0.21404162990907602
1481.1697287597551,0,0.7844443193843409
1481.6114635915715,1,0.5070864361442217
1481.6138387337226,1,2.9906181678330838e-05
1481.811444102164,0,0.3829052198801816
1481.9405442414663,0,1.032070079665059
1482.0001175529383,0,0.20399219384118125
1482.818940486323,0,0.07033256395331763
1482.943253982125,1,0.32730580548297145
1482.9935661673967,1,1.008651896638208
1483.0078061805966,1,2.2057968717982672
1483.0119216858766,1,0.7721421343715925
1483.286569543847,1,0.4742873043016373
1483.4748502552632,1,0.5361885194820942
1483.4942487881033,1,1.4502552761380636
1483.5252846859444,1,0.29183886442580065
1483.6035894936094,0,0.025388528599999554
1483.765104247004,1,0.22381415986032646
1484.0019951024433,0,0.041390677404014045
1484.2572037715363,0,0.46298164314797735
1484.589881844924,0,2.1996670488684105
1484.8544829515326,1,1.4787205852795828
1484.8820360330085,1,0.23896664642785878
1484.9299235979352,1,0.3504817898032059
1485.1316242677212,1,0.21127632570932667
1485.6572168054024,0,0.4547155290041737
1485.7050262643409,0,0.5109053143326653
1485.722622207079,1,1.1803723475233934
1485.8381102556077,0,2.7771702487031904
1485.839025824277,1,0.9209851867442229
1485.870714220065,0,1.169755990017237
1485.9215780522238,1,5.620987928099919
1486.0837440222965,0,0.254542421761628
1486.0899559406944,0,1.78287107089617
1486.1607001501309,1,0.6683696944166805
1486.5160039322059,0,1.9606754072838268
1486.9757004781334,0,0.47562510600956
1487.1547928897432,0,1.8887381069139215
1487.2036607227294,1,0.6484474949931959
1487.4993157890128,0,0.7000625591202536
1487.5247497162395,0,1.0626227081833781
1487.657312991912,1,4.321664623493111
1487.7009926218648,0,3.665753765991079
1487.7272734412288,0,0.1727946962062271
1487.957192991041,1,1.5080889155340826
1488.0377117009925,1,0.027501228021061735
1488.8854430339086,0,1.065744510106459
1488.9164856490002,0,2.236131019559152
1489.0473350665127,1,2.1582743386781504
1489.1051420369577,0,1.1604405118318954
1489.1953563097961,0,0.08660880140822473
1489.30039257133,1,1.6149968556622412
1489.9868906954332,0,0.19203273087758646
1490.0879270960875,1,0.7551150064406897
1490.341745973347,1,2.0056482972572898
1490.401636129498,1,0.29664979289709387
1491.2937193603468,1,0.8676657781184731
1491.9032198555408,0,0.10491126904828284
1491.90462591634,1,1.6659198589844684
1491.952237755198,0,0.13517950388041602
1492.1567000224024,1,3.1259621792849583
1492.176728720582,1,2.123770561331261
1492.3739888577475,0,0.6447199528670302
1492.388175876469,1,0.5579123923937048
1492.8557388784163,1,1.5239571264796803
1493.0073258486993,0,0.6370063263912985
1493.1533196517898,0,0.5977854785788322
1493.3239455257142,1,0.5109873571073089
1493.332933485341,0,0.8785859752939947
1493.4773386308664,0,0.16739040789241189
1493.679746580227,1,0.3831433560508706
1494.028518168465,0,0.33594439760124434
1494.2695501797316,0,1.2443517398219182
1494.8182046602465,1,0.3568762784513022
1494.8194134311996,0,1.938248879703552
1494.8432531994713,0,1.0623558176741252
1494.8556067987008,0,0.3346984202406887
1494.8841210578364,1,0.21408164493446719
1494.9790667517314,0,0.9270066906437681
1495.1486797028535,0,0.3023558494330639
1495.3346553130896,1,0.13738605784326305
1496.4145193508905,0,2.7396534299335933
1496.614765015196,0,0.44450580952471147
1496.8777034072434,0,0.34016592777796767
1497.0318609678334,0,1.3197638617718703
1497.2177927428513,1,1.7427575112135099
1497.2810436590648,1,1.0964525571978867
1497.628953468748,0,2.537921837209888
1497.7075576592022,1,0.10548459799953948
1497.7876204078564,0,1.0884641136300706
1497.8240636822968,0,0.30610807214167735
1497.8451766534263,1,0.29592850174811963
1498.1129078554807,1,1.5624491502789308
1498.1635591833904,1,1.033629426229086
1498.1863365029938,1,2.5222788663791547
1498.3059094859825,0,0.4807531836203644
1498.8965206685984,0,0.6999568453436351
1498.9636993327015,1,0.07835183505707319
1499.1398911188455,0,2.401881743255125
1499.1434502833795,1,0.15428819326928253
1499.2545554239614,0,0.4677219603936939
1499.7188266004491,0,0.19813125617757044
1499.9333680172504,1,2.520338047008288
1500.0075397720282,1,1.4278822769251747
1500.1782534205186,0,1.7388194841940017
1500.3804876274269,0,0.2943454148408767
1500.4555982241422,1,3.3976756543809983
1500.6263458043438,0,0.681402530108185
1500.6319688145375,0,1.6138880288342397
1500.7055084156643,1,0.4691892583969399
1500.7879627349505,1,1.2703094992262232
1501.4721573602194,0,0.6242587771149011
1501.567806226734,1,0.14399998470465575
1501.6098469184308,1,0.7638307207611628
1501.9181275335297,1,0.5454873633442546
1502.1926520734944,1,0.26111801702728465
1502.2887651370318,0,0.006473233833469073
1502.3143466213905,1,1.1883082308528685
1502.4193334492325,1,0.4001485319057045
1502.4444945578705,0,1.2062631527559329
1502.477398084633,1,1.3594744102323018
1502.7077156358116,0,0.14680743696310827
1503.0374020060112,0,0.394782919790127
1503.4040780714301,1,0.22757105040224795
1503.5459735858278,1,1.9355521586157385
1503.6459268737826,1,1.6400062703249056
1503.6744784937543,0,0.08713465652188283
1503.7508657675967,0,2.217740236511032
1503.8204218032538,1,0.551085311837387
1503.9308805289375,1,0.713170117689954
1504.259186014802,1,0.2954260997052958
1504.3145808804861,1,0.581759260188225
1504.461502647688,1,0.3780999641174871
1504.6258641025347,1,0.6145652468526781
1504.6362054342585,0,0.9701902783452517
1504.7425164086183,1,1.0699926794852135
1504.902563033272,1,0.6912647671524038
1505.204190274712,1,0.22349408760434022
1505.304606453273,1,0.010931520081146357
1505.6202854952937,0,0.6320683415384872
1506.4907582483734,0,0.028871523391014085
1506.758964924946,0,0.9388256375262177
1506.9420972859534,0,3.0787194743066215
1507.0043214925345,0,1.839512100164545
1507.0275891923577,0,0.15546800402364971
1507.0788914755642,0,0.2516114355517652
1507.1527335576598,0,6.220426664296164
1507.2785306254284,0,0.16536526788317119
1507.4355630673015,1,1.1794718862382148
1507.4911470928087,1,0.8779184191367497
1507.6415280400709,0,0.7307237882247368
1507.6737190989038,0,0.5079008629302709
1507.7612528950003,0,0.5528926286598799
1507.8736162105206,0,1.2951536118409213
1508.0517940684688,0,0.29250268200196944
1508.0568547330024,0,2.132555924390193
1508.1136693959165,0,0.6767026560923566
1508.1828271665602,1,1.4725448294151349
1508.5230849433995,0,0.38410510137063875
1508.869318172916,0,0.16262943156672185
1508.9141385782398,0,0.7414242906287507
1508.9948317491558,0,2.786106763208656
1509.3569987925061,0,0.6103737592476373
1509.555796389131,1,0.0449216931200913
1509.6749662039244,1,0.5857248359334923
1509.819749279892,1,1.229206774051385
1509.831403874932,1,0.6761177409750805
1509.9273573700273,1,0.42370905848637075
1510.025708927327,0,0.4066525581211729
1510.3128440609685,0,1.897301659965046
1510.4640010603748,0,0.40385628029465104
1511.076833774752,0,0.1964269266579739
1511.1320182073805,0,0.6152864088458053
1511.2417586395334,1,1.0117939750564044
1511.518553222044,1,0.24541161595310979
1512.327632756403,0,0.20857009367179435
1512.6420716156167,1,1.5517327436215569
1512.7661283547873,0,0.02327618676916357
1512.98105348233,0,0.4816455698978637
1513.0745335187758,1,0.35697583848511805
1513.3087670685957,0,0.5434618704724773
1513.340370281541,1,0.14427338482111826
1513.6510762626017,0,0.48253032533674867
1513.7078748940949,0,0.6149145947853905
1513.9271410199597,0,0.4769185528653933
1513.960651117391,1,0.8366439831676367
1514.027239151945,1,0.9060310879766326
1514.6777268733736,0,0.08204181071109033
1514.6881810890097,1,1.6489183943997359
1514.698729356056,1,0.03232339935652904
1514.7599640735648,0,0.12412156507767545
1515.364304557789,0,0.07921355690111236
1515.435251967494,0,0.17883535820118543
1515.504642198149,1,0.33834910484613007
1515.6547363127402,0,1.2143021157684275
1516.379376386723,1,0.3650249233331676
1516.558895343751,1,0.7805713262351491
1516.7473819029926,0,1.0543513166394909
1516.7800705757872,0,2.243367883337605
1516.9425549786542,1,3.1677312307273646
1517.0028420962221,0,0.5534500979736323
1517.0908097241613,0,0.8313522936445147
1517.1166370774922,0,0.40328328281454673
1517.4340872423,0,0.3042952907943846
1517.5083650058289,0,0.9942147975759158
1517.6580957832148,0,1.7274076651757007
1517.785115323209,1,0.5266029959152343
1517.9249768939223,1,0.43641768773983364
1517.9893459390933,1,0.4771083245028172
1518.0185097278181,0,0.4777127893223783
1518.466139242195,0,0.02160246553705526
1518.7147331065273,1,0.7328127476255697
1518.7927559607906,1,0.14305427586027655
1519.4274401328248,1,0.1752356988289123
1519.4634575971397,0,0.034262031341371874
1519.6192322798158,0,2.983823593822618
1519.76168635027,0,0.2659832588601661
1520.0236023493126,0,1.5477343084983468
1520.191455208209,0,1.7791343337018002
1520.2487643674378,1,2.5593974716983547
1520.2563933704055,1,4.283307151657469
1520.2835431202766,1,0.5558338984722856
1520.9055293747774,0,0.7544953288255539
1521.2709921492096,0,0.2595702612749822
1521.355358518177,0,1.0909842540966368
1521.3856038380957,1,0.012230378619920748
1521.7129279169117,1,1.0619255126845373
1521.8204806645158,1,0.40562599006873457
1521.8621956132295,0,0.3384153610180664
1521.8934432146377,1,0.8504891015821742
1522.0030469462342,0,0.9844701533639002
1522.355856107578,1,0.9133056978895628
1522.6971102335754,0,0.9628162115981863
1522.7370894990493,1,0.4388507543450926
1523.47250048366,1,1.6318019455999762
1523.6017278994439,1,2.172697254592919
1523.672338304299,1,0.20237167553561825
1524.0176163748113,1,0.5031534142506622
1524.294080085621,0,0.11104438846411631
1524.308762713688,1,1.633179940430745
1524.416665551118,1,0.2618300629459413
1524.465677382698,1,0.5073436721653274
1524.474986795383,0,0.11167093492856416
1524.521763236926,0,1.3205937442380875
1524.52631457877,0,0.0026851966313992674
1524.7194757762823,1,0.6005054274019492
1524.8731752484434,0,0.7870013256105517
1525.1611568517292,1,0.9167946343627346
1525.2664355925872,0,2.5983376131572573
1525.2688069434234,0,0.027864938141630036
1525.3389765296804,1,0.3301139944798785
1525.559113064104,1,1.2274355477417815
1525.9530233756873,0,1.1957614745317438
1526.0013125712717,0,1.3823511939716457
1526.1131395438817,0,0.09088749094353304
1526.2503943301392,1,1.498336919737954
1526.526762799001,0,0.802709327066142
1526.6675632055867,1,0.12003032137825764
1527.1169165866115,1,0.07263254248624418
1527.1956331744973,1,0.3031311670070789
1527.5478025998204,0,0.3634771190035925
1527.7176486808214,0,1.02309245936261
1527.7586114028318,0,1.77777526963451
1527.9863508597566,0,1.330859074230663
1528.2314045852602,1,1.9824618748487877
1528.9838792248315,0,1.7060258207866632
1529.265453107553,0,2.242464670750432
1530.059427086894,0,1.814495825698851
1530.5144410542523,0,2.634467161256218
1530.7293491151104,0,1.9396960739588878
1530.8448151116131,0,0.7923409747385408
1530.9532973130615,0,0.15463907119353382
1530.9667363654848,1,0.05154330227313415
1531.2984050048653,1,0.35078148506671825
1531.4471810711875,0,0.3504065934156603
1531.7772136667954,1,0.4486755801824549
1532.1055185015337,1,0.951336922089806
1532.2286403502803,0,0.9742663922700545
1532.3630754668377,1,0.5996028128989688
1532.7305915014601,0,2.5832667029163336
1532.741374121178,0,0.06037162360870782
1532.7840942927419,0,0.8131996287887366
1532.8311909712036,1,0.09760478417604924
1532.8331052193985,0,1.2086605198009872
1532.8656690475027,1,0.3000188836078536
1533.471158641177,0,1.1579386316431983
1533.6602675064332,0,0.3480451025119792
1533.891812246388,0,0.28164865448284143
1534.0339490352094,0,0.4750654777308205
1534.4813981833406,1,0.13724726255159983
1534.8642758290873,1,2.827562887092726
1534.8996622092257,0,2.5464431510123546
1534.9262540604213,0,0.013524143510784363
1535.1632531175144,0,0.510710451911204
1535.600273008073,0,0.6078416738010275
1535.7315485978563,1,1.0046403984352434
1535.981404469714,0,0.04713966957864731
1536.0239646710584,1,1.959565833186074
1536.271747573144,1,0.5459053958425578
1536.2835448918747,1,1.6488816172456942
1536.3242733547143,1,2.7231615781892757
1536.564790958909,1,0.6743583843234874
1536.5676954405558,1,1.1282829560417706
1536.6202765581527,0,0.17122157651904854
1536.7025424303558,0,3.845709492486127
1536.7274839705483,0,0.6688042878140875
1537.0909841989649,1,0.06177172519199279
1537.166240741809,1,0.5089912991850183
1537.3781945673668,0,2.334164801849765
1537.6770134713167,0,0.7670231086420992
1537.7354627513268,1,1.4668103296426505
1537.785237002979,1,3.299472292744803
1537.9093201307105,1,0.17429794408947233
1538.1196917508814,0,2.217246468537331
1538.139535377503,1,0.4052044123261292
1538.2741843374645,1,2.7410799894225173
1538.3327805674198,0,0.7664313164481248
1538.4876411093098,0,1.3532628486178337
1538.6352201244895,1,0.9639005843703018
1538.7734812711299,1,2.771260506789416
1538.8856471040951,1,2.7281129086419584
1538.9110695748884,0,0.9923067369426619
1538.9384955202445,1,0.2539496580620052
1538.9687067319444,1,1.129831202665923
1539.2128231203028,1,2.3727984997091043
1539.3303012319523,0,0.1364217454033929
1539.4028390194173,0,1.101094202635032
1539.6827405635227,0,0.3551331049525579
1539.7030616339746,0,1.0044621804161256
1539.7210003916498,0,1.2265970703066698
1539.8908294204944,0,0.6327205012764294
1539.950029320772,0,0.10948947691727696
1540.0846039400747,0,0.07853893696767836
1540.181387991054,0,0.6108052656285292
1540.2015110246525,1,0.7266416765105889
1540.4283247180358,1,1.2399756463946678
1540.5740905378739,1,2.4873590846938773
1540.7770728582843,0,1.6628980641790314
1540.8135290328073,1,0.5100161273152014
1541.0357142985988,0,0.2863556237437545
1541.1015249522522,1,0.6584563754598978
1541.1714432515107,1,1.0344584362912856
1541.3174519558522,0,0.1659340362326118
1541.6904408341582,0,1.1859726767919667
1541.735287751594,1,0.05647042405426436
1541.9360694106736,1,0.13329798184796682
1542.1725122901987,0,0.2800608286652415
1543.0173613820227,0,1.3021654426462381
1543.0524612371692,1,0.01984375741530229
1543.1330914466992,1,0.9485541007207007
1543.4820657663097,1,0.6778933155861802
1543.5275721853266,1,0.7578131145628512
1543.5540487486978,0,1.0529336065858368
1543.7354093060926,1,0.9953569623754939
1543.8771705399895,1,7.317020966770049
1543.8817838992265,1,0.9882141606851772
1544.0377183636176,0,0.011791105894373571
1544.042500411976,1,0.07161527269150059
1544.0609688498596,1,1.0941431167242777
1544.0787989176442,1,0.3420994918792419
1544.0839400615903,0,0.4354404325038255
1544.2561733324833,1,2.550430748020429
1544.5957528445913,0,2.6412641852332386
1544.7414775342725,0,0.6722922005411052
1544.7841975263723,0,0.33038055635072267
1545.2667155338543,0,2.5187995806948216
1545.3143447111227,0,1.7638120012677958
1545.6269701069086,1,0.3507513646819958
1546.574591321398,0,0.6753205869229637
1546.7840546483308,1,1.6912468887082182
1548.1218357790997,1,1.5236064689887128
1548.2367474724188,0,1.5709390625117026
1548.357181161131,0,1.242861116363967
1548.362680549838,0,0.3744430264559433
1548.545594162737,0,1.1829122915655894
1548.8751184245232,1,0.1874699812073198
1549.0581631597925,1,1.3837215392646596
1549.2768240291175,0,2.332940816448077
1549.4142129391448,0,1.0118851112411698
1549.5539220308242,1,1.2985351890722305
1549.8428723457157,0,0.18851908750895985
1549.9686895294892,1,0.13082716769155708
1549.9713844920127,1,0.46295279152522134
1550.1085380268335,1,0.6486151454806861
1550.6749567630902,1,0.05679426761420426
1550.7678086846129,1,0.015243776022440723
1550.8889291693954,1,0.7256841952824652
1550.92731112782,0,0.7095029133998706
1551.0366224498669,1,0.4091658191829713
1551.056973231753,1,0.4241296392444098
1551.2507132845137,1,0.28521744522390546
1551.4001075608492,0,0.42794682428155606
1551.5827246263455,1,1.7440040290852798
1551.7214147475336,1,0.06319279290018381
1551.862211032981,1,0.011710376220466069
1551.9157451871156,1,2.43663329485203
1551.9909382227181,1,0.23601251683146363
1551.993957806775,0,0.1940715459582384
1551.9955016673644,0,0.20016787653422882
1552.3684684476048,0,0.0010299436652103948
1552.5903158764327,1,1.1886896313319921
1553.016378365363,1,0.877392336143012
1553.456576329589,1,1.4100960170466683
1553.8231636887724,0,0.4359103312756159
1554.2004942815267,0,2.9751988250668786
1554.2042167472152,1,0.6817143566576479
1554.3485104131119,0,1.1728489609396135
1554.4840702991978,1,0.26163668531157896
1554.7956396548482,0,0.6113802399768394
1554.7975208269409,1,0.8902150080124402
1554.967209929882,1,1.4312885753871067
1554.9929445672867,0,0.5733145633601682
1555.049159598711,0,0.37096142521431397
1555.055128546109,0,1.263748995326586
1555.4578323260853,1,0.21605730743762336
1555.5299794982373,1,0.2152534577731791
1555.5725882611353,1,0.1139644513475912
1555.747791798845,0,0.9759171476773414
1555.8158944763206,1,0.06649211880161866
1555.8618690944832,1,0.04297099272147483
1555.8717754686068,0,1.6334594601445656
1555.986345735492,0,1.3440362204193776
1556.121420025016,0,0.8639618741828247
1556.2905648054007,0,0.31744935178282835
1556.4849982012872,0,0.8048025356496309
1556.5009880763332,0,0.4985595741562301
1557.027276640536,0,6.406018120601508
1557.0693818301609,1,0.16964361648948192
1557.1293830200457,0,0.2328157149721441
1557.3607427991062,0,0.35630340395223575
1557.5346684957135,0,1.1512163398841329
1557.6647014666796,1,2.075480405683065
1557.7677660537836,1,2.4968899826537814
1557.7913295759265,1,1.0566374449619729
1557.87342138893,0,1.1295143830973804
1557.9404815207968,1,0.32205730362826834
1558.1058718714696,1,1.920698038465254
1558.153942986301,0,0.1265972514513165
1558.395018479152,0,0.35054280400517907
1558.568403555659,1,0.7692110295350197
1558.9621871854886,1,4.382179173322015
1559.2978755815423,0,1.4681875048525577
1559.9030707879756,0,0.014174044025404337
1560.0531981195074,0,0.08004863483927349
1560.3769903763675,0,0.22517973246767295
1560.4183765802827,0,2.2284598335189023
1560.4604317424814,0,2.8800344561884454
1560.4973627302577,1,0.17901756417084286
1561.0468571895578,0,0.30712222174193504
1561.0801566727991,0,0.9077837149489323
1561.1222845384334,1,0.7131891700712449
1561.1669700469633,0,1.8821133118263897
1561.2399714896665,1,0.6734085189903207
1561.398536503588,0,0.6777284073441816
1561.413092880681,1,0.0885881049223176
1561.7016811933784,1,1.7821608773648474
1561.741238054989,1,2.7245870485159904
1562.2249227644602,1,1.34181483558264
1562.2265645711184,1,0.5480807871490259
1562.2819549342569,0,2.048274272745861
1562.327221558864,1,0.5997606800307178
1562.4550297080866,1,0.09948866341266795
1562.696547455009,0,2.920546054571862
1563.2006652475536,1,0.955220507280781
1563.2557230727707,1,1.23752145217067
1563.395850253595,0,0.0035301262444997045
1563.5061088291684,0,0.125531433537084
1563.6338388115832,1,3.419130744997547
1563.839157801249,0,0.7974956926910591
1564.0142977213643,0,3.263997810818444
1564.3389721456144,1,0.38526914859849815
1564.3786421260581,0,1.1815827782949033
1564.4110116201348,1,0.1663172687639457
1564.7385228085457,1,0.23069436374626126
1564.8958516668579,0,0.8409862153984129
1564.9196174500723,1,1.4393526473349945
1565.1149945494558,1,0.40625127428623975
1565.3560453756022,0,1.297513803101364
1565.3822701332529,1,1.7792190571022994
1565.3939028808236,1,1.108508242465634
1565.4382119613504,0,1.238720458195868
1565.4514101219079,1,0.03775964908170267
1565.4544570061717,0,0.1648958139183401
1565.4911643605187,0,1.5598063737693992
1565.6118937360256,1,0.682962035786378
1565.8933570741567,1,2.460317567858693
1566.0002436551881,1,0.2882818240676387
1566.129199515893,0,1.3784853493845743
1566.1660269372624,0,3.6384067386785413
1566.368460893496,1,0.7731795333280509
1566.38653225899,0,0.38823680219212275
1566.5511544713602,0,0.06758228499611103
1566.7732016036132,0,0.04541730905631698
1566.8902073201907,0,0.8367909275067177
1567.5304206036208,0,2.098462944899809
1567.6272867030698,1,0.7955923696245722
1567.66304060444,0,0.02507744717622805
1567.8076916581053,0,2.1222073688220746
1567.90376792839,0,0.2057509566460639
1567.9117599499148,0,0.47228573841009064
1568.1751474232751,0,0.3351959874112666
1568.416508866456,0,3.5134668413442647
1568.497855026808,0,0.22651993188773772
1568.6164474955706,1,0.8888626251222606
1568.9909358161533,1,1.1008844168702399
1569.0468858996628,0,0.5947752381019434
1569.0659405146591,0,7.059597532951316
1569.1919408231688,0,1.8231653521598656
1569.4705428422672,0,1.7969101114234531
1570.0226864473716,1,0.021003326314922886
1570.2965501204515,1,0.4339825103126534
1570.662510218635,0,0.08079899130848585
1571.1502284049716,0,0.6011023058673323
1571.1714536533707,1,0.37267606730694774
1571.298044203856,0,0.27169216485604425
1571.472252600384,0,0.01590402585247307
1571.6673223184537,1,0.6545272466346557
1571.8027278809789,1,1.0422977973049654
1572.0373484554584,0,0.5442651277784335
1572.0665840675201,1,0.3238352479728079
1572.2502461873735,1,0.44548007141851864
1572.2756994837134,1,0.22298029476552933
1572.9140926610696,1,3.7706823815216275
1573.1227116520242,0,0.42381767228644496
1573.207306360453,1,0.18475582200967583
1573.387867493253,1,1.2118594702560206
1573.388816402147,0,1.960089383966981
1573.4015710229953,1,0.06801081791371799
1573.7771825339034,0,0.7533321850451465
1573.9679143602523,1,1.8829628478950151
1574.054219756408,0,0.3688607888028233
1574.0698342935427,1,0.12208693663440838
1574.2420406849624,0,0.0456232894200661
1574.2430234492015,0,0.3161930848826373
1574.528449714677,0,0.9778135301148175
1574.9651289642493,1,2.359607445790634
1575.1833167631378,0,0.8782565275478088
1575.380842556385,1,1.0625204064550964
1575.5691855899574,0,1.3659144775216026
1575.6773133930674,1,0.6204615589854018
1575.7061768967158,0,1.6783709533494855
1575.9591091721275,1,1.6471312112755807
1576.2049636386528,1,1.883431906395915
1576.4032280967676,0,0.5270664455609212
1576.4580662923795,0,0.004064166241592912
1576.6663867768752,1,0.515970154240955
1576.6669893441956,0,0.3417558093218504
1576.9034971741687,1,0.7066849338767736
1576.9986757822628,1,0.925946971892493
1577.065991096156,0,0.05451533139703371
1577.2108403975908,1,1.1946639469952676
1577.2243150299678,1,0.3763217033016446
1577.424285489331,1,0.14562082486859165
1577.9947231962242,0,1.2133426711453976
1578.0844379062123,0,0.18171158184103114
1578.2506818660625,1,3.4912529063763764
1578.2641258606386,0,1.213203954453114
1578.7370330790511,0,0.12233256586824758
1578.7459125195091,1,1.9449407878537943
1578.9368101871587,1,0.550035987885474
1579.067318115857,1,0.27060188012257813
1579.1487019944484,1,1.0614840636804672
1579.2527766193841,0,1.3087945770114147
1579.7421462213297,1,0.3186787958621112
1579.79499447443,1,3.559636605109786
1580.0749431234135,1,1.7250625957075363
1580.1374938124193,1,2.1531210767892466
1580.249121361493,1,0.5862525883050024
1580.412311076513,0,0.18110775496681772
1580.6151240147585,1,2.2025184296109486
1580.8578992530681,1,1.2457704775931528
1580.9996790791504,0,3.2467643853631927
1581.1937640373806,1,0.2982188843400485
1581.2557839496337,1,0.10310242789098387
1581.3509277935873,1,1.6082264045933297
1581.4071698193318,0,0.4974690408434462
1581.4329089696846,1,2.8990920452386457
1581.6776907151798,1,0.21939481937384767
1582.0716383567685,1,1.199682158121392
1582.1011431036598,0,0.1145491563643808
1582.245608997564,0,0.2555468164937069
1582.6630958817275,1,0.9830769010358287
1582.6869579596919,0,0.43848074574542595
1583.1114347581615,0,4.08346981849532
1583.2882248869057,0,0.39198457998683
1583.7477762415947,0,2.2007742852839995
1583.8524647988345,0,0.5325879059474391
1583.908848572369,1,1.0488865406075294
1583.99564198055,1,0.13030517416216839
1584.0239447083634,1,0.45030493846934533
1584.1703112359005,1,0.9488272264060594
1584.3133348629851,0,0.44411891039026963
1584.6229721138975,1,0.5051310968584861
1584.694006871693,0,0.011810615647718983
1584.9511825760355,0,0.7806698650034751
1584.9756566579479,1,0.9851374941401099
1585.1096987961664,1,0.44989195513815
1585.1492050736229,1,0.15495854989471985
1585.1832976931469,1,0.08342682356550601
1585.2720366857156,0,0.16090741983568432
1585.9778025601638,0,0.7567114695087499
1585.981754370265,1,0.1002460515411386
1586.0473243052106,0,1.315573108418112
1586.1404224053492,0,1.2163374796730457
1586.1932643017094,0,0.05730789404874919
1586.2274529161493,0,4.513071394104456
1586.7299199004328,1,0.22400535287251988
1586.764954082046,1,1.480521949305894
1586.7926371492829,0,0.5355360068978767
1586.814434881762,1,0.9728139777100193
1586.912316021478,0,2.7529462032605254
1587.0126287222593,1,0.1893320859615629
1587.0989122122667,0,0.19970349745420665
1587.1412301708385,0,0.2846533077885874
1587.2931492702678,1,2.290971322784253
1587.695100670002,1,1.755813199489992
1588.22225176151,0,0.37423847329032783
1588.2982811151505,0,0.09766390293224453
1588.5231209470894,0,0.005595240093688395
1588.8404783189396,0,0.1643907680864381
1589.4999204190779,0,0.1340748703481652
1589.7221424048143,1,0.6704419609343608
1589.7813718045447,1,1.5741173704967728
1590.4888187855654,1,1.2078123618107948
1590.7845189730926,1,0.8180733713329378
1590.791550111319,1,3.3809569236233243
1591.107402611647,1,0.1409096760753825
1591.3664702808928,1,0.2527233566634863
1591.6371281400425,1,0.3128455476668829
1591.7658952892784,1,0.6508343568827083
1591.8581771817212,1,0.002766554206640075
1592.6802535428278,1,2.3517060735943662
1592.9266087971557,1,1.0298833795300721
1593.0426013418587,1,2.3852445652401832
1593.1874564429845,0,3.134334885477151
1593.2635089194696,0,1.0687218220266304
1593.4675328807245,0,0.3111913515490777
1593.5328268793385,0,4.690787092406854
1593.6548109442122,0,0.5561690303318567
1593.6921322140206,0,3.321005263860864
1593.767701920146,0,1.5270844020120606
1594.0776871468809,1,0.06964799095171738
1594.1506059600374,1,0.33864009080705315
1594.9744962437244,0,0.864951770600157
1594.9969256790616,1,0.7133626743482429
1595.1156107696718,1,1.006634503949361
1595.198875114006,0,3.0437116961949995
1595.2599882078994,0,0.9334177486184108
1595.3142970141746,1,0.03092455852618906
1595.5217049242654,0,1.5090394857301643
1596.091233410863,1,1.9931365095373228
1596.2369601218336,1,0.9430622291499277
1596.470294644035,0,1.5253125015515565
1596.6153482255377,1,2.953945688768715
1596.661004324189,1,0.28174888133017245
1596.7528080492211,0,0.15589116117289142
1597.4185230485718,0,1.2412815480494181
1597.7347038837488,0,3.5296875487621593
1598.482227964228,0,0.2301263389165891
1598.7729975274372,1,0.0062447416242284275
1599.0869459757025,1,0.5579957125361288
1599.4005887397454,0,0.1798692125269323
1599.7878835182826,0,1.4519858206851612
1599.8281440793205,0,0.8094611098727941
1599.9727595045915,1,3.939089886176833
1600.532640045692,0,0.08156095141552296
1600.5563154181573,0,3.2093094760893037
1600.6726740332322,0,1.0679118971632946
1600.6985667596887,0,0.20277775764192116
1600.9824929487322,0,0.1551226462356503
1601.0654744446542,0,0.025335315165409572
1601.1528725984529,0,0.07406976366677553
1601.6725007098369,1,2.0651117862622153
1601.7368974223707,1,0.5746425020851471
1603.0127412711577,0,0.729490068865228
1603.0264430041766,0,0.264461939607374
1603.3280886131224,1,0.10632551628256574
1603.615844320817,0,1.447057832379565
1603.627709958151,1,0.8392084820956021
1603.946351140979,0,0.17547325382685988
1604.177832239107,0,1.5480809269180231
1604.240768594925,1,1.3700356658994977
1605.0437639918475,1,1.3270794183709809
1605.341646843263,1,0.42430889213595185
1605.6927081159604,0,0.13256747239449262
1605.7762278734958,0,0.06461995050989965
1606.0619025306871,1,0.02986577936737136
1606.1112515993188,0,1.408862582247276
1606.2056743557232,0,0.9905420940110207
1606.5828495862704,1,0.022574752394355774
1606.7132935090099,0,0.4852388751525885
1606.8158127014085,0,3.141020016396096
1607.5023704083671,1,0.6312432289563908
1608.0555908826677,1,0.10775373411317699
1608.0920135917445,0,0.5638642106186653
1608.2333145868881,0,1.5289530345500504
1608.472735089204,0,2.120242156317678
1608.951971158816,1,0.6902459726016279
1609.0150100668127,0,0.04853139891184307
1609.259965327748,1,3.0211066137376736
1609.2682046308462,0,1.2055073430553007
1609.5253775437682,1,0.5560479913266398
1609.5639217975338,0,0.7090838273799036
1609.6799659592793,0,1.1842999122763913
1609.892410356545,1,0.023123438481302053
1609.8989686046211,0,2.1133979967044128
1609.9935192693501,1,1.0982442137121167
1610.1664694211904,1,1.1029524731989615
1610.1914179821993,1,0.8770688099051059
1610.2000489973047,1,0.4605084400091627
1610.25815190392,1,0.2307788899057882
1610.7652870658494,0,2.113434767390107
1610.7831533569397,1,0.7039364410258127
1610.8922893870636,0,2.294094223470309
1611.1061796896727,0,0.6673665923237388
1611.1735949601584,1,0.79710524444412
1611.198583297347,1,2.0645840825051116
1611.2077935502327,1,1.7662143585749972
1611.252162543944,0,0.7196095056349006
1611.3720324622757,0,0.2297176564897551
1611.6301940743242,0,0.4257473268887003
1611.759594509357,1,1.680447842966341
1611.9180205552257,0,0.045832474376579134
1612.015248974095,1,1.8807098148996941
1612.1129429656269,1,2.114946972016503
1612.4724515048306,0,0.913266983861513
1612.516974555885,0,0.11840839338680545
1612.971461038761,0,0.1345922539408343
1613.1892915288468,0,0.05120975109794144
1613.5071842703867,1,0.0757916241751146
1613.5184679889853,0,0.6951824753572631
1613.6412570708821,0,1.4836989006109087
1613.6846367178553,0,2.5180581018613646
1614.009393823244,0,1.0031950974327994
1614.2394694222846,0,0.6140301579029759
1614.298664768858,0,0.4594681339015622
1614.3526504445445,0,0.02644695080575221
1614.4564761865647,1,0.9419313738795766
1614.4892689251124,1,3.6160721597240046
1614.6092576339915,0,1.5775627621310733
1614.6624484454724,0,0.19967727305928015
1614.6787292544911,1,0.8102580154489993
1614.8239976759457,0,0.18460556852787643
1614.8444483835615,0,2.7250409207014803
1615.3184922582107,1,1.1881469777045923
1615.4400969633143,0,0.1780163297125824
1615.6805725800828,1,0.10059975452546616
1616.0470377747804,0,0.9502173503226362
1616.883055780519,0,1.5982748727929252
1617.0208134353063,0,2.8630779787553102
1617.0387619591584,1,3.136102770431787
1617.2164473532887,0,0.49622564849913475
1617.9418427926448,0,0.05521215400119746
1617.988310518867,1,0.006826125163929409
1618.1532204100295,1,0.9995452243691261
1618.408978604408,1,2.5608018289155616
1618.891110635701,1,0.7965181088548791
1619.2504403326186,0,0.4004550330017605
1619.345337538282,1,2.918373723293755
1619.4136869704923,1,0.8058193075652844
1619.5775909130768,1,0.12233220862895225
1619.5840991789137,0,1.9940829227984056
1619.5963022512117,0,2.8188655811022048
1619.8862916405783,1,2.478154097017123
1619.896317927822,1,1.1699916021002772
1620.0923961180995,0,2.6816312524369694
1620.1814263763229,0,0.856458076698828
1620.3119755207829,1,0.08921009084146579
1620.3610528214062,0,0.06091776784173157
1620.580864825093,0,2.3907740188724005
1620.6218885905648,0,0.9962862015998022
1621.003816978657,1,0.4158237230467386
1621.132031369667,1,1.8969065832644354
1621.1840681039905,1,2.22340809827288
1621.4722295694264,0,0.48507663210475915
1621.570026102273,0,0.699697815461196
1621.7400554192764,0,3.447989734916429
1621.8379875141138,0,0.678073932160448
1621.9376085826318,0,0.5674502245208946
1621.998095610373,1,0.05340702460821997
1622.4124898207258,0,3.098936899542158
1622.4275890071171,1,0.13829809085649625
1622.469008227745,0,1.0042403231300527
1622.5105901390211,1,1.238458207138478
1623.1599711097874,1,1.5208735381358869
1623.1989498671942,0,0.5198830210883109
1623.4414198392667,1,2.5229164821669174
1623.6630589625593,0,2.4151680390143824
1623.78932511435,0,0.24704117437797973
1623.828243306742,0,4.124772549234849
1623.9046902768007,1,0.7979125941389186
1623.9526583888623,0,1.327970391059419
1623.987369524883,0,0.15904849955027078
1624.1155333863678,0,0.0167803067652472
1624.1224423914528,0,0.4892174122262654
1624.1507460587657,1,0.17597586861523895
1624.1723773179403,1,0.9327569141307456
1624.2998403302224,1,0.9942817725224675
1624.354689593139,0,0.9863621594390618
1624.5347058444854,0,1.2959012329155337
1624.5830048347811,0,0.1318381749240258
1624.6137051217684,0,0.6096662803900873
1624.6655581906755,0,1.9075653793575282
1624.6857730077245,0,1.0020093185665901
1624.6901833204597,1,0.024009483216315287
1624.7546024526107,0,0.05613346981872503
1625.0097275213966,1,0.566617455382573
1625.1117910815144,0,1.0945128359152017
1625.216873956449,1,0.18595449222745053
1625.2580433557198,0,0.12664935310468478
1625.3602105557618,1,0.8023004027677297
1625.3886918015544,0,2.762071463064451
1625.4466324258735,1,2.0655288323480074
1625.58206852753,1,0.9265171577170555
1625.9597103677568,0,1.1735605288645172
1626.1476600767712,1,0.09992692862410996
1626.42843255352,1,1.2402282634247523
1626.569894169856,1,1.971741987178377
1626.6225701105466,0,1.4350305431028565
1626.902189712201,0,0.8256041489981997
1626.9282848578243,1,0.7647952922594137
1627.0619072298157,1,0.5702425695331853
1627.4080534467194,1,0.8536533309002025
1627.575617145474,1,0.21665830097332822
1627.8169017064645,1,0.9192669079766992
1627.882790734473,1,0.16511767582463283
1628.0563680413034,0,0.8527455363888019
1628.0850103751081,0,0.10072877042956914
1628.3211914287729,1,0.5274727195577408
1628.6606270616173,1,0.014352345897632467
1628.6775375923346,1,3.7078940332648695
1628.8249971996277,1,0.2979272929401183
1629.0396811959467,1,0.37676081557071844
1629.1468629118626,0,0.05315078072604385
1629.1768111618367,1,0.02693076515547233
1629.4833768477472,0,0.8566302008506257
1629.5921392717723,0,0.4928582769440779
1629.8136773848132,0,0.9789689639807275
1629.8790816537032,0,0.8353425269991749
1630.2564629308886,0,1.4441311804617112
1630.6586471528126,1,1.3321285541589818
1630.84304104468,0,1.6509710348311981
1631.0059098931292,1,2.2102719322882245
1631.0469222525542,1,1.1613013956840412
1631.1506732137395,0,1.1353933112624393
1631.4113349836891,1,0.521533589345463
1631.5622958062318,0,0.5225779163320975
1631.588244473394,0,1.3046127932095388
1631.9894496824395,0,0.03612547681890454
1632.2381954321518,0,1.1077743483545053
1632.2550122470475,1,1.1650539022972788
1632.3819043374906,1,0.669807176495301
1632.4852311219001,1,0.1829015423755463
1632.4974903492407,0,0.3803116055086596
1632.660721463865,0,1.8212902371717155
1632.8336530823979,0,0.7396012892648375
1633.3613472498678,0,0.2583712962544657
1633.6042968401587,0,2.252581482374072
1633.79828186863,1,0.11673159450837907
1633.8796657256155,1,1.9319534827231222
1633.9021243344375,1,0.6028902053809282
1633.9371262330963,1,0.12123272458057587
1633.9995737203544,1,0.08703019757293354
1634.543829743908,0,0.14994694013480744
1634.6427455934115,1,1.519558309627037
1634.8516961138746,1,0.2899760839538211
1634.876626141346,1,0.4618729407824075
1634.880717283886,0,0.5770255607591261
1634.892597345364,0,0.5453194741671356
1635.1818679214398,0,0.012779649299202785
1635.188131791116,0,1.3973126111636698
1635.3625762542106,0,2.0220229991941614
1635.8250041049985,1,1.9727498118495002
1635.861459453952,1,1.718160646383794
1635.8928999476934,0,2.230909630244247
1635.9060941159473,1,0.4134542431527119
1635.9859136798093,0,0.4195515290799054
1636.02254008685,0,2.492886474486464
1636.4210862522352,0,0.48119875356336805
1636.4859872998766,1,0.02665318465895359
1636.4948438971921,0,0.36342398109160734
1636.7031493063155,0,0.6609992207597543
1636.729988946186,1,0.30703875264116454
1636.7452956746674,0,1.7774256605937497
1636.7801113463147,0,0.5022890038433309
1636.8665341635783,0,0.11312138594212402
1636.8734408732344,0,0.02781331614877054
1636.943281252888,1,0.10356806791491996
1637.0302291285225,1,0.11777742112918543
1637.078051544547,0,0.24646104889891315
1637.2481176708852,1,1.2825474937916985
1637.4414440808619,0,0.6444433147052565
1637.550335750211,1,0.5806076813509814
1637.7140631701134,0,0.997670284275016
1638.284083310454,0,0.3344335482441802
1638.4229383256331,1,0.34684629687989943
1638.551381334655,1,0.059261943101266375
1638.678840602918,0,0.32411776556735056
1638.6944162516058,1,5.257130635140303
1638.9014992639536,0,2.3192249705287535
1639.229068342118,0,0.48061852961846274
1639.446709912544,0,0.03195615702843533
1639.7865453821012,0,0.10436184633616849
1639.922465464468,1,0.6604390130843962
1640.2378425324853,1,0.25395057198020626
1640.4184542648275,1,1.8779221918678246
1641.9187633230079,0,0.9310399872062844
1641.9255181616227,1,2.880403490109795
1641.9274187556741,0,0.5194408464976831
1641.9764959992583,1,3.3740915896000323
1642.028216983155,1,0.8082163483758421
1642.0522460172847,0,0.1283636260058004
1642.1644808533658,1,0.6008807407956599
1642.442838099377,0,0.48630295516191857
1642.63655789811,1,0.5067358796254067
1642.6694110383137,0,0.11016074511857331
1642.7410335453721,0,0.29934259890621634
1642.7742094977318,0,0.7890190422008809
1642.924330009462,1,3.062836137346665
1642.9323966237523,1,4.56561471499922
1643.1781448820118,0,1.1892316450703029
1643.415334333831,0,1.2550056280673887
1643.8488814923767,0,0.008992164169266667
1643.9187546868113,0,1.729592123866862
1644.002599678407,1,0.16017929283887675
1644.1817765399837,0,0.352504683120708
1644.517351813266,1,3.2673318961469913
1644.8085983042627,0,0.027530450877684583
1645.3777528548242,1,0.03782428095208883
1645.5987947392457,0,1.8358902317881463
1646.0200237534489,0,0.2190313216714757
1646.420814383114,0,0.5720276542028097
1646.8366983222036,0,0.6760688009816955
1646.8483183738183,1,0.8912150854898373
1646.8553643206521,0,0.42523381592816933
1646.8825093861192,1,2.148999783707498
1647.030796948559,0,0.23694462853284856
1647.145090434591,1,0.444608935869415
1647.2880409048948,1,0.3510936612391595
1647.4037584647097,0,0.3836782131719758
1647.4466326980835,1,0.28107993528424796
1647.6182035220525,0,0.5294168512020178
1647.6666669952137,1,0.14662903751672188
1647.7050066606291,0,0.8660352176036095
1647.9630680998978,1,1.9685180748134232
1648.1078489304246,1,1.9050385570127124
1648.1510488887993,1,1.8363106987776687
1648.2181753879634,0,2.207105903351444
1648.401860342936,0,0.08481069411583075
1648.545541039458,1,0.22902716551363306
1648.6377836247818,0,2.159777132212543
1648.8835207583304,0,0.3946852678330826
1649.1155155120452,1,0.4152304901818293
1649.2315128468433,0,0.42586171250600824
1649.339386666509,0,0.1763074130947036
1649.4320597132378,0,0.32660892199913005
1649.44030828096,1,0.10473195437810406
1649.509277292616,0,1.0609665077552999
1649.5643558941522,0,0.8924894893742936
1649.6764329383552,0,0.2982872788339147
1649.7016301775548,0,3.0568273650110616
1649.852428839705,1,0.03583731845890749
1650.2293773387362,0,0.13554859907465608
1650.2624282891659,0,1.0275101163265916
1650.2632516864403,0,2.194706952186516
1650.7102434221997,1,0.7415331453839791
1650.7701647176493,0,0.09605618363151139
1651.0427531848652,0,0.5267693420319587
1651.1635269478668,1,0.11065467594841523
1651.2957825129904,0,0.6783852785392375
1651.3493621079833,0,1.2573869291360291
1651.4261321330873,1,0.7106341961324808
1651.5557900789265,0,0.13926203555683828
1651.7968789433658,1,4.654204037195367
1652.2589395726889,1,1.2916790051961888
1652.547072431048,0,0.13391600446990737
1652.5701398413912,0,0.15240175399058217
1652.5800775212454,0,1.69459418674274
1652.6988484831766,0,0.18860012835521817
1652.7535026997978,1,1.9537448412189866
1652.8118215329666,1,1.8978744798350677
1653.6485674496487,0,0.22392153259439293
1653.7571057403202,1,1.0832008125530777
1653.9597923505776,0,0.38491868950052144
1654.1446116528834,0,0.10616566724516194
1654.1459349069821,1,0.5349617122034483
1654.3768678782628,1,0.297626241862831
1654.634976201663,1,1.5130081065956116
1655.3045538243646,1,1.5389974048857795
1655.4298014687129,0,3.2666377747366337
1655.6690588278514,0,1.5683372406074019
1655.8152723777205,1,0.21384688169652794
1656.0132571721713,0,0.2810798348093229
1656.2932656484384,1,4.251478843011404
1656.8790670292396,1,1.4266803938174317
1656.884628793487,1,0.0017095547319475415
1657.3866803376995,0,0.025477335346402473
1657.5951849594671,0,2.0756344665833635
1657.9363329583466,1,1.5576539344953708
1657.9853602650155,0,0.9636216079228468
1658.1154119149833,0,1.3952711742246875
1658.1381134913354,0,0.2403359914867267
1658.5561430090431,1,0.377897045521915
1658.7450561494409,0,0.18265507095465877
1658.8136314470912,0,0.6491535844790306
1658.8780772307332,0,5.227453614911572
1659.0627489352937,1,1.9158751651752843
1659.2152876177836,1,0.6620982047441831
1659.2664832958283,1,0.8286599295282888
1659.289778227727,1,0.13004486261629683
1659.636444102054,0,3.4957909823462776
1659.7104753136293,1,0.23791625474061717
1659.9848979053675,0,3.6941783826375487
1660.077560030136,0,0.3998797372661063
1660.2044083916967,1,0.1444422565800872
1660.4061362721309,1,0.9167984201961312
1660.6228223147632,0,0.25673141592628407
1660.6861602658926,0,1.5695892092376253
1660.8969187805994,0,0.3236611887032426
1660.9142857859447,1,0.8438878331439809
1660.9284402987553,1,0.9762979831134359
1661.0893331293935,1,0.538904612736469
1661.310928615391,1,0.9646945335719734
1661.356547367882,1,2.8363366822681426
1661.5882015272632,1,1.133982043925569
1661.6656845483574,0,0.582186767096189
1661.9906060731387,0,2.0927831506996983
1662.4355464398518,0,0.40139039791209974
1662.8267892825716,0,1.1982222527666975
1662.9466350953699,1,0.8028651223870831
1662.9923460777331,1,1.8357288022614877
1663.4391114880143,1,0.9317951034080156
1663.9601676171421,0,1.465132842022892
1664.0520971913497,0,3.4158049740771212
1664.2541873197822,1,0.9477541610237458
1664.3106200189104,0,0.4918029473157733
1664.377816351629,0,1.405867843613283
1664.392671459931,0,1.6992520443844406
1664.5216403412644,0,0.6089861677422523
1664.5522496113533,0,1.3622047617776771
1664.6294320008371,1,1.0190594314457955
1665.2055443792315,1,1.1104445987514737
1665.4533429386188,1,3.842524022809016
1665.8064232933784,0,1.968599356173395
1666.6629043976743,0,1.9316050322841853
1666.9197814719216,0,2.5215609968180894
1667.1957591484356,1,1.7762432557808459
1667.2503467751255,1,1.7364345564552497
1667.2569922211612,0,0.17603831148317245
1667.5513793978248,0,0.20458113019980476
1667.6515079361152,0,1.0461841305652704
1667.835338201381,0,0.4753105030616269
1667.880306381358,1,0.0500939283041396
1668.0962579491227,1,2.5060160915061336
1668.1960664385488,0,1.01442456564689
1668.4788408123377,0,0.11118324886373843
1668.5306870950028,0,0.6361232705283707
1668.6714263317674,0,1.5253413590538583
1668.7332884080931,1,0.17606234684780575
1668.883239842481,0,0.9400548944661721
1669.134813380852,1,0.056179380396442616
1669.7998077472932,0,0.12643118348171098
1669.8356638973846,1,0.03427141755227412
1670.0677305863085,0,6.937894612237182
1670.2412288925411,0,0.049109368175997356
1670.8945589598982,0,0.900723081088545
1671.216491001494,1,0.2900319493677716
1671.2619336034818,0,1.4816749963126374
1671.599985288301,1,0.554640918697942
1671.6786295506458,0,0.9020600927982029
1671.7365569100582,0,2.5110349188981225
1671.8485859393404,1,1.000148997725856
1671.9995111382323,0,2.131444560317187
1672.0305970561437,1,2.1850738859587993
1672.0998887425212,1,0.05503775015363578
1672.1472724152118,0,0.6945970486696798
1672.2667490399715,0,1.2352880124709538
1672.6581461290787,0,0.37023641945047037
1672.6936513333255,1,0.11709817502243547
1672.8998386326837,0,0.9776270076905877
1672.9831190609352,1,4.36262923492825
1673.1580146210258,1,0.8096909802146863
1673.4923716872759,1,0.42616147723090486
1673.60813651534,0,0.4788180658743261
1673.8099323889503,1,0.21983876752303802
1673.876496976393,1,0.053194271520263695
1674.6700486041377,0,0.29892338610424746
1674.7956739516153,1,0.4842469571556326
1674.9687031272454,1,0.5441475774084721
1675.2327842401369,0,0.08970297058674584
1675.4185363142321,0,0.41215600185065676
1675.7322146690694,0,0.5184228144176268
1676.1658885583156,0,0.2421694082570729
1676.2163033983466,1,0.45600185169385865
1676.2318847888366,1,0.24117272788760125
1676.83811400979,1,0.10724647494768572
1676.9035131469325,1,1.566698367125515
1677.1105057955438,0,1.1181029420441284
1677.1306608223917,0,0.47155332715991244
1677.184697138987,0,1.6839373884280808
1677.2074640424296,1,2.5682590801343634
1677.2488451164998,1,3.210151623033636
1677.5986556139917,0,0.2485601465630182
1677.7949620914476,0,0.7079525208504317
1678.0400237245797,1,3.2814732859042874
1678.254097251693,1,0.1331458514839821
1678.2881129648745,0,4.1748837818461055
1678.3686176844756,1,0.9732518765504762
1678.4574917271514,0,0.8784783195651004
1678.47995859455,1,0.9271465394577216
1678.557506948598,0,0.9132669248007226
1679.0169262989168,0,1.35364531766056
1679.0541994575085,0,0.47020088109203123
1679.4068761099181,0,0.86818248885372
1679.7860227644003,0,0.06108339416586539
1679.8868690465308,1,0.0300804437888979
1680.0399804321612,0,0.9775132519339397
1680.0534703751687,0,1.5017554873271852
1680.1665785499918,0,3.136694699770623
1680.3558720494082,0,0.2214783165778161
1680.404911061849,0,0.62577966179401
1680.916960379985,0,1.4301246803431549
1681.0324418361563,0,0.556460895865363
1681.0391728478276,0,1.6407153903434781
1681.0798181121954,1,0.19923762957442748
1681.2056529145598,0,0.8489913568230367
1681.2421993793744,0,0.39679125327576203
1681.3006575540346,1,0.23752035194712998
1681.4170772985392,0,0.9125018376652713
1681.4461690904773,1,0.7064217597056328
1681.5785076771524,1,1.3213340810258143
1681.8360297440693,0,0.2557258288583507
1681.8453402830332,1,0.9272465478537532
1681.9626572062366,1,0.6811829666056239
1682.4010806410738,1,0.3280902877605077
1682.776695543719,0,1.6240146491230725
1682.7874910389928,0,1.4040345778668104
1682.8657834189546,1,0.584951015648911
1682.9407946563638,1,5.424814774798099
1683.303572502066,0,1.5396807047331975
1683.3778872310263,1,0.6737447650176619
1683.4869703795698,0,0.014514645851739644
1683.511669608297,1,0.9002592991497806
1683.5716754612076,1,0.7116162462015507
1683.8314225482575,1,0.6568485879233417
1683.8444559615095,1,1.270654572649577
1684.1179071618583,1,0.8362170865789273
1684.3417152873412,1,0.13253641305255873
1684.4155994249165,0,0.9389777681934574
1684.455420547977,1,0.2237776490080472
1684.9030292883522,1,0.3298459648869192
1685.002418084369,0,0.08101154474665889
1685.3988253829798,0,0.6794932743985255
1685.626969487855,0,2.2199142296941337
1685.6284373384744,0,1.0422981222265695
1685.6983088312625,0,0.45998214093872364
1685.704733665248,1,0.34167380806391945
1686.2010848024825,0,1.966049233646638
1686.2408511416686,0,1.8649060640595518
1686.4209768384007,1,0.3610821354224249
1686.698256650681,0,0.023376369090512394
1686.9041915067342,1,0.5955535679154075
1686.924708974729,0,1.2086765846858825
1687.0119059631133,1,0.14756205171429712
1687.3123877033172,1,1.6292380476726795
1687.4831973136982,0,0.21578691551664284
1687.5082885824143,1,1.3199795826669276
1687.5334483664403,0,2.5146063725727137
1687.8453289906115,0,2.865934541307137
1688.0455341261204,1,2.89837268450294
1688.1108756066915,1,1.8424913503177336
1688.2328189983634,1,0.17683725241089276
1688.5780940945149,1,0.8614095998829435
1688.5918605573206,1,2.6713536948190573
1688.6852748350561,0,1.0949281080258364
1688.6979663244285,0,0.11988946626496393
1689.0167345374402,0,0.4192532721770386
1689.093865090148,0,0.5453038550975396
1689.1448787282397,0,0.21399205504848812
1689.161291636366,0,1.3507930297725583
1689.6452227684272,1,0.042617127612745505
1690.2374021888515,0,0.923267845249423
1690.5036606884562,1,0.25683019262565177
1690.6430858004749,0,1.3004760918275413
1690.9836699068403,0,2.085809638410871
1691.1252820038696,1,0.3534526764459885
1691.2457687536519,0,0.651047393857425
1691.4883624901624,1,1.7084602043096397
1691.5070761875286,1,0.11589636379231857
1691.6263151677279,1,0.990746847505221
1691.6496554800897,0,0.17110195882741755
1691.8541831163855,1,0.699630658591662
1692.0496964826514,1,0.0351867935287303
1692.2097853683115,0,1.5556366117597753
1692.2942663779672,0,0.5723275811168879
1692.6931650091192,0,0.3160538992271411
1692.8773822337062,1,2.32188773527182
1692.8839598832365,1,0.838545561280899
1693.0389351762954,1,0.6258211405440103
1693.042652699537,1,0.35389729205004233
1693.5548874230562,0,0.49435588547631304
1693.8362514235123,1,1.605445496336976
1693.9943009687215,0,1.2805788901915538
1694.0535204562386,0,1.8710837935038545
1694.3299478330448,0,0.03290940021571997
1694.537598284861,1,1.8422020064527518
1694.9053472581684,0,0.3556101877521889
1694.993829427253,1,0.2518674469767669
1695.0458562196277,0,2.583543853938261
1695.077793135152,1,0.5306093139039554
1695.0900737149348,1,2.4100238358709314
1695.5443926671396,1,0.0784544425385258
1695.6269699296383,0,0.6678833408994261
1696.084218178503,1,0.6792079765860515
1696.1192853806806,0,0.2224272775762997
1696.125892914733,0,2.8935826458116467
1696.1677689410587,1,0.6897055458340541
1696.1895116864264,0,0.21002855151796815
1696.2163648862052,0,1.9024075754836596
1696.4243357335163,0,0.957211700375109
1696.6385132715834,1,0.07965367326954949
1696.6938988725517,1,1.6627744301133425
1696.9567551076452,0,0.19133198457560707
1697.0297363732252,1,0.3717500619587982
1697.1703019173951,1,1.012057131698849
1697.8420562358694,0,0.4353142806849289
1698.4346126214998,0,0.15647290923961382
1698.6038992967797,1,0.5448131262320203
1698.6062719075214,1,1.6195160286715347
1698.8698058599348,1,0.6247477468416746
1699.0239591829845,1,0.10233519046140607
1699.1315653931003,1,1.5488864043030528
1699.185607410594,0,0.9241046868123721
1699.2086144424297,1,1.5196817803061438
1699.406286635111,0,1.8881659793484935
1699.5170088133107,0,0.7289810282066523
1699.6572725075891,0,2.024292308022783
1700.1659627972201,0,2.574785953172534
1700.2599338861837,1,0.7572125579313225
1700.2775481466822,0,3.73113398957038
1700.5203496856707,0,2.9333782931257986
1700.7637279050607,0,0.13621746204531182
1700.8555573130175,0,0.4770383291632304
1702.030447883129,1,2.5767060629599556
1702.1104388993263,0,0.6128779354428222
1702.118803737515,1,0.09289273334146925
1702.146159820357,1,1.1076527449800964
1702.1763533142644,0,0.26932195579834844
1702.531302472807,1,0.6896520999092268
1702.8590364141867,0,1.6465934886888582
1703.183177333878,0,4.70958364100907
1703.4129934584803,1,0.9625532649089544
1703.5036966243715,1,0.2011729855153066
1703.6522771604255,0,1.9847326826995808
1703.6581712707596,0,2.060504206430446
1703.702166004636,0,2.006040329303233
1703.8259860618784,0,2.070108404081553
1703.8285659761582,0,0.2841663608341254
1704.0456850860899,0,0.21485009939340594
1704.1536861800835,0,0.35282902485478196
1704.5089579232767,1,3.4157820823151583
1704.6458991028385,0,1.8219784472812823
1705.1246288111445,1,1.3021863432912488
1705.2911930033904,1,2.1014840721155985
1705.6866921175497,0,1.1397857564686942
1705.7857748280833,0,1.498494656147654
1706.2769333245922,0,1.0730798860890152
1706.3799923161425,0,3.3708535590571964
1706.4123271030323,1,0.23719336524748652
1706.7318226979817,1,0.42104939366074545
1706.7446249715638,1,0.6320184676273889
1706.9864823356631,0,0.43633695391756017
1707.0624729576764,0,1.4673982528287504
1707.1930995392586,0,0.7527259466645992
1707.3438219396628,1,0.14553762281800933
1707.8304398100006,1,0.14669426052341633
1707.9468234046562,1,0.3223647554786833
1708.333614068405,0,1.3652493911614114
1708.6532473614002,1,3.5296654359760677
1708.6948450129332,0,0.8272114929290411
1708.8046681507935,0,1.1782288345257521
1709.0978942154443,1,0.5904409606961702
1709.3393383820535,0,2.0741150430843254
1709.9523310375632,1,0.2574784245028824
1710.358651898605,0,0.17393276446556588
1710.9340234003507,1,0.9168326652680476
1711.0849039920117,1,0.0812979592181693
1711.143263279895,0,0.11913248154369174
1711.2246724406768,1,0.8065043689645768
1711.971247983918,1,0.7158895803097364
1712.3910170439433,0,0.15783165043302178
1712.4042992162924,1,0.0937675142157266
1712.5950986609957,1,0.3410940537156789
1712.6639056079705,1,0.7449413833833138
1712.7626500816152,0,2.6823629331221834
1712.8450984872754,0,2.0997671404233476
1713.25420167211,1,2.136978998828562
1713.2722981186212,0,1.6361583598320555
1713.6970702339754,0,0.2484048284476319
1713.8497563549568,1,2.786074375622419
1714.1246281293884,1,2.543651466349057
1714.3029148963483,1,0.2520986003372213
1714.3373946167767,0,0.35501374091385035
1714.384092744832,1,0.2549920480460176
1714.4696107334273,0,0.344371594161543
1714.476883809484,1,2.287986330426125
1714.4915591418512,0,0.11009213545462769
1714.4918938564267,1,0.3283056554958015
1714.7192138454216,1,3.8322597914268863
1714.757989015921,0,0.131898333604502
1715.3430111304453,1,2.468189264409536
1715.5057934140902,1,0.20561837590365795
1716.152352059676,0,0.5700896998339767
1716.201106260907,1,0.7241010727551905
1716.6669612628118,1,1.530209176317599
1716.8708973030502,0,1.0804550725159676
1716.9010844507725,0,2.374344477141543
1716.9503023845032,0,2.1533049873856522
1717.356205290269,1,3.138586807731706
1717.8280207241162,1,1.210225645900824
1718.2531503713094,1,0.3148712620363578
1718.2878606597326,0,0.008224179878427931
1718.5381533304626,1,1.381596590299854
1718.6976699805393,1,0.2588868592006797
1719.0915753201432,0,1.7907507583247986
1719.1486426904694,0,1.2231386290341217
1719.15734857887,0,2.300648147763418
1719.224725064293,0,0.6884817036053839
1719.7904936308062,0,2.1102426678485493
1719.8007981095293,0,0.1097418811319685
1719.9538999960653,0,0.5292987150074351
1720.0299914072266,1,0.579757481456136
1720.255664496513,0,1.2746369941440485
1720.5023495841183,1,1.3522470658296377
1720.6572588689262,1,0.17798700619399863
1720.7071564450193,0,0.9143809247581374
1720.756665342886,1,0.2109617406102473
1720.957851643426,1,1.2002007878090661
1721.1045837775061,1,2.160699338089616
1721.273975714019,0,0.8708158856434279
1721.316807008445,0,0.8210981595315794
1721.614349501001,1,1.8105232898503474
1721.6572403292107,0,1.2122466250719899
1721.8556683746144,0,0.5001107951900067
1722.1413866696923,1,0.11200067312810523
1722.6993761202136,0,0.5018413206567266
1723.0363428681915,1,2.291420266810229
1723.6932448455773,1,1.2229358787368465
1723.7078025777903,0,0.3605918699657513
1723.775921177488,0,2.169237236004445
1724.2630729925472,0,1.908712308394204
1724.2679206621624,0,3.0899358674451554
1724.4578997339918,1,1.0242847459003614
1724.4701321725515,1,0.2621941709984196
1724.522221719536,0,0.3981403027055171
1724.574202474768,0,0.4520401285169775
1724.612301710139,0,0.7258752869221721
1724.6484091884836,0,0.2014532713504794
1724.8187123296389,0,0.6095560540387684
1724.9851610158955,1,0.004116104554769321
1725.007197974364,0,0.16453103482829015
1725.462673561529,0,0.1238944300569418
1725.631628301453,0,1.3190414109517516
1725.6715971252745,0,0.15392050354946035
1725.6936954005334,0,0.3424393832165436
1725.8034782341724,0,0.3179194426245607
1725.8869473839366,1,0.031198530538510648
1725.9033139512048,0,0.5347357635169707
1726.0156988501192,1,4.045281945343409
1726.0490841801604,0,0.6711566309023035
1726.1572667908729,1,0.003580853648260295
1726.1975222715164,1,0.11327188615608287
1726.4147383764619,0,2.2964377133956164
1727.1040971532573,0,0.9575652037916129
1727.115648870111,0,0.02752593988462008
1727.2326194754723,1,1.2555121624509535
1727.426482771888,0,2.3375665710464464
1727.4332908406714,0,1.5072797105013342
1727.5118194080308,0,0.09745272862140344
1727.5552302349793,1,1.6046423843374833
1727.819653415409,0,0.11419186889504018
1727.893651186737,0,0.7653207283135333
1727.9645239001065,0,0.341373461899306
1728.3297057997524,1,2.267625748310435
1728.3321614702802,1,2.065077125758158
1728.3876773145842,0,2.0096709066707996
1728.3985537661413,0,1.157912887645931
1728.9120125113864,1,1.057265198280158
1728.9204953873905,0,0.3891250701780562
1729.0818670119663,1,0.0029416838752932342
1729.088995684815,0,1.5139214751622196
1729.1321998742308,1,0.606724935723751
1729.5697795553262,1,1.6338651312119727
1729.7326671414617,0,0.11490954330828018
1729.8771402481555,0,0.05830448700569566
1729.9453774049834,1,0.4016165117151544
1729.9715625697183,0,1.7929095685822398
1730.1005300989611,0,0.9675011114606005
1730.1784455904333,1,0.43486681554725926
1730.2036391834936,1,0.09370934111319668
1730.3149119544055,0,0.08973834276415114
1730.3846390900826,1,2.0694239053691317
1730.3914480694882,0,0.4485436634470179
1730.7149738509477,1,0.8050400846373703
1730.9824726790112,0,0.6310756371933596
1731.5090060183504,1,0.15222052768870353
1731.5278335739138,0,0.5970671261335937
1731.844517524548,1,0.41773273266506417
1732.2454208296726,0,0.5510955422143309
1732.246979465811,0,0.7809178300460428
1732.2864585103705,0,2.6847871786245063
1732.3271485728267,1,3.430715583368879
1732.6246440570608,1,1.0573195434943092
1732.6577093690973,1,0.7806803307262065
1732.8532635797371,1,0.717174235217493
1732.8649011130976,0,0.06997929347248916
1733.1213347847765,1,0.3263204292224293
1733.2052830709783,1,1.181522326648468
1733.228009844963,0,0.398051019675326
1733.4046635519674,1,0.7335919639861173
1733.467565641936,1,0.024779923171018247
1733.7683891900786,1,0.01855055933698711
1733.8331278878898,0,2.5897225238957096
1733.8693855141858,1,1.0348180638782623
1734.0671281442721,0,1.5336964498010648
1734.7684894658362,1,0.13083387670498023
1735.0987671611053,0,0.9117739634385719
1735.756374592829,0,0.5383465862855543
1735.9007659100164,0,1.4688703562725762
1735.9930369753913,0,0.3213120591482896
1736.012679154847,1,0.21581375047140292
1736.1673623043441,0,3.247262958968793
1736.2570493798603,0,0.4359078659770163
1736.4882405489307,0,0.9943337716488078
1736.5002957161782,0,0.463575847416973
1736.5023249932963,0,1.1113622551286166
1736.6294261933704,1,0.9087121316997996
1736.8672240790124,1,0.40797281785448475
1737.1662321625704,1,0.6145040979208148
1737.2641863948204,1,0.19479041271319114
1737.5440862500197,1,2.94674700236148
1737.628264894894,0,0.3750463360824801
1737.6371294235907,0,0.399512466120008
1738.1270905959193,1,3.3570916122820558
1738.7343848234116,1,0.1565561148457033
1739.22750246474,0,1.878141958055512
1739.4046663408928,0,0.3301210342184466
1739.5184446740006,1,0.08968489289087606
1739.5759191046259,1,0.036553731528636405
1739.5903201274411,1,0.43633552827321953
1739.6153777312165,0,1.1916852211979085
1739.7895423922912,0,1.1530305938257588
1740.1312788229084,1,0.5975741522890569
1740.2829167470704,0,0.48530807660257397
1740.3470267615965,1,0.627255771410619
1740.597607585994,1,0.42251206561338644
1740.8414637106846,1,3.2725884351379864
1740.889080265914,0,1.2118035185294396
1741.555773114218,1,0.7122181158037137
1741.9407830459083,1,0.6415852768592849
1742.0895760814594,1,2.5748502287021453
1742.8927743657453,1,0.6064682825533715
1742.9895711795532,1,0.5448178334255731
1743.6624942577098,1,0.3660469603056392
1743.6793083402988,0,1.237673803029248
1743.7365670498157,0,1.1725694799817685
1743.8889869379445,0,0.03894306434723841
1744.0169277701548,0,0.048412875683889404
1744.318990249813,0,0.3402318875563034
1744.360778578049,0,1.4475958908316515
1744.3789602185866,1,0.20884340151285952
1744.7376691951522,1,0.1224732355855946
1744.9421775524381,0,1.1436843215464905
1745.0566129044057,0,1.3046074872154112
1745.6382673455523,0,0.10472755858656084
1745.686884605699,1,1.6723768703689834
1745.8024963454147,0,0.7080029601265208
1745.8064572624762,1,1.6851152564571543
1745.8478003204618,0,0.06085183769732567
1745.9690282815345,1,0.5233654117419916
1746.2511383305775,0,1.2905665254864027
1746.8242994873751,0,1.269039593468664
1746.845448036621,1,0.9455079261180854
1746.8524241870477,1,0.5381848369360897
1746.8626907492755,0,0.6569046566356238
1747.270514446218,1,0.033255793311550826
1747.2927830245808,1,0.127328605688568
1747.3260976721592,1,0.1987750743616142
1747.3845738307639,1,0.35716888244614414
1747.471644107177,1,1.9570651505251895
1747.5625294796873,0,0.31970076053579544
1747.5780859192494,1,0.8306323123511351
1747.7394108261149,1,2.27574031432905
1747.7819744304697,0,3.63712951216444
1747.9576412281617,0,0.6652026592279361
1748.1387189425498,0,0.12658207404783914
1748.1414329165693,0,0.14841269564145976
1748.3301408707798,1,0.1275314547347651
1748.4106988460485,0,1.7453168118786644
1748.5704544768662,0,0.874031634076208
1748.6740250906253,1,0.023586137256862996
1748.729874476533,0,0.2575626367371025
1748.810512393081,1,1.2150798807086118
1748.8713676750551,0,1.7401524261073376
1748.9590980505031,1,0.06444666164049737
1748.9886523250345,1,2.26673003660898
1748.998352244309,0,1.7656038427280367
1749.253172688325,0,0.5717336303787309
1749.3555574659952,1,0.5023310732908636
1749.3934776603164,1,0.21670081533767285
1749.445556879711,0,0.5048256652064772
1749.5396143161963,0,0.20655761512819448
1750.042766960969,0,1.306972082598626
1750.1686400530884,0,1.677000958406692
1750.4157503249571,0,0.9253047025512929
1750.5447902157264,0,0.1593847799272788
1750.632362043287,0,0.9276937540752525
1750.6345461756873,0,0.21493977701177847
1750.6443740892041,1,0.0305954427680627
1750.6748909918986,1,1.9596673500115436
1750.9564309780446,1,0.23855929094094339
1751.198464597116,0,0.46016022346614366
1751.2507632510672,1,0.3331213528072914
1751.3185531076017,0,1.1372763530797192
1751.3829385912775,1,0.4956124071318381
1751.4504886032248,0,1.986534077460678
1751.6566870839044,1,1.4141224146994376
1751.7541974426517,1,1.3528535748439028
1751.7720349577417,0,0.3110756512127276
1751.793048763408,1,2.572549313586043
1752.4836526424847,0,0.8637888716345893
1752.7242719329963,0,0.9813020125763887
1753.468071485945,1,0.7138315786369955
1753.6562242904738,1,0.6525587141624865
1753.967824850929,0,0.7893390306538309
1754.7409434473166,1,0.8206420265403389
1754.8904004349642,0,0.6329810143254638
1755.3940184978985,0,1.648684673419847
1755.5412984681684,1,0.23591736519387654
1755.650920495908,0,0.2613283378420817
1756.181141300572,1,1.0162480295702279
1756.2715928998305,0,0.17158620659159862
1756.7036831139958,1,4.083612679495962
1757.0166117125073,1,0.3536488106381356
1757.068869387289,0,0.629626004672557
1757.0918096069536,0,0.7998854408532151
1757.123917953718,0,0.06370629178621887
1757.1548901571814,0,0.8730427851210627
1757.1842548261266,0,0.22050464532750683
1757.457345494736,0,0.5504272671040111
1757.795256836541,1,0.28062423953535126
1757.8092720204024,0,1.2076276862864335
1757.9093128566158,0,1.5835859747517977
1758.0355944918892,0,0.1121376875833988
1758.5223472036919,0,2.135792547880275
1758.5422503911473,1,1.3367391682992296
1758.772801310211,0,0.047428274114268226
1758.804541255127,1,2.1604147332589956
1758.937911401716,1,0.693732604743564
1759.1338690052535,0,0.4202454477106069
1759.1411696321716,1,0.20487442225712132
1759.2704690456817,0,0.24046287353906443
1759.3818121326535,0,0.01672311856967535
1759.47971066853,0,1.830693619980784
1759.7368180358615,0,0.8339410035864387
1759.7651617152812,0,4.058053632621043
1759.7744423326437,0,0.16178626706213312
1760.0327345374437,0,1.3750880850669895
1760.0411635833932,0,0.7972924675409383
1760.5194134526093,1,0.32665329001616067
1760.6168182167746,1,3.379911446433583
1760.6762655058637,0,0.9377868446615163
1760.7482331738504,1,0.6761038778503298
1760.8122539477724,1,1.3505880558726473
1760.9260717537734,0,0.04111190726626342
1761.0245039131453,1,0.9754669806618165
1761.0653299967405,1,1.0864361735052888
1761.1276562722426,0,0.45669421835556956
1761.2105996122496,1,0.5942396461062259
1761.59126080589,1,2.4483292346353576
1761.5952796923802,0,1.3714308361724088
1761.6012725065566,1,1.2289953031669485
1761.6295950396627,1,2.3086233505625264
1761.6620381483926,1,0.09972709957632778
1761.7448874868035,0,0.1189840287435441
1761.8958411479348,1,0.2197592733451148
1762.0412967422462,0,5.377301248788391
1762.1027310179152,0,3.4300853843347374
1762.4324430740553,0,1.1439083549981754
1762.6926013448222,0,0.2722208959947797
1763.0626485792593,1,1.135044892189463
1763.0664363681976,1,0.530961262273823
1763.211654382233,1,0.8292888242437749
1763.2717332424656,0,0.654744409600912
1763.3569181237729,1,0.018457937376312874
1763.411020242938,0,1.0699075902035187
1763.4664328818537,1,1.7018763298762525
1763.5561814001112,1,0.6316027931588023
1763.6280765463716,1,0.1162389811921552
1763.73913287674,0,1.244741522887772
1763.770005686017,0,1.14358234818908
1763.822315604116,1,2.841264493385012
1764.0012737549123,1,1.1153904412910831
1764.0129544020451,0,0.2948482190435166
1764.112385869767,1,1.4569381270956347
1764.1224277731444,0,1.9686457404904723
1764.713238802157,1,1.192932934512693
1764.9066766672388,0,0.07240262150935188
1765.2896590921557,1,1.009171156791263
1765.329076357908,1,0.15401720097159918
1765.345690223708,0,0.46394126233470356
1765.3956625294538,0,0.15016871316183578
1765.507795876612,0,0.7007441089789362
1765.6817141976755,1,0.32718164823517165
1765.8789687090414,1,3.678523206672227
1766.2237357170611,0,2.8487845847516877
1766.246071885992,1,0.6499422296995677
1766.5857512691882,1,0.888851495794218
1766.826374100345,0,1.0744215261048193
1767.0369368700517,1,0.7067459095111411
1767.038982296889,1,0.09086803990257493
1767.1432319612638,1,0.31636499899700404
1767.1487320852361,0,1.2891966347942059
1767.3253265229666,0,0.24174912568850762
1767.6068108632699,0,0.42718653924620686
1767.6469845541026,1,0.32140690373473485
1767.69451352075,0,0.15244956513108143
1767.7882609368303,0,2.7539863696610496
1767.8048070064838,1,1.2144868818915648
1767.8461122727624,1,0.0714680864357069
1768.031652198927,1,0.3073110259822404
1768.199922546129,0,0.6543807398792653
1768.4751522547203,0,2.423578263179781
1768.5165807417682,0,2.144861123352586
1768.6385043586142,0,0.608605550150359
1769.082098033336,0,0.09233176514731559
1769.1452976174335,0,0.35243926983385176
1769.6466116660963,0,0.2778353326066131
1769.661015803469,1,0.9310496372419191
1769.736240134599,0,0.5582220034942457
1769.8625986924883,1,1.3972980844408256
1769.908319438783,0,0.011535087239797947
1769.948303560891,0,0.4418806254516959
1770.0161817348392,1,2.423648181502557
1770.0651998199014,1,4.517328153720972
1770.2527645332082,1,0.6350791943654126
1770.4847074013064,0,1.4754160771657747
1770.5164288410776,1,0.7705231134119347
1770.8034525484873,0,0.14372603205794954
1771.1678858203204,0,1.7079881144699829
1771.2310112299524,0,0.4956312991135653
1771.2626432359875,1,1.1568819845195388
1771.522645683297,1,2.180393865685583
1771.630427168307,0,4.542170462356096
1771.6615447696406,1,0.7400553656175982
1771.684266414971,1,0.9771924300474354
1771.686541315176,1,0.8612345499754294
1771.7009542561277,0,0.5346111936643194
1771.9007165766457,0,1.556565041824719
1772.096694507254,1,0.022102870841884385
1772.232997294782,0,0.13396649634017743
1772.3689403742273,0,0.15119304789022472
1772.6832183475672,1,2.884366334454319
1772.9161162169382,0,1.0396615912486353
1773.0027318720051,1,0.8914758922125263
1773.4164720351573,1,1.9637452341037205
1773.4509411386368,0,9.389869056892248
1773.509510489257,1,1.2504169756174361
1773.6740946046339,0,0.5113111977634051
1773.987342623506,0,0.49438660727673955
1774.0655036729881,1,1.7255224043299198
1774.1119412512894,0,0.6206769622803657
1774.172370799384,0,2.525893763897936
1774.6099587580698,0,0.48175102517052
1774.6927978447266,1,0.7180737257446318
1774.9015471108578,0,0.5871900111258587
1774.9334591836162,0,0.05381276310624232
1775.1748240041054,0,0.3491134816452896
1775.1965019102222,1,0.7914933949621262
1775.205422553115,0,0.8153921949596387
1775.305390724221,0,0.736013102499762
1775.3440654158012,1,0.6291599196823533
1775.3779845823185,0,0.39266865599612444
1775.4462649871698,1,0.8591460766754873
1775.52759747426,0,1.0118517721318658
1775.5808124865096,0,0.46628822409818077
1775.8035464437237,0,0.07289948751463661
1775.8601534997106,0,0.2299020309460442
1775.902549664471,0,0.412077926242954
1776.3463036904968,1,0.028290223715826734
1776.3528391352315,1,0.35369825403161415
1776.4223461183076,1,2.9402857245450593
1776.5072789409135,0,0.20750539707189622
1776.6408445445309,1,0.8318633603203952
1776.7092064170365,1,2.4444707196352238
1776.8507775811042,1,3.7448482798595473
1777.0786403066058,1,0.034994272699239014
1777.5231906371328,0,0.07142414728865663
1778.050508363928,0,0.15575817880163986
1778.137393189078,0,2.9990368943509105
1778.1957218005405,0,0.6733004455173202
1778.3614635769604,0,0.45673981564952976
1779.1134211958347,0,0.02346029752418968
1779.4787627388985,0,0.008988309024474212
1779.4944102538493,0,0.825476744450188
1779.9345322470451,0,1.4588409256780055
1779.9453728284482,1,1.5205343241591298
1780.0584511788586,0,2.3483075920034233
1780.0617864385817,0,4.896257553856983
1780.2056251026243,0,0.5909964159118626
1780.5012797126676,1,1.7461346261745008
1780.5303320247383,1,0.237511502745551
1780.8311300459732,1,0.518886264846804
1780.9417452837638,0,0.4507493199199616
1781.498370157849,0,0.12054176540726928
1781.6136521513865,0,0.16325196576845527
1781.7985878840855,0,2.286620659865808
1782.2744253417284,0,1.2378846329898041
1782.3940169932844,1,0.4915707242467639
1782.644633950119,0,0.242903359251247
1782.7435071278414,1,0.062025149153709706
1782.9711670661288,1,3.7485213256882197
1782.980934068683,1,1.6929398388565602
1783.163790965676,1,0.7795751866044235
1783.1870578899602,1,0.10257098695240399
1783.3038124548575,1,0.7614067626573127
1783.6135481608578,1,0.13361345778263395
1783.7184683871626,1,0.6399561500295174
1783.8581824811422,1,0.955185154656967
1783.9759583909413,0,0.6330383965585812
1784.0849831911778,1,0.3208901032590913
1784.4671587002972,0,0.20945553006937598
1784.614977748794,0,0.4464503061679007
1784.7367087538541,1,1.5134439416355923
1785.2714432282305,0,0.6091698922967455
1785.6288889504588,0,1.1547937558295374
1785.6376913810825,0,2.2103432452289726
1785.7949199089974,0,0.4997924466870186
1785.810299651428,0,0.5096087262712827
1785.8388860132422,0,0.0184611143523256
1786.0701227987197,0,0.5832487290358782
1786.1789103197711,0,1.8395421426895486
1786.4944218021783,0,0.6549410976297636
1786.6023233995988,0,0.829291696873563
1786.6254004327247,0,0.6439563391681299
1786.6906087228326,0,2.0022610795290148
1786.8180309014301,1,0.07800828125480937
1786.9379830837818,0,0.1283868406556985
1787.0229210337545,0,0.2649474705441792
1787.2434863585092,0,2.169928649243714
1787.3480908819865,0,0.2169136076131899
1787.8330938521258,1,2.1481148252594675
1788.2822365114648,0,2.147239837318825
1788.494288670535,1,0.22159689571863828
1788.6911907472052,0,0.9213492998844249
1788.8108238327363,1,0.7836015176746733
1788.8689947702658,1,3.511633718968631
1789.6681825999774,1,0.5459078390838028
1789.735294773205,1,0.07892074412358246
1789.8008284836587,1,0.15532918893900527
1789.87133454486,0,0.03963328961676327
1790.1139905334658,1,0.7802642448525385
1790.224104756894,1,0.5152856292565915
1790.3307329311128,1,2.391629002122696
1790.3983528304798,1,2.3191198951433267
1790.884120300353,1,0.5475870451439749
1790.9611380923734,1,1.6876971677060868
1791.0905317340603,0,0.5188776853687563
1791.1001185887014,0,1.3482024777210564
1791.1455293734793,1,0.8528507310678584
1791.2221633227502,0,0.6501970335582475
1791.250445772765,1,0.18902410662436175
1791.5037262386488,0,1.2217244749575114
1791.5450569917718,0,1.7442796259072189
1791.9561422281363,1,1.920525131667217
1792.0472821706624,0,0.8743791381926473
1792.2378383702821,1,1.7261752540942417
1792.3656340736725,0,3.5131233598679077
1792.3900303509024,1,2.7635827132151465
1792.7626696744749,1,0.9881409253824288
1792.787044898634,0,1.3538511314690682
1792.9104795459857,0,0.13556026414404626
1793.005180773361,1,0.28746811065877587
1793.133438884191,1,0.3245381234037936
1793.1433235910808,0,0.2066437999912978
1793.2311723876153,1,0.23140364962007873
1793.3596647078125,0,0.391023814153555
1793.653743808856,0,1.7301313313049007
1793.7145098648364,1,0.7492107006168222
1793.7191602901603,1,1.8813896465778954
1794.5945216198215,1,0.5374145191551322
1795.09924882327,0,0.1420055970355211
1795.2407761571328,0,0.013535112888478588
1795.4137570118887,0,1.5612038200561662
1795.4730858656978,1,0.7959696402703557
1795.5462287634193,0,0.46039030692905764
1795.7115457620514,1,0.4587970708039611
1795.790662740019,1,2.5859972857841744
1796.0620825756598,1,0.023676066057594376
1796.6304269041884,0,0.3612535592107476
1796.7722966229835,0,0.1347181061763491
1796.8575260574091,0,0.15720508952500684
1797.1847769929218,0,0.25261948707999227
1797.4810783908906,0,0.7112347894932688
1798.4160539730149,1,0.21589940346077294
1798.5963958634613,0,0.5635946234310443
1798.6541769312907,0,0.9974236252982437
1798.9043868139104,0,1.448137833635542
1798.924529031685,0,0.5964040379587561
1798.9749945177955,1,0.11718301476328408
1799.0176798616076,0,1.6259292246948895
1799.0702730796581,1,0.5162501558323294
1799.0972323635247,0,2.0153524823359876
1799.3500767119244,1,4.1282048741370385
1799.360057196833,0,1.1116088389092498
1799.4329759550246,0,0.4308598541976742
1799.6454797072697,1,0.7204584498955703
1799.8337612019295,1,0.4031003000899898
1799.860923018763,0,0.5525023672263604
1799.9044760993036,0,0.32355159428761954
1799.9141568175494,0,0.5362021433163131
1799.929874362858,0,5.553250828647124
1799.951065969821,0,0.1147031000865927
1800.218506019069,0,1.18231737000217
1800.5016716390464,1,0.03467263437852612
1800.6396275975706,1,0.4592359420378004
1800.8351606985852,1,0.7429361156236787
1800.8456107485026,0,1.075645283433625
1800.884899526017,1,1.1043647917006971
1800.979783739426,1,0.04190803112794873
1801.0307857227992,1,2.2789675902267383
1801.290897062356,0,0.43916962889707056
1801.4317851182068,1,0.4494493654871886
1801.551595642464,1,0.9598979774826635
1801.8708082637993,1,1.1856830024691594
1802.0075140634824,1,3.336144040535204
1802.2143348541342,0,0.025189508153029318
1803.0394434346774,1,1.4002066061571028
1803.8429460533114,1,1.4869546984994177
1803.9274111929374,1,1.1343542717454314
1804.1650121011885,1,1.6696214727310317
1804.6322657752435,1,1.2103828409882647
1804.908762176969,0,0.12810279488299361
1805.0875475234354,1,0.13932611283325366
1805.7982479782365,1,0.6990717431260017
1805.9476974967688,1,0.42207692719720824
1805.9933002415526,1,0.7108227318955939
1806.0806981483702,0,0.2006401359833529
1806.1543826104648,1,0.4112177605460612
1806.3305169175283,0,0.21069788011372334
1806.941205431967,0,0.024344935624665127
1807.0625458359355,1,0.06422936080159643
1807.4599909848644,0,0.9835364304738697
1807.5116978804435,1,0.01675486225846676
1807.9040912760577,1,0.17002717497027015
1808.172010472616,1,0.9245819493584031
1808.1828322752713,1,0.6651767316341792
1808.383664893845,1,1.4032669311499104
1808.7898392210486,0,0.10498848836397892
1809.0781484670551,0,1.5029355054182783
1809.108995499303,0,0.8112366987547109
1809.1870809469167,0,2.3803810508592433
1809.2285532656351,0,0.45625734555143455
1809.2297796013181,1,0.31447882680425604
1809.331618607571,0,0.45836308085201155
1809.6037338204062,0,0.7338975217652342
1809.7210392096185,1,0.22525294621615488
1810.2433147468373,0,1.10419602634978
1810.5189480508022,0,4.291456163918409
1810.6429430673018,1,3.370579178666708
1810.6501098330475,1,0.05324898105937793
1810.968016697068,1,1.1915895419707963
1811.0007393237977,1,0.32458383954628967
1811.256348769638,0,0.9144381464174792
1811.2966589313558,0,2.4644445295694344
1811.6060110132628,0,0.009728772859697827
1811.7611429062204,0,0.08800684898517228
1811.8238973316782,0,0.07446054494323613
1811.9493613601157,1,0.5837844549640889
1812.0048679800846,0,0.7273799334607787
1812.0821559896517,0,4.262080309347984
1812.1502025239372,0,1.4458926108650274
1812.4982728497926,1,1.308204509559489
1812.7866657272832,0,2.0640832231804835
1812.9974602846532,0,0.6188051073875689
1813.134995912615,1,0.19776509818206783
1813.1646301933251,0,1.0207028568520955
1813.964235216539,0,0.6253775466172228
1814.0608135674104,0,1.695330104088827
1814.6548828205018,0,0.6136447802408908
1814.7042648563706,0,0.7319824297048283
1814.751140122563,1,0.38110364907144734
1814.8460662786815,1,2.9903176602736043
1814.87495174674,0,0.24050773917780155
1815.0002117368203,0,0.46516948117874807
1815.000752549977,0,0.2071801409677621
1815.217605946555,1,0.7725671091112741
1815.3175492731143,0,0.5400178163400452
1815.3825126050315,1,0.9359561153542665
1815.3942293533623,1,2.2188805466890456
1815.4214555959052,0,0.23792965518924872
1815.5173549194735,1,0.11960591687561202
1815.6136950859975,0,1.5316610070624381
1815.7600727174909,0,1.6620419819417895
1815.9801411445526,0,1.6142575143365814
1815.9951988058504,0,1.703501553758118
1816.0191610954419,0,2.474761446578632
1816.0267918094205,1,0.9477620989601189
1816.0281859069623,0,0.4792754343066025
1816.2372640383514,0,1.4932063435528504
1816.257710371139,0,0.43719478178071497
1816.7162707276664,1,0.8346183186456879
1816.8783947338172,0,0.6580217072651736
1816.9490155719711,0,0.07719180068346466
1817.1366455598009,1,2.3834421884593775
1817.3714197728495,1,1.5406821525516476
1817.4913635513753,1,1.1746354521123463
1817.6221191246657,1,0.9952818542204634
1818.3068210557794,1,2.1415866198251594
1819.0951645628534,0,1.1279895932734108
1819.2813473128597,0,0.3397041202222944
1819.3818362546408,0,0.8692852829699871
1819.4659183779982,1,2.342143857648286
1819.4881840830012,0,0.07143286185655326
1819.739994604671,0,1.8272643597300036
1819.908915942874,0,0.461459809832361
1820.2615502525932,0,0.49400499139567006
1820.6955757682033,0,0.3201222539606376
1820.8914124604455,0,0.27647348177459036
1821.3611446456443,0,0.078755794634288
1821.7417415407128,0,0.8060285844026994
1822.304929458067,1,0.274172961996707
1822.7023183134245,1,2.4372915417360352
1822.7514545543286,1,1.6097728091596055
1822.9091229306716,0,0.14182363023990024
1822.9155616961768,0,0.2067642651332182
1822.9299320416148,1,0.09003883555397285
1823.0297698249765,1,0.23614880442601657
1823.0663395162708,0,0.573139975907322
1823.253175332855,0,0.27410233851926263
1823.460678676186,0,0.9557519566070357
1823.480034003308,1,0.4184105070826782
1823.5006912413623,0,0.9982163877557266
1823.547868456135,0,1.6670028321087502
1823.5856490886056,0,0.18022663761848023
1823.6879434378206,0,1.9785542909116904
1823.9303882072618,1,1.391676021638133
1824.1129179440848,1,0.41823669533322627
1824.126224326785,1,0.3952885594794
1824.1463509104465,1,0.2582189721987464
1824.3195930904933,1,0.0357295529502901
1824.3791690711396,1,0.18064309577415721
1824.6272632100258,1,0.11385801212990876
1825.1511055575165,1,0.1257352856680129
1825.1921768211641,0,1.0119731744016434
1825.4815354602263,0,1.6176178926706213
1825.6324172783568,0,0.48480650866575326
1825.7091215153343,0,0.6006842541879964
1825.8430224595916,0,0.09592257889022779
1825.9627049707087,0,3.8052205839949447
1826.1598880439124,1,0.6773961172893025
1826.4368818788362,1,3.7065651075621924
1826.5498810379909,0,0.2274390053755318
1826.7644420879699,0,0.6867294739858131
1826.9021782608386,1,0.043794989343813
1827.3962352004185,0,0.7209725373814995
1827.74989855671,1,1.3967163170419488
1828.1069868553016,0,3.373907605182183
1828.2405245008795,0,5.3038007224102826
1828.919782166198,0,1.0401131093593892
1828.9828191507588,1,0.5924091883961725
1829.4387249351012,0,0.07057267569370682
1830.2535729295896,1,0.07491411825992522
1830.520544073022,0,0.2118398709825131
1830.6517802211774,0,1.6747210707755509
1830.684264810725,0,1.7401121172801752
1830.9142895072277,0,1.4663579138893963
1830.9404236509688,0,0.18477240898622074
1831.3012677234271,0,0.5097822798198721
1831.704305983074,0,3.2877857589723822
1831.7993886940785,1,4.194606244604009
1832.1364244481601,1,0.5684454592272337
1832.1899070262405,0,0.08915776629716778
1832.2449274829596,0,1.35954934586623
1832.27592985701,1,0.5710723836522154
1832.3345254949922,1,0.6198631588671293
1832.5898861531293,0,0.0026737997246941525
1832.7969317252548,0,2.0908462226919933
1832.8664784827588,0,0.39957207416978446
1833.0479123874472,0,0.6053125820356594
1833.0746882431706,0,3.748418376685616
1833.291287508002,1,0.37165191997550123
1833.293712272911,0,0.34874022030204604
1833.29601709998,1,0.7891306816565608
1833.5226211614415,1,1.8423713615683956
1833.5231638699497,0,0.7934739249011352
1834.0839242881732,0,0.15808364357082927
1834.1672356213155,1,0.3641061925379186
1834.2997378502278,0,1.832140545474192
1834.3066176547247,0,2.178822430139689
1834.391299278352,1,2.861434338368641
1834.4176427989532,0,1.6932609559417078
1834.6669495276699,0,0.014657122477748284
1834.842592444775,1,0.5925105036987613
1834.8664431984396,1,0.9856375605793487
1834.8905222834323,1,0.9305566410254238
1834.9262315884694,0,1.484351209745708
1834.929171682986,0,0.546517519093939
1835.1765697052479,0,0.14732901950414717
1835.6621352174138,0,2.764330236072229
1836.237952050407,0,0.5301661022407871
1836.2435880625985,0,0.3675835684366956
1836.2472663691344,0,0.6982608967520679
1836.3705457491737,0,0.9389513956605394
1836.5224532462664,0,0.5460405194069649
1836.9166488512135,1,0.3198040092062826
1836.9706714719714,0,3.98006090302593
1837.187301442403,0,1.7359627620845715
1837.41707178483,1,0.8438347656087531
1837.6471278854503,0,0.6783804553884201
1837.8564097498643,0,0.7043110848821361
1837.8740088396344,1,1.2862690813238307
1837.9260510551308,0,0.02388299187908422
1837.9602691148375,0,0.027422597602545215
1838.2387198340723,0,2.009633864592208
1838.2869360544523,0,0.6791504512426013
1838.8441376061603,1,0.2614451239604291
1838.9539474223668,1,0.46936983786190145
1839.312992002148,1,0.24190225314012453
1839.7585917644653,0,2.4183746557504295
1839.8716087564646,0,1.1057623376157488
1840.068053935416,0,1.0618731299638202
1840.3849778407794,0,2.0438795745657794
1840.4872236604763,0,3.7134707782764718
1840.8395738306167,0,0.9733881579452754
1840.8774494286472,0,1.449191204112777
1840.9271556058084,0,1.146509116182673
1841.3374865390897,0,0.019674425954353713
1841.338858716232,0,1.6464977498756552
1841.5617329502854,0,0.7188460133652242
1841.5898675411902,1,3.1787776199721973
1841.6497821512758,0,1.634003192978611
1841.7868836999842,1,0.2275414769347689
1841.873589946033,1,0.7674796047759439
1842.165473302953,0,0.08222247913937152
1842.2743170041178,0,0.3995521552395091
1842.3775600273432,0,0.32336379240232316
1842.3924538217955,0,0.6133049269202054
1842.5368602254953,0,0.08362632425010175
1842.6847165734323,0,8.51425292793991
1843.2269759602113,0,0.987807156530192
1843.3272182829596,0,0.3643065790114542
1843.5211408298862,0,3.24489533621707
1844.4498058293534,0,0.4454121900499511
1844.45349795591,0,0.467012447365699
1844.4536548110423,0,0.13523096231045592
1844.5813492430966,1,0.4752267071177704
1844.8656120019878,0,0.9705183382266158
1844.9056668642334,1,1.290506540349924
1845.0268378085257,1,0.4760536739863873
1845.5212412409205,1,1.2576036493352496
1845.9029137431216,0,0.746093592748117
1846.0831944352776,0,1.0523391062615464
1846.1202680102053,1,2.7649689846326546
1846.183261339986,1,2.153293592841919
1846.4531984873681,1,1.3143016324316066
1846.4826949344222,1,0.2551527277422769
1846.604035754565,0,2.815583352241464
1847.2063756997547,1,1.505874382984414
1847.606335202171,0,0.07969532881108643
1848.3303125332995,1,0.5403368551653841
1848.6405267112395,0,0.13564214961366786
1848.8643068657439,0,0.31956847706169655
1849.324632762154,0,0.4581125666372464
1849.7281433259036,1,0.6232814112938133
1849.763365113197,1,1.34011254708585
1849.8695416638482,0,1.295813575101824
1849.9165806634612,0,0.7091745622169943
1849.9614927811697,0,0.5387424833234813
1850.2253765731775,1,0.5872729401510671
1850.2539489287503,0,1.0424771768969772
1850.322800526197,1,0.6098859373299393
1850.326432419125,0,0.8092686202842816
1850.4048854240464,0,0.3025457266153673
1850.5912878959632,1,1.3787219627761138
1850.613116337313,1,0.3836364220129447
1850.8110733342653,0,0.08421914219063603
1850.9167032600062,1,0.30023061625407194
1850.9665610910647,0,1.4478717778275725
1850.9888391730287,0,0.7729522975051236
1851.170696127066,1,2.33192231769576
1851.1829976239146,0,0.04286026189178674
1851.3608619167148,0,0.6942851433646804
1851.3702209200744,0,1.8951848683516705
1851.3913679932148,0,1.2245428500229596
1851.4196926390005,0,2.6819148043712917
1851.7542272721846,0,0.06234653992469329
1852.2589115518122,0,1.9140878441013478
1852.3603589795634,0,0.9527776244670438
1852.37843773934,1,0.17583611594589016
1852.41975399039,0,0.6567574330871643
1852.423504783459,1,0.38207033299501086
1852.4338359813744,1,1.3256629919746987
1852.544733459427,0,0.052386605657419365
1852.6663547470966,1,1.0001373105053422
1852.9608295531855,0,3.9870340252742094
1853.0397606241045,1,0.29750676046007246
1853.240242678948,1,0.9965479710093551
1853.297175423846,0,0.26401060545742033
1853.6229368521954,0,0.343454833540743
1853.65732352059,1,1.4731000531742107
1853.9030948529185,1,0.48871684352310385
1854.0828810038902,1,0.5016878028407927
1854.1594721579927,0,1.6578210939020466
1854.2045610867908,0,0.31474745365717627
1854.4518308790705,1,3.218585114852539
1854.6673118017504,0,0.23812593867780407
1855.0623113474403,0,1.7498338280986376
1855.0643335392497,0,0.10963095339874335
1855.2340387138051,0,1.5487672616514776
1855.5631923725575,1,0.9767157897016232
1855.5929179866093,1,0.17827836861557053
1855.918855526722,1,1.922344453678982
1855.9792705343614,1,0.4378097769396471
1856.01429565409,0,0.4977186065068036
1856.0774876447063,1,1.1635767069619503
1856.146761784641,0,2.504871623594754
1856.1555712149848,1,0.5939385948669949
1856.3418569406865,0,1.373335990343846
1856.3494825731607,1,0.17159050202913015
1856.3946601660637,1,1.4010812019093593
1856.4174516218898,1,0.5042105771617157
1856.5507957654504,0,3.485837725929488
1856.697900439895,1,0.554001410083832
1856.7478324059743,1,0.6239247171242652
1856.7562358382172,1,0.6123987175210669
1856.7868257241366,0,1.7837197649438816
1857.2271569361253,0,0.1834788362291929
1857.293331708059,1,1.1990969253397785
1857.3417231537546,0,4.413553477826866
1857.4541771049987,0,1.7554044554600758
1857.4878713854948,0,1.2379202579447706
1857.8072513303623,0,0.8483573638151227
1857.8386562897845,1,2.6027491194809156
1857.9547621341553,1,2.5406341149391922
1857.9973013987947,0,4.8204079373025515
1858.0099466725906,0,0.02342283611916405
1858.1564355579585,0,0.7162812603389063
1858.5227059038523,1,1.2107197535983125
1858.5372957032898,1,1.245591620661075
1859.1315640105959,1,1.0102047291009486
1859.3266789008746,0,0.42386466757376107
1859.467121068619,0,0.18428844935977295
1859.5834074495615,1,0.41725181043838167
1859.6293770394218,1,0.07927399616900078
1860.0857255672145,0,1.3456472133054385
1860.1097364309783,0,0.10362151875765256
1860.213037829583,0,0.9664277449113643
1860.6915430886463,0,0.6915082350278285
1860.6976649385049,0,0.6376547428635251
1860.856568226422,1,0.12693830507260112
1861.0863495446567,1,0.606179211927892
1861.1554806503068,0,0.32098502480567237
1861.4234660176428,0,2.0995403294750843
1861.4661863048177,0,1.4165980008616499
1861.5595706167458,0,1.5473460099647096
1861.6348900921498,1,3.057332797906665
1861.6975818802775,1,0.4037569981508725
1861.7359542882036,1,0.4913808201964519
1861.9648191071046,1,1.0143978629822745
1862.018902077778,0,0.10143133297098411
1862.4701573831424,0,0.3170974000984917
1862.7091442510216,1,2.2299405957384995
1862.7310667654615,1,0.38720477751855353
1862.7386589828036,0,0.20375435228753475
1862.8714946468094,0,0.033180756531741525
1862.8851780305301,0,0.5945196844276692
1863.225100829342,0,1.1618108988268416
1863.2392112063797,1,0.20624977677364972
1863.281058750576,0,2.6518057285698604
1863.331387093383,1,0.007295416531640914
1863.388523159804,1,0.2228598777606114
1863.5243344529374,0,0.0517105185653881
1863.5911927532618,0,1.0466635967538214
1863.7933100875532,1,0.9243458786963616
1863.9953838230415,0,1.5151495345635142
1864.151265068797,0,1.812576226502826
1864.573604184645,0,0.6991213475070645
1864.5941561323484,1,0.6936353348802461
1865.5872801560554,0,0.5612835747951938
1865.831462429102,0,0.11623541256779442
1865.86709009527,0,1.6391691887312694
1866.0114015684744,1,0.17918561007209646
1866.0195835649513,0,0.9226280307270438
1866.1592331627155,1,0.17181146548044066
1866.337798800791,0,0.23369308516466247
1866.7984405688221,0,0.4852989341499802
1866.9017449629364,1,0.09145010394782774
1866.9790164604938,0,1.3103426880654288
1867.096863377098,1,0.5326189991058433
1867.1858137514696,1,0.8912455166251045
1867.4286618910373,0,1.9096710801432109
1867.4784543678345,1,0.18623933056895095
1867.9552995350737,0,2.660501791268658
1868.2639974939786,0,0.34158114819787183
1868.531679739784,1,0.4024743606809134
1868.555799990751,0,1.1266780500156508
1869.108119065706,0,1.010655691834258
1869.1886609772002,1,0.12268460829027954
1869.664044603979,0,0.4523239109675373
1870.1303873361703,1,0.8446244830493405
1870.3471734026452,1,2.685033380011221
1870.631812205584,0,2.4485510750029675
1870.730997985293,1,1.6185339164420267
1870.7980794573668,0,0.11948752797455951
1871.1033276353414,0,1.3866675737180167
1871.2844992512362,0,1.3062230809769844
1871.9188031788685,0,0.005332502431412037
1872.0632157904306,1,1.8080776046670446
1872.7216383949446,1,0.989012497448759
1872.733522203793,0,1.0893105376914896
1872.7750200567764,1,1.310346085298218
1872.8553198602829,1,0.8203566193822757
1872.9591851901166,1,3.384757379905161
1873.0336413764228,0,0.7479057265824876
1873.19170508979,1,1.2578160759314343
1873.409183385525,1,0.4389386785741269
1873.567669229426,1,0.8841948169838306
1874.0602125283417,0,0.21668039409241713
1874.1509604977248,0,0.7215869392224207
1874.3473988982482,1,1.7062497947982007
1874.40621944418,0,0.16114767000953018
1874.606975054556,0,1.1159336531372885
1874.6314487664085,0,0.811704992355424
1874.7705823883189,1,0.1649138502589873
1875.0083225745757,0,0.19074297582108765
1875.133842154133,0,0.13204233390070644
1875.2330494433538,1,1.3766761710565283
1875.2460497382904,0,0.3361952621513871
1875.3311862556716,0,1.1133964741174003
1875.37775337709,0,0.6457262500936779
1875.4317158968786,1,1.8777354370951451
1875.5645110596943,0,0.5940572801043267
1875.6144566079545,1,2.694760638637348
1875.8804726855647,1,0.44250780586264193
1875.944501449704,1,1.6241100458420457
1876.031847940712,1,0.07496592641615907
1876.0529175706406,0,0.25662868954620777
1876.0864098737227,0,1.2285217393382462
1876.238028267754,1,1.2777762775201726
1876.4395142981864,1,0.9325739122041605
1877.0335073606147,0,0.08345220447594467
1877.1375165908937,0,0.8388127444516041
1877.162270031845,1,3.0608691605056673
1877.175398963956,0,2.11486869758999
1877.383097341567,0,0.243742015416889
1877.4980556042444,1,0.6208332457223248
1877.55586603897,0,0.17795843179144963
1877.5765420650985,1,0.5081060053461868
1877.6836867318054,1,0.33492007505637245
1877.761546277023,0,0.9372820468486689
1877.8130809307258,0,0.26023939647987565
1877.969069663367,1,0.30299763023195797
1878.0483524933543,0,0.1549634342199446
1878.1255778628365,0,0.615567049785118
1878.1563366260116,0,1.1552927876051944
1878.1910764050956,0,1.1298641753680947
1878.530951565114,1,0.7653675393681231
1878.6132483379033,0,1.1697772401095785
1878.8700512634782,1,1.1500480005562708
1879.027738225608,0,0.03245462441547823
1879.0678828908647,0,0.08286697032176239
1879.1036682739173,0,0.6802167533385226
1879.7897709668257,0,0.6944733304519862
1879.7971492243935,1,0.29113190820592527
1879.8460465414196,1,0.239348885666984
1880.0052489202374,0,0.3964509763944283
1880.2313784307576,1,1.1376937772254978
1880.7282829405904,1,0.7130325961120436
1880.8027691400832,0,0.5559489804126323
1880.9723040631131,0,1.9138706769966338
1881.5409415789663,1,0.21928104920055164
1881.5641947849585,1,1.2773218317674009
1881.8705369015147,1,0.54204969586344
1882.0163671447697,0,1.493418399392894
1882.3906761757605,1,0.11529223263499476
1882.4400457811444,0,0.44588932293044525
1882.5966677304664,1,2.007598960373261
1882.7400247907497,0,4.0297989618699575
1883.0539882820005,1,2.6878633763636817
1883.2846886624138,1,3.118327777939223
1883.3949791712514,1,0.039012442493811424
1883.4642348193058,0,0.051324802680609745
1883.9620011180223,0,0.3504732160354335
1884.0619299778643,0,0.5184579536016592
1884.7208452749244,1,0.8892779455931322
1885.155527083686,0,2.01708949057069
1885.2027672852093,1,0.7714487861925772
1885.3017246747756,0,1.2151628240683774
1885.800472342973,1,0.2678791740727247
1886.2883784058222,0,0.11196369110548522
1886.407613103341,0,1.6227079850091415
1886.448101294758,0,0.33858458511409656
1886.5657727613384,0,1.2051491065067346
1886.7404914675283,0,1.7139017648335875
1886.7756096363664,0,1.0326510606861024
1886.8045981717105,0,0.06925991114030357
1886.8199892704586,0,0.35248980539986774
1886.8536723293828,1,0.32476496419063544
1887.0530020667045,0,1.1162521825516423
1887.1318696868884,0,0.8726091131563578
1887.1767585711934,1,0.11184364289101077
1887.2154046342189,1,0.5560184340523812
1887.911750030343,0,0.049150743047721344
1887.9995200191029,0,0.3395375720129212
1888.0397712760307,1,0.40226121726355235
1888.3263128386898,1,4.787877796126639
1888.389486415527,1,0.6894926813937408
1888.467110677446,0,0.09168458287917249
1888.5198053978497,1,1.7193595996215434
1888.6210914616784,0,0.9998464522713792
1888.870899945805,1,0.04638147645276331
1889.1065053704563,1,0.6602710275246385
1889.3412656038215,1,0.023008600006720867
1889.359771832831,0,0.36209885944608994
1889.4972692347417,1,1.7991279683073877
1889.5099208894019,0,0.8654114728349089
1889.6222828217822,1,0.3038382716792682
1890.1932403868902,0,0.3261640679303687
1890.3565414591103,0,3.7484814427696542
1890.3801866878334,0,1.0323826064317736
1890.4593557681203,0,1.5414638139114174
1890.4615655042362,0,0.20013982570001
1890.9732600890745,1,1.6498430895453096
1891.104019450143,1,0.9565327839413429
1891.2627909499067,1,1.9387621453532928
1891.2656410702284,1,1.4804359064953274
1891.567561338389,0,0.06749057265235624
1891.8148500019258,0,1.050832940881227
1891.8811218890141,0,0.03061160297033706
1891.912747295953,0,0.5209022628889984
1892.2099062460043,0,1.812927296860046
1892.300537121385,1,0.006792521797405162
1893.204229434625,1,9.791097788737396
1893.283386372617,0,0.964734374041094
1893.427740632079,0,0.36913834699344644
1893.540972607349,0,1.3418832207413336
1893.591186509377,0,1.0314161626897367
1893.9537680550584,1,1.0873345906320997
1894.1311811432174,0,0.25049252975925596
1894.458892268328,0,1.3166706281439713
1894.4748951286037,1,0.6851421076960056
1894.4961954965468,1,0.7846867635276495
1894.5478058792025,1,0.6019205964649518
1895.1092392586493,0,0.062425864637199575
1895.1145356852571,1,1.7540086922275113
1895.1697048736028,0,0.18046833668789108
1895.4649882227297,1,0.26160171253832654
1895.685686765782,1,0.045941544256193075
1895.6986347413776,0,0.8118934335657194
1895.9660206797346,1,0.21545033991458484
1896.0901449499688,0,0.7475881131910809
1896.1342108861147,1,0.1340183462357017
1896.3097105616785,1,0.3192715317612472
1896.361491418754,1,0.16072758372170132
1896.534289793813,1,1.1198264397247097
1896.545384352105,1,0.10803083915500192
1896.630342698269,1,0.22828734879514118
1896.6315728327918,1,1.3742733925055566
1896.8016622020982,0,0.18590251201992103
1896.8314761252386,1,0.07869941676208864
1897.0571638901793,1,1.3714538315199725
1897.0984115709837,1,0.13904090771542627
1897.2358342887762,1,1.1926049767153817
1897.3220588874476,0,0.23618621956497113
1897.3627557966186,0,0.5411428399018173
1897.5193503781388,0,1.2077823197685784
1897.5404503026907,1,0.38189335695446586
1897.8178739567234,1,0.3322418032094592
1898.195923276527,0,0.5903449357813209
1898.2227565346022,1,0.020663737103329884
1898.2348706791186,0,0.865447408562609
1898.3633379450087,0,1.212316128098219
1898.451490616879,1,0.2786084505875487
1898.6488900390887,1,1.7925739225951132
1898.7921797104989,1,0.1048458849201632
1898.901352431471,1,0.20292070562126197
1898.933576879896,0,0.3574970411683224
1898.9842251652583,1,1.124346008762827
1899.2648839519322,0,3.2254649963296873
1899.2712863210058,0,2.593878951171445
1899.453016896236,0,1.5036328764064788
1899.5089347132955,0,0.13806698759599312
1899.615677534927,0,0.5915584841856174
1899.8292939735913,0,1.696020883876473
1899.9772690389634,1,0.035998207498282975
1900.0436578291205,0,0.004560215843772632
1900.4017910038244,0,0.5443112541386891
1900.476008290087,1,0.3503791190303832
1900.6733802137153,1,0.519294588371961
1900.6945496742514,1,2.0973913484463598
1901.2664246100667,1,0.5613356361336068
1901.5960857862217,1,3.2659486612696123
1901.8063710892568,0,0.3358815472850554
1901.8077900060703,0,0.6550882021023643
1901.9697522247222,0,0.041592137502034415
1902.52344591375,1,0.36031346512158946
1902.6324053804196,0,0.46910793695426684
1902.7880994386435,0,3.431967341566153
1903.0146696618713,0,1.369746838905296
1903.2574020208465,0,0.45324764375138293
1903.3948671397036,0,1.1396376227781795
1903.563856448328,1,0.4870825159877026
1903.6545408376903,0,4.146137578173691
1903.8221265857355,0,0.2327929949686075
1904.074209128391,0,0.4419700305564475
1904.232671342748,0,3.2673749344395078
1904.4963273420203,1,0.03618591846151382
1904.5913762716293,0,1.4558764475623922
1905.2384639806662,0,0.42963253343669106
1905.2445990539097,0,1.0068677189608324
1905.4053324637184,1,0.4383421633959067
1905.508151819971,1,0.02482992545463255
1905.904841442446,0,0.5689746998683448
1905.981633198747,0,0.6868768480296159
1906.101330743248,0,1.468751038975912
1906.5134919704988,1,0.12227149619938543
1906.580161749378,1,0.13268927457310062
1906.6919956748395,0,0.22611689890914777
1906.7981730440047,1,1.8868865334566158
1906.9182577505967,0,0.7046793379737979
1906.9510069424268,0,0.06942565331862732
1907.087056373783,0,0.9352421469026357
1907.3526596468296,1,1.5791252632142425
1907.4508797097421,0,2.8750289184038795
1907.7102736396012,0,0.1191353568606888
1907.7655575979784,0,1.4214309923909703
1907.8717646182345,0,0.7307826936946983
1907.9782620489364,0,2.4305078667954123
1908.1146129862434,0,0.7983641509048106
1908.1611607995353,0,0.29535554167743405
1908.5909268589346,1,0.040522185145181806
1908.5929383432458,0,0.18443577194444166
1908.6633933926944,0,4.117969028485805
1908.8607276182286,0,0.022223587954912277
1909.0347937370177,0,1.8270653846453875
1909.0668102726381,1,1.5560241774690504
1909.0854686455648,1,1.4412825220997927
1909.1034014463135,0,0.4017744010321847
1909.1521667077723,0,0.11939813971418485
1909.2181162982336,1,0.499856689640175
1909.2523267480312,0,0.6173836971746637
1909.3053566989988,0,0.32232176462462775
1909.338574202824,0,0.5349953449057324
1909.4702653137117,0,2.698086120475502
1909.5139133019613,0,1.28087613211727
1909.6388108779677,0,0.6591145037280497
1909.6546120414976,1,0.1185309245089895
1909.686945488634,0,1.0634460334431795
1909.7680583327015,0,4.383770639711506
1910.020401762213,0,0.6595760930189224
1910.064081081019,0,0.02326127956280504
1910.1934192016552,1,0.49524397224559535
1910.234552481022,1,0.11976053432366429
1910.7346718454369,1,0.916343635898496
1910.7501290501752,1,0.18459158113374477
1910.7932008429036,1,0.132707310483456
1910.872146028009,0,1.1428829579829993
1911.108580045012,1,0.9082543877433799
1911.30502809274,1,1.8729776314042892
1911.4337386442708,0,1.5867876418018385
1911.6201351038408,1,3.997162047950263
1911.6690425400884,0,0.8694604071148768
1911.885705361527,1,0.640638460388993
1911.9632793712033,0,0.06365510734488597
1912.0768796924497,1,1.718452415472343
1912.1350551550786,0,0.37545405993626096
1912.2385789354973,1,0.7676154843079153
1912.4397644739006,0,0.49847901496228364
1912.6021218086491,1,0.09351679807772793
1912.6235181773418,0,0.570625049323344
1912.9319709927818,0,1.9572160776536067
1912.9671634946474,0,0.31292984671873675
1913.3322334133386,0,0.8225163502162202
1913.353657792767,1,0.15383831232426887
1913.6112400587367,1,1.6296931721297394
1914.1788402426532,1,3.242829519208532
1914.4189248436023,0,1.4193068642800333
1914.5033463466868,1,0.22150134114955666
1914.5711253133504,0,2.4660052725240535
1914.6301164238728,0,3.2519038877609043
1914.9262907966045,0,0.013619654221642767
1914.9703214445008,0,3.4986205536791055
1915.1748100336852,0,0.5204795251474708
1915.2287239034831,1,0.2633834878276062
1915.4099065794005,0,0.6832175124668903
1915.5441814254798,0,0.14577147467162874
1915.6004965440352,0,1.0196103121876823
1916.1926381846588,0,0.4038213999493129
1916.1936463624213,0,0.5234884351123709
1916.222698764344,0,3.2707713047776537
1916.5112510629515,0,0.04321979130527847
1916.7170521674618,1,0.10809211855911074
1916.884274000365,0,0.761577905970437
1917.3621196587771,0,1.2839633866807318
1917.5652394194506,0,2.308507717456296
1917.6865320122738,0,2.112073674604123
1917.807263060272,0,1.1464128950762467
1917.9819774069256,0,0.9276051334035724
1918.5660359407116,1,1.183310135495448
1918.8159232912858,0,1.3281412810981261
1919.1242481748495,0,0.6757700854721824
1919.1550790027713,0,1.570962434404784
1919.3608750921676,1,0.9376002213117397
1920.2614841312527,0,0.7301652159375919
1920.2858232312258,0,1.9762741405048951
1920.3131092483366,1,0.28941766511703215
1920.537046829267,1,1.7442214757749974
1920.5449977813073,1,3.3298791957082234
1920.723529699565,1,0.22000449371563385
1920.8657776128593,0,1.8258316027424788
1920.99203669092,0,0.06451677665323974
1921.035901444207,1,0.7843668559057237
1921.2816243436432,1,0.4411099528369831
1921.342988599068,1,0.7417754552314453
1921.3755917331807,0,3.0229779111154995
1921.5643048001411,0,1.414000317867119
1921.7258033266903,0,0.4440057625589396
1921.7317088226985,0,0.7067916196822556
1921.8197717293297,0,2.093838666622831
1922.2214347047202,1,1.1910098600642478
1922.5236245852197,0,2.1347571630130235
1922.623929615218,0,1.0449020236479631
1922.8636299724963,0,0.15150083683925578
1922.921754693452,1,1.6290128300986721
1923.53816730871,0,0.365781266043194
1923.7736137999516,1,4.855700407368419
1924.466678929026,0,1.124307958793311
1924.62511394527,0,1.2611180383979441
1924.6419169171922,0,0.4468824083143677
1924.8952780046407,0,0.883015731141451
1925.3174295829094,0,2.7722198539735867
1925.3717726677023,0,0.2600538685420297
1925.4126528270292,1,0.6044098129902219
1925.5395682044016,0,0.6837278109332621
1925.9346746739986,0,0.04923208347026091
1926.0128400818726,1,2.0083920392135513
1926.2965340369444,0,0.8133926554836874
1926.3667611738758,0,0.9553657083721805
1926.4551159498058,1,2.1053827867518935
1926.4746162287363,0,1.1076064980587774
1926.558410744717,1,0.9885779939487805
1926.6572653039032,1,0.6704327843816245
1926.8811181357185,1,0.7945703956341098
1927.1359611134037,1,2.7292989893700894
1927.2622498065139,1,0.7681916517245404
1927.4633040387102,0,0.10763582883059845
1927.6846154514678,0,0.7129702970550877
1928.1169053837173,1,0.6584565892621245
1928.23602202979,0,0.9674127809564602
1928.5308357335205,0,1.126450768851955
1928.5585262804443,1,0.32837503301879034
1928.880801243137,0,0.7951497992017595
1929.0295574169772,0,0.8069241902947236
1929.1227073916514,0,1.5827764628087775
1929.223659079502,1,4.996201772071789
1929.469387386917,1,1.4961902939041078
1929.6063673047329,1,0.7208684004877178
1929.846763573727,0,0.5493495179247112
1929.847903822957,0,0.45700584283427603
1930.2283043014206,0,0.03881041867277943
1930.3423374472138,1,1.909087943136414
1930.3568124169708,1,0.1922648321503818
1930.3805094551244,0,0.4278533180795024
1930.6314651488512,1,1.5540076475204927
1931.1708090214277,0,0.38645277602156547
1931.3060615379593,0,0.23226850228470217
1931.4461440800246,0,0.7894018940306232
1931.695370860759,0,0.5044469553172288
1931.972075551568,0,0.008734676004076982
1932.4306526222076,0,1.5401262465216035
1932.5176558922274,0,0.7817123882904963
1932.9061811017227,0,2.6202945749938684
1932.9700471993342,0,0.40028557271646675
1933.0547442119837,0,0.2870503909619591
1933.6924968297903,1,0.32571398289142556
1933.9084199885253,1,0.15496297207433687
1934.4297049933234,1,0.02221952205397068
1934.981473182746,1,1.339711609716636
1935.0351538519196,0,0.8106278131511104
1935.0868022379657,0,2.2196804625848494
1935.1988794285169,0,2.402516774832844
1935.255911332687,1,0.8054958744907309
1935.6821731962004,1,2.455507584713435
1935.9176343721783,1,2.2383461907081883
1936.344904704504,0,0.3539266794570579
1936.38878433786,1,0.06206274988986804
1936.5397555135291,0,0.6887598117104615
1936.7244816844723,1,0.18057895589607398
1936.7513523623536,0,0.048962044370861914
1937.227001295831,0,1.3220042976006474
1937.9121322648896,0,0.48818134523942186
1938.2729789014152,0,0.1789947389342428
1938.307598313385,1,1.5775284880855027
1938.3454928797107,0,0.7095482516978023
1938.618641711589,1,1.5343077011880986
1938.6842134552853,1,2.2794776134942065
1938.6853704011571,1,0.6018663950626659
1938.6972015751758,1,0.3196600394439278
1938.7164330284843,1,0.7975008816751211
1938.7393744091028,1,0.1443541631171123
1938.880332218266,0,0.7566053745882544
1938.9009921679033,1,0.3334072149812306
1939.0061427814,0,0.47650709994892043
1939.0417169169637,1,0.14943428723409444
1939.179232436953,0,1.381630720998691
1939.3879431904088,0,2.2883192513426254
1939.5422989543497,1,3.4341508452895644
1939.9654986964827,1,2.813351904120987
1940.0681339163646,1,2.0375003072206694
1940.2087720431819,1,1.0718382165508626
1940.387588025508,0,0.31837168633790053
1940.4724866628926,0,0.00993997785078143
1940.8294441491319,1,0.2678104908630482
1941.0373983472034,1,0.4223251145071558
1941.5322500068694,1,0.024603339442811265
1941.6886982402225,1,0.48297138592169214
1941.9978509149216,0,0.6027273988797259
1942.0415133623976,1,0.3367316563839932
1942.2217809644578,1,0.22453698907270744
1942.599111923472,0,0.1982776018093608
1942.9216897865563,0,2.106880442191195
1943.0984024123316,0,0.9181478494024776
1943.3464343656399,1,0.25736249476316886
1943.4554298323994,0,4.71122291769738
1943.6154349199157,1,0.5684376729270112
1943.899109161331,1,3.875142582974776
1944.161799687473,0,0.43950405513182933
1944.4822944572247,0,1.7840973533275852
1944.6863141195818,1,0.43911399746863794
1944.7424773908735,0,1.0813289581208112
1944.8351738818528,0,0.008859969629120041
1944.9556622305656,0,1.344255997844633
1945.0257765212132,0,3.025539950629088
1945.072173216806,0,0.035980030264619815
1945.14064484275,1,1.091007232389958
1945.228817143861,1,0.239603286428825
1945.4603258016625,0,1.099653236374177
1945.6797777198426,0,0.3515353528599646
1946.1135184215645,0,0.6315036221491697
1946.1654813425237,0,0.07630207743175568
1946.2689894665507,0,0.317121179024716
1946.735670204434,0,0.7292443400619774
1946.7621059669887,0,0.30307594758701073
1946.930826887237,0,1.1868722455149017
1946.9730095051493,0,0.6947599060560014
1947.1666842557065,0,0.7230229055607402
1947.2953385205856,1,0.8802636762661112
1947.3290018554005,0,2.220511050438985
1947.4985045435574,1,0.7011295154741874
1948.2175717148643,0,1.1471038697295568
1948.3648263774464,1,0.9620771050399947
1948.6413821553278,0,0.6015728101122573
1948.9773930778003,1,0.6731826332083385
1949.0544998359485,0,1.1596056729609274
1949.1264991936282,0,0.9301125803030883
1949.2178471353325,1,3.0376410790488833
1949.4570171977784,1,0.9199799734610746
1949.4736495599273,1,0.6836454271774178
1949.5165814405966,0,2.9373400054211696
1949.6116209754719,1,2.679323109406351
1950.028981420293,1,1.6987406395760734
1950.315677372608,0,1.365978505846503
1950.3816192746704,0,0.8582415728947007
1950.5233493907133,1,1.242867048114042
1950.6332238095256,0,0.24496017374648882
1950.8064201757893,0,1.3504665734854784
1951.089100984033,0,0.406413609692377
1951.2192363901752,0,0.05049349462358442
1951.570374381011,1,0.010518106653050337
1951.7718484146126,1,0.5856380682332105
1951.9048734488947,0,0.9233061952989084
1951.9120826788708,0,0.5253885737145761
1952.0104648184663,1,0.23106020173445868
1952.0690292533534,0,0.4130348999222785
1952.2850031245587,0,0.1012891687949675
1952.5448876845744,1,0.09918132947487086
1952.721109929848,0,0.8586511730459567
1952.7847287655852,0,1.6684797308331512
1953.227504602159,1,1.0414527505464386
1953.265131855157,0,1.1018778189437701
1953.7857518439553,0,0.19966909393947033
1953.9460298124752,1,0.8002257443152665
1954.024069649411,1,0.8332597863133218
1954.0276535041971,0,0.49956751686667317
1954.3642443059816,1,1.0386726617373874
1955.2466717901561,1,1.6056231879920484
1955.5500445799396,0,1.096361450761309
1956.3698888895847,0,1.3043106305557624
1956.3722470379746,0,0.3028946372314217
1956.4547201289147,0,0.019390300937471457
1956.6298776638341,1,0.7290262307428584
1956.6698080762553,0,0.04643674768450222
1956.9596537839038,1,2.338691087520664
1956.9607335430096,1,0.6883980477745342
1957.1373495499547,1,1.8728258192929932
1958.0630674998229,1,0.8990339011009297
1958.2709392928916,1,0.26107570645084877
1958.4600185598795,0,2.737931802439754
1958.596397852639,1,0.40912995722205087
1958.7047895284834,1,0.9581497070475006
1958.8382572700325,0,0.893983056941725
1958.957303881275,1,1.1149567700302643
1959.1170301768311,0,0.036531540427538166
1959.339696404816,0,3.060344363932674
1959.4080962891348,0,0.038946375945565596
1959.4528192066643,1,0.08781362421912259
1959.9927958123176,1,0.6001754792871705
1960.5030152324239,1,0.01364250281003542
1960.551111358174,1,1.887338223591686
1960.7175070399064,1,0.8958977979981143
1960.8320624767061,1,0.4763494547971343
1960.9273913446136,0,1.064635467725618
1960.9587961046827,0,0.08888582841881155
1961.054789912484,1,3.3760874377161088
1961.1880787222276,1,0.4483843246774456
1961.2970647134166,1,3.6695143772663346
1961.3289548229818,0,0.3534305967514491
1961.7529722126656,0,0.4370260261898226
1962.4808113461704,0,0.3040450505111264
1962.8217515285314,0,0.13065309939584288
1962.9208817682375,0,1.3154700879391306
1963.2057349300733,0,0.6596702174291798
1963.26010361012,0,0.14454007096428736
1963.333085669996,0,2.082568085344752
1963.3413102681216,0,6.956455626208874
1964.0796171327374,1,0.8531046982806759
1964.0828262984583,1,2.645167202304825
1964.0934628451746,1,0.40426065756998336
1964.185933810109,0,0.0527985786291485
1964.2150347369213,0,0.5231542407371973
1964.248646974848,1,0.14597208681720036
1964.3020584498568,1,0.2580153157258432
1964.58837389794,1,1.6102728923917962
1964.7836067761523,1,1.7851437010098212
1965.0292493999116,0,3.085359687924037
1965.1821556870525,0,0.23286231564691423
1965.1985850449832,1,1.1656137676606468
1965.2484311034038,0,0.5107989816670618
1965.3795407057212,1,1.688406387322074
1965.5129731160066,1,1.3109631841823703
1965.903635675726,1,3.253794809149949
1966.542774692293,0,1.3781984663298388
1966.5926472287465,0,1.634080937310289
1966.7921643751965,0,0.9069006257225207
1966.7998488243757,0,0.4090877908400208
1967.3425671505317,1,1.8839818712211671
1967.4124564272236,0,0.01996949291164083
1967.595910022436,1,0.189916514336148
1967.6220591060398,0,1.7668148386453475
1967.820670889546,0,0.8402564901113166
1967.8355163056808,0,0.9431656348698579
1968.2850897032913,0,0.10387241938688492
1968.4928003967455,0,0.9121955220178005
1968.5190320841327,1,0.20632333530364771
1968.5393638866221,1,0.4911732623546048
1968.7101311594988,1,0.3166120514705268
1968.789195678999,1,3.8580520631797373
1968.9171409113555,0,0.11361970194666982
1969.1027594596712,1,0.9768578999602769
1969.1813777710165,0,7.082430399662979
1969.311365408407,0,0.1226932880278173
1969.3623378446327,0,0.0703241017217141
1969.7955573396507,1,0.751798392752736
1969.9162967078662,1,0.6018277304995944
1969.9961467540606,0,3.6081893161373366
1970.051348416637,1,1.3530194118430632
1970.187606865422,0,0.4687085612729333
1970.3064974083782,1,1.3757662254664547
1970.4017257129967,1,0.9600484415686658
1970.4882303500067,0,0.4995899277312793
1970.572214778374,0,0.5052119788541899
1970.665799596586,0,0.7112606713907539
1970.6817632025127,0,1.7472718222181165
1970.7386161902843,0,0.853695967021387
1971.1043368515934,0,0.025735009411977563
1971.1086817786402,1,0.521049459001558
1971.127041059247,1,0.41346146271877077
1971.699277422952,0,0.0717553020144171
1971.7104984064174,1,1.5854227045775977
1971.855059868986,1,2.451356518271475
1971.8868794889736,1,0.5780305526379496
1971.9457975054756,0,2.22715577734925
1971.9566445983326,0,0.8018485331080051
1972.0179813946052,0,0.31597750454024753
1972.1458063324271,0,0.16992577423478034
1972.303347250275,1,0.45278881189354675
1972.8074586460748,0,0.0233137519533932
1972.9113464111533,0,0.3547967899849225
1973.1287118292005,1,0.28763556062931683
1973.2671279518604,0,0.3214952784094287
1973.5260088765,0,4.42058931307944
1973.5711352570584,0,0.3008379897961385
1973.7229105705787,0,3.8242675687356065
1974.1178826564508,1,0.13205586983993828
1974.1336040864765,0,0.3053847404174165
1974.2117614708875,0,0.4603760796974533
1974.3277852095118,1,0.4990166729476651
1974.4794287681,0,1.1890807199604914
1974.7443122436257,1,0.19875207931662683
1974.7625559313774,1,0.3620026407662059
1974.8660087295789,0,1.5339511731565356
1975.0626077607242,1,0.8188624967192427
1975.085599215546,1,0.8632778695822836
1975.4321341011569,1,0.24435257921940962
1975.5015142508628,0,0.20071734556329165
1975.637879253555,0,1.5757119988910664
1975.7591495438535,0,0.4919578739413223
1975.9189536746003,1,1.295452198264306
1976.0893014831452,0,1.3919578344983643
1976.0920294014732,0,0.5567210696352018
1976.3143218880111,1,0.03785914162657344
1976.3858907055749,0,0.49139914177222377
1976.4861300195503,0,0.4182728865273439
1976.5474832718805,0,1.0625201815012484
1976.5631844184127,0,0.5601021504833137
1976.6797906396812,0,0.23261725343036396
1976.7314500553077,0,1.313181494282832
1976.8261828956577,1,0.7763136396836797
1976.9947819185873,1,0.7736743250701228
1977.0218942001009,0,3.564325306641275
1977.169285314504,1,1.3946513571733339
1977.4042384119161,0,0.6223811471826616
1977.4954854219511,1,1.2333608765611423
1977.8053299907497,0,1.2284590909202835
1977.8094273297368,1,0.0645593524440299
1978.0811683157626,0,0.36675123572629537
1978.2121522085854,1,0.43766618252313616
1978.3354028383542,1,0.045208423955999354
1978.4088469704097,1,0.541345904662445
1978.6341400148603,0,0.9155318460010518
1978.7153511281515,0,2.78243381480836
1978.9260860091695,0,0.16662241954290963
1978.9794551986222,1,0.7301059931919578
1979.167872961524,1,1.6014079258898812
1979.2137083534935,0,0.23677178557269737
1979.4448815808455,1,0.23772599637432487
1979.5422541874973,0,1.3708753349095093
1979.562297497632,1,0.729422148999192
1979.5965053716213,0,0.11727306855523285
1979.7202815425312,0,0.33251621140693105
1980.2045458932462,0,0.035359998275118744
1980.3677026584326,1,0.3501118139244541
1980.498019830501,1,0.39780801393454496
1980.5114643322222,0,0.023016636346110765
1980.6317131297292,0,0.36702006687798167
1980.7140870023004,0,1.2704900111149269
1980.8317350419436,0,0.4475623361439678
1981.0317980735433,0,1.8227436768309153
1981.0993481177486,0,2.649505012265612
1981.2439095633374,1,0.2999435378163924
1981.3736861113302,0,0.023948218302873255
1981.4061306744466,0,0.13141366879657349
1981.7012754308043,1,0.26215201311810227
1981.8786782247928,1,0.6895405583666082
1982.0156837252662,0,0.03164305179145392
1982.1199112139727,0,1.87639857376962
1982.1300497833215,1,1.2816974971190218
1982.3055357918574,0,1.8974834714220878
1982.3304289516586,0,0.03801058314802734
1982.4433806571508,1,0.662369837302375
1982.9088804790051,1,1.6786586453463543
1982.9336453882477,0,1.6899912454842667
1983.014891392199,1,3.2552160040909484
1983.1239381214964,1,1.448825313177587
1983.1290262194977,0,0.6813663822376913
1983.3200014456097,0,2.111513550577944
1983.3953828478827,1,0.7079217946438894
1983.5761736433144,0,1.456571062807311
1984.005907434823,1,0.5318376433182062
1984.2623804468258,0,1.122844833010851
1984.275067866184,1,2.1844447555090682
1984.3184238406059,0,1.7817314733720873
1984.4228581591276,0,0.19872415365696022
1984.6146534552518,1,0.0884597489854706
1984.841973408932,0,0.71535020931049
1984.904712156039,0,0.3055112707809278
1985.0995967169238,0,0.0437851112565087
1985.6785988028535,1,1.8434087125230563
1985.778755719453,0,0.20111933717420208
1985.8056180031151,0,3.4421856347377875
1986.165260033044,0,0.7335194284987852
1986.396854866523,0,2.5552245764260806
1986.6515300678032,0,0.6996768451653054
1987.0863754643321,1,3.012925913201728
1987.1541549689332,1,0.7099874683455141
1987.3777753530394,0,0.6457106437408273
1987.4330389744869,0,0.5025524871379883
1987.7167604688618,1,0.17103810240066145
1987.92352524216,1,1.5708567745247055
1988.206229842284,0,2.2251630409472174
1988.310839867966,0,2.6222226789298535
1988.565951950839,0,0.9120259387867011
1988.586049495798,0,1.0987137754749865
1988.9524508412017,0,0.1669978131599981
1988.9531695300684,0,0.8285180203276189
1988.9940786968662,0,1.6714543226509004
1989.357193484963,1,0.831785984003613
1989.5405267740753,1,1.102228543348941
1989.631292232575,0,0.07677005393387387
1989.6777572675912,1,1.037219491335327
1989.6830945622014,1,0.21507175566776074
1990.1379352196764,1,0.2256339966923417
1990.217686557609,0,0.37488989806055273
1990.367302234909,0,0.3591902008012538
1990.3717210970092,1,1.3248903816626807
1990.4006110789692,0,0.37073411345030255
1990.415051246907,0,1.3939570706211502
1990.7974569311389,1,0.05376342344350455
1990.8332589613979,1,0.10025990893020743
1990.8609453964732,1,0.08738012188896532
1990.915051066758,0,0.38784961293463205
1991.376536213062,0,0.047523849543829266
1991.5042701206926,0,0.39905944863760917
1991.7013429883873,0,0.688590068947757
1992.2633063969486,1,1.502958680913062
1992.3070730982486,0,1.7848287039912336
1992.3669108949152,1,0.23132601875670475
1992.4489908880958,0,0.3118985746380816
1992.7878449262998,1,0.26322969341126823
1992.8047286582466,0,0.9993503480667173
1992.8149371786062,0,1.6749012233788891
1992.8571694408363,0,0.4163333907865875
1993.7297567530397,0,2.06547067942156
1993.7722421054139,1,0.47921531459751376
1993.8396204216638,1,2.4757541779945726
1994.097598353394,1,1.3597135095074082
1994.2224220220119,0,0.4037050023071894
1994.3975417638574,1,2.2069232017157363
1994.7769799686266,0,0.2577897351785932
1994.9831863093675,1,1.3461543887519862
1995.412408019976,0,2.061174172676773
1995.476739817034,1,1.2155163281535184
1996.1619168838474,1,2.3477151145526425
1996.179973528581,0,0.8662544588566222
1996.4155218476858,1,2.0504373378275327
1996.431230031585,0,0.3181813487295075
1996.8201572581986,0,0.15870126478541807
1997.3966655481381,0,0.2627044247185553
1997.93153953189,0,0.5916488427892325
1998.495250361507,0,0.07522606593673513
1998.5520261833785,1,1.091105421215695
1998.909186495288,0,1.0905575528648306
1999.0439259304464,0,1.7218539519894047
1999.0555654012685,0,1.62910624371131
1999.1012288297882,1,1.2206407081451038
1999.1058597355502,0,0.24886851001212137
1999.4926092403903,0,0.03849384025029118
1999.522467028608,0,2.9610268454469666
1999.6842845367,0,0.35672264922234487
2000.1104506068564,0,0.9779080359960501
2000.191424556237,0,0.42087619199432863
2000.3000742038676,1,2.181462523185779
2000.302223686801,0,0.5899951340298586
2000.3941351267501,0,0.06156409007114656
2000.8689507097772,0,0.2148823844442652
2000.8709655607054,1,3.0193733617951395
2000.9894657047334,0,0.043027325709420035
2001.1426233205038,0,0.04594993638035817
2001.1463801977568,1,0.36987310196259326
2001.1498444214053,0,0.15137280281056303
2001.599494848686,1,0.6475635762740731
2001.6651026973643,0,0.1791752965509486
2002.0120897937245,1,1.214667908841304
2002.0758026003991,0,0.20240313420982733
2002.4270980249787,1,3.287252091235552
2002.8087422069189,1,0.13613928431250344
2002.8447245648904,1,0.01025035987752418
2002.9122729809765,0,0.3919393384158493
2002.9628720642738,0,0.7407768494404539
2003.1701827119452,0,0.4079563733911839
2003.3471137606005,0,0.09511163649944979
2003.3608649008606,1,1.0505436327475937
2003.6077001347712,0,1.8421184411732672
2004.1492061006036,0,0.8709635469906897
2004.2679481160876,0,0.10230753966589437
2004.825238934895,0,0.19020707160749598
2005.0434067266428,0,0.39765949092702785
2005.1725652906043,0,0.6440605874963908
2005.3045236526066,0,0.02213548894014688
2005.3803119894085,1,0.3669468343132375
2005.5371737033709,0,0.24715704109528847
2005.5767734557671,0,0.4577000459773051
2005.6424520801515,0,2.2296147493679714
2005.8729526711224,1,2.0769371505217737
2006.1045930930786,1,1.5853845318106135
2006.1563682092392,0,0.12047596558982568
2006.2468121034717,0,0.5052230663881979
2006.3607893180597,0,0.7407840027321128
2006.6847412634143,0,0.0985996688585642
2006.873473244447,0,0.4423478210944571
2007.0964034078356,0,0.7022136474733238
2007.1213373413261,0,1.2393372086872882
2007.1902280693575,0,0.21445817694798153
2007.222824797784,0,0.5767978439020376
2007.577676711516,1,1.0875066639747613
2007.6116470892312,0,0.7723584975632274
2007.6925885666992,0,0.5024635309355733
2007.9069255345419,1,0.9515614778587729
2007.9367976390872,0,0.08563141666640567
2008.0719516634983,0,2.053881050995003
2008.072077683973,1,0.8638438876695658
2008.0821914710648,0,0.5467026189453226
2008.099269126434,0,1.3059783747174984
2008.3538626136728,0,0.7286644586462411
2008.6411481319483,0,1.106158326455884
2008.8399402529478,0,2.5812308407906834
2009.0125349231014,0,0.8678329354134444
2009.050870880913,1,1.0450674954175982
2009.106946091459,1,0.31774556333034876
2009.2623259587733,0,0.5039648727435314
2009.2820735020014,0,1.9258587599031118
2009.464657179584,1,2.034049107303606
2009.81306427079,1,1.2083695456231456
2009.9385516305226,0,2.254776746521176
2009.966940713061,1,0.3146284589285612
2010.0207709252268,0,3.9459916521312053
2010.8361128870567,0,1.5634507072912378
2010.9556168820425,1,0.8241787087159178
2011.2190233107292,0,0.32356115393176454
2011.225516814683,1,0.5585248889519164
2011.4112025242543,0,1.0855347313674621
2011.9013032046773,0,0.13593753190192387
2012.338761352463,0,0.43751792693325425
2012.3735558320961,1,1.955842493496686
2012.5351753858197,1,3.278104895005109
2013.1110807425835,1,0.6069836746496398
2013.4462194668306,1,0.36234561245157626
2013.4486418131012,1,0.34247688871537585
2013.5628771713937,1,1.791894084749326
2013.6895726348926,0,0.8323152738331765
2013.7937948483939,0,1.0832716715131891
2013.8665780322235,1,0.45184942326272803
2014.57204448376,1,0.5856852158676025
2014.8108113607018,1,0.1168911547839097
2014.981145833022,0,1.8272532326407223
2015.1032137431891,1,0.7994625171513885
2015.6156625075507,0,0.19671412973649802
2015.6210789894208,0,0.13727656015631157
2016.3238141084994,1,1.6755871562671718
2016.7402889491402,0,0.42482109033909726
2016.9087058911564,0,0.8035269672295506
2017.1659471802006,0,1.7566643491298353
2017.6827727282084,1,1.1889678360243425
2017.8638249869664,0,0.8235473571010373
2017.9845107080362,1,0.5278943875984767
2018.269600830046,0,1.5468334082946125
2018.2850558276434,0,0.041587635538432734
2018.4769309787064,0,0.0724588728980542
2018.561854127943,1,1.625827709601616
2018.7324360896248,1,0.3571580026751533
2018.8467980987602,0,1.1377151771516967
2019.054929322102,1,0.8254718129100252
2019.3366202930754,1,0.4289384068464435
2019.6292861806633,0,0.5093011603319741
2020.6496124794835,0,0.44457094844008516
2020.915956558021,0,0.5701389030668134
2021.1112822245213,1,0.10427043672478037
2021.1409508220752,0,3.156241176428364
2021.2447210801859,1,3.9252533427846124
2021.6727612149557,0,0.15006202614532455
2022.0877750722368,1,1.8130190958209422
2022.1754811449166,0,1.051024503346826
2022.6669592101982,0,0.5583422325707741
2022.7931351266586,1,1.694288075646049
2023.0104472270216,0,0.6404338923830079
2023.0429153158295,0,0.4763132202944733
2023.0588443657332,0,0.48438229679814343
2023.1068465043713,0,2.802273351486261
2023.1361867632788,0,0.12161609560797779
2023.159195424181,0,0.2282666354152806
2023.3463262126927,1,0.21523437487390007
2023.590119957225,0,0.19743904889449157
2023.6097111110757,0,0.11636720505172791
2023.642965885257,0,0.46033568770415356
2023.9072974211367,0,1.4068236690664717
2023.9626639802666,0,0.18076664741974732
2023.9871275666258,0,0.8200157798411765
2024.0854614900175,0,2.8272313952400694
2024.089091007235,0,1.19068642749221
2024.1589674369245,0,1.3329776753755007
2024.311211290443,0,4.0131680992283245
2024.3347485559198,0,1.4226402289109188
2024.4158598111057,1,1.3764145777124357
2024.81321413436,1,1.7847285052617226
2024.8890206073559,1,4.728452479304345
2025.4310810299785,1,1.0473978560130552
2025.5955246150381,1,2.8648528668291053
2026.0188496201772,1,0.543499043631796
2026.168109516468,0,2.4600092811236647
2026.3571487993024,1,0.26695635367545
2026.4577086667987,0,3.110538970933758
2026.63157691509,1,0.732101944477847
2026.770795327903,0,0.3965891271923714
2026.9456200647635,0,1.8176722076008953
2027.1880483631187,0,0.46269432055877135
2027.6121585316032,1,0.46874462180811793
2027.9963035351868,0,1.1263593202457718
2028.0056834079205,0,0.7585090685280281
2028.0411517598254,0,2.41496764675353
2028.0710344376891,0,0.8059907113259853
2028.135970892996,0,0.5721628720832043
2028.1671155816916,1,0.40824571749707694
2028.5589897887633,0,0.5728457340590326
2028.9906240278192,0,0.38420264531961945
2029.0025035774074,0,0.9205987875444159
2029.6340830690856,1,0.5415993951820913
2029.6471691278518,0,0.37468113769052647
2030.1160189827085,0,1.807273215449314
2030.1573736190821,0,0.1253381765856126
2030.2200152436646,1,0.7865178838864665
2030.5137976115832,0,0.7640930113296358
2030.559843831061,1,1.4942669484222182
2030.6148012221272,1,0.0517837320723027
2030.7479988119458,1,0.91392158626201
2030.8310193240136,0,0.9076290058626539
2031.0766819877772,1,0.4633631564887642
2031.6754469928364,0,0.6333310658754097
2031.770829110367,1,0.6876941891249869
2031.810337033402,0,3.944225343323966
2032.1300939718665,0,0.004620014728912033
2032.338535192125,1,1.4552772423061162
2032.3615826212804,1,2.378452805541658
2032.4843357330124,0,1.1295973084635231
2032.8822634314213,0,0.555880789091985
2033.2306869153736,1,0.0540207238533341
2033.3380310032219,1,0.4550217809051787
2033.3645492213589,0,2.6905294240591187
2033.4668809707587,1,0.42634844480761
2034.059425985521,1,0.12806746843005004
2034.0895905254708,1,1.030715328299754
2034.1911107515361,1,0.6852199372652684
2034.2031886372047,0,1.9418238934837913
2034.2369627454602,1,0.415173238825609
2034.6886469194746,1,0.850421069994627
2034.8921865982866,0,0.480089693218524
2034.8939347075864,0,1.5627415580692583
2034.9574321685122,0,0.06874510930596928
2035.042685067293,1,1.8763476425805437
2035.1020865274645,0,0.3055099784890268
2035.137025927239,0,0.07769553547483472
2035.2518420768372,1,4.005968452100401
2035.9147818125814,1,1.8184274423782558
2036.0150588864194,1,1.3525131737320335
2036.4664862074735,0,1.0843633841966909
2036.5977603444946,1,2.2920781873526708
2036.8275117309322,0,0.5683119194794448
2036.97858859484,1,0.0611802863770373
2038.0082246040388,0,0.17142972926590927
2038.0260971206026,0,0.5036251542625471
2038.1646571329288,0,1.1823471601971403
2038.325145226578,0,1.8214187164139428
2038.41527590106,1,1.1177094660201397
2038.5207339185674,1,0.47042454549258
2038.6082355492501,1,0.13480861617982823
2038.6187405028224,1,1.6420741204772153
2038.7185009644757,0,0.2909003518861695
2038.7441386136156,1,0.3165466092973439
2038.8080476624746,0,0.6737517424393442
2038.8167321063854,1,1.8631318040565683
2038.9672186997996,0,0.0948758558712061
2039.0279355301382,1,3.187306556884248
2039.0777298902283,1,2.987675592630523
2039.2317801568197,0,0.37069158170469313
2039.3662943472277,1,1.1966763092915023
2039.4356517849387,0,1.036169388657002
2040.1089475613055,0,1.9059705051224292
2040.28326911067,0,2.266000746888188
2040.5036583027988,0,0.6556607331244688
2040.6101924073057,0,0.5971056038321194
2040.6425878805007,1,0.7513580946291957
2040.6747253621973,1,2.171805235601986
2040.7278867087578,1,0.379354554928115
2041.1104842343282,0,2.89272293157505
2041.1792608077537,0,0.15395910958889208
2041.1850154195322,0,0.03252356169307364
2041.2128774080752,0,0.8762310544229538
2041.385037896269,1,0.8773022826926157
2041.5595680427427,0,3.33558918548813
2041.6339793863283,1,1.7597814327607704
2041.7269245035855,0,3.619077193676378
2041.8091460429653,0,1.32188964348568
2042.0180976003119,0,0.5218414060017783
2042.0404123866788,0,0.13383825060988766
2042.2780689434605,0,0.1884617803675927
2042.4385773840354,1,0.6056723717473347
2042.5810550461679,1,3.227102409200119
2042.6220875938156,0,1.6051505193841693
2042.9529827015542,1,2.8194712700873157
2043.4141718953979,1,0.2923305718567796
2043.490671072315,1,0.19392916248972003
2045.064645520645,1,1.0569840629788625
2045.1074076942482,0,0.5640469194011594
2045.7131832181547,0,0.11151930059260882
2045.9221203734799,0,0.8333911630548815
2046.3582110065872,0,0.4696550158602418
2046.4924572439313,0,2.2966035374426204
2046.6373072077106,0,0.2031585974322797
2046.7367372718331,0,0.2265348167986542
2046.816280484647,1,0.8883230144699217
2046.826769352675,0,0.15875071435328508
2046.8952789606865,0,0.5202250522714111
2046.9403053481942,1,0.29336681368927997
2047.164319479636,0,0.5978728876261703
2047.5295840121096,0,1.9112399963041373
2047.893008159793,1,0.21694833484515785
2048.401297306102,0,4.279024176993617
2048.4243571778884,1,0.18316548366321964
2048.527221734279,0,2.198986784082597
2048.6129589566667,0,0.0527977745899978
2048.8325575250874,0,0.5642593656107876
2048.8742213585056,0,0.042632187314859966
2049.486958091617,1,0.922619700556791
2050.1596669309442,0,2.699808838142842
2050.2242053075206,1,1.6881299314511702
2050.5939253111464,0,1.6742588835606267
2050.719169847384,0,0.8298188979831713
2050.7313545367774,0,0.5991433974308528
2050.776715854879,0,1.1749997426356191
2050.8581971187405,1,0.6675504781916157
2050.8584542402955,1,1.64734227036458
2051.7188848231362,1,1.8315685628727247
2052.103660710563,1,0.00416427669674685
2052.2542178696467,0,1.245037620785289
2052.936944255955,1,0.31939667896212864
2053.313368364387,0,0.7318606585798584
2053.579434344858,0,2.766427919451419
2053.7221998244186,0,0.8480534753553096
2053.8789161980253,0,3.082092494713575
2053.950680055523,0,3.037231190095017
2054.9098003583395,0,0.34307770720685826
2055.4972236894328,1,1.1167333870380354
2055.9468396418565,0,2.0180569193046307
2056.1625028419307,1,0.17531670391620718
2056.37640256583,0,0.5411496194947515
2056.674579651122,1,0.4250582029609958
2056.6915194207763,1,0.8878211550367425
2056.7188620977145,1,0.9324890257157339
2057.035689709536,0,1.0883924105235219
2057.054599912894,0,1.2131920701229781
2057.0719678208825,0,1.5976647300317868
2057.4336065902335,0,0.39697141944575387
2057.46935133972,1,1.3103800268530774
2057.5690352267547,0,0.06211027094548339
2057.8468487893842,0,1.404174067010338
2057.964594820346,0,0.0051130177439106216
2058.0677397859936,1,2.4400488724649456
2058.126111413092,0,0.9880583038742511
2058.2508116199006,0,2.748922801339803
2058.280399845036,0,1.2020477502119955
2058.300299787308,1,2.6960597901524217
2058.3712502696117,1,7.482791023412781
2058.4535052037304,1,0.6537002173795299
2058.7729485106615,0,1.7014602042446898
2059.0148357313697,1,0.6740703793208641
2059.0591070843234,0,1.0031761380733502
2059.5324521301122,0,2.2320364091739635
2059.5689563554333,0,1.7244973860905417
2059.598293937682,1,0.4882238925143001
2059.659256101775,0,0.17015469040510597
2059.685692616027,0,0.5289609559205978
2059.9832772788227,0,1.1874368294967177
2060.033330461084,0,1.073240390541493
2060.574530227573,1,0.5607593270105423
2060.9579364657166,0,0.42274540773163727
2061.356681746985,0,0.05384374216299654
2061.5296802334046,1,0.233938422281348
2061.5821320507744,1,2.075285470477173
2061.885142786633,0,0.18961420168705737
2061.981349320253,0,0.07460336049307438
2062.8177260634084,1,0.2696661283020264
2062.821821424355,0,0.01145091253331721
2062.967716836406,0,1.072527887304078
2063.0304959946584,1,0.20260522485507132
2063.035757984854,1,1.9047503282136902
2063.0652308277786,1,1.44422837225077
2063.4853246974426,1,1.3550708464727443
2063.5460975532683,0,0.7668052072853081
2063.8229818170644,0,0.16810678503841034
2064.5295345468235,0,1.3319133032674968
2064.6047065672283,0,0.8284837268418647
2064.6068829248716,1,0.07590548767607778
2064.7468138425697,1,3.1546410292347358
2065.434211540237,0,3.7067097821414574
2065.453894276252,0,0.5647995481118756
2065.4692897351956,0,0.0016196517864369491
2065.6858537166067,0,0.3032640382336523
2065.841350505232,0,0.11370826481850613
2065.866862574295,0,0.04348601288963353
2065.876132875264,0,1.0470727453436355
2065.8810150001786,0,0.7223258747832338
2065.9427053055997,0,0.336195591097873
2066.6565834753073,0,1.4396267392986575
2066.827847404029,1,0.1618281416021687
2067.6121686371093,0,0.6174970477290511
2067.725406739532,0,0.15346708560869757
2068.193650513399,0,0.05158009939398949
2068.285710311009,0,0.43375575020435975
2068.307853881289,1,1.0669428676998598
2068.571769144697,0,0.9758366288722333
2068.7696376517692,0,0.27098934908423783
2068.8705338258346,0,0.2603139138286053
2068.876870445442,1,1.5931366931344044
2069.1743873940536,0,0.22966169668140796
2069.680783910233,0,0.43408463309217254
2070.0136571721473,1,0.5235586160080539
2070.5851924418116,0,0.6344110632406859
2070.757516494855,1,0.5929237870366488
2070.8866434835377,0,1.0878949747763214
2070.919310321734,1,0.003993634955712473
2071.1625945655305,1,1.9202255768614767
2071.246866390351,0,4.641516503878641
2071.359115235406,0,0.3374672233090876
2071.4427159895204,0,1.7266922823789073
2071.870026127938,0,0.6753664919093569
2072.071142767606,1,0.24529004758522527
2072.9935466984625,1,0.5283467326745702
2072.9987197963,0,0.4135347241020673
2073.0635525243806,0,0.5556130781653787
2073.248826599469,0,0.4944217367908707
2073.276370223103,1,4.448043050272138
2073.4107474505972,0,1.3853383322929267
2073.551922322648,0,0.22796731821357508
2073.554644211946,1,0.2525783374597712
2073.6780792070285,1,1.9253427595014065
2073.876277810244,1,0.8400180278706928
2074.065579245537,0,2.079924144614306
2074.3163535345634,0,0.6603104412693622
2074.7286967167993,0,0.2721362525252368
2074.7602886296813,0,0.25374999948591576
2074.762719314797,1,0.7498439429608217
2074.8627851063407,1,0.17326301495947644
2074.982194713297,0,0.15062515322720335
2074.993020110519,1,0.26639658349650724
2075.0638799895364,0,0.20622043219070954
2075.078107259653,1,0.11653571963241303
2075.1196335010495,0,0.5018261683364524
2075.2061106740434,0,0.06860759235169059
2075.2759152723606,1,0.6541433623247813
2075.3181402320283,1,0.07918464534057516
2075.4182993906115,1,0.3051200815454188
2075.4318686750503,0,1.9868297861507322
2075.7004923535474,1,0.44949597703393007
2075.8965045488844,0,0.4337311031093385
2075.8987419419045,1,0.452750193471724
2076.0072939321813,0,0.47979398246693017
2076.010505097359,1,0.10226560248156595
2076.2677171951245,1,2.1205555764247292
2076.297363188458,1,1.5116298263862533
2076.4093554790934,1,2.8702854926872305
2076.522463222796,1,0.3230481994828712
2076.5836501527056,0,0.6115940726089071
2076.591388834608,1,0.36281870923896636
2076.733013435551,0,5.7808840392887575
2076.7985029224915,1,0.6710055791176037
2077.092032599666,0,1.1875249580554779
2077.1179462339055,0,0.4549632188058382
2077.195835567827,0,0.530943490418543
2077.23486864787,0,2.419491533034791
2077.4107956598855,1,0.05767751693651169
2077.495552980583,0,0.8728492582915768
2077.505853529321,0,3.3460914035181437
2077.687578641689,1,0.4644825757082718
2077.8926141053926,0,0.20641368925211395
2078.238403444119,0,1.6269133544277632
2078.3841053920155,0,2.4391351242573727
2078.5727096094247,1,0.22005734168632315
2078.712888593331,0,0.5493367320499456
2078.9178926139753,1,0.06158150701066499
2079.014584793143,1,1.2678697794629155
2079.146978900913,1,0.33786122232241483
2079.218949904183,0,0.7579591578087681
2079.2438940663815,0,1.2809474369669465
2079.505946677057,0,1.7872940966034867
2079.552302942043,0,1.7707419732392418
2079.574593969697,1,0.2782809629697492
2079.716095605188,0,0.017677153835313635
2079.7280607588123,0,0.7362652751465688
2079.973813710779,0,0.3354477511357652
2080.057041992013,1,0.6250352129552132
2080.093271960741,0,0.3600970411468281
2080.7074331905087,0,2.6875108577473763
2080.7646907793824,1,0.288088141538286
2080.8304062895586,0,0.6355222106240606
2080.8360188651764,1,2.812855920595651
2080.8396418986545,1,0.2211192215196044
2081.201228176452,0,1.0465471228976435
2081.256800439985,1,1.0783176990240053
2081.4295271129017,1,0.4517837727979154
2081.5509826512853,0,0.5898534659898479
2081.5571766995804,1,0.5633030120099242
2081.604894590805,1,1.2022885193014292
2081.86827864467,0,0.4655934370676324
2081.8691714429183,0,0.798347841140461
2082.0520029110626,0,0.35704494057322683
2082.1212902329585,1,0.03756499319512522
2082.4185799422894,0,0.8663781541678826
2082.4423053374276,0,1.9354968279685731
2082.4799516524117,0,1.9229550974467537
2082.651480246184,1,2.99031431735
2082.6664236362467,0,0.33207148656743973
2082.794702088363,0,0.32403047242904476
2083.105156465844,1,0.7690760769481529
2083.4683730949314,1,0.6190540612745723
2083.7778226638784,0,0.9179752898033889
2083.7888159585464,0,0.4394742846920789
2084.0316521380805,0,1.0361367876163252
2084.378475301478,1,0.6940274093959161
2084.4211952653022,0,1.148261792887492
2084.4657982954755,1,1.5875361404047348
2084.5708343417537,0,2.686314627086549
2084.8479826288594,0,0.5814281870165177
2084.852046026084,1,0.8594039873486298
2084.9755767000383,1,0.3945825765345898
2085.0258084347015,1,0.057309065126417064
2085.110078821229,1,1.1603172024508415
2085.2060844455495,1,0.23022452820546363
2085.2779085704537,0,0.9450570144319596
2085.4063237081327,1,1.4500044137372667
2085.416872777327,1,0.5152206173848323
2085.4226174305145,1,0.3859653297276141
2085.5508544358117,0,1.080243676131278
2085.764271181739,1,1.257775565613705
2086.0031167628413,0,2.3677296494421065
2086.0365104992143,1,1.880568694856318
2086.393391175909,0,0.6819754187754813
2086.5785632858974,1,0.4272117577017093
2086.7728825379395,1,0.2816081015311148
2086.8729854536496,0,0.7799144734656182
2087.222859085942,0,1.1304238374495226
2087.3160824670035,1,2.3144052138936857
2087.355532949034,0,2.5384301948303576
2087.4143261753647,1,0.522706923523112
2087.4237081313295,0,2.4505061272301245
2087.4855416652476,0,1.611492384235237
2087.6586065008773,1,1.0934592412134596
2087.772895800858,1,2.0635584706241996
2087.799631528386,1,1.4726025729297145
2088.074219397263,1,0.4880757116545687
2088.124458252872,0,2.2726342140608558
2088.5374913897663,1,1.2220622980850913
2088.7245407685077,0,0.010600302703607158
2089.0877854694068,1,0.6742866768025633
2089.134520400172,1,1.4387973102704812
2089.417536575254,1,0.5331807328962536
2089.6949502981197,1,2.464308389246516
2089.793292894184,0,0.5302565011957995
2090.215353394879,1,0.11849096002894079
2090.263337311099,1,1.2004611948520814
2090.3645277885057,0,1.040385360618556
2090.3910279305655,0,0.2353099368727332
2090.859448326293,1,2.4563545424531137
2091.1108814248096,0,0.12038362230405963
2091.2536160054465,1,0.9653512050367205
2091.41459450341,0,0.8026502560661944
2091.538431149535,1,1.5693976904488909
2091.63096529785,0,0.04555407595401945
2091.642374755815,0,1.4771929185216233
2092.0075655877718,1,0.0932775780292833
2092.2936446216254,0,0.2667873152545227
2092.315413407219,0,0.0775074775320875
2092.461384129647,0,0.044251165554888304
2092.536926991658,1,2.2491197490989436
2092.6696572252854,1,1.201698608717512
2092.7672670389543,0,0.7402316979319934
2093.2976962575644,1,0.23593771248097092
2093.4678744885737,0,1.7565451487165005
2093.590468107118,1,0.3931210026920621
2093.7706988258387,0,0.4391783941027332
2093.796605125105,1,0.23453727936754182
2093.8447149630674,0,1.4321968143991026
2093.866172352982,0,0.44815261609960694
2093.925700034406,0,0.5809454546032953
2094.2048001353705,1,0.2734553433021019
2094.2821133742846,1,1.091696589835442
2094.3766591180806,1,0.8178094972344084
2094.7322194019957,0,0.05554110546543607
2094.990214910179,0,0.07889946116285936
2095.2565364714887,0,0.2671913628032883
2095.363218703792,0,1.8309316322291607
2095.7330652538535,1,0.5150721197969578
2096.1113633644695,1,0.03046652286866699
2096.2358800371417,0,0.5628399097498202
2096.2396303336386,0,0.8051228651547533
2096.3371297000217,1,0.40633417248850134
2096.362515939407,1,1.698653321135287
2096.4288095628467,0,2.1787765112559887
2096.445984244593,1,1.0761102216392229
2096.508715537532,0,0.4572862522558701
2096.793240618435,1,0.8047906731513759
2097.9289314755592,1,0.3782223742820567
2098.228886985007,0,1.5703024876607463
2098.245293404906,0,2.2054100567108086
2098.7372661674995,0,0.023618673851286947
2098.796422370517,0,0.44986843349359235
2099.0706129608357,1,2.0030454377236877
2099.074782119842,0,0.8426911164000456
2099.352254825488,1,1.4761946987239434
2099.3835068407498,0,0.08615128252565331
2099.762470381159,0,0.03373666200040378
2100.523530711917,0,1.262078060095108
2100.708181304177,0,0.6891956255124554
2100.855731783328,0,0.054962521057042704
2100.9523448122263,1,0.6337390897716279
2101.1956651670444,0,0.30960806752563097
2101.5553562612454,1,0.1501453597069327
2101.833832630676,0,1.1074328323889342
2101.8781073486266,1,0.10820414175868641
2102.899031326552,0,0.24444030497750244
2103.237410849662,0,0.7883143899182332
2103.257737217193,1,0.5856684578440122
2103.5671393544035,1,0.875708736442475
2103.694616217073,0,1.1629052065370642
2103.8364449331393,0,1.8974051642211693
2103.846512446178,1,0.34949656848751853
2103.860517270173,1,1.8544087768307964
2103.95270231831,0,0.5468820659558677
2104.181846681301,0,3.9522167523044724
2104.182524579028,1,1.2890650571556188
2104.407563053181,0,0.06094766538764127
2104.4262469379687,0,0.13774296130858993
2104.84236024557,0,1.1761377419106274
2105.5887001940964,0,0.5585052855595918
2105.7847434357036,1,1.2221062981207544
2105.9775928578665,0,0.14555715726382215
2106.036836795091,0,1.9962129057115896
2106.110272023054,1,0.33839494211047005
2106.1208487489203,0,1.5722496958941934
2106.1555440436,0,0.3929126860648318
2106.1569757035186,0,1.540211166329081
2106.313065001286,1,0.5899164945072786
2106.353327466857,0,2.247893746182751
2106.4850537616344,0,0.49024253691797315
2106.8832808697034,0,1.0455240766013607
2106.967826051583,0,1.7726097004005432
2106.982009650173,0,0.4358053568910089
2107.2468666527384,0,1.1527240969030834
2107.4714807497803,0,2.447438368338062
2107.6589176070192,1,0.18160925128753544
2107.690100124879,1,0.6876117615350702
2107.8114100722933,0,0.30182505692926126
2107.926611018738,0,2.227957726309114
2108.006707823712,1,0.8341255020646479
2108.403318302889,1,2.10833927469906
2108.6163699891404,0,2.356182117681803
2108.712055411541,0,0.5738127352813939
2109.196821293917,1,0.2677904322332318
2109.2572696890957,1,0.05084295156303187
2109.3625352210124,0,2.24386755669161
2109.661891737057,1,0.30044128877843085
2110.205019459949,0,0.4942556268719081
2110.6154788122085,0,0.5958687390787683
2110.6248852811786,0,2.374433568170925
2110.6633258577317,0,0.6548038685105234
2111.1016135708005,0,0.6012658907164316
2111.402624023821,0,1.0206869523824613
2111.4289501960143,0,0.3240315376076678
2111.4763734394223,0,1.9542606375075817
2111.6156293443355,0,0.5544071816254317
2111.73679639189,0,1.4066798836299956
2111.7715613671453,1,1.275830061940571
2112.100688420938,0,0.2488908078623827
2112.208226442614,1,0.22675709243600708
2112.5161972353308,1,0.5180304545743188
2112.635279235911,1,1.6856198263982003
2112.7620748488785,1,0.7427222445937407
2112.781455397192,0,2.3265016992602052
2113.0585916618884,0,0.458082131539834
2113.248858877895,0,0.49121139655756557
2113.639075851284,0,0.038210465887746924
2113.87331697775,0,1.5395416794363066
2114.1180469695687,1,0.36254150183874767
2114.1360559463533,1,0.47801193767065414
2114.317364859815,1,0.36844406710526284
2114.4975868561964,1,0.4769496035642262
2114.8196140265445,1,0.033245510014014185
2115.0780214512884,1,0.5091717462196413
2115.401998594997,0,1.533313727412524
2115.730442204447,0,1.2601636640604754
2115.7456288593394,1,1.0347094159082475
2115.747465714738,0,0.4274850534166872
2115.9296102463286,0,0.30135572041988207
2116.439627198892,0,1.0799165790111762
2116.647903291001,1,1.2639676514751985
2116.7860753037453,0,0.0901588210635676
2116.87304841044,0,0.44265855070830445
2116.989972352829,0,3.1202193796324815
2117.4085535373115,0,1.4539317219989505
2117.548568564745,1,0.5150002632405196
2117.719235627083,1,2.6564178977030575
2117.724230584304,1,1.4348091974993378
2117.879279025066,0,0.2921062519987154
2118.083375921313,0,0.7807818502903936
2118.2145899233305,1,2.936578904036862
2118.2466663320447,0,1.0977597091141298
2118.3127897681484,1,0.09300477033042365
2118.5703846095385,0,0.4858866069558157
2118.659385645017,0,0.3753131235071652
2118.978191722065,1,1.0477596403675606
2119.013651819098,0,0.805544160089375
2119.1846998164992,0,1.2590478698644259
2119.4499229300623,0,0.2581855843368861
2119.486689581833,0,0.5797868014084929
2119.5236255039463,1,1.1608330728178082
2119.6686588533366,1,0.5616442664876587
2119.8907798832975,0,0.3488513562369844
2120.2298980191476,0,1.5906825501870538
2120.39641320313,0,1.24845300101096
2120.5858827361985,1,1.6289111595418868
2120.8083682497418,1,0.43898946914891634
2121.1195630402126,1,0.4127273446434142
2121.268016635982,0,0.817154311199469
2121.321312332478,0,0.026544372114753318
2121.6695082184106,0,1.9107518139406034
2122.1475375515593,1,0.1864238556586701
2122.178309408496,0,1.5525753798811803
2122.8197463549595,0,0.19888051440291263
2123.2790407419016,1,1.1593884853110035
2123.4576113849525,0,0.5386542803125681
2123.5661552884653,0,0.9828309738761787
2124.0010556377483,0,0.7515821261394299
2124.097138462057,1,0.40855890867768796
2124.155302083189,0,1.0104562874725778
2124.385906253199,0,0.22549010900849406
2124.3971148213354,1,0.5326257321583957
2124.521176955709,1,0.07962979057307555
2124.5846753686715,1,0.8563665251610401
2124.660253039932,1,0.27841701208382386
2124.943784026501,0,1.1354343653727441
2125.1071899852277,0,0.21291948285973292
2125.144948263158,0,0.4810838334119798
2125.2744498726897,1,0.191586299433004
2125.368712776992,0,0.49019320505676167
2125.6080712056023,0,0.7390070087040076
2126.257953451575,1,1.146321190465189
2126.3823792795283,0,4.330016834883055
2126.4959588725415,0,0.4101784962517517
2126.5388719017287,0,0.0016135108964094428
2126.617558380919,0,0.28348899088198126
2126.837162467437,1,0.0882477378026238
2127.131968014905,0,0.5173235632282833
2127.177201173626,0,2.259776853116022
2127.3205935378423,1,1.673064887741857
2128.1456270368403,1,0.8563922741202648
2128.219756126343,1,0.21367720755046707
2128.3671645305694,1,0.9116971869868957
2128.3853707616786,0,0.24098148536643726
2128.6094166925554,0,1.1435081673875924
2128.695339855086,1,2.3274260876235213
2128.7921480020564,0,0.0001351057851181176
2128.9443193627503,0,0.26646729568640093
2129.1238680967676,1,0.36891100946898736
2129.22487173357,1,2.5705417326342346
2129.2522984030693,0,1.0012344713101158
2129.573067438785,1,0.01601674494824735
2129.791321309971,0,0.03257277700043725
2129.8166861868494,0,1.3793781173650226
2129.834321663687,1,0.5179692646923533
2130.19716107346,1,1.2513953812696954
2130.2703212582464,0,0.5319753977857897
2130.417940256332,1,0.4611112430193627
2130.759775897994,0,1.350961860505491
2130.780965694403,0,1.1271856892264271
2131.3303712063534,1,0.18390208711494155
2131.52159780311,0,0.2719184642351323
2131.629164071055,1,2.0797442471749656
2131.7474049230595,0,0.096378157187186
2131.83952113865,0,0.2187388630910397
2131.96375425676,1,3.004470692443888
2131.9646287654964,1,0.4570649684520147
2132.2351829515032,0,0.14641786207346993
2132.4284820024086,0,0.4629119395620873
2132.4940008862363,1,0.75296406664304
2132.9263245758943,1,0.5858615358242745
2132.9727536753176,0,0.4778841286417342
2133.1070370372668,0,0.07175275394001156
2133.1646582581075,0,0.5746382254489673
2133.1785633183504,0,1.1518356756376256
2133.9103253637572,0,1.7118825525394274
2133.974814392955,1,0.6989879813021571
2134.2280416396097,0,3.7170312707543944
2134.247870777919,0,1.8736372345197103
2134.3530482562496,1,3.908160573613756
2134.682161893071,0,3.561932998283297
2134.9438826885334,1,0.755911136998678
2135.222006709002,0,0.9118843341030437
2135.4395654426467,0,0.3477030558933936
2135.447832956268,1,1.1114050393696933
2135.4968046343156,1,2.494030613958634
2135.667906429608,0,0.9737183861648099
2136.502326068878,0,0.4836074209213181
2136.543264176353,1,1.1305308739297986
2136.5813005684154,0,0.018597518576752403
2136.7752172636624,0,0.5196645013118572
2136.827032715332,0,3.9794554751260316
2136.8703365288197,0,1.0951539232137513
2136.960117010061,1,0.15463256963209313
2137.1242086148613,1,1.3445034514227596
2137.47621406189,0,0.6623868064451136
2137.5805989638957,0,3.320881324256841
2137.700277213612,0,2.5999850698125377
2137.9521165578626,0,2.1986787020774323
2137.9716373728343,0,0.5541093585906919
2138.312506121157,1,1.2033005809528257
2138.3962863439774,0,1.0586667801137606
2138.4858994828483,0,0.4191238274720509
2138.4873908170525,1,0.1205502189727068
2138.528922711554,0,0.5499260677744866
2138.8797585858974,1,0.0008447860270740172
2138.9870484787148,0,0.6459013483814212
2139.1162642033128,0,1.7303735471076205
2139.274396672733,1,1.0520616009559884
2139.3315998659746,0,0.6151916768390567
2139.335646512036,0,0.018255376351270804
2139.4945490905725,1,3.669775240169415
2139.6230229807647,0,0.17307381386380713
2139.893671741056,0,1.330560949710808
2139.933418486715,0,0.00999585090176293
2140.075058263236,0,1.9447498403263914
2140.4105553641048,0,0.3311710479091917
2140.7434043244416,1,0.03482226435025163
2140.8079124498527,0,0.3521919776372709
2140.864673507474,1,0.8403745752121369
2141.103997789679,1,0.45035633538950626
2141.3104636437815,0,0.42691912712392915
2141.4823461655533,0,1.7669616824330878
2141.8842386573892,0,2.622556380563448
2142.02859480279,0,0.6543047823270154
2142.0901332293415,1,1.4769647009107392
2142.1682477614095,1,0.3637717646553599
2142.214439769092,0,1.5578312963393544
2142.5717983855598,0,0.8291422763894272
2142.583451579156,1,1.0025573367494989
2142.644052581866,0,0.925869756126649
2142.751440047436,0,0.5172046315541894
2142.9922263037793,0,1.015124044225278
2143.034096307883,0,0.41139605786747724
2143.1546201657516,0,0.7854497150743337
2143.198440099552,1,0.2215827077926685
2143.723127017621,0,0.7311195375926911
2143.73649202808,0,0.08723314841449427
2143.7709949488412,0,0.29991611498709336
2143.8165983829317,0,0.032872883708072335
2143.850306092413,0,0.7898857815935539
2144.163966808446,1,4.160894610500364
2144.8419875401933,0,1.017047066253487
2145.409155533606,0,0.34034422710737605
2145.4108870046007,0,3.0793085615032685
2145.5211688067307,1,1.9227886426321201
2145.6601290643753,0,0.49820989073071653
2145.906988788358,1,3.9195225896617463
2146.370438468535,0,0.42002702833713
2146.5501136372327,1,0.737005151103938
2146.7583077191225,0,3.7451863711097158
2146.8171154128104,1,0.006338749313538761
2146.8593622321923,0,0.016126813693238793
2146.8754583421946,1,0.41688527274094683
2146.95589967555,0,0.6599271389090161
2146.9946568078303,0,1.0825275542257047
2147.2296786584398,0,0.5263894973565255
2147.3053251964407,1,1.2691707452063774
2147.309863742047,1,3.4035896329906414
2147.5118894536968,0,0.0956264323533179
2147.5491941755695,0,0.7025899690121695
2147.8059743753356,0,1.916686102618998
2147.9999295479956,0,0.1150981270384028
2148.0758218228057,0,0.3527843677302832
2148.1627378183393,1,0.3962813512070952
2148.1987638908363,1,0.11593045735842401
2148.360535809707,0,0.05685089463264479
2148.7768069387594,0,0.4963965418366583
2148.780559923939,0,0.5360018000912112
2148.8523669413426,1,0.45118906343507426
2148.902762967084,0,0.0041281711345035705
2148.915851144044,1,0.011556460203302393
2148.97003748557,0,1.2551308277652387
2149.265878561326,0,0.3055003806380089
2149.3238984377067,0,0.7751195395804437
2150.048346026323,0,0.058292660786398595
2150.1913587236,0,1.4010050887012122
2150.2987803346828,0,1.9281867879382928
2150.3256763022164,0,1.1357077861309455
2150.3588439640553,0,0.22552748059022892
2150.4573099839495,0,0.3346255076898595
2150.966044130402,0,3.7007171502280456
2151.0632176025715,0,4.155359897666536
2151.589600428046,1,1.0984301698098
2151.6164697356244,1,0.9041460229426309
2151.9397701147723,0,0.4306786532487736
2151.992894949537,1,1.606548781957985
2152.048060997331,1,3.0780832085316105
2152.278474701246,0,0.2254449411798231
2152.4318598655186,1,2.4915374440821347
2152.546771219904,1,2.6338503365153345
2152.948842146254,1,0.4821493067976855
2153.1030632092275,0,0.6855400057707238
2153.179568526272,0,0.9777892803905269
2153.3236066472787,1,1.8010911391185385
2153.4579343082414,1,0.705030222203415
2153.781437113533,0,0.024867590146253962
2153.8204720916865,1,0.27264425888496346
2153.891154469779,1,0.3565538116436864
2154.0959281984397,1,2.582772317712042
2154.1976944319326,0,2.0645113397399264
2154.2318460156434,0,0.5442572652242151
2154.283750455815,1,0.5208174129822458
2154.4269489629914,0,0.9295203196498869
2154.4604063359807,1,1.4631119531728276
2154.5015270299186,0,0.37893426743883724
2154.6615438697695,0,0.8371059462460126
2154.87312799725,0,1.9889567798199916
2154.964618658403,1,1.2920120995214188
2155.010951710634,1,0.8772251699285483
2155.0999276328184,1,0.5185764566658123
2155.437110671901,1,0.24376362038636548
2155.672631876129,0,0.35362347892450585
2155.7274557582878,1,2.4962607770636334
2155.8571166869524,0,1.8403685062372563
2156.05628516096,0,1.3124499569547126
2156.2940086031986,0,2.308802756175734
2156.7353089925355,1,0.5338481297530682
2156.780485251289,1,1.5990146052281513
2156.8687680548783,0,3.0987622986039627
2157.011130591186,0,0.13648598646796553
2157.1987348325297,0,0.9679563484695017
2157.307782613544,1,2.1809128156345667
2157.6045361637302,0,0.7250787033807572
2157.710647472425,1,1.6982744926148277
2157.9840169905724,1,0.3820288873580674
2158.000770534834,0,0.10158944640785121
2158.0402359981304,1,3.843821101992895
2158.0488582830703,0,1.0797940913436428
2158.129559540466,0,2.8690610236535927
2158.4182552682346,1,1.990875359795204
2158.5027049250225,1,2.5625119824069653
2158.54629231915,0,0.07530193641164849
2158.5975854059575,0,0.9662953636011135
2158.682667030855,1,0.6271426063670039
2159.0475707341475,0,1.3143280213231847
2159.131382961892,1,0.7561217103950916
2159.196854662426,1,0.5997529905711682
2159.215685939411,1,0.9152143516065373
2159.5656866717727,0,0.7836031028092665
2159.595763424371,0,0.639050985274896
2159.639688471952,1,0.08246566252172624
2159.6945777568667,0,1.8081025108296327
2159.8350296906915,0,0.4608217297815122
2159.946891883725,0,3.1087620480577978
2159.9567593523852,1,0.3505563349131684
2159.994439433959,0,2.034190994133888
2160.2223613310875,0,1.2877078308338485
2160.262167520695,1,0.1562731058672189
2160.3007639199586,1,0.5077124093145068
2160.5331757132412,0,2.998233929258605
2160.665086803564,0,0.5581681304407833
2160.710249602602,0,0.0338254882287587
2160.7353256190236,1,0.5456562483485201
2161.138040549264,1,0.46227400891044124
2161.202641113275,0,0.582675202365356
2161.490620194926,0,0.4018834651424394
2161.9161596675453,1,0.6466179251574995
2162.011512514606,0,1.838284326745074
2162.0282270175044,0,0.007642115782335066
2162.0498375519915,1,0.0447334578986722
2162.6031469889235,0,0.9051095551420268
2162.6239149937637,0,1.3464778809308986
2162.6975265769956,1,3.913627655817109
2162.8353774656657,1,8.119700933507703
2162.8832309433783,1,0.5614241124399644
2163.2602836153387,0,0.2640255317103488
2163.8570593867803,0,0.8663131249016373
2163.863615627027,1,0.556515890409472
2163.902748727548,1,0.10796292208681041
2163.945028755427,0,2.395874460285989
2163.94872829813,1,2.3612451343912952
2163.985968949357,0,2.9940604771903803
2163.9914094986525,1,0.6398628609382531
2164.0330186908527,0,0.6246920443896765
2164.0724824990493,1,1.4981718375192292
2164.123753621818,0,0.01105219079509811
2164.2188053870536,1,1.304370559856091
2164.422584106733,0,0.16452490390730476
2164.723179356396,0,2.0815105281773656
2164.7931760278675,0,0.774032353285028
2165.00309152929,0,1.330134323512488
2165.0056280703934,0,0.09046346411384198
2165.116420249212,0,0.35323666824453054
2165.258008921624,0,2.542066559233488
2165.425865225295,0,0.15540955876259255
2165.5319124062753,1,0.8735908088923695
2165.6925689970985,1,1.4582996105950803
2165.7374366144445,0,0.23029807549338896
2165.902740490811,0,0.6676069366255803
2165.9605697623883,0,0.12107848222019638
2166.2326683872357,1,0.14108190398345896
2166.2555494075145,0,0.15627150709943433
2166.269865530333,1,1.696320451297772
2166.2823233306403,0,2.3457700145916625
2166.3000398999734,1,1.0468112312926414
2166.323306396748,0,1.224396454061141
2166.5446255157344,0,0.900085628517633
2166.563774673844,0,2.1766843227403077
2166.7759123756364,1,0.10970887381855386
2166.8281699099175,1,0.01251608273224028
2166.9197464529766,1,2.070642875562632
2166.954304053476,0,0.2575960030342847
2167.0569170508866,0,0.6777648595102779
2167.064642200921,1,0.7306898773223207
2167.0673215732704,0,2.0513577990807987
2167.0729455911605,0,0.7186404027742261
2167.0774965088353,1,0.8369364046089901
2167.436731675383,0,0.8110780721760047
2167.4795943907197,0,4.367255183805083
2167.7842989765245,0,0.3849460812519077
2168.113059311904,0,0.29909396216981454
2168.1530181074454,1,0.6963926652775464
2168.1715275978554,0,0.15938489121891564
2168.3801280874154,1,1.6344241503169845
2168.4188229665915,0,1.3781742888694788
2168.490858858499,1,2.369885737525317
2168.873739272386,0,0.309697147710811
2168.8759013167346,1,5.20478484304217
2169.9612790098513,0,0.03824392034034621
2170.345803657642,0,0.18587352531458112
2170.347641566169,0,1.197725181106399
2170.460732017969,1,1.7583077330277541
2170.550302602035,0,1.1764085903849728
2170.896457617768,1,1.143531456335296
2171.0782912178024,1,1.9086145518358506
2171.09133022604,1,2.293463674873178
2171.152710782979,1,0.5907383834243136
2171.2257585064635,0,1.5427329974447033
2171.301223196993,0,0.045726708433755134
2171.4754753306515,1,0.03873809328679041
2171.692581941878,0,1.2292224736377773
2172.017844848012,0,1.3154834077053172
2172.043175275329,1,0.01003108796968571
2172.0850867632657,0,1.5264773510401661
2172.395280920787,1,1.8819792933267678
2172.4141586041687,1,0.6211081985803477
2172.7407436108606,1,2.4126360920246444
2172.888630204121,1,0.6063679823553147
2173.173706295528,0,0.6559077888431015
2173.292457022596,1,0.6410124584388469
2173.4764107514666,1,1.1411948812810149
2173.8104355575333,1,0.364850479814815
2173.8437274724406,1,0.565298467380001
2174.0660858048454,1,6.317008018715042
2174.2561475593398,0,0.9572904518138236
2174.581900527159,1,2.5640632120444016
2174.7640038684704,1,1.6052031303968426
2175.5743147159305,0,0.01076379612547644
2175.654379477263,0,0.32984067417512347
2175.7114867446917,0,0.9050644002679334
2175.964936293151,0,0.435690541742541
2176.143058704502,1,3.009263004494112
2176.262316424613,0,0.163776916292611
2176.578023690264,0,0.2641421517118417
2176.808851017309,1,0.1147465088574956
2176.840739960034,0,2.50198950866034
2176.879495205205,1,1.0680406629757577
2177.1510133400607,1,0.15786527019590213
2177.3839068871716,1,0.28304769504688
2177.6250298537516,0,0.7506918232335272
2178.0054567761763,0,3.4735451500187615
2178.1480686906566,0,0.07049673445450878
2178.3774396134327,0,3.5645522674662673
2178.3798698888863,0,0.9781773635893773
2178.871391114167,1,0.15619565942916702
2178.9696707721514,0,1.3252698469603248
2179.1183933632956,0,0.9190243438519805
2179.3800593226397,0,0.4813614004518752
2179.3868285678086,0,0.3967256883768145
2179.4960142882514,0,3.696143553970501
2179.7094294124468,1,0.7966390035572112
2179.9076002833544,0,1.47772821648638
2179.9661485047104,1,1.8546109686619954
2180.0665956217204,1,0.6691342564541157
2180.3293344167027,0,0.1183435947047557
2180.5993179321645,1,0.5829745291616788
2180.6673303418606,0,0.12021083514154571
2180.7055058675987,0,2.5611229582554342
2180.8121962201108,1,0.3817541159567807
2180.8321187115966,0,0.9088325561512356
2181.166372505602,0,2.5377183146855655
2181.2898542562725,0,0.2082954285325425
2181.3819793442267,0,0.9717145122280764
2181.5361504291777,0,1.4482593921566902
2182.100017819724,1,1.2759630112347078
2182.523719820401,1,2.1275657892595192
2182.6139088033146,1,0.781901658344351
2182.7531582653733,0,1.1060568138678413
2182.8568721753695,1,2.397538065872827
2183.139672064461,0,0.6115662750766586
2183.3493787736134,1,0.7538383066488127
2183.450646822551,1,1.5097165142386095
2183.53643550642,0,0.49836521564637243
2183.8205558823865,1,0.5292418311473838
2184.121159333186,1,1.0071101255141668
2184.622312747199,1,0.09062754161947106
2185.498678613288,1,0.7604771535817081
2185.7816713801676,1,1.082197929404316
2185.8581633431772,0,4.043220164191024
2185.880058622186,1,1.054162375536775
2185.974568250761,0,0.25433777435298827
2186.03661920313,0,0.6448280989372398
2186.097284167147,1,0.4649276805231196
2186.156985767019,1,0.8066848464146162
2186.477055489465,1,1.5044779123269476
2186.578557186721,0,0.3349893338996506
2186.6434685011327,1,0.28524405355679405
2186.7610717923153,0,1.283493146945345
2186.8790566306457,0,4.892497303107027
2186.952057205088,0,1.721547882779065
2187.256258086949,0,0.613960272907829
2187.2638556910647,0,1.4519491869869101
2187.3179940492496,1,0.8286761637589575
2187.3389112274604,1,2.5369774006217676
2187.7209045256545,1,0.38375071569447794
2187.765067238555,0,0.2122313681978311
2188.154881437852,0,0.3812025114744252
2188.1751551228936,0,2.79814864375947
2188.465106156581,0,0.003073107049837852
2188.536717889724,1,0.2062375198796808
2188.7759232006797,0,0.02291323010381873
2188.7810451103833,1,3.8333155153569733
2189.142161952718,0,0.20587122270553682
2189.173518316894,0,0.013814508051905473
2189.5246739124022,0,0.6471026838877643
2189.656613079408,0,0.5346030538098
2189.817062247939,0,0.5134750626041115
2189.9578138914026,0,1.2154690126288732
2190.4179289914914,0,0.7064406576919937
2190.9501383152647,0,0.5504941930151938
2191.1641938193625,1,0.6308315153347069
2191.2586036528055,0,0.8188554539249254
2191.612225497053,0,0.565109728908363
2191.715395871622,1,0.014103796743498868
2192.0219247244745,0,0.6103737089081686
2192.2502547782487,0,3.0968582164179455
2192.343460493049,0,0.3857057801286278
2192.361902779548,1,0.7442713527644633
2192.521583789423,0,1.3419353963794414
2192.7997280055547,1,0.20632565596352584
2192.889422434343,1,0.48322446733616686
2193.232131539922,1,0.8236831344011945
2193.3372481764554,1,1.499138680117728
2193.4662606517018,0,1.1911648082705775
2193.6103934449757,0,0.3382274634264592
2194.29148732883,0,0.13166465764723445
2194.5357310764807,1,0.03586044893845588
2194.6973538589364,0,1.907363392821996
2195.436340881228,0,0.9520597860566288
2195.778551824228,0,1.1441342437577833
2195.855711896803,1,1.6479093097183306
2195.936596119718,0,0.5311627192176553
2196.4205092734296,0,0.09279178172081837
2196.516059700599,1,0.4247564426218661
2196.58083153287,1,0.3731980201418284
2196.5850187192937,1,1.5923281604641335
2196.686917895615,0,0.7743164782696552
2196.6955937949842,0,1.0489460662972414
2196.823319015718,1,1.1443012312425302
2197.2054747580087,0,0.37327342687666853
2197.2636176563874,0,2.1674064918660116
2197.52896275885,1,0.20212582238645627
2197.5691977329675,0,0.9415528622083654
2197.5749103483445,0,0.05761540920089909
2197.818176207009,0,0.3478741675057729
2197.918741011963,0,0.31408071020351214
2197.938230364185,0,0.1336701476035807
2197.9543313299278,0,0.02545587239806768
2198.311095269763,1,1.0800008410858204
2198.63884620685,0,3.936308939438019
2199.079293806212,0,0.13480715355730588
2199.222665540065,0,1.1435307209242551
2199.3791430160095,0,0.3224161601224771
2199.7378723871216,1,0.7893340228183291
2200.0757793993503,1,0.8266599068211166
2200.5852537589417,0,1.1616193247257498
2200.810919085402,0,1.967261556886481
2200.868641509765,0,1.2971437284138378
2200.904346593466,0,0.21743051523187312
2200.98075498644,1,0.40117876370580663
2201.031340764202,0,0.6888039995875117
2201.0808276375483,1,1.3038742286802247
2201.105884002763,1,0.3676548760735961
2201.4214799411307,0,0.8637480204513076
2201.4424773689357,0,1.8622635254205364
2201.5931066125327,1,0.018665689548404172
2201.7869762264213,0,0.041878631158558444
2202.1010537271554,1,0.34748716878131497
2202.6368880812206,0,2.2231210277511346
2202.7099040525113,1,0.8290153267764259
2203.0027552439847,0,0.5310429656210212
2203.2996366071884,0,0.6524740229466331
2203.3442316873725,0,0.4376844726661264
2203.531538031567,1,0.763168970967642
2203.6251238207856,1,0.7768543706064776
2203.6576307946093,1,0.6257172213216607
2204.1159159797903,0,1.066346082296097
2204.1884046831137,1,0.4980141869373727
2204.2462074755513,1,1.7213787425763074
2204.830536249652,1,4.197575643668736
2204.969080648597,0,0.10746321001406849
2205.3566334197467,0,0.9251696176670625
2205.5604346562204,1,2.555362566125652
2205.678384858146,1,1.299464738311628
2205.888187065752,0,2.277771887561192
2205.943199160122,1,1.8531767981072857
2206.039612478244,1,0.8721505808234497
2206.0807086509167,0,0.18807957693771232
2206.2883175695274,0,0.42683801891609235
2207.001034935537,0,1.2529009185523508
2207.385738130547,1,0.04413233958994821
2207.5026163334137,1,0.9112742527108431
2207.6873410633057,1,1.2652504395800348
2208.0299502541397,0,0.09785674837424074
2208.2636596330435,1,2.8338182038910222
2208.5031645622066,1,0.06706055166234183
2208.8165010903003,0,1.1536244849550867
2209.1825260290543,0,0.8903856826170969
2209.3198210757414,0,0.5543130070676904
2209.3595806673843,0,3.362812311473279
2209.4302177113477,1,0.9135133276390366
2209.4764732977856,0,0.12061466962357499
2209.6116314741926,0,0.6603035089994053
2209.808626959143,1,0.11219826652878309
2209.9242883947077,0,0.8868677466584839
2210.1632338486274,1,0.2846329054546972
2210.17721270301,0,1.738127475211489
2210.601582241479,1,0.4053903636116932
2210.627091385818,1,1.4845786242063752
2211.1148472008163,0,0.4326883939539636
2211.657065274789,1,0.1937005155398267
2211.812093241362,0,0.6905963366267119
2211.904483832823,1,0.16085474823887144
2211.985608717468,0,1.0322150893267377
2212.07961284935,1,4.724879777039092
2212.0856439931244,0,2.181196343439669
2212.1293012093006,0,0.08150109292447605
2212.2191013510364,0,2.2708664334826825
2212.231570983606,1,1.1196925742646475
2212.367452773162,0,0.6973537430252026
2212.5300473516513,0,1.0035008920166324
2213.6918397824898,1,0.6718693176116259
2213.723283744868,0,1.1353590243146108
2213.8917295539513,0,0.638949455867771
2214.1068433642813,1,0.24998940845358594
2214.3568357687127,0,1.5970707134388025
2214.4258812941293,1,2.411733970771549
2214.4808178013923,0,1.1636219809136144
2214.5278845024536,1,1.0695905296315649
2215.115884560184,0,1.2195380080950422
2215.2280981480067,1,0.5087512562969809
2215.4407346668386,0,0.16165283159447372
2215.4512841990218,0,0.2917089563715775
2215.602563280714,1,0.6900614534633818
2215.728588009541,1,0.9091655791467838
2215.8228728955614,0,0.8480062656013918
2216.1467831036193,0,0.10998959117681456
2216.3142947087904,1,2.549797631928711
2216.4835554014758,0,0.47098130847902725
2216.4968199338728,1,1.7530079508112844
2216.5998606630037,1,1.2839901205427513
2216.6448425260455,0,0.9983707773108798
2216.672581601028,1,0.20686186174774038
2216.719878089604,0,0.4313002514503971
2216.830911748922,0,0.19578232853531838
2216.9536532383895,1,1.0120068243757363
2217.0572502602454,0,0.8577152020898867
2217.1681198110127,1,4.003742295482045
2217.219472388515,0,0.9473701976297226
2217.2353787991783,1,0.11946387114887487
2217.364412978067,1,0.4744620684536424
2217.551350130515,0,1.6297136298855326
2217.6555473805097,0,0.514718734692645
2217.7908096734177,0,3.092745981126802
2217.7942374862214,0,0.46819280093617993
2218.317224374302,1,1.3967314566534739
2218.435434781617,0,0.3187155042077846
2218.724499094482,0,3.424652443710038
2218.73350565521,1,0.8492146815203345
2218.8750713322825,0,0.5214296504458239
2218.940029114494,1,2.2100894635158634
2219.266953770721,1,0.37057255464353217
2219.35248170398,1,1.0821430572952389
2220.1939871060263,1,2.805028191814074
2220.220574450441,1,1.8017986060316702
2220.915689703478,0,0.1104539433591788
2220.946341644736,0,0.32134452566907795
2221.1968530488175,0,1.5769656847669853
2221.400326386217,0,0.41234304727777327
2221.8049529952946,1,1.397589973734385
2221.9120978086917,1,0.16502611931175226
2222.041634808012,1,2.7024609782315547
2222.14596589174,1,0.2805529559215296
2222.2711656226984,1,0.9090814233161961
2222.646104401622,0,1.2346676293474887
2222.6548534569374,1,2.384168390258647
2222.965505460887,0,0.6087920073685255
2223.1792651607916,0,0.005229318117067149
2223.251721783449,0,0.5530291600266598
2223.4711421572597,1,0.5177798962127196
2223.4733040594956,0,1.6788905038591218
2223.6640052709286,0,1.0858565370682502
2223.8489231816816,0,0.1274943430711537
2223.9514646923044,0,1.2714510108852428
2224.1860888415604,1,0.03720403195188654
2224.241811300284,1,0.2960706550303751
2224.359339535811,1,0.5629625877881248
2224.4467517813914,0,1.6196942045025169
2224.5851471011647,1,0.5613544905604555
2224.9292967801507,0,0.7976086547101001
2225.037378201595,0,2.1105190061959265
2225.1818891717103,0,2.676387925000055
2225.270866025384,0,0.15893556730138553
2225.6857277273452,0,0.05266350461097422
2226.1787990185444,1,0.15189494884126975
2226.7388625897506,0,1.2203876510896527
2226.798450708633,0,1.3503051642342363
2226.941545980587,0,1.0523163070389114
2227.0515903446144,1,0.32959071101887244
2227.156029129468,1,0.8191586205876049
2227.3115208864756,1,0.21336556857298816
2227.471266293892,1,0.2256780209856511
2227.5808774312245,0,0.9479307112290271
2228.276923237367,0,0.5265145008131791
2228.58515969011,0,0.5558637919461857
2228.597834590465,0,0.10460680318392318
2228.613602628888,0,0.07975805447907651
2228.8940743924272,1,0.2461357339356541
2229.084561797963,0,0.2768970573679286
2229.183310614577,0,0.19003134888215947
2229.2712332460997,0,3.0438970223464543
2229.273453908061,1,2.1451990197213444
2229.8518639810763,0,1.6060508743932358
2230.002213437985,1,0.3491518673158206
2230.0816324572934,1,1.1599789638354994
2230.3728198955355,0,0.4495841907183755
2230.59795148775,0,1.1226943014743151
2230.6758922032272,0,1.095964484606097
2230.710781843804,0,0.08867908034487629
2230.900097795191,0,1.0697498658229474
2231.039586471815,1,0.1339132100645283
2231.0821665922485,0,1.1314837784883247
2231.2133146853134,1,1.8325464965907041
2231.3359408070496,1,1.7610104102966087
2231.348000522822,1,0.9727247015895609
2231.601546443765,0,0.2830982457455659
2231.6152440424285,1,2.055935021628561
2231.692239409893,0,0.2799120791971172
2231.704171349456,1,3.2579444564045312
2231.7231502913883,0,0.9501006532735832
2231.8159198170583,1,1.8395413621169372
2231.840441597196,0,0.15739313925650558
2231.86816214872,0,0.32595823762789394
2231.9345286638,0,3.786115139552908
2231.9787730273974,1,1.6667852882797711
2232.074338278749,1,0.6423313170848407
2232.1052575900626,1,0.044338107560740185
2232.299523957369,1,1.3375937537566442
2232.4303943388923,1,0.9785257616164018
2232.495242878037,1,0.6007433104627328
2232.5570387543726,0,2.7869562211206707
2232.7017336026,0,0.7626028584994707
2233.1061187827454,1,1.9277878216963866
2233.155808131225,0,0.4457667899380578
2233.177950130257,1,0.13457182414254398
2233.6067160752514,1,0.08818743192070301
2234.7192616840653,0,0.6115242174816722
2234.865646453805,1,0.7474867665896509
2235.161221278168,1,0.6490361342720803
2235.4510289750156,1,0.013015995887562776
2235.4731934029974,1,1.0744497125146788
2235.9663905678685,1,4.108757646737091
2236.242906663171,0,0.5000531088786659
2236.3438982320604,0,1.0462224831699434
2236.699430912509,0,0.11031116475832083
2237.0758424892024,1,1.31019210819785
2237.080948374415,1,0.3270739635607648
2237.2209157576012,0,0.12507380440088633
2237.245487552312,1,0.49302040528266805
2237.674487247047,0,1.4788050885335806
2237.984902835061,0,0.4357826730155373
2238.1235876569776,0,0.9791522726760845
2238.130994959938,1,0.07607014057085038
2238.2018830265597,0,1.1541534184170972
2238.2426973130023,0,0.7302167473811785
2238.2701253969853,1,0.5869045581257436
2238.4044188429552,0,1.7048391042992375
2238.750784740165,1,2.7185165407344907
2238.9076065003055,0,0.4513603589841388
2239.155886232997,1,0.08382428164546636
2239.4951021085913,0,2.4401098585598295
2239.7185569269136,0,1.9375735351082461
2239.931222734282,1,0.4864262975467394
2240.0001944673886,0,0.3338498284995659
2240.241710288942,0,0.5453330892031671
2240.29749740968,1,0.5469546479678355
2240.3062091605398,1,0.2269704763423991
2240.497977932241,0,0.7444267519395005
2240.7761344219457,0,2.596034317685097
2241.048139591922,0,0.040002826345069624
2241.1825357178864,1,0.19398672337414705
2241.21508081832,0,0.39153159115802444
2241.3467147469796,1,0.010273516108054487
2241.4313680969276,1,0.021371045254895152
2242.2177653214726,0,0.4414109578297653
2242.302883047601,0,0.06273945475642505
2242.30372489503,1,0.2752698605374201
2242.651732792991,0,0.4922913327096742
2242.7768076801494,0,0.48444563475434116
2244.652341315815,1,0.05865606159163107
2244.7663774655707,0,0.026119589469434278
2244.7954020179973,1,0.7694609463029701
2245.096166718444,0,1.0890690548327449
2245.288566327204,1,0.008518359267591532
2245.4983872410107,0,0.32982339887818957
2245.588266758705,0,0.22734296811675692
2245.707902764983,0,0.398301958262399
2245.9749272867107,0,2.1051485574483624
2246.0868253706535,0,1.3616444863999273
2246.1970224580236,1,0.6258464331609135
2246.246810547669,0,1.7394393611062369
2246.3297503167173,0,0.9709979618653645
2246.508877682055,0,0.15673625867015079
2246.5385352080943,0,0.0561098485121072
2246.8499214013814,0,1.3933076310234231
2247.1574274780587,0,2.67003675948856
2247.1659361583747,0,2.7784450356764796
2247.739837393623,1,0.013030869593658335
2247.9240375274785,0,2.191958466371433
2247.930856966754,1,0.10698600253469387
2248.483883929118,0,2.320152920639074
2248.6871652718482,1,1.3752517990029287
2248.815756668023,0,0.4843700922913912
2249.6174878610154,1,0.39849601167675214
2249.7508954630457,1,1.6267243238499351
2249.778146112638,0,0.20140741197365478
2250.2874661553337,0,0.2919779327799205
2251.270035636629,0,3.8338084592715336
2251.2921079581342,1,0.3376930699639043
2251.394736405388,0,1.7776209445900704
2251.457281584796,1,0.6088964493279804
2251.5489190959242,1,0.18430290767975588
2251.788207319768,1,2.3179749146364523
2251.788837117452,1,0.5260381274971179
2251.9182783307033,1,0.33835379435506624
2251.9586445813734,0,0.42672751581837537
2252.157421423404,0,0.8020636720769927
2252.6399150861666,0,3.254352790425118
2253.0259674006625,0,0.32434680589611214
2253.125797906219,1,0.3049051854420471
2253.13505312232,0,0.7334451860871244
2253.1583756071986,0,0.01123908690068418
2253.243678772857,1,1.3811089690541367
2253.3657081012348,0,1.2971898986181742
2253.401428537339,1,0.15876641523700757
2253.6948402077032,0,1.977441918199275
2253.892893769519,0,0.8764073477204342
2254.2247610989034,1,1.0189688519194968
2254.522357225861,0,2.3088493465044566
2254.7336280343357,0,0.002327969903229313
2254.7488386573023,0,0.13230505128319506
2254.809595463606,0,2.6581953530111346
2254.9436996432596,0,1.8631897165807179
2254.9512675263863,1,1.1464493638536988
2255.0494769328807,0,1.4643615950070767
2255.0703216065626,1,0.8146541630956595
2255.087665147056,1,0.09155974870516546
2255.1531187797127,1,2.682254289386573
2255.3813983459677,1,0.30157029711158256
2255.5754269797976,1,0.14507931921021086
2256.034115782396,1,2.785370441360188
2256.162663810059,0,1.5095820810999165
2256.327443135434,0,0.8396700787375696
2256.4013425904996,1,0.716787543433288
2256.411876394979,1,0.050700242221058296
2256.529208318703,1,0.32637377284200497
2256.735236251273,0,0.506803017563697
2256.84766153386,1,0.3831123645216801
2256.9240547799463,0,1.8510084709127475
2256.9260607997217,1,4.432529912210942
2257.033442504418,1,1.9874875410092114
2257.1744890961722,1,3.1628885380313005
2257.218721394433,1,0.11702457782731616
2257.441927990173,1,0.39358750279414556
2257.529465572444,0,0.9605893782342312
2257.542913056168,0,2.5449626929138023
2257.8072699135405,0,0.9073907942654779
2258.4308591351987,0,0.5746427403640053
2259.1070237948716,0,0.02545101062409254
2259.2416787798165,1,1.943924326202459
2259.550529607109,1,1.2255524009655117
2259.5739545238525,0,2.0098761978207316
2259.57580051289,1,0.04790899755193832
2259.5801493631507,1,0.638602357240042
2259.602518445447,0,1.0647152808828224
2259.847538202118,0,2.2475020059968824
2259.9080114098547,0,0.8965141438441847
2259.9522699915783,0,0.3250202020970356
2260.0254801578108,0,0.7129480811946091
2260.0621942999155,0,1.3737680094300593
2260.138031945526,0,0.002117141061730603
2260.2860797448834,0,0.9933796560454433
2260.3988893337705,0,0.32323679870337524
2260.526414167839,1,0.37463734541210514
2260.6435232458202,1,0.20836315874534347
2261.041775920989,0,0.44041111360384816
2261.0730929287065,0,3.331885532297847
2261.2325433617407,1,1.3404202229035114
2261.5552271758315,1,0.9960467208826523
2261.5590165391077,0,0.08140438296475926
2261.573177130112,0,1.351810052120254
2261.802919531996,0,0.4825184358020325
2261.809379526267,1,0.9295771836428788
2261.9074157775544,0,0.6538430001607182
2262.940630682543,0,3.029842705798491
2262.940692595818,0,1.8735256474937059
2262.9853639984335,1,4.1782374891873095
2263.300053581807,0,0.15212751948840167
2263.3090808265556,0,1.6168181228286376
2263.3090860963307,0,0.417885106132822
2263.5376534432703,0,0.2183053496378843
2263.5955045872565,1,0.2691115813197549
2263.629316944034,0,0.6068954983690138
2263.634968876616,0,1.2163136906356546
2263.9240431680782,1,2.7216397343439604
2263.9885572374938,0,0.1650437915002006
2264.029154351137,1,1.281193100774162
2264.7412534187847,0,3.4961794552264203
2264.7899923837904,1,0.36758404297624797
2264.8115782656264,0,1.4358599787646793
2264.9481444041235,1,0.9156435347470875
2265.263912413127,1,0.0133575356562525
2265.4189871729054,0,1.3636756000121364
2265.8675380504937,0,0.38401254403907525
2266.181856375062,0,0.7228823815051661
2266.2249708079516,1,0.05535946248816048
2266.2428452302565,0,0.5463309460593987
2266.5018353281557,1,0.2802753863820105
2266.7480461569817,0,0.8795326347064737
2266.9709112383566,0,0.3538663454675456
2267.296160139505,1,0.05729785024444786
2267.4790585915603,1,1.0902679005744234
2267.862230122659,1,2.147224452263511
2267.912867361192,1,0.1313386524552167
2268.258964993467,1,3.14117114335853
2268.3472459695267,0,3.1296510260980654
2268.6706615446315,1,0.043049767889992006
2268.7916674896705,0,0.05655850643416619
2268.8659075833034,0,1.7719165525001885
2268.965641488471,0,0.23860726381806835
2269.0170905290956,1,0.002053123049965446
2269.0700392831827,0,1.6067177276629556
2269.1391161961246,1,0.2922446435678827
2269.197727779946,1,0.666585049892188
2269.2815428493896,0,0.3318431031201967
2269.562736299318,1,1.1053447300167234
2269.584954637328,1,0.09265919955729542
2269.7620500123912,1,1.4246446215923354
2270.6007220343627,0,2.713425480399588
2271.012484064511,0,2.315770220914904
2271.031715129715,1,0.4234963961229708
2271.061548952012,1,0.7350477997962462
2271.206182497958,1,4.272284766365041
2271.20979143953,0,1.7149399755545205
2271.215136255088,1,0.45613437593667694
2271.499116875188,1,0.702825185871002
2271.7044236621728,0,0.8078518434004711
2271.897663591455,0,1.788716624713848
2271.9054200154333,1,0.007140359590900781
2272.2254031016105,0,0.36182884104700247
2272.432585447385,1,1.1642802332683364
2272.4675331807343,1,2.2009064963443037
2272.5665979841297,0,1.408801833951263
2272.616135285695,1,0.12470455855780414
2272.8123043514465,1,0.38013539910946054
2272.8244710060176,1,0.4820518226397133
2272.8522305283327,0,1.4093837523338983
2272.8990804135683,1,0.5082199664964387
2273.153385976868,0,1.1939619352068955
2273.3635638469914,1,0.6939604260729619
2273.4803956398973,0,0.7389308744696907
2274.259282181094,1,1.6127019033121475
2274.276314091234,0,0.10821904219641655
2274.4767312718877,0,0.006513625514326638
2274.502447584329,1,5.061432321087679
2274.8104698629527,0,1.4050217461391044
2274.8219565178924,0,1.1290258124985029
2275.120098980309,0,1.384907723088833
2275.340177889608,0,1.7790034650307651
2275.347713718086,1,0.5422091853446787
2275.4158029255327,1,0.01491084266454574
2275.6531689330227,0,0.3773182959237251
2275.839888567648,1,0.43207893434610134
2275.924245089135,0,3.1345049186453022
2275.9809206139457,0,2.1356176588462366
2276.051717038805,1,3.5668848361476497
2276.286088370249,1,4.09026832793694
2276.506608344431,0,0.3193386783871845
2276.5078562526846,0,0.283639232946726
2276.6616084024913,0,1.0473268944466119
2276.8244416832404,0,1.9346493866527341
2277.036669525964,0,0.48328654083345823
2277.047590172697,1,0.5807804771439761
2277.4667959869316,0,0.2835074726763283
2277.533254427737,0,0.5821913681797494
2277.892947167987,0,0.20684756648377908
2277.981540021429,1,0.12012427413335022
2278.1049282530453,1,3.743950715263885
2278.153742027933,0,1.1678812716619826
2278.270269544458,1,0.603165539301762
2278.298499563264,0,0.08501664635802096
2279.285937316616,0,0.2100783626971786
2279.3302956166476,1,0.012589410432530899
2279.4248444674818,0,0.23974805523975304
2279.45842547347,0,0.05882815209644654
2279.5138285096873,0,1.3801838832375322
2279.5201477078854,1,0.5239143613291768
2279.5567987267596,1,0.5329966342514727
2279.6080961232187,1,0.43941018472858806
2279.8982404369563,0,0.014836525382895758
2280.7358015327127,1,0.21586393884614524
2280.7839018361783,0,1.1630532968039078
2280.9779891372477,0,1.5142501749822685
2281.094407739519,1,0.10285265898169829
2281.10364214743,1,1.1818401014580477
2281.1414116286674,1,0.007032726808937214
2281.580152128207,0,0.7886621965881254
2281.6274044572383,1,0.039831437312531366
2281.6879723013026,1,1.9465621812906666
2281.8031451279994,0,0.0008591767942870509
2281.810326414565,1,3.3624361709801325
2282.673095352559,0,0.2819369447812331
2282.6788604069784,1,0.3993065175247552
2282.9936773615373,1,0.9336508623219719
2283.124577217821,0,0.1765151453476911
2283.3318748624656,0,1.117126143099068
2283.5875093770487,1,0.2922413999354692
2283.624480961657,0,0.8116430018638433
2283.6564461684716,1,0.46588737205101927
2283.6676835859935,1,1.9377638175326353
2283.855838552582,0,0.35470006111657293
2284.0465852617685,0,2.44799078257436
2284.1125398292797,1,0.03524090420638088
2284.1907678197595,0,0.6793420053194179
2284.2638053051696,1,2.017771011326597
2284.6196703669953,0,1.9652567900872084
2284.6354785041053,0,1.734256736327879
2284.7609161871123,0,0.3888962850820473
2284.7956791515467,0,1.7966190518059373
2285.3844179804414,0,0.27612062438679136
2285.517278290465,1,0.11956738447340896
2285.7745647403754,0,1.8438482606306588
2285.8738046299873,0,0.37358517660936835
2285.9179077636813,0,0.42310399525229625
2285.987550633768,0,0.2941713579231751
2286.2537234440847,1,0.09977035201928793
2286.3791868259555,1,0.2960741440892513
2286.6062129433735,0,0.7102535978631551
2286.6159734931384,0,0.12511573430726516
2286.714807192463,0,0.07138974590977452
2286.771309291311,0,2.9283479525776803
2286.9651451910286,0,0.17371421729995734
2287.11605423809,1,1.526725706847085
2287.3282038785223,0,1.4462884279345705
2287.6869024308016,1,1.2160155926669167
2287.852577263053,1,1.2266893970295323
2287.904514887774,0,0.3100687961717359
2288.3058531017296,1,0.17650207761234868
2289.139648842102,0,1.7508349067172075
2289.2082626644938,0,0.260556961612073
2289.236356325279,1,0.478560756869776
2289.6196887907236,1,1.2763627399744695
2289.621351370308,1,0.003431695787830206
2289.6936993698323,0,0.3496501538537823
2289.812180905227,1,0.0618962861669253
2289.8434315288514,1,0.17404591421907148
2290.0303317057487,1,1.5827398986480634
2290.065037374256,1,0.4910041149541054
2290.0682782890813,1,0.6804847535695043
2290.1425659256174,1,1.6236785026308502
2290.4663130638996,1,0.037967301210058445
2290.582800186525,0,1.4523697771006412
2290.5965508162394,1,0.7761934779699239
2291.068859267635,0,7.5787337036500935
2291.076821197083,0,0.39017967913640245
2291.488886185835,0,0.3364580491431484
2291.53392608958,0,0.3021362577974282
2291.565971877109,1,2.0470726345278605
2291.6845373392703,1,0.6662068740674971
2291.714401662525,0,0.6470073040423513
2291.7597622691424,1,0.8504735400133236
2291.7729615250078,0,1.021578324240609
2292.152175198041,1,0.03637610654780312
2292.3050619679325,0,1.9744877810162709
2292.3140905793716,0,1.7978433680870103
2292.6045072572365,0,1.6373841964646518
2292.8219107153172,1,3.5540283453824966
2292.926586109137,1,2.312540606173443
2293.1013092270546,0,0.1632956353991228
2293.259987306689,1,0.7480905259153849
2293.3778741234264,0,2.1291365986044704
2293.579369030858,1,0.20997551765514025
2293.712958983085,0,1.5351875439248452
2293.8543046026093,0,0.965076721864987
2294.556164256625,0,0.48162262161876124
2294.5789617581167,1,1.3380743065673901
2294.613613601737,0,1.741300958294865
2294.931934315854,0,3.837217306594697
2295.110959794753,1,1.1018143312409454
2295.3272508820814,1,0.10839523376874531
2295.3932714096222,0,1.8002098204812649
2295.5313306572652,1,0.24708967746951147
2295.584909094431,1,0.57496432934685
2295.6263016107346,1,2.2077491074548004
2295.676372629065,0,2.152550657676632
2295.781535372432,0,0.5468131033952731
2296.153253202126,0,0.23647861672121465
2296.5094928558506,1,1.0855937434053455
2296.883155213475,1,1.7067904232067157
2296.9619461762827,1,1.2978247937757557
2297.585402368878,0,0.029571389853950934
2298.1113466200086,0,0.20707021515220406
2298.356686124293,0,1.0421221956965208
2298.446770996875,1,0.8268833771459361
2298.548022539702,0,2.664738215604293
2298.695105086885,0,0.25867417249475344
2298.9770955959366,1,1.3673020751230565
2298.987794760752,1,0.772439937488988
2299.0775759444514,1,0.24697711489969182
2299.127455011601,1,2.8577375762920023
2299.204803548669,0,0.030482377817060157
2300.179704251253,0,1.0194884113071099
2300.3235548559996,0,0.2679651256758684
2300.5783200766487,0,0.7554442450479877
2300.603508776843,0,3.010178706413548
2300.702632254324,1,2.4473584633968377
2300.78369534214,0,0.3108821985856921
2300.8889519027994,1,2.0202146245719996
2301.2117983414987,0,2.3200490909386384
2301.23077774569,0,3.165940904381469
2301.6059201381986,0,4.499138018966017
2301.894749941215,0,0.7292649265245962
2301.9082394667744,1,0.24565346083375697
2301.978537503627,1,0.0014425466760219438
2302.0129682620404,0,0.09402734687950494
2302.04876212826,0,0.28893508142698393
2302.188377023024,1,2.4764061294403383
2302.4612167199575,0,0.5340904563738228
2302.7489625845415,1,0.15594710807879472
2302.8711734675194,0,0.0002323051371079638
2302.8994149083,0,0.07533398895066644
2302.980286967968,0,2.298373365278491
2303.0230831630133,1,0.28299486167826254
2303.0409949042396,1,0.8592578527635109
2303.1667955075695,1,0.7193186699416676
2303.35552057462,1,0.6860756258134338
2303.5114327155375,0,0.364258148679055
2303.8186516223313,0,0.12968592108098598
2304.1464015255433,0,2.8218148247788712
2304.213281646555,1,2.1705004773580434
2304.2535501257908,0,1.9528722400729606
2304.32613702371,1,1.9050242939862616
2304.681779486283,0,1.8760651694801522
2304.885572350942,0,0.5755615935155378
2304.965403817158,0,0.46999364994284604
2305.0149660680618,0,0.2862582038111692
2305.0805572526738,1,1.4511875470686195
2305.3324272724467,0,0.5423093382369578
2305.6304731232626,1,0.27773450144856593
2305.6912862194204,0,0.5909057794042876
2305.7405364631986,1,1.3050217672271822
2305.7950867599307,0,2.351975763384874
2305.9633210744823,0,0.7700872177520461
2305.9776562639568,0,1.3008756267366852
2305.9938441534305,0,0.29581133923963415
2306.058323409022,0,2.4310294524320657
2306.1808883860904,0,1.0162242483914925
2306.1851806897985,0,0.5316255510902924
2306.3348968291643,1,0.04320940898019323
2306.434826118492,0,1.3822675896632937
2306.485737796881,0,1.4765270503552232
2306.636188103853,1,0.2432813800118244
2306.8249068880527,0,0.38298551207125614
2306.8598093165238,0,0.03785655364634649
2306.879011633065,1,1.2979761402903518
2306.995156781297,1,0.022554169199461904
2307.0796642778996,1,0.6214087011038835
2307.083958799863,0,0.15561108020583014
2307.1343705674426,1,0.5192369969744293
2307.1632024809496,1,0.4594317990913824
2307.184229221933,0,0.2648455812037305
2307.2045116880145,1,1.2732817928062237
2307.206193826089,1,1.4295852384990173
2307.3854608860893,0,3.8758715194669824
2307.972787121943,0,1.2468027116563596
2308.6784625208415,0,0.44261581935263866
2308.8589008077224,1,0.23194530901631702
2309.04520232319,0,0.034351812714454436
2309.1342536419816,0,0.48757375409655673
2309.88242149184,0,0.6108691583959446
2310.403628876547,0,4.377971511456604
2310.620159013481,1,0.6894875191909614
2310.666058049052,1,0.28664240774308464
2310.8866348199776,0,0.22722359993741978
2310.938985377188,0,3.9084843609549274
2311.15340266178,0,0.8680140416671007
2311.2790780806226,0,0.32475597545550516
2311.41304007559,1,0.29418573192154734
2311.456963904271,1,1.604145551432439
2311.874160140164,1,1.0817538172102616
2311.9056856535267,1,0.008249777048943537
2311.9967635551925,0,0.10484430781994573
2312.021242816096,0,0.930571439656582
2312.029839021679,1,1.1978994977507798
2312.1144318073325,1,0.12862943578733088
2312.3816727391672,0,0.6761457753036229
2312.428289043155,0,1.1414854120012385
2312.57091605595,1,2.1481366545420753
2312.645833017644,1,3.2662410374833435
2312.836933045506,1,1.7365990368077902
2312.9436173155946,0,1.599766882372929
2313.063700982022,1,0.21940888579064255
2313.21847943177,1,0.04736489865645808
2313.3033700544265,0,0.27258435276694487
2313.430864637862,0,0.3380447100312138
2313.699328574514,0,1.8477119640892525
2314.0118618746324,0,0.7919829882108027
2314.2398932681353,1,0.46234919285814124
2314.476874381943,1,0.786130756906502
2314.490063086563,0,0.6973395024888132
2314.508789793458,0,1.4524211882530975
2314.529710403976,1,0.7771822278991232
2315.02724158638,0,2.297889094761891
2315.167503307683,1,0.20392724946609103
2315.2059596891822,0,0.29868599573893495
2315.228621416628,0,0.13801199003396233
2315.2461531136782,0,2.7205312503413763
2315.497575215409,0,3.918877562943118
2315.6589697479617,1,0.7884334108973201
2315.681207749283,0,1.5282631114187786
2315.7213808877304,1,0.9382982384240692
2315.874080509685,0,0.54567041887924
2315.8740870773527,0,0.7830797101225768
2316.241494359138,1,0.19266673628798595
2316.769047932435,0,2.292106288161842
2317.088465006591,0,5.670358740555441
2317.2258864921378,0,0.2475300846590421
2317.392622796453,0,0.05828259454375563
2317.600779889292,1,0.039314190253204144
2317.6111478623916,1,0.004951260264432936
2317.8802019041027,0,0.935609909493548
2317.9940459167983,1,0.09613980571678678
2318.0802711438887,1,0.5209077988756439
2319.0138507121073,1,1.21128152640016
2319.089309181053,0,0.022917053932592985
2319.1190635130683,0,0.7650224710794479
2319.264051572959,0,0.5922047208433585
2319.2694425876143,0,0.8208431682155666
2319.429485618741,1,1.3649706931282586
2319.6972756833957,0,0.1557390430885432
2319.971581505175,1,0.49136507621970177
2320.0702769366135,1,0.1419950221435278
2320.1259791406023,1,0.9703323917225185
2320.142103645565,0,0.11186042113033295
2320.2260251525977,0,0.21442564985818768
2320.47341344421,0,0.4712876289019853
2321.1294222087267,1,0.9735392604228449
2321.1457475899074,0,0.7391347106678673
2321.2815162858487,0,0.2659007100577227
2322.167545824936,1,0.7922998805735497
2322.177382961957,1,0.4673767591530254
2322.3204401368675,1,0.46218867080398346
2322.666416062427,0,0.8933681948574531
2322.75844060369,1,0.5468830941953207
2323.0196216921827,0,0.6616824638169215
2323.375455451571,0,0.11545075444591672
2324.0002587890936,0,1.4898873712029577
2324.2136217152038,0,0.05625350053613395
2324.3642914995776,0,0.9295410958428278
2324.77050641486,1,0.11857734613217447
2324.8965325587365,0,0.3124156367660518
2325.1269953818105,0,0.08565006008969306
2325.4010328695163,0,1.608814456896858
2325.640505515231,1,0.3824820817720814
2326.1122538102504,0,0.1033004090076132
2326.5268923256467,0,2.606337614017475
2327.228555883268,0,2.8640229036258287
2327.5675226682392,1,0.2128485578487416
2327.5746854100926,0,0.27488157424380094
2327.9713491699576,0,0.45415414064789106
2328.0005439036045,0,1.0971558785786806
2328.0861914570537,1,0.3485598202454291
2328.0936895226373,0,0.37813931204567036
2328.3902955790404,0,0.881176577895124
2328.9524894518668,1,0.7645749205565258
2328.9841358054837,1,1.0405588620997355
2329.249753384657,0,1.043106398848072
2329.4267103972916,0,0.9562298630673733
2329.6615669146827,1,0.6235267540030396
2329.9262989454796,0,2.2767480400705615
2329.9861232367302,0,0.16919832618109623
2330.728033119031,0,1.1705280740133401
2330.822670071733,0,0.21329100536789297
2330.835348446393,1,0.9362437433171265
2331.0966914571654,1,1.6019422581499971
2331.2712140592666,0,0.31894665451485543
2331.280294130387,0,0.43970311268599854
2331.298878835341,0,1.3320191563405042
2331.398846537721,1,1.0496079148460515
2331.4153673051123,1,1.3640549313083348
2331.7334769514714,0,0.5303350564416346
2331.8039826364006,0,1.2773276250740322
2332.159291657242,0,0.218347113300253
2332.5746234707162,0,2.2018535709853593
2332.6134412334923,1,0.3116174428003021
2332.697008823595,1,0.4808873438835657
2333.0683015367404,0,1.1892979986634329
2333.2649427259444,0,0.9187470451273637
2333.2891111474073,0,0.39386894305336967
2333.496375987435,1,0.8280685216287433
2333.763013442107,0,1.4382050093751257
2333.9124489435453,1,1.7702159481062134
2333.9496910538824,0,2.3165887835505643
2333.9735276959464,0,1.2198913717766624
2334.0189909569767,0,3.566976036283408
2334.1345588900754,0,0.20521003779973873
2334.3632559631524,0,0.009532896121641843
2334.9771166838295,1,0.8071237214435716
2335.924135770836,1,3.556111107307741
2336.048388631684,1,0.14864882375639138
2336.1825546806303,0,1.9066037279526662
2336.2982111549336,1,0.6209373167108293
2336.345733159799,1,0.5698349967671229
2336.4733744315245,0,0.21557243853563376
2336.5648831271374,1,0.10889702060270112
2336.9079756005754,1,1.5951022747042556
2337.1091043710726,1,0.7138337597344979
2337.251486174366,0,0.3517811403260283
2337.40952501838,0,2.1954907636962044
2337.433765914209,0,3.2481604410954668
2337.513903495946,1,1.8537360716870206
2337.8902013859574,1,0.8092749706647707
2338.0356274613623,0,2.8262069122118496
2338.2500113154692,1,0.7085694127616846
2338.6821505968965,1,0.9765658795582589
2339.728608495253,1,0.47378380526991076
2340.0386106857636,1,0.7365923606094753
2340.1142235893694,1,1.5980449316745367
2340.286941400504,1,0.07837532414088431
2340.484035444044,0,1.625782848977472
2340.8300090688576,1,0.5975220315882318
2340.8593573685525,1,0.9733012716692371
2340.870382963583,1,0.19407379127216282
2341.0301343726187,1,1.0353754502838364
2341.833601680487,1,1.9715968097346048
2342.0800265144876,1,2.6058771817005026
2342.126101296569,0,0.5635552161192655
2342.1787723173475,0,0.20276840839115545
2342.2553707056304,0,1.2306282750582145
2342.697358547119,1,0.07560933351859708
2342.8235316741548,0,0.4187421916661673
2342.90693407365,0,0.0720749241156113
2343.1236697041486,1,1.2186829690482048
2343.130664550971,0,0.46697700574046636
2343.258345191909,0,0.7758902692425059
2343.986649838456,1,1.362568535010347
2344.185198671227,1,3.010407105820604
2344.334964730682,0,0.09815038047888226
2344.561238917804,1,1.1859294176237762
2344.800694585009,0,0.33048347912554554
2344.912000125938,0,0.8170652131049309
2344.971482063317,1,0.4985871656870501
2345.202384917368,0,1.2064846670978728
2345.2233334764596,1,0.5355229735280972
2345.383203216044,0,0.2960434731338022
2345.696312577427,0,0.18902823144543868
2345.9989793166264,0,1.5332423025279798
2346.3102324118586,1,0.12455118783697544
2346.4411441514094,0,0.1499919062067828
2346.576640017583,0,0.5007768291554694
2347.0792291506077,0,1.6108508763440923
2347.2107652359105,1,5.684380392889517
2347.435084923496,1,0.02255686221596493
2347.644087962141,1,0.8421678406040332
2347.7662381487107,1,0.6079726395634496
2347.816148564511,0,3.02575544211631
2347.929881300518,1,0.9611789060440851
2348.7519303538065,1,0.9616130499249734
2348.8177095834367,0,1.3695522035638041
2348.8701123305245,1,0.1795377728125679
2348.9512431869416,1,0.4554083711898408
2348.979066612428,0,1.3232768655983473
2349.242179348574,1,0.8038059032213909
2349.5328449434737,0,3.2482923489711437
2349.549870921262,1,0.1996098311019054
2349.5600530134084,1,1.7650190574173101
2349.6081810735072,1,0.9551739552434313
2349.722214790016,1,4.57960848758056
2349.7753402641874,1,0.010662993062109887
2349.9808159265426,0,1.4232850391351952
2350.015000182334,0,0.48442706684946324
2350.02272735046,0,0.08087441620558251
2350.098968419782,1,0.14476396677598474
2350.168524509392,1,1.012074488832501
2350.227088109833,0,1.8303023197477843
2350.4804237435856,1,2.2844683638384558
2350.5035308471743,0,0.20586577054594876
2350.7118145755985,1,0.5836811090262659
2350.758228319403,0,2.012999274381834
2350.8528908319804,0,0.6880028775556779
2350.8570427585355,1,0.03555893105766196
2351.1094261542653,1,0.03641124386072306
2351.650389957979,1,0.08502619202553277
2351.8734406208523,1,1.2602674355659533
2352.208955056735,0,1.4948317739389543
2352.285861260788,0,0.1664361096133326
2352.4041843686296,1,1.7372454205754222
2352.4765496060454,0,2.3923619148856163
2352.7415123,0,5.107722711492831
2352.971887040155,0,0.43652838452264564
2352.9957850971437,1,2.3240130143975373
2353.2370370929834,0,0.37969885651496593
2353.396911391547,0,0.9329764058304407
2353.417231751245,0,0.6333163237228289
2353.475764302009,1,2.944085333483342
2353.546206304114,0,0.8197711725384729
2353.6631826732614,0,0.8697381194757665
2353.877330035602,1,0.6104390680299887
2354.108380470708,1,1.722579908887692
2354.177490752431,1,1.0725727675499523
2354.2228611172254,0,1.4085943579891909
2354.37495990557,0,0.0521735975862544
2354.380499972451,0,1.4744916224976157
2354.5524329768045,1,1.139243110603174
2355.3384202396032,0,0.20044582792847324
2356.24771307464,0,0.9778407275565354
2356.5457496027693,0,0.2746943510705054
2356.7762312290256,1,1.371384077213889
2356.8660031467175,0,0.1288539530903754
2357.451561764029,0,1.6590733885748508
2357.5336581231218,0,2.7412674326479736
2357.542809766903,0,0.24754521869590804
2357.550778050621,0,1.0943212054924163
2357.56365347117,0,0.542552833263609
2357.628084189493,1,0.49942590329433834
2357.820889945205,0,4.00975693426493
2357.838720784642,0,0.634820984930497
2358.014269722389,1,0.5831514618303758
2358.3111365430245,1,2.454164856867834
2358.4576036418716,0,0.6893368377191369
2358.7544888384878,0,1.463696913968014
2358.9269479120835,1,0.13909961465444134
2359.0121158357797,0,3.2944111391486364
2359.0144415672808,0,0.5878735152571692
2359.04788527492,0,0.7426461416582324
2359.271599496154,0,0.12095902468633803
2359.43871731783,1,2.825760914995159
2359.6492738902866,1,0.016364411959858688
2359.82393141071,0,0.8520034102747288
2359.873673203044,0,0.27044251872861386
2359.966396960218,1,0.972401169215764
2360.2462041166928,0,0.46180238269456986
2360.2694014737654,1,0.3862518751195616
2360.4023705959607,0,0.2650770864968674
2360.4124089482198,0,0.6254595239013003
2360.788556763678,1,1.0923564389837999
2360.8529231977377,1,0.020926964913517476
2360.986050184487,0,2.129348715686644
2361.0613174183695,0,0.3330164371989704
2361.1985930494207,1,1.9353138748529255
2361.2875515289475,0,0.9555267277141274
2362.1893658427853,1,1.4080284481159824
2362.38549160912,1,0.3658086101812925
2362.3996877724853,0,1.5368195676160654
2362.647665594347,0,0.05844147916823189
2363.0636735297885,1,1.1450472784923436
2363.245352011612,1,0.07594207203338196
2363.2848684451474,1,1.8600533120135647
2363.5260221682306,1,1.1946269790761384
2363.7534172308006,0,1.5258448718120041
2363.826264382438,0,0.9128555777799505
2364.0873768278734,0,0.1709019731385315
2364.3586504903683,1,0.5689003442872836
2364.5310528779573,0,2.410899526174881
2364.6061251320116,0,1.6055659180862945
2364.7478546128646,0,1.1421478582078906
2364.9510371957376,0,0.4065209293885578
2365.194143737757,1,0.46996003646735107
2365.2159874848194,0,1.4160149509507085
2365.2202563340065,1,5.886573437336892
2365.2411396029397,0,1.3079472882159047
2365.283967226501,1,0.4228283517014631
2365.3915133683713,1,3.1491943688510444
2365.469418696416,0,0.23701065097962334
2365.586383314917,0,0.5750236661772355
2365.9001171241675,1,1.2583252965633145
2365.9228086115154,1,1.7136083202773407
2366.152039222915,0,1.5436873167485654
2366.5401982180315,1,0.032892032077658596
2366.9486604287567,1,0.11421858083321425
2367.1645051108712,0,0.4363480831766991
2367.5336580245594,1,1.0383298036191004
2367.60996424562,0,4.155410561754707
2367.6678053036794,1,0.8249894823769444
2367.9394980868874,0,1.21893104044953
2368.206568032092,1,0.2796031770069927
2368.7970007691215,1,0.3750322572560282
2368.9529269898408,0,0.784469120639345
2368.959082528501,0,0.19711330962069443
2369.217355932558,0,1.4779617736253898
2369.2315055421914,0,0.7136363157409625
2369.252538008489,0,2.6317889537555743
2369.2941389584653,0,0.8895947265552736
2369.533170788744,1,1.3361575686035303
2369.719855830004,0,0.34574457306175976
2369.8902003681164,0,0.7767700364849685
2369.912570747298,0,0.9809331424105034
2370.065236234362,1,2.1352287074438117
2370.10304709933,1,0.4996225474645239
2370.3838618061855,1,2.911638203488186
2370.4309632916556,0,0.7893022652140435
2370.905183748711,0,0.6628115881494044
2371.3512732288264,0,0.1433834541392894
2371.6177105774846,1,0.06530902765776257
2372.2365562437053,0,0.6083502779548574
2372.3886198471064,1,0.4600463073350166
2372.6495913805325,0,1.1593896622619875
2372.6543597819864,1,0.8404550091591115
2372.7677868769297,1,0.8505993931825009
2372.778838296893,0,1.9480361030431323
2373.0704863130236,1,1.5153828219309042
2373.103927351027,0,0.14101189950302398
2373.1193615573197,1,0.44145270831275873
2373.2088975639954,0,1.2263104960636886
2373.290552469818,0,0.5000349214676308
2374.181158440634,0,1.1489894285739943
2374.408285249644,1,0.8438832550987049
2375.186579241543,0,0.040424300637747386
2375.2947343384035,1,0.8723019543597497
2375.450139251878,1,3.748945143982476
2375.4715704336745,1,0.9715950913340899
2375.6393605669277,1,0.3972698952567663
2375.883541325892,0,1.7446033772598943
2375.965997864389,0,1.5499312329797097
2376.1631710448196,1,7.509440136270339
2376.281510518894,1,1.2643219502259964
2376.399022724885,0,0.0023475236194728855
2376.5038192747425,1,0.02057746606419381
2376.5136306936556,0,0.09151720675122883
2376.740829745976,0,1.1447048193068285
2376.8098170094872,0,0.07595032274139453
2376.853310600656,0,0.7107146735928377
2376.934483824225,0,0.3561278336184549
2377.579209204177,1,0.20945978235563148
2378.1107106105815,0,0.020773963121205705
2378.152776867176,0,1.1295959519314047
2378.3317228480596,0,1.6235334327524782
2378.3762579183726,1,0.10409557843581836
2378.5869727067475,0,0.11313591921897488
2378.7378763912866,0,0.05601364757548134
2378.88737464298,1,0.8538688839017345
2379.2331325773976,0,1.624296398354678
2379.443845493147,0,0.056285033408866904
2379.6187226336347,1,0.15373782437490305
2379.875038609322,1,0.3558776242418849
2380.1431361955624,0,0.461081371640746
2380.4499475647926,0,0.8539159779121547
2380.57128437986,1,0.5033981024251944
2380.6825569653042,0,0.15304078513605945
2380.883367368179,1,0.5813369935306371
2380.9103263134766,0,0.6834474712181049
2380.923755484307,0,0.0012651666500793845
2380.9450600497144,1,2.3062386433282254
2381.0798532275144,1,0.9415785805854846
2381.367595877458,0,1.224317916100484
2381.414028592021,1,0.24257736609802918
2381.4773164680873,0,1.7237778812923332
2381.568096305762,1,0.1517951511221774
2381.5706336078747,0,0.12296838619789016
2381.6157822516675,0,1.5948666836463634
2381.851860937232,0,0.7493440150699862
2381.91253584619,0,0.06746470494377854
2381.9483132673195,1,0.8749080105600298
2382.078607886989,0,1.6139081639078843
2382.1555153010663,1,0.47482688449184385
2382.180096386758,0,0.41457108914106616
2382.185829251357,0,0.2846383548837967
2382.195138076889,1,0.15649843309217623
2382.2205442006334,0,0.0580013925910411
2382.288392632226,0,1.9544726269055217
2382.6040892801557,0,5.512796848426679
2382.6094454046943,0,0.4118622799924763
2382.8394885734792,0,1.7711635862206694
2382.9801151758734,1,0.2621652692671386
2384.4760380208145,0,1.056575687451269
2384.9299939775765,1,2.7771668344767493
2385.041969556012,1,0.6971849895419898
2385.395876677875,1,1.050188681294308
2385.644388582212,1,0.41760950460055796
2385.742344295995,1,1.4477832323110058
2385.960467783829,0,0.381825815741063
2385.9704186631125,0,1.391381709829155
2386.0010506813005,0,0.6562124128364499
2386.0879597308885,1,1.0814875678976978
2386.0994751407666,1,0.5616731618112408
2386.800767286923,1,1.463155478895378
2386.8196484484256,0,0.15166236900282087
2386.9867143649894,0,1.0028714262392229
2387.3733889147034,1,0.8431856258536541
2387.5091908973013,0,0.6789785471786769
2387.59417983618,1,0.9594541510282516
2387.773598515409,1,0.027592957774552337
2388.1186624503525,0,1.8242835863911837
2388.183931955489,0,0.06010322188276732
2388.2671640026683,0,0.2953742664002067
2388.2903763823488,1,1.4334573049177917
2388.7135645047983,1,0.7974336353742175
2388.815858443315,0,0.22023721757375214
2388.8260509745646,0,1.771743959811057
2389.216777505771,1,0.04040277232228962
2390.369651066353,1,1.0926310335387674
2391.0324279285787,0,3.6913837594516035
2391.0407890339034,1,0.015547888847304316
2391.0609540727673,0,1.2099396886364997
2391.090102395095,0,2.5984368916818505
2391.300736951661,0,1.5573857839172722
2391.435007887006,1,2.3137270665131915
2391.4506902268267,1,1.9846096539218432
2391.5020604833294,0,0.22028567843647254
2391.621842681951,1,0.8285074400346063
2391.8507108161252,0,0.06987142980387809
2391.8595746152173,0,1.8286997226479242
2392.0288933550564,0,1.906056258359582
2392.0770537991407,0,0.5472763098925876
2392.276618766027,0,2.0127785841275343
2392.419670260705,0,0.818007205174365
2392.7130286643896,0,0.2409524614910358
2392.974542982717,1,0.5558084356315446
2393.002742781787,0,2.9299242901632225
2393.036402137335,1,0.10129281293421952
2393.6398638490446,0,0.4102936227129828
2393.7011369659267,1,0.7058924869110318
2393.824877301441,0,1.932819951440722
2394.1511314966633,1,1.5913886255715366
2394.253587765985,1,0.13748052465784
2394.290035956668,0,6.110056579466438
2394.3392317091793,1,0.7591031126661324
2394.3710170816635,0,0.6955920156901165
2394.399818110221,0,3.166002968469449
2394.869533521588,0,0.3522319953747495
2395.254666027213,1,0.45504950230371444
2395.7856997110466,1,1.8896052288565233
2395.8025621530055,0,0.6277412521086637
2395.821503966371,1,0.5015625046623378
2395.830995323913,0,0.17042283936465588
2395.9208064428317,0,1.5427050955404666
2396.665185096873,0,1.7007834569612161
2397.0026943163434,1,1.4860415994686111
2397.196706220067,1,3.1248746371015548
2397.2568557915165,1,2.4647414623075106
2397.629166822431,1,0.12727217620143097
2397.9076008964294,0,0.28454491588801095
2397.9973633711993,0,1.8396195056838311
2398.01559744273,0,1.0563799464336132
2398.234764205658,0,0.9672618477190003
2398.2648911141027,1,0.6662408812330173
2398.289533753056,1,3.6130570814029808
2398.346283179301,0,2.405282963820578
2398.4471775113852,0,1.3806431313332679
2398.7452216573256,0,0.006512547857515282
2398.7460782773505,0,0.240167193369998
2398.8990574342647,1,3.071016969140539
2399.0519237843514,0,0.46712795540686336
2399.244839181675,1,0.22145483949682732
2399.5917067337555,1,4.34392813326797
2399.6605737773134,1,1.3160296364256165
2399.8427075720115,1,1.3293469082872644
2399.87178393471,1,1.4217032420020024
2400.2446962416047,1,1.980667122054045
2400.471889389568,0,1.3725128054580078
2400.599589884106,0,0.3030918271602516
2401.1629096402144,1,2.331573464756462
2401.3764670746286,1,0.5447810570367497
2401.408423135773,0,0.20438056193400686
2401.906836938049,0,0.07427121626824851
2402.0028598481435,0,3.1776689010245756
2402.062162749179,1,1.1579155839605113
2402.427869831515,0,0.872336167211576
2402.6779524335834,1,0.21719987905723231
2402.7058680177647,0,2.8304032957426646
2402.7620616076324,0,0.01752233803848432
2402.958232343849,0,1.508867621450782
2403.0627147177856,0,0.1870812748690397
2403.0929376958456,1,0.17986570404891708
2403.123824990436,0,1.1669865850366676
2403.439785094311,0,1.0690215375933025
2403.533816312249,0,0.8711691969440737
2403.54772428965,0,0.36000209896502905
2403.7410450224106,1,0.2775840200462676
2403.9915663979023,0,2.1557680725014565
2404.00008043112,0,0.36064202880456275
2404.0284937837437,1,1.6828080209971832
2404.1149647791813,0,0.9349231931949717
2404.312911816539,1,1.478170736229427
2404.3980391818864,0,0.034633847940782385
2404.5827610316173,0,0.41841161401520915
2404.786002845014,0,6.145596770221866
2404.7968107301513,1,0.3684456529160192
2404.959387767444,1,0.06794769539996455
2405.174801724901,0,0.8033618454990592
2405.374388688329,1,2.4137002540207844
2405.3883824582326,1,1.5035249900744212
2405.465996399369,1,0.18701926991911735
2406.0413581204803,0,0.7606988479785344
2406.0705202042986,0,3.098783992551486
2406.0889383437666,0,0.03226530729130608
2406.5375834019574,1,0.8897988277943966
2406.6301203609623,1,1.5055080337803368
2406.645790801262,1,0.9210393588304143
2406.8757052505803,1,0.6896948354782944
2407.0356011492095,0,0.5339115165961702
2407.047991996411,0,0.9827372748118418
2407.083395290485,0,0.9034416593838
2407.1008022399355,1,2.537282942816756
2407.1686212402906,1,1.473986657284966
2407.2152994576954,0,1.4376830981605855
2407.428938988581,0,0.8655224514421559
2407.469534252539,0,0.2987008870459451
2407.8030928765515,1,0.6386172437681775
2408.163687221813,0,0.771392440958037
2408.1902365512133,1,2.425969603694538
2408.3407557574474,1,1.0794374100862774
2408.3842615718086,1,0.6326877953039838
2408.4229788309544,1,0.17330362871423147
2408.4914505126435,1,1.1750754958958114
2408.6560588067796,0,1.1907356871986916
2408.686007169484,0,1.1803026614010148
2408.7728828869444,0,0.18675266170672927
2408.962848301928,1,1.44564387433039
2409.1809036929876,1,2.1634657118563645
2409.4385819187405,1,1.2786554200461622
2409.5093942976696,1,0.7275232769457197
2409.6138952629576,0,0.8533172581505742
2409.6499467123685,0,0.6394337379355729
2409.718340381168,0,1.7971241939502527
2409.7760469142268,0,0.40398182541222
2409.8371843547266,1,0.2600120230054093
2409.853148061134,1,0.5354864882650231
2409.874516730529,1,1.9933484162884907
2409.881930759466,1,1.879140497357743
2409.9059215899583,0,0.3660766673064923
2409.9104703544817,0,1.218388105028441
2409.929317796038,1,1.0380226196466957
2409.9325109044594,0,1.0306660597113153
2410.0259787904124,0,1.636633585550929
2410.0342206522337,1,0.4169551595054506
2410.0689499174728,0,0.6654844612017994
2410.893429509545,0,0.5540887976214169
2411.2027626123104,0,0.4680878300874132
2411.342274657993,0,0.7475975135881265
2411.5468841322545,0,0.4017604084779492
2411.8815442776768,1,1.2283055793028526
2411.885086092116,0,0.08986988559314059
2411.965798000757,0,1.2865069698302658
2412.0963244839895,1,0.7770069683977058
2412.1239452332834,0,1.4856486211392153
2412.13366183622,0,0.3597916287540203
2412.157555380161,1,0.8121916542356187
2412.30415019409,0,0.24728091467955846
2412.764129959709,0,1.0835141982681127
2413.0475441254443,0,0.015424273112512241
2413.055739714255,0,1.5751288091616227
2413.1653966456083,1,2.5023293367297406
2413.3794256424426,1,0.0934497309197983
2413.422665513224,0,0.013759360501178949
2413.4235566942402,1,0.05923354529665536
2413.5223670566925,1,2.287866980368095
2414.120011754202,0,0.28038951124701167
2414.26155547757,0,1.0798691463312942
2414.3504985760483,0,1.6428179084695198
2415.0040684502796,0,1.0451676968440207
2415.1479601630836,0,1.798690418199369
2415.388866101262,1,0.12379490235948949
2415.450560383342,0,0.011159646311414397
2415.674204690504,0,0.9554047825808782
2415.864453355343,1,1.4814259543061876
2416.077034567318,1,2.423514323364637
2416.419587666936,0,0.9230921055385597
2416.4390275871447,1,0.15739460110839334
2416.607195751746,1,0.18313738051665493
2417.0493203536407,1,0.11813834835842023
2417.28373154187,1,0.6914708839320115
2417.4149417160174,0,1.0112284240805347
2418.444856036441,0,1.0834901777563701
2418.5140171203166,0,2.631686107967191
2418.522793343711,1,0.25806974636546465
2418.7065253871106,1,0.26745090030096913
2418.7803346419205,0,0.7392344435226207
2419.4794214714075,0,0.5457876183133049
2419.8772357695925,1,2.822850003581565
2419.9907831520627,0,0.6650295252665693
2420.008046844681,0,0.6809379268050707
2420.3955229604417,0,0.6765766245852407
2420.466857161908,1,1.0780599913332671
2420.9732879414473,1,1.2027978123108403
2421.170067865801,0,1.4973272213096127
2421.236313081093,0,2.437852596818195
2421.3423031075326,0,0.623840653566239
2421.3551410865316,0,0.8708459049295975
2421.448695844217,1,0.6146246750527271
2421.4760883203658,0,1.236273308664425
2421.6308253865905,0,0.0939989296174513
2421.984666577025,0,0.9578859549118114
2422.377810043767,1,0.7531748948426498
2422.4995534988134,0,0.5374277465898414
2422.6802796177312,1,2.1742718588574763
2422.68721303642,0,0.225433113247427
2422.692554038961,1,0.1379932579705669
2422.7613707204837,0,1.441529672706767
2422.768401045071,0,1.2752940167399962
2423.081109427649,1,0.10127679642860449
2423.3730629004594,0,0.2636390666704221
2423.562568393207,0,3.3875471860696136
2423.599003483409,1,0.578214178183852
2423.736715996041,1,0.9757948675613531
2423.7592236671944,1,0.5369761944951635
2423.8591651416955,1,0.8563285611493591
2423.992779979172,0,3.190460766290558
2424.256201010931,1,2.6900273352535904
2424.2984392861645,0,0.4528989899811865
2424.394051005949,0,0.10822593661591529
2424.560498676023,0,0.6214270983994026
2424.63445790422,1,0.6942514290500401
2424.6703305282817,1,1.524261197090181
2424.670939341241,0,0.04990553981405727
2424.703726616914,1,0.7471409042831509
2424.9014298441866,0,1.6139520202825552
2425.0398103530924,1,0.7905055118645619
2425.054077199772,0,0.08637582197767942
2425.0788218161106,1,2.7776433081842034
2425.2777445897696,0,2.4532417278236274
2425.4297039113126,0,3.3897347915296914
2425.621398245949,0,5.8128126055526925
2425.73036061266,0,0.31210471474446466
2425.733357134199,0,0.7257702123944488
2425.7768657025513,0,2.049279260565699
2425.7819220775873,0,1.6392008180012754
2425.86376803913,0,1.1056924819090463
2426.3459047183464,1,3.9883341433057398
2426.6070012884393,1,2.2558188408923407
2426.747638851525,1,0.3785454923971333
2426.8823116563244,1,1.172193444335807
2426.971075606312,0,1.4155898119390664
2427.255944358224,0,1.602413140382292
2427.274800053728,0,0.20389028557786398
2427.3580130981577,0,2.590104768298269
2427.3997617873265,0,0.5192834200698464
2427.5441347991623,1,0.25827577194340795
2428.3317709626795,1,0.18951532752626188
2428.4741545314187,1,0.03511935275186069
2428.479985410364,0,0.19527846690254566
2428.4917050020854,1,0.05334266079823837
2428.6725728008587,1,0.30138864796207465
2428.9219100113796,1,0.022895656612349484
2429.0012857494257,1,0.0904743961447281
2429.0015291845293,1,1.4965568259097137
2429.9265729593585,1,2.8387801362847482
2430.063777026746,1,0.5498398816756077
2430.2662194837167,0,2.6740117895435214
2430.3629710869777,0,0.4483372848985644
2430.5380105015624,1,0.9805663547258183
2430.608290655783,0,0.6842099381483107
2430.642763353513,0,0.15934113887781698
2430.869760714183,0,0.9845618952103476
2430.901210555615,1,0.6932178566673158
2430.9362058333872,1,2.160445884334282
2431.4471080696258,0,1.022560617756828
2431.484727185039,0,1.0037920272323284
2431.815122517231,1,0.7545183457936713
2432.0400175004215,0,0.2398051829308224
2432.1161604202134,0,0.6840175604131064
2432.3221086890817,1,0.540452756586909
2432.929219025558,0,1.0602000288262377
2433.8071865933293,0,1.5470728672527603
2434.1362611591485,0,0.5220718365499953
2436.1357787661477,0,4.232042641958763
2436.1613318844725,0,0.09489637589619195
2436.521288594351,0,0.5654229137304688
2436.5436027050605,0,0.08850125487382118
2436.5686625308954,0,0.9500518549400968
2436.784908902888,1,1.145184187036144
2437.392987988342,0,1.2046706053237901
2437.6628384908026,1,0.042205528599771364
2437.8061246503958,0,2.333353078833932
2437.9717447183366,1,0.6147788727560608
2437.9929453596033,0,0.005778466393621691
2438.3745880530214,1,0.5823208683128877
2438.406990056208,0,1.8505994654453415
2438.4799807570475,0,1.0275460330312567
2438.7093095838277,0,0.034487280723068926
2439.1816790113503,1,0.16617048274796298
2439.502265818066,0,0.11843681774522845
2439.793528464116,0,0.24631610168764792
2439.8653629315395,1,0.44246256004186435
2440.010698967013,0,0.5571985693451725
2440.167308950792,1,0.32522603875078226
2440.3914731440345,0,1.613718045799012
2440.4818606835115,1,0.10992804886465361
2440.599816335363,0,0.01400134657267385
2440.8180957673667,1,0.11351534601890831
2440.823765043649,0,0.592635217421981
2441.148155149485,1,0.2593590556263082
2441.1577115200757,1,0.4651807443441733
2441.3173633861256,0,0.9522854241950027
2441.564585280163,0,0.6379845588391525
2441.65803266179,1,1.98502717229977
2441.745653577892,0,0.27569589659958804
2441.8942744365745,1,0.3094062869012727
2441.9008103275096,0,3.1215096864309735
2441.928293183096,0,0.5479531027748556
2442.044866236637,1,0.3243965336747948
2442.087392925512,0,0.6500084252792324
2442.1398681418527,1,2.1823529109349433
2442.265101810063,0,0.3701737880541307
2442.3690635046255,0,1.4024671736243086
2442.4678254668943,0,0.14911656039305443
2442.4789152208195,0,1.8180962596165349
2442.600437493742,0,0.6275791883801988
2442.8088549879612,0,0.3217183212039093
2442.960779178033,1,1.2456613576021773
2443.044511590478,1,0.4084500783902225
2443.124115815218,0,2.0133836878094953
2443.458874683721,1,0.19397298509679028
2443.471561203441,0,1.1685329545151577
2443.607211914952,0,1.570769541951836
2443.6359657360535,0,2.51159157424949
2443.8989320387686,1,0.7142591913370379
2444.0067051039846,0,0.9323511879677849
2444.111401214705,1,0.12907799723506325
2444.173201777437,1,0.14398001280891423
2444.1831172527823,1,1.727778472506566
2444.241092752601,0,0.2631567087232223
2444.293296373582,1,0.9078452242621422
2444.4478493265947,0,3.138649130140478
2444.5163610166883,1,0.44041537359146626
2444.5334068589123,0,1.37017878724943
2444.635123325725,0,0.6266611201734684
2444.8540770388367,1,0.7429987486975171
2444.8656355315998,1,0.38511907245681576
2445.062509877048,0,0.493313924285257
2445.2436272057253,1,0.6445105318296422
2445.2878603993463,1,1.6146123371271048
2445.7350557297545,1,0.7904606871956001
2445.78955591174,1,0.6189854233454783
2445.8403898208403,0,1.114873445587452
2446.0554637842165,0,4.147731249519164
2446.0942015048176,1,0.1872345738703578
2446.1277651541664,0,0.6030319985736285
2446.2404063318545,0,0.8002031318192124
2446.454275374583,0,0.5322235366875795
2446.504702976095,1,3.6167518265587675
2446.564283981045,1,1.5429810660716123
2446.882073268374,1,6.594929070116083
2446.895078730671,0,0.3215540234884012
2447.0194803169948,0,0.7386095534017201
2447.0344428326257,0,0.009461571973110556
2447.17058659053,1,0.6491734019819675
2447.2408223365237,0,0.22962842985584497
2447.413594845,1,0.7808514099951711
2447.5686849708,0,4.017095014586803
2448.0205424055707,1,0.4642588134017125
2448.030818301024,0,3.7888158143020725
2448.2703695945274,1,0.31977220520749283
2448.2951997189166,0,0.7755102482487869
2448.7263368020017,1,0.4585956363078095
2448.9907255757203,0,0.648055825967718
2449.0874473097733,0,0.009198304898274971
2449.1562599734616,1,0.354212526354388
2449.229770854914,1,1.1967552589961952
2449.3346676384053,1,1.3182726158191234
2449.5017277659467,1,0.20284421823870027
2449.604197733844,0,1.6502654101419403
2449.697397137388,1,1.1711441124562085
2450.0445020589204,0,2.416231686555967
2450.181515127154,1,0.3235828980720197
2450.2218407004025,1,0.2003088747673155
2450.2433727890684,1,0.5903424057500626
2450.3624378338955,1,2.0300176675295876
2450.4578343774356,1,0.16801738985525694
2450.6099425885322,1,2.3256241296690177
2450.657661664911,1,4.482465929406496
2450.9160263420363,0,3.0375862284742015
2451.1681552770915,1,0.35509902889369127
2451.32211790817,0,0.509414518910454
2451.4786650086944,1,5.469265162138402
2451.54648270221,0,0.6598207422891447
2451.675370588263,0,1.949631079175567
2451.7614089893254,0,0.363669456846488
2451.829897842771,0,0.31629853540377095
2451.9862815183433,1,1.7083076919397204
2452.023971815473,0,0.43305223992238023
2452.047734682778,1,0.8977617923666666
2452.1378734853843,0,0.2205765371128801
2452.149712737954,0,2.168575562684819
2452.1779494365423,1,0.21280180584029948
2452.1996509723945,1,0.6167186825349553
2452.216364743589,1,2.3724261798683606
2452.42758534163,0,0.3335726168302986
2452.6742582301445,0,0.057439587220089426
2452.903382252873,0,1.6514136268934982
2453.600840045499,0,0.3754660291874549
2454.13186461155,0,0.3876550210375234
2454.1518728380083,1,0.6186346781857793
2454.2472651513035,1,0.36651351000996607
2454.2526960234136,0,0.01778810052618935
2454.3541503902557,0,0.23008167497518744
2454.42540594762,0,0.8290167367430885
2454.513666669586,0,0.21070387137981253
2454.53110849987,0,0.0018148598414601293
2455.0175151412363,1,1.290321693726995
2455.0326850162437,1,1.1766788871281606
2455.073984549766,1,2.222235194382683
2455.079238878733,0,0.8284577903888476
2455.234538179463,1,0.663520091959604
2455.4487097150063,0,0.09126364485219426
2455.4489198366723,0,0.5040668235268924
2455.6637814845203,0,0.5468346846427066
2455.8915536651707,0,0.17391384138325341
2455.9952141896265,0,0.7934927780959145
2455.998463568925,1,0.28177011102793026
2455.999725184924,1,1.1665083220720849
2456.129828169114,0,0.7412174863244188
2456.1441727970378,0,0.2417142701439458
2456.622459525879,0,1.301891018735021
2457.10067163658,0,1.4800628436955177
2457.5221000121646,1,0.9783487656478423
2457.7441623357354,0,1.6155284957374683
2457.9425072537238,0,0.7698900764607106
2458.027941484692,0,0.6230958151040521
2458.044775544783,1,0.961378684909085
2458.2542180262635,0,0.2399236067182246
2458.351666524583,1,1.4779325676920079
2458.3671214623323,0,0.7883257950136926
2458.3963416107513,0,0.40439024595924933
2458.4150004886715,0,0.4474226381971266
2458.4713216184723,1,0.33770575578029627
2458.5511850956486,0,1.2565793360138104
2458.756541961307,1,0.9829501276919304
2459.0418720382345,0,2.147575165724406
2459.052185175807,0,0.298427264855859
2459.1220290631613,1,3.521364019415566
2459.1287603072115,0,0.07808144296908703
2459.1603330265984,0,0.12111232810948847
2459.194283616194,0,0.11474366916558043
2459.243811151862,1,0.7892451722632905
2459.3790342923053,0,0.742805018646908
2459.5307242351305,1,0.7327786087593158
2459.58671593907,1,0.6726434626614992
2459.604996264496,0,0.29502687924788834
2459.6782960173864,0,0.7577227897529266
2459.730924458948,0,0.43792372742276875
2459.83367391132,1,0.12995709935922933
2459.9264068904517,0,0.2204270091793166
2460.686138174696,1,3.1432264912524244
2460.854210392906,0,0.47080936533934326
2461.1887972630357,0,1.88529151565764
2461.2505754749113,1,1.9256619169256475
2461.5778510971822,1,0.2660287818439068
2461.757029709663,0,0.436515808598371
2461.888304887447,1,1.3479502801874643
2461.9147462116925,1,0.5008804030374266
2461.955458151388,1,0.04899543318261388
2462.121622431676,1,0.2953040037371125
2462.2039789225964,0,0.5096797557940812
2462.3110866964985,1,0.9065949015119509
2462.575271865359,0,3.1217320645716056
2462.618095045198,1,1.570995588991386
2462.7355321903265,0,0.14068955431442115
2463.151118629434,0,0.5015340041123084
2463.1528157708267,1,0.9062702834057689
2463.296342607833,0,1.1012381952854502
2463.367011473168,1,0.8981865850056633
2463.6991061578638,1,1.1325595814626002
2463.8472641347516,1,0.7442161902841283
2463.929011056858,0,1.016870043615491
2463.9552381243,0,1.660738238494529
2464.0518436978496,0,0.30926999611583555
2464.5729005932308,0,0.09567467655304122
2465.1041904986455,1,0.056782994976852116
2465.19413314731,1,0.0035995774719271554
2465.8453970363566,0,1.1201791682638524
2465.926520852775,0,0.42625713333862936
2466.402706999657,1,0.9778230528260602
2466.6944068626244,0,0.6942437441377758
2466.8695229667455,1,0.28287742706902974
2467.040024753514,0,0.6731290971896906
2467.0945684105427,1,0.6348076413047274
2467.128089337435,1,0.2263174016340867
2467.244512146501,1,0.2810026071095466
2467.3340048626624,0,0.5407220325620156
2467.352026064736,0,0.039780136120131156
2467.355522541049,0,0.8517803194327775
2467.578829985569,0,2.8926336142585956
2467.5878686960878,1,2.463207179403564
2467.8532004223393,0,0.4922766202853737
2467.9214182954847,1,0.08083103191513459
2467.9831434921452,1,0.2438088599812892
2467.9973113935844,1,0.2194129213100456
2468.0586440044103,0,0.41781270833934686
2468.140266948114,0,0.8518014892495902
2468.1483032430933,0,0.6349000526941478
2468.3080708860175,0,0.8508312003396014
2468.3143962800227,1,0.8854216751653029
2468.3607471155487,0,0.3220067437622693
2468.3995256503595,0,2.5604470965377533
2468.438938044683,0,1.2710746460003695
2468.4832219588243,1,0.5497393850315062
2468.655255209797,1,0.5268301549561004
2468.82245608689,0,0.07243825788857862
2469.0749027366405,0,0.4688177067660976
2469.173914524377,0,0.324576763150426
2469.211974572316,0,1.3807616646766507
2469.418236527758,0,0.6340322325316384
2469.5745087285864,0,2.21409927764506
2469.7845858223905,1,0.9977268443101174
2470.1019023766585,1,4.609192046381943
2470.2873576597885,0,1.1898055606820546
2470.37934785024,1,1.7770076852522614
2470.4201226546056,0,0.7986684203384256
2470.4518945644577,1,1.823062151122494
2470.4627721819843,1,0.178346806974068
2470.70144649788,1,0.23378500084548975
2470.967771522789,1,1.835272490976325
2471.0049259377306,1,0.8188129458971539
2471.11461530268,0,0.4935452421677102
2471.117037734538,0,0.3151099778417258
2471.792259252764,0,2.4643280144095896
2472.0696657029757,0,0.36341507655124944
2472.3078580094816,1,1.782814525326358
2472.513068770581,0,0.9509185971977199
2472.7175298544093,1,0.2670971280442335
2472.8163411058767,1,1.412559786898026
2473.0502081040163,0,2.2534265604740975
2473.135447627449,1,0.9814663142605055
2473.276876913854,1,0.9886228446149371
2473.4017556749627,0,0.07130535817220746
2473.4350108838576,1,0.4921357509067313
2473.44653840956,1,0.46941422174441066
2473.4765625423697,0,1.3120379128287711
2473.837706300545,0,1.813546518729406
2473.884399014533,0,0.28305963291079306
2474.1082527160133,0,0.10675589084250353
2474.3044065220706,0,1.0330376368815182
2474.574748404197,1,2.8236181396402906
2474.694912664137,1,1.3477950868795125
2474.7062387194296,1,1.6717184291840061
2474.7630079416817,1,2.554538264168215
2475.0216780042865,0,1.21881892293103
2475.2386850170337,0,0.05825699728324058
2475.4028865225023,1,1.1793516055057207
2475.6729684834613,1,3.924478142286522
2475.7355516662615,0,1.758768675570167
2475.99299536417,0,2.764528073354904
2476.1829880883847,0,0.994851176106487
2476.6656383535687,0,1.737132256791542
2476.67326910936,1,1.612281736176379
2476.771879852372,0,0.5868924265925796
2476.8117080016705,1,2.1202932891503905
2476.885146364262,0,0.0744947112859783
2476.9003877446703,1,0.291339307931196
2476.9141639338245,0,1.6217360490406407
2477.110011892241,1,0.10588099626466939
2477.1769299042257,0,0.14115341166055906
2477.344210964933,0,0.24913006310018332
2477.3776157946413,1,0.42090754220055404
2477.455756687634,1,0.7040849080522352
2477.531066654069,0,2.339357485564967
2477.6493195319304,1,0.38687141426134847
2478.068492502335,0,0.1335343492030613
2478.258630632068,1,0.3076700137167794
2478.28563013964,0,0.022476272355825912
2479.2989182526085,0,1.2417002699589406
2479.357194420212,1,0.8279414635441328
2479.516287624484,1,0.6382771828639064
2480.081622464528,1,0.020575377661443288
2480.3454003751463,1,0.19975363978659672
2480.707525163875,1,0.057650921028969807
2480.8150660336346,1,1.0917162312344846
2481.0086954595886,1,0.3218043185511648
2481.1448606209738,1,2.6275796920365098
2481.1966657239095,0,0.9201204514715492
2481.20117579038,1,0.4292641016649809
2481.6188262103465,0,0.1635183603527359
2481.671420210648,0,1.7490217420821856
2481.7522593168956,0,0.9437044005882091
2481.9610733124514,1,0.04990062852942939
2482.1787046898626,1,1.013841893885069
2482.4867412215676,1,2.1050468096189694
2482.6696298280385,1,1.4161498941403958
2482.8915579239065,0,2.0590881643272785
2483.1713612281483,0,0.17208798986443113
2483.678985092841,1,1.09663770765422
2484.022050439651,1,1.0649684697350403
2484.4697286735372,1,0.2452211933172251
2484.671450581273,0,0.33481479638212464
2484.7796034722655,1,2.1343113169883856
2484.926610549021,1,0.18056134397488652
2485.0236846692574,1,0.6746096492593041
2485.443990337511,1,1.295969397078451
2485.4790941494102,0,1.3079066551313356
2485.933470590583,0,0.15797523165378055
2486.1183849956365,0,1.0089982757364417
2486.163901544105,0,0.45472610734111896
2486.39107682207,1,0.7656222699927162
2486.396470581054,0,1.8538906303525582
2486.595315203299,0,0.9909866229922054
2486.8089160011423,1,0.2994857333697267
2486.9207459591,0,0.44404059907734295
2487.330221195977,1,0.4724948001303652
2487.73382276048,0,3.130139402283827
2487.891247356907,1,2.52200367608166
2487.9343795313575,0,2.0705260756640333
2487.958630622153,1,0.37613293685161114
2487.960840381341,1,0.706142118408996
2488.210595119536,1,4.819474182019529
2488.2862644134716,0,0.5320412869800668
2488.7855912365253,0,0.7190997449925778
2489.019108397183,1,1.225594438469258
2489.111991544217,1,0.423097278435445
2489.323671138388,0,0.06256269092745871
2489.3272374486705,0,2.376149821547509
2489.3483481465314,0,0.3164152388200672
2489.4421095776916,0,0.25221924593565176
2489.560848931774,1,0.34622726476971766
2489.6346915597665,1,0.29323765153980313
2489.6873920834682,0,1.8863253796175627
2489.75843970359,1,0.8846367760774003
2489.950849795429,0,0.8123379909586612
2490.004581963074,1,0.0037878152366590486
2490.030737722452,1,0.12635423117322941
2490.3092398893577,0,0.18869912199987018
2491.039562098874,1,0.047058679164364445
2491.1226724778835,0,0.17378207933972387
2491.3054148827937,1,2.3244597803051543
2492.038285551845,0,0.13408233694698576
2492.367466774739,0,1.301172618258185
2492.390446054081,0,0.3401311218173728
2492.4865153286505,0,0.3724895216176596
2492.6712209897714,0,0.34486934141499453
2492.8358242594836,0,0.13535597254916826
2493.0763189203603,1,3.1503956154103534
2493.358596358866,1,0.6177029916336135
2493.5124188901254,0,3.5418731231752387
2494.0758508285726,1,0.3400173217955406
2494.17571747058,0,1.4464097486693404
2494.2092522733765,1,0.31907761548576763
2494.2273009412897,1,0.5142563429242655
2494.449009031008,1,0.07960357283325654
2494.46923246109,0,1.118268796667212
2495.1479702816296,0,0.33500471854901803
2495.169219339444,0,3.5373451687424797
2495.1807865705787,1,1.8585973160603921
2495.327252532661,0,0.18087820399068733
2495.361707752628,0,0.19550630937591282
2495.419763183343,1,0.5183000867102981
2495.7349485550453,1,0.5611381981074718
2495.8302313461763,1,1.7359645529756376
2495.8889294980722,1,1.0692450790206198
2495.915756550777,0,0.3987274756248471
2495.957853260338,1,0.45971684558664544
2496.0840983590847,1,0.9663973617974426
2496.139091726603,1,1.3903697205619934
2496.3293107265768,1,1.2791676305702266
2496.424037542156,0,0.857768105736035
2496.645707233656,1,0.2412637826701665
2497.153696535818,0,0.8980250443905429
2497.199285674634,0,0.37612077564282115
2497.575175475535,0,1.0851933394369784
2497.6607706743657,1,0.1138249544416152
2497.7518154359655,0,0.6158281949552957
2497.902846756812,0,0.10287918954831314
2498.1319972956217,1,0.8769202051845592
2498.146862042334,0,0.29617646130695996
2498.208659196998,1,2.2307993312419963
2498.292630452532,1,1.306553615939536
2498.400991942671,0,1.6139061365418044
2498.768329592707,0,0.9876742604405966
2499.0825613190914,0,0.32751730342621765
2499.8628354898196,0,1.5863208921380654
2499.944352643796,1,0.9362211488739084
2500.0946152197675,1,0.5618489823589867
2500.2715507857647,0,0.10695463160772432
2500.3776700393437,0,1.8064801174769358
2500.5150980916706,0,0.06690286093320576
2500.5388851026255,1,0.43403857248539474
2500.6948650091717,0,1.2728550185937944
2500.9864935647215,0,1.9017706114797166
2501.0597442191297,1,4.3857535228867155
2501.0741790079574,1,2.9319700485029507
2501.30624283118,0,1.968245805292056
2501.3314042822485,1,0.2600648958564498
2501.3875439079334,0,0.6189825692379197
2501.4983028164766,0,4.527308592709748
2501.6899791797323,0,1.5377809128167612
2501.797725219209,0,1.4505528999204076
2501.8120887697514,1,1.7377812074096755
2501.8365859792416,0,1.643112563465895
2501.9537544715176,0,3.3750384906040964
2502.116457179016,1,2.615612496333978
2502.391008581377,1,1.1665620964469663
2502.4939559039017,0,2.726944368393393
2502.515806147896,0,2.892368635620285
2502.541748852259,0,0.15685447145637596
2502.681903524082,1,7.655314390485357
2502.775320395751,0,1.1297797724983154
2502.808432848637,0,2.5670618375772825
2502.9910357932176,0,1.0888295774320422
2503.459820676741,1,0.2431890897192168
2504.5168885308267,1,1.2936163045872568
2504.643101178184,0,0.0396554068874713
2504.8662963342763,0,0.23046125693082165
2505.292000863253,1,0.818297134793369
2505.3671085869796,0,0.544728830094338
2505.4186919687963,1,0.31634268426449175
2505.5160947150566,1,0.9593235214307546
2505.5213176492584,1,0.7055940661795194
2505.5622159236914,0,2.33466248255668
2505.618854626432,1,0.3464811634737952
2505.8700455597245,0,0.8226936024690377
2505.9174747746893,1,0.11664380444272252
2505.9627431051463,0,0.42662321292314814
2505.995814882839,0,0.7862290749569836
2506.108227507383,1,0.013803231996555643
2506.1267964779804,1,0.16968407544249176
2506.215525102301,0,0.00020743909741652192
2506.518344398887,0,7.349788628908026
2506.524054632774,0,0.9784024594634552
2506.7857342908956,1,1.6087397764487181
2506.9371196941893,1,1.5898873529043858
2507.0655651259854,0,1.4993500417264871
2507.1693559372757,1,0.1827452691018598
2507.573562971831,0,0.6599407045286131
2507.8006182685226,0,1.3504440025795037
2507.874736359059,1,0.7568067945874077
2507.9139494453852,0,0.13688375506646486
2508.027064071208,1,0.18255431139180242
2508.047109249035,1,0.5727435418822309
2508.3003539661363,0,2.690291346708844
2508.3143752790584,0,0.8741339360893454
2508.3258144547112,0,0.9376216187159212
2508.3515368380426,0,0.3355149260996681
2508.636211186948,1,1.7591841697825783
2508.834095032474,1,1.9836224443174102
2509.1144311217345,1,1.8877856749714186
2509.300872957153,1,2.2948191357183316
2509.467003711578,0,0.4075188463946172
2509.5206906289723,0,0.12164005285193363
2510.373467596398,1,1.5936612850408718
2510.536590898746,1,0.7949005710941368
2510.5726230705172,0,0.8194978177586915
2510.739589421819,0,1.121662716845118
2510.8559908045977,0,0.5937772097437368
2511.461963256411,0,0.036075035849630184
2511.9824962517487,0,0.35710180558588045
2512.0497172519354,1,0.4549929646562527
2512.586346757457,1,1.4080026153220935
2512.7712179302207,0,2.842606520284054
2512.9399930171803,0,1.2398655457775771
2513.4692667678405,0,1.6860952621094518
2513.6914881658645,1,0.7561757385530185
2513.695514013664,0,1.2292963751710966
2513.8222768135097,1,0.3193604792949316
2513.9541831310003,0,1.0877959104284196
2514.262117369934,0,4.586467498192646
2514.52397888842,0,2.668134912783772
2514.5905860140588,1,0.0552974274664376
2514.7259788659226,0,2.3113699859889585
2514.9443990853147,0,1.3460870974539683
2515.054387560849,0,2.4641386210241216
2515.2755006238635,0,0.7066414269384594
2515.4791704228855,1,0.11410818773262243
2515.5131774217675,0,0.13955765929379205
2515.784759865328,1,0.04585838670002657
2515.90122455309,1,2.142183687468571
2516.3164427610673,0,2.103971559394569
2516.403343324349,0,0.42247902574445506
2516.4165488383824,0,0.5626995473303686
2516.828641507026,1,0.0541055282686047
2516.9502362725075,1,1.1188078168739362
2516.9734940936637,1,0.33074806150334407
2517.0508760957005,0,2.848375963405734
2517.151459537643,1,0.3409764753202104
2517.2887187838787,1,0.9761588909270454
2517.4335655087384,0,1.2431367680905343
2517.4531820160905,0,0.08818442742721025
2517.4732249420417,0,0.721361911118274
2517.609700721857,1,0.01001644543277054
2517.789556778113,0,1.5599388421399345
2517.7978110923154,0,0.7930857407287781
2517.8148446659866,1,0.013931571440230456
2517.8355405462967,0,0.6857246093196214
2517.843266695474,0,0.666118939732036
2518.294676015178,0,0.2518006244137614
2518.4186080073637,1,0.3208067043101969
2518.6129380738384,0,0.6164194400867977
2518.6338623661472,0,0.5622427580130602
2518.677133407335,1,1.1022472023124383
2518.799492385408,1,0.37012035902482787
2518.8937829257106,1,0.1954427957536478
2518.988636542075,0,1.1712535117051195
2519.0664112156674,1,2.011888315802707
2519.2096434823,1,1.3395087172623918
2519.214645463152,0,1.2224583007241734
2519.293287883454,0,0.6585254603376031
2519.3555170704694,1,1.8920867515334048
2519.4501042704933,0,0.22404355620426786
2519.4572816228037,0,0.41894926356288215
2519.491795076951,1,0.08047151450144706
2520.736096803281,1,1.2483844427842885
2521.1756196029833,0,1.0080932559235192
2521.1831200495826,0,1.153168919915278
2521.3477046268868,1,1.4266637744437274
2521.4550560147077,1,1.3758417317584843
2521.548401081961,0,0.26113706734740444
2521.5759832545464,0,3.7374068307800714
2521.7537560375263,1,1.1717328090777621
2521.7774234160943,1,0.5858738373098572
2521.99884250525,1,1.0743364840931082
2522.4233493158326,0,0.03475505484253272
2522.5856711458187,1,1.5079696986559066
2522.5930604332993,1,0.5529603307945117
2522.848556167781,0,0.23355519500467103
2522.9024571047566,1,0.8303775968782212
2523.1202720123165,0,0.33326303055224754
2523.14721700476,0,0.05286716024474815
2523.2814213650136,0,1.1112788131299955
2523.4511775053425,0,1.6988472233554572
2523.462972134028,1,0.5053790959668126
2523.8516582205416,0,0.07398029664467949
2523.8918437954835,1,0.33781607176802453
2523.8971877359813,0,0.2475765445987275
2523.9041607022364,1,0.3988158795895267
2523.9259176706587,1,0.7497654921094911
2523.9891764721915,0,0.4355171408937526
2523.9995038885418,1,0.1717177928795413
2524.014008048723,0,0.048379615775999474
2524.1907972443796,0,0.48037129747174057
2524.5902553349933,1,0.14749164041584045
2524.6478384451484,0,2.618829679866145
2525.65095706539,1,0.13718799315587338
2526.0952883897244,1,0.11091881906358998
2526.7934431063168,0,1.725011395641904
2526.8646926552433,0,2.6301933372085364
2526.940123660025,0,0.2761056756481261
2527.489123694548,1,0.010517320573848715
2527.572941269307,0,2.0684007265882194
2528.027780605496,1,0.9233366844185552
2528.098889533429,0,0.062579285986144
2528.3630304447192,0,2.284932529490298
2528.3863046200554,1,0.00864009281192341
2528.461502308286,0,0.7900418364371085
2528.7032749317596,0,0.4609394480328428
2529.028186488354,1,1.0752171717147792
2529.034104408744,0,1.799800240278765
2529.2898781301074,0,1.5732781818291801
2529.5429241036964,1,0.6230679106163245
2529.6794771657437,0,0.5710089890688889
2530.200204224319,0,4.079048404742989
2530.2819902174447,1,0.15328022036065078
2530.437606866112,0,0.9226825553391825
2530.582029189855,1,1.1582259754674271
2530.7415142330583,0,0.6215360270765613
2531.162845433393,0,0.1169181979778291
2531.5496458374596,0,0.7138495617278356
2531.871398673796,1,0.14996889812754166
2531.9153589688112,1,1.4811761630560365
2531.9943868187734,1,1.5517332411100528
2532.1712708616237,0,1.6816681125748474
2532.3275409078674,0,2.0560083407333654
2532.388216204562,1,0.2619723941948362
2532.4521423502915,0,0.6029238125791679
2532.4754754752835,1,1.504129571249886
2532.575280650638,1,0.24898841803773092
2532.6316407414843,0,1.3067742181838198
2532.818620080546,0,0.11759088685210042
2532.864423107029,0,0.25253783009836467
2533.123050250963,1,1.799925361001288
2533.164601993052,1,0.7673344745121603
2533.1851588714653,1,1.017248692189475
2533.2469100431963,1,1.2931486353738646
2533.2648632221462,1,2.6356567149284595
2533.4707490334754,0,0.5426438588243635
2533.859304278226,0,0.8365144624335016
2533.9043987411824,1,0.33178524563346573
2533.9786166404556,0,1.048176183289561
2534.071333633217,1,0.23745633487431658
2534.152096278488,0,2.0921626409567984
2534.1652793807857,0,0.23552085041215423
2534.275094518293,1,0.43485149745759455
2534.42715017848,0,0.6427325401064106
2534.8404869512306,1,0.28978087918237444
2534.8758903355592,0,0.7465001233965474
2534.9990822037025,0,0.8675681680357208
2535.3058552675975,0,1.2637071684754964
2535.498980435293,0,0.44659904686765994
2535.605391150598,0,1.2781526029736907
2535.6506277532044,1,1.2494103732735689
2535.7059525151026,0,0.7584502344555144
2535.78455360475,0,0.05576201125234939
2535.900371398433,0,2.07415274782223
2535.9409675400866,1,0.02471516477647232
2536.422642134059,0,3.2929661007488584
2536.6303752121526,1,0.49920640354639007
2536.7356569179105,0,0.0393051415118605
2536.804978199495,0,1.6380766262360913
2536.888102321017,0,2.0649363089311596
2536.895315878626,1,0.24872097831508858
2538.0108787052404,0,0.49053573885224216
2538.140046630824,0,0.034395697803037
2538.1804726074565,0,2.391136501372642
2538.207259734111,1,0.411064014258852
2538.6315126639024,0,0.033965264539243305
2538.8323026887506,1,0.09236582702771168
2539.3724427420275,0,0.44500778134842767
2539.4677378384063,1,0.4528727471741788
2539.688590505186,1,0.1581042141834402
2539.7445979489535,0,0.29336859171728463
2539.8017546716474,1,0.5833763712174804
2539.9110168164893,1,0.5560135692799831
2540.0164031548616,1,2.1709101540683577
2540.141652487786,1,0.1733099563635041
2540.1660286187102,1,0.6554829984787197
2540.1663507393914,1,1.2383359216208836
2540.3253236778082,0,4.098486067133971
2540.4528808994783,1,0.5987927047630707
2540.4995664178377,0,0.4682861420917602
2540.7354319726014,0,1.7465676101374612
2540.8308255600014,0,0.9610949143796378
2540.9349888464753,0,1.9563496181007316
2541.1731485823702,0,0.727983656051602
2541.2208416067742,1,3.3453325453125204
2541.356977489086,1,2.9931300476264333
2541.7266426572232,0,0.4881676546953357
2541.794373124882,1,0.18434965568869696
2541.867408109218,1,1.8007388680122378
2541.9091079780183,0,0.12420119246234489
2542.092718309705,1,2.590030905680992
2542.5405158561884,1,1.2172800736247016
2542.718985759721,1,0.33018983652326006
2542.861753936656,0,3.722320470184147
2544.044458824271,0,0.16833963752164696
2544.1945386923276,0,0.06221798639168268
2544.3848180924124,1,3.352563697187963
2544.911526788267,1,3.195336330349883
2545.2645066240534,0,2.4720245061239026
2545.3146335522215,1,1.9524656587142675
2545.420529255415,0,0.8917199064652702
2545.530183056444,1,0.8297370367240997
2545.92327878737,1,2.755047496833369
2545.9482603589104,0,0.006795715936407087
2546.052365479095,1,0.15885339981834745
2546.243792254759,1,0.26450754682638594
2546.342451006518,0,1.0696086283640034
2546.5633127446818,1,0.7221907632029951
2546.6085989620924,0,1.4812118564733543
2546.9515097817525,0,0.03531169084339392
2547.0265697245086,1,3.5237766385165767
2547.1224826427883,0,0.1691193395649669
2547.373357940089,1,0.7664438125545621
2547.4532285410723,0,0.37458967060658366
2547.4914457157893,0,1.8626183465726367
2547.507423797901,0,0.1145430244813431
2547.509174744776,0,2.082510910030199
2548.0483976596756,0,2.3206916857772373
2548.3153261554453,0,3.02155221219178
2548.329035582901,1,0.06924331999712882
2548.6570136474534,1,2.6430786001733186
2548.82190937548,1,0.3208430686599858
2548.9651579698857,0,0.04172946833774973
2549.074950563871,1,0.37008334291607214
2549.088862502832,1,1.8613662040826635
2549.193668977098,0,0.6468586248092201
2549.379630022161,0,0.693952070781138
2549.3931602117686,1,1.0328474059859638
2549.394917009199,0,0.39746958446642255
2549.712846043961,0,0.05664360284345285
2549.9666182589604,1,0.754890187545811
2550.162789162602,1,1.3994927297990496
2550.3032689085585,0,0.2369614345594816
2550.848182692587,0,0.4941279377075127
2551.007766127594,0,0.7846992135792411
2551.10840145907,1,0.5350404468164607
2551.22803654492,0,0.8877420217867289
2551.3640975776484,0,0.7116115215061005
2551.41838110085,0,0.17810603918697449
2551.4856466401834,0,0.7653590137065559
2552.002063915567,1,0.6754094497365707
2552.2351729089314,1,0.29254219678160304
2552.360327164818,0,3.529603980009838
2552.375639730157,1,0.295405337297156
2552.5355294055958,0,2.0836922803534055
2552.5597292222124,0,1.8015307302314387
2552.5863432897836,1,0.6505170705688572
2552.9938343057856,0,1.2687674843079577
2553.131868468878,0,0.10848442746605441
2553.136571143398,1,2.599551825701725
2553.1845728749977,0,0.5333647342446471
2553.195169716788,0,0.8356965717720078
2553.27529489615,0,0.3264836135716988
2553.691021764649,0,1.264753493288271
2553.75105296881,1,1.7048940399579133
2553.9036842263663,0,2.122355666383402
2553.9383441609675,1,0.407228079905597
2553.947728624263,1,1.4188738219799353
2554.05388558818,0,3.625370803359272
2554.2870378275843,0,1.4317144291436998
2554.3014529354864,0,0.08855251101404547
2554.4216604105213,0,2.9664562077481493
2554.4835230865656,0,0.7902311931988533
2555.0202706869395,0,2.0881258752957925
2555.2287250229756,1,0.1863202446203928
2555.266967271893,0,1.009665513634426
2555.2692276882367,1,1.5765567184259903
2555.3184399334573,1,0.591340533023583
2555.431788241528,1,0.3854137738810467
2555.4752788237283,0,0.732473375440726
2555.596350675255,1,0.02535506832273098
2555.6767050610656,1,2.0841999583706348
2555.788298472289,0,0.5766227205792985
2555.839298765165,0,0.21772452502292144
2555.9003300896834,0,1.588721180231441
2556.0123132068343,0,0.3703577458247193
2556.0993263404207,1,1.3076954884925664
2556.569098962554,0,1.8698662671017101
2556.7434680152874,1,0.2068885840573977
2556.8022600511713,0,1.765486344058112
2556.890123964261,0,0.5662700353389127
2556.897639053445,0,0.31620206645187016
2557.5085707048156,0,0.044123367445862094
2557.6856416195665,0,0.9997941526716935
2557.837494713572,1,0.5985969233842034
2557.986947198956,1,2.2214915003100986
2558.0989195440998,0,0.8038182380349452
2558.1134332281604,0,1.7110743291239132
2558.1363752490647,0,1.6449831887944522
2558.175264161181,0,1.9316432573838194
2558.1757375926454,0,1.686805431639966
2558.262907069136,0,0.48668668210713145
2558.469585626145,1,0.6436245014472624
2558.653648446195,1,0.41149290839907904
2558.6788347460542,0,0.6705281872363006
2558.883098066303,0,0.061245351320355725
2559.04959375673,1,1.1329840534150233
2559.170226754475,1,0.026224166933563983
2559.21509302208,1,2.660114941185563
2559.247452294943,0,0.18099569438617877
2559.361838623866,1,0.44667711797659587
2559.422304422411,1,1.5039019283447606
2559.583301379869,0,0.05853494286447427
2559.791429042608,0,3.321981332036515
2560.0489102887436,0,0.9233052554044735
2560.1200101742925,0,1.5042265911234103
2560.9448056041033,1,1.3476287289350375
2561.2883852214286,0,1.6097739042903954
2561.339983014541,0,0.7976570142473284
2561.352528600217,0,1.4636206793961604
2561.523301652565,1,0.659902395181283
2561.8726918006782,0,0.7928506422443826
2562.1945477191352,0,0.4943438331281294
2562.1987014456117,0,0.9929613849039416
2562.306768827987,1,0.3001741684507898
2562.716610678996,1,0.49237986249328697
2562.9118993205325,0,0.7202600201082445
2562.9319910964236,1,0.799136666295217
2563.0934008326835,0,0.0842860043740148
2563.141043775625,0,0.10281808263408718
2563.758133201099,0,2.059211563408139
2564.233494835671,1,0.2309121981240963
2564.3003549063756,1,1.6926826535781068
2564.7025334978875,0,3.3471567362786274
2564.8725743019318,0,0.49272838314311795
2564.9313773300073,1,5.210589313283534
2564.9970671119463,0,2.2214846241088035
2565.033664584216,0,0.17589045895053634
2565.12370389749,1,0.7437370769676547
2565.188951550212,0,0.20828090599956908
2565.310422870863,1,0.44873297815380725
2565.61209963708,1,1.796008304290431
2565.697348809856,1,1.2533301121399323
2565.812108288497,0,2.9762876216977854
2566.1169808526706,1,0.6904923429480456
2566.3487779680204,1,2.610717515082718
2566.5194988332464,1,0.062149883188794046
2566.721765115549,0,0.7090550022175711
2567.1956842243676,1,1.9638605727404665
2567.9226115954875,0,0.043687851355409646
2568.0854047232474,0,3.7132216511790457
2568.2771900148277,0,0.9380404869311476
2568.437782211058,0,0.12601831548318085
2568.48908432,0,1.4762693570188221
2568.6534330782774,0,0.9009226769167774
2569.2368390962674,0,1.4856152117648054
2569.378967773303,1,1.7912354502933778
2569.4471792372537,0,2.0610451196475226
2569.637759200476,0,0.18091311194509982
2569.7188284824156,0,2.0732316026718434
2570.146699233895,0,0.898632753339026
2570.405597946245,1,0.00249936333453604
2570.7740691023614,0,1.4764429184846066
2570.917610982603,0,0.7835315417784079
2571.0641473890123,1,0.2040095404597527
2571.5991185755215,1,1.494280940195281
2571.8812808845196,1,0.48261093873372785
2572.246786480141,0,0.29121415819753865
2572.727263143581,1,2.1979576614273264
2572.766923396285,1,0.2852766986730777
2572.9203150633857,0,1.46294321978384
2573.001852865598,1,0.8326498767002224
2573.7541348164946,0,0.5894170502753423
2575.0457849961945,1,0.024012946094549986
2575.204326954289,1,0.6223976607788464
2575.929613259074,0,0.8582702540250569
2576.2206131059893,0,1.051316283404421
2576.289599524414,0,1.2406427996902163
2576.3484185837997,1,4.3789441311544435
2576.5169713302867,0,0.9815914455106175
2576.7731925217695,1,2.4170742076991845
2577.31331364752,0,0.5010131022718493
2577.5899524695255,1,0.7093626111597469
2577.5998654592054,0,0.2603459057505203
2578.460633383991,1,0.06993622665766074
2578.581505723466,0,0.4716622765243348
2578.616851200744,0,1.179140236611804
2579.005105710257,0,1.6096043311543502
2579.238688154073,0,1.2627414220382647
2579.262672183624,0,0.04332030447272588
2579.27464179086,0,0.5334057797533251
2579.5130107797695,1,0.26315785931986385
2579.764728181873,0,0.721318031785266
2579.85544881373,0,0.21523768652928904
2579.928187046813,0,0.7155711853482005
2580.0243611505516,0,1.691421338102226
2580.3252094617537,1,2.5373935479825445
2580.407541426563,1,0.23452834626824534
2580.4577487271276,1,0.00022671497473293907
2580.46307580332,0,0.2961625165577168
2580.4643958194915,0,0.4030331155084027
2580.761183358158,1,0.8504434375827026
2580.9161271262833,1,0.25913214553135416
2580.9674480510857,0,1.2661462425267633
2580.968217166978,0,2.056413878594039
2580.984495590518,0,0.6837694373070518
2581.0173850110627,0,1.111730232788278
2581.241321983583,0,0.18497053064850694
2581.805467916826,1,0.4040491675639121
2581.926522574269,1,0.045515369954003945
2582.35476133422,0,0.15474144367194043
2582.6046801948864,1,2.8434311511220396
2582.6281912409927,1,3.4358650311052483
2583.6468950101653,1,1.604322650752713
2583.685872203867,0,1.5007464729788011
2583.7687685507253,1,0.16509685340823868
2583.8410130493944,0,2.4812959827612784
2583.930073602739,0,1.0608299542819917
2584.075482128429,0,0.6820432103028785
2584.2675433762715,1,1.2555438821804104
2584.4199679198555,0,0.33388472437627376
2584.5151939383773,1,0.03731116995733208
2584.5643446887807,1,0.38147894023735124
2584.8804124759436,1,1.5335924105622105
2585.128548584391,1,3.6221626135214375
2585.208014151944,0,1.915981065969744
2585.33442355243,0,0.24454921143657402
2585.404019955527,1,1.0394589306058228
2585.553774412955,0,1.989500028295
2585.6100212926444,1,0.6344439443741463
2585.7319451754793,1,0.5051553828263688
2586.092018112675,1,0.47400495353173466
2586.549093579087,0,0.4383214829202381
2586.576752054283,0,0.014449718548413622
2586.6898716924507,1,0.7212488100406542
2586.7141823078746,0,0.3153965069189246
2587.054734081138,0,1.1622812375900184
2587.1368399860785,0,1.7258631386656877
2587.229563597885,0,2.2622677947112604
2587.3964735890254,1,0.7752585189090377
2587.612951615762,1,0.8618270608661784
2587.757840902138,0,0.5079488468795089
2587.982245571541,0,1.5508771224690339
2588.093586531195,1,0.5510233761256766
2588.271406265243,0,0.46714353252683744
2588.362198078223,0,0.11906099193655585
2588.506111505991,0,1.9326883924057634
2588.6151552927345,0,1.2329552589083366
2588.675137534578,0,0.8051418968993543
2588.948062464707,0,1.570563191421138
2589.315753068559,0,4.0146127136405045
2589.571063513293,1,0.044684341695182386
2589.6893149459243,1,0.44146085166973204
2589.724593211806,1,0.08805184052309363
2589.9192159120294,0,0.36176671065163457
2589.9440422787734,0,1.0107085647054603
2590.294519987158,0,3.5213278498855423
2590.395794944397,0,0.7310504582003805
2590.5447502380166,1,1.6830887282562714
2590.630537954739,0,0.8889694398447395
2590.6830266388356,0,0.12781058725563474
2591.0534019232123,0,0.1322903267144694
2591.0756987361547,1,1.7064437372660588
2591.162083369597,0,2.4789917235778436
2591.178152025509,0,2.2688959888214106
2591.238751271963,1,1.4060047887863332
2591.2896585484827,1,0.5595039990728197
2591.338664252516,1,1.0765659154151532
2591.394040185792,0,1.8673976023125711
2591.6539660464537,1,0.7811676330972221
2591.6852588287948,0,0.11055591036651022
2591.69052577963,0,0.15649185806158403
2591.717687246135,1,0.7981441187327549
2591.8738725247213,1,1.0555330942100858
2592.204377080296,0,0.4523647766542647
2592.218039747543,0,0.7681002943374431
2592.515617347276,0,0.3813966543583743
2592.5567077250917,1,2.4879976425842787
2592.6281396432682,0,0.09806554465081559
2592.730162161696,0,0.10927154200279303
2592.7686711962688,1,1.9427575306974023
2592.786916710256,1,1.8474814555658634
2592.817975287185,1,0.549069501027637
2592.981981409842,0,3.828406112180633
2593.0057467484867,1,0.5304417779369496
2593.046273670932,0,0.11639834868739288
2593.110023696859,0,0.1926810781054782
2593.3767565209573,0,1.9561045636064696
2593.620125602772,1,2.780349314069893
2593.8460600101553,1,1.2569322295205254
2593.8935071110086,1,1.6043374602770732
2594.0695831092703,0,1.7481897586867212
2594.1969594743564,0,0.42425990265866836
2594.5385861530417,1,1.5724034592816885
2594.6766838793046,0,1.0860982956008562
2594.7835403826653,1,1.2346252626086505
2595.028506888143,0,1.437712894911859
2595.0912860273847,1,0.15633048964164042
2595.1483188824072,1,0.39648365755615494
2595.253725446806,0,1.7457366514956727
2595.2897384696644,0,0.5530515146551898
2595.472180305112,0,1.2832584490387897
2595.588356906778,1,0.4091020697796526
2596.1147042415773,0,0.44600302194182034
2596.1189383513483,0,0.36721215175064875
2596.328475511954,1,1.6408704825456484
2596.7429238853665,0,0.21781723903056568
2596.809756465287,0,0.29154011139356595
2596.9331956041055,0,0.14348386865897014
2597.3509334469863,0,2.0939854950204917
2597.743252247596,0,2.9653155978138854
2598.0048404860895,0,0.3816947071381639
2598.8846912212107,0,0.019558296866826284
2598.898844846292,1,0.6840625050541072
2598.939259091224,1,2.3208569324430366
2598.995304109513,1,0.17931436006423468
2599.131512137374,0,0.053048205442001305
2599.3314715972097,0,3.4963237262689555
2599.3568552095517,0,0.3416943403565638
2599.367389121225,0,0.24363993089626007
2599.6372535489986,1,0.39539511806747785
2599.6430110832116,1,2.1504708817059224
2599.7622558911116,0,0.8069508980533141
2599.7623185059488,0,0.08319013544574749
2599.8102441670435,1,0.4516559911258229
2599.8645449875035,0,0.9397843846046496
2600.021152101653,1,0.7000394972546904
2600.243192565023,1,0.5695720671224204
2600.3251578079603,0,0.21615705272753372
2600.514210525454,1,0.1032681388596029
2600.62631249079,1,1.586333114356642
2600.6777506628055,1,1.2706358176567205
2600.8570508926564,0,0.293585517916037
2600.9539921840583,1,0.054007502949180934
2600.9993896464216,0,1.900835597447562
2601.0583267155516,0,0.41356951297906164
2601.1195340695194,1,0.28225739151182605
2601.277777977608,0,0.4999103585866391
2601.3107337831193,0,1.5862426336702367
2601.570205176723,0,1.6684256491104663
2602.3031558046737,0,0.4644310239736127
2602.5423337483558,1,0.2685877825591024
2602.6989585572783,1,0.8272618480351631
2602.7971472490817,1,0.4973741415479078
2603.1146591378756,0,1.2434942215153117
2603.525351068584,1,0.11099515710327323
2603.6047087531583,0,0.2658887560303761
2603.611531729216,0,0.8042523972760625
2603.673160961134,1,0.8178245399515102
2603.7762776378027,1,2.7604486207532273
2604.0324010063173,1,0.5238979201296758
2604.9998258444834,0,0.09159763227834937
2605.024308783587,0,1.6504310031383025
2605.4687890863743,0,0.984067874910176
2605.65330155359,0,0.9087736516936269
2605.7625520902598,0,3.7417327322621343
2606.0331050964805,0,0.1084132265744624
2606.109417624233,1,1.1427920221293355
2606.392690393997,1,0.5718156237177265
2606.8237149451247,0,1.6802032455494325
2606.896495867926,0,1.6740912307197524
2606.910314843513,1,5.132326699018923
2607.1923055643833,1,0.41922804910657435
2607.611858282672,0,0.0892696607858611
2607.675515373746,0,2.3260224195046266
2608.1859110197356,1,1.6845401762327905
2608.2094284253326,1,0.16979268947179268
2608.25442709228,0,0.3939482958277961
2608.273737071095,1,0.4883377962411461
2608.374280372566,0,1.6251404772923754
2608.9549980939355,1,0.3085408796731263
2608.984643046614,0,0.38409484174504566
2609.08153637662,0,0.9847616875196212
2609.23611349335,1,0.6215233653619268
2609.3141254949037,0,0.7061897324140991
2609.3375457235684,1,1.6079300404389723
2609.4632212722263,1,0.14448938048464396
2609.5528717877205,0,0.46199626777886926
2609.70264540993,1,2.8194982575829677
2609.8333051210234,0,0.3105860402381129
2609.8555152859803,0,0.3460693922367044
2609.8772452441176,0,0.0025348346566089397
2609.8889792673604,1,0.9514184804203414
2609.9018891361347,1,2.9452932260931846
2609.9487433135496,0,2.549836174226335
2610.0918509562584,0,0.17239243375407148
2610.5728294509613,1,0.9031571988743872
2610.6507040866045,0,3.655322719177912
2610.6534501027804,0,1.8673987879284868
2610.701513173981,0,0.23211490611393618
2611.1654036866703,1,0.5908219073155616
2611.2312847827266,0,1.3487454313563578
2611.369345579409,1,0.6905603594761487
2611.3757670686114,0,0.07210435437117255
2611.566241821667,1,0.3339540440706269
2611.6895120411423,1,0.8913335195731374
2611.8513228501847,1,0.9907719506983841
2612.167937327833,0,1.7819823196064153
2612.6376610359066,0,2.9936471348600824
2612.8339336528884,1,3.1402119075777852
2613.3543433191116,0,0.14110690290105493
2613.451518774492,0,0.09528986861946787
2613.523876347633,0,0.6593066011257475
2613.640498583097,0,0.49097437751224077
2613.6429663297417,1,0.9497306597306019
2613.908020459162,0,0.9851531068862744
2613.9302380179347,0,0.007109393910876714
2614.1317109071033,0,0.4446932294075284
2614.704533674787,0,0.7003766227091802
2614.7924542888004,1,0.49568328322969496
2614.963585967719,0,0.24387858842417753
2615.2401388243875,0,0.1708270636805505
2615.4301869446945,1,3.4216642559407475
2615.577535259516,0,0.8784961497075202
2615.7014573228607,0,0.5778973953445877
2615.743246232827,0,0.7785616503208583
2615.971988714562,1,0.4150006557499364
2615.9817879212096,0,2.062491458492593
2615.9958739610865,0,0.6309967175691985
2616.032389621997,1,1.8957104345866793
2616.8925627127855,0,1.2097990619407681
2617.875054856156,0,0.1079126077734238
2617.963940298717,0,0.7892365908821917
2618.1664505132826,0,2.2164892601679798
2618.1715636062504,0,0.40143606294927453
2618.5847727709743,1,0.7361083883242856
2618.8476449378686,0,1.2564395362280891
2618.912068271494,1,0.9813668302259014
2619.0539452211783,0,1.1150560531442355
2619.357731006553,0,0.44271752414821347
2619.6000444222336,1,0.9216814360029691
2619.677457633597,1,1.1431233266458094
2619.692558051723,1,3.7546625712105404
2619.8575236592455,0,0.3255703195368037
2619.868538282113,0,0.06498459643118769
2620.066965710291,0,0.7259098039442438
2620.0924250313856,0,2.4357906954308066
2620.135073479013,0,0.9444614724495078
2620.1591757027973,0,0.6707447089936022
2620.3281543626235,1,0.6326304936159309
2620.554247518958,0,0.37180648731666655
2620.622218771436,1,0.9228558730147576
2620.6337020488795,1,0.19573593903216932
2620.665695980613,0,0.34132247555152007
2620.762190251795,1,0.6708017387397793
2620.9688637501176,0,0.3155094774428027
2620.9968713596922,1,0.5282998686481497
2621.189948383436,0,0.8990488352392222
2621.9351677331238,0,1.3452123013766666
2621.9974278628683,0,1.6415822484340943
2622.1125383524036,0,2.3185737997454603
2622.307695428438,1,0.6776865546797928
2622.358856027252,1,0.961041348891115
2622.363074820313,0,2.5913759626756905
2622.800894951526,1,0.6926347466539354
2622.8037503467613,1,0.14361004466618676
2622.8867047658364,1,1.4019106914396071
2623.171831060311,1,0.8169758083871104
2623.193177144124,0,0.6235158547282891
2623.3743380596998,1,0.6546283035773679
2623.388128384385,1,0.3106426619739378
2623.4727478611526,0,4.508115498747887
2623.62744258681,1,0.6898178326475681
2623.9192884058266,1,0.030452328191168505
2623.974214821213,1,1.7926904521871159
2624.181974385186,0,2.78504139092819
2624.3688693617,0,0.9464058945190009
2624.4500911862688,0,0.5550332614510324
2624.5038898401826,0,0.7112883115391173
2624.509534617986,1,2.7121589413084655
2624.526382898142,1,0.7215515295675802
2624.5521116730993,0,1.7155990846524065
2624.7676644974317,0,3.6725894402752344
2624.828660821938,1,1.0274457583479035
2624.8710899562734,0,4.363638329379629
2624.9604835237496,0,3.3748880051222194
2625.097884860617,1,0.9273353195491676
2625.1075892871527,0,0.8869682522852648
2625.366906264498,0,0.2758833564189286
2625.468551513554,1,0.07980391658125896
2625.662831975998,1,0.20397963354370474
2625.9451388727052,0,2.4248365113453256
2625.9672895258514,1,0.7180038216610883
2625.9828287921196,1,0.6808732740049422
2626.0024709162335,0,1.9956983774573152
2626.0404847619957,1,0.07388928454575018
2626.177505551203,1,1.0237134227385227
2626.3495250023466,1,0.9701314509257971
2626.602534113967,0,0.1535990644076828
2627.3159268072786,1,1.0331804880171624
2627.402911264636,0,1.2153563243271437
2627.477393882042,0,0.29821031924303204
2627.482127250019,0,1.9301533639153423
2627.5013150580935,1,4.042860558368181
2627.610465254534,1,0.4058846877529942
2627.644975184441,1,0.964272842747332
2627.6864315940247,1,0.10285876989616613
2627.686724208613,0,0.6289914310044192
2627.726064661841,0,3.007024173350192
2628.0539571917107,0,0.050498983663519646
2628.1801894827577,0,0.20819849621818984
2628.212081963108,0,0.7827508381681532
2628.346535282819,1,0.0008774368027941984
2628.350285076271,1,0.3594354503840951
2628.3992153659337,0,0.17841459120426062
2628.6302999884842,1,2.2748521880560792
2628.6555025792577,0,0.09879253202356007
2629.136423344224,0,0.11162412246952517
2629.157779148961,0,0.10736384992919079
2629.267160371628,0,1.165829775902429
2629.333186591034,1,1.5659653164896226
2629.3739600777253,0,0.2494160051591712
2629.4967769636946,1,0.2365402518359328
2629.864478376711,0,0.6898292822245361
2630.0279684513766,1,0.555486062090863
2630.6116236701146,0,2.43078472915743
2630.6641147707755,1,0.49284358232644304
2630.684219844243,0,0.31312970806303525
2630.854215472873,1,0.763621052246974
2631.0687855911524,1,2.4280974061458425
2631.1045466302608,1,1.9772121807256036
2631.1699924452673,0,2.3599675915528024
2631.5805171041347,1,0.15314586027802315
2632.168649248512,1,1.081128603188654
2632.7357431099504,1,1.1866928221527704
2632.777256525556,0,0.37439881346993586
2633.361156855489,0,0.40718212908273466
2634.2449667927103,1,2.1502440581208604
2634.330213932223,1,0.24057622983699783
2634.7361755716815,1,1.0306224741625314
2634.805022843723,1,0.0654699749537022
2634.8173093072382,0,0.8367031416188186
2634.9516165499244,1,1.312200427909157
2634.9736991873456,1,1.7274877245730613
2635.036403542863,1,1.7390992618322418
2635.1940063351017,1,0.14378956471710835
2635.2717366954394,0,2.2291144267441316
2635.28427314349,1,1.5288666526436168
2635.643050090305,1,1.0747796978327395
2635.7423432793425,1,0.2812704990103012
2636.0747171458106,0,3.5769622614225853
2636.159831624543,0,1.2745737099104997
2636.203899887544,0,0.5778815055547603
2636.453897659613,1,0.34390687980706874
2636.722935485094,0,0.730138412789061
2636.9539631003054,0,0.6504288295468443
2637.1089979422954,0,0.5034124700452582
2637.1268592213296,1,1.8162718820811043
2637.1893362882706,1,0.8318651738556994
2637.2602494701837,1,3.2643355210245186
2637.357548853134,1,0.22195993259997962
2637.6072607865094,0,0.49052535124225505
2637.7241776943933,0,3.1238605628944955
2637.8738503618674,1,2.1126969493758634
2638.0735884315186,1,1.6542543367211497
2638.177476074195,0,0.5241130113073854
2638.725134611761,1,1.9598991020465824
2638.7585340082583,1,1.3742153577301963
2638.7777398379844,0,1.1688164128354084
2638.802545872969,0,0.42538119408298714
2638.831317557416,0,0.9887489119420664
2638.890060406899,0,0.310348361542444
2639.2765561306737,0,2.467207810548132
2639.2918915800406,1,0.15722121523280339
2639.5334666234794,0,0.9142286757523579
2639.6112138868193,0,0.027550557155836354
2639.7119165251906,0,0.5046230541633441
2639.760088851895,0,5.3315570177434655
2639.9221008506097,1,0.12214456748484455
2639.963683469294,0,0.7813825173876268
2640.178839087852,1,2.063590176715839
2640.226791420098,0,1.9349932657565474
2640.3699652076803,0,1.144982251847738
2640.563642425445,0,0.46410253194360945
2640.729149383538,1,0.7976567617568013
2640.895194279738,1,0.5414133405572155
2640.9998912568985,1,0.04188826119789282
2641.0777723731635,1,0.1513340909050177
2641.2397675818283,0,0.013498621761498622
2641.3754969067286,1,0.6813059799327084
2641.4022084897288,0,0.8112240930288127
2641.5438973657942,0,0.590315255124816
2641.6840291820527,1,0.46810623433368476
2641.972280332205,1,0.6860736709735237
2642.0681691222053,0,0.10189724274200097
2642.5425369449354,0,0.7509384128593987
2642.724440824373,0,1.6386051181782402
2643.1433804154285,1,3.3385450829160064
2643.4052774393426,1,0.17254450116113076
2643.5847676604776,1,1.1075426804573978
2643.8366066064636,1,0.13353974920816972
2643.944007688057,1,0.05005110139879614
2644.0410637841424,1,0.5606621988918549
2644.442441523518,0,0.6955906218698895
2644.4768985119454,0,0.8512492512718675
2644.573438519141,1,0.7154130424192437
2645.0739538690473,0,1.4881999999793791
2645.3821061605745,0,2.2420029870967824
2645.5555964187665,0,0.06790165159596512
2645.9801586445874,0,0.043850908841755
2646.5795405436384,0,0.20978386746752406
2646.6731454271644,1,2.044224260550704
2646.8075100685624,0,1.2279846364279778
2647.193331753669,0,1.0808943196164644
2647.2680984363756,0,1.520640280669918
2647.3340496304163,0,2.4633699977148846
2647.4942448514935,1,0.017990103660399864
2647.8479886718596,0,1.6134761744318598
2648.22348306739,1,3.0224606859585266
2648.5556464615124,0,0.039526407824174235
2648.645052810682,0,0.12385904825624132
2648.767011460952,1,0.4365923475940753
2649.0297413426892,1,0.20964746824645802
2649.1207710503318,1,0.39475983332665887
2649.345374880214,1,4.721208794756045
2649.5915295974005,0,0.42726233820904386
2649.88108295471,0,1.1350441270957035
2649.9860642067924,0,1.1552391383443699
2650.035726368474,0,1.845426791961295
2650.079370802125,1,0.23461245627059846
2650.4263684456596,0,3.1511329395424714
2650.587199066288,0,1.811992676886139
2650.736495589938,0,4.304756446244472
2650.9200549698935,0,0.2562728272009426
2651.220028351207,0,0.22264479837710888
2651.2280313660885,0,0.1786311802596718
2651.278371344017,1,2.7597356791564995
2651.386030987333,0,1.0953078833198857
2651.3889948850624,0,0.39553087963401956
2651.535292717418,0,3.68431561023509
2651.545959082233,0,0.23892386121350878
2651.84309415248,0,3.22086600856492
2651.914079120532,1,0.13584663982746867
2651.9270045247836,0,1.071843715940945
2652.1267260039776,1,0.3434061292061805
2652.7848539921533,0,0.3709997910770544
2653.002738359335,0,0.7940056089459788
2653.174116947846,1,0.2237588497252743
2653.1786253064806,0,0.08172437893659741
2653.1884579498387,1,1.7942719073399982
2653.3683257023645,0,0.5298937655844859
2653.40835438913,0,0.42760345816450224
2653.7948616042827,1,0.6740212879105659
2653.8465254367734,1,1.2109909077045977
2654.112259607228,0,0.3902043123618804
2654.25070356517,0,2.661366857032174
2654.3036763029477,1,0.3874036034831036
2654.398205760476,0,0.45860709597327737
2654.437765542263,0,0.3207932012140715
2654.4749098653756,0,0.36516922096023624
2654.839720620648,1,0.221764352909589
2655.577214593775,1,0.7388615341819317
2656.038904523384,0,0.4662496080650199
2656.30499493317,0,0.5075516266096326
2656.5297519815526,1,0.8873447745727324
2656.79252382153,0,0.15507234001027442
2657.2519265774085,1,0.6834615046982286
2657.4452651306788,1,1.5343828391912893
2657.4493919912893,0,0.023510453336685607
2657.6164531593276,0,1.8089489262314125
2657.709764783892,1,1.136151089643775
2657.760322364511,0,1.1466648402488007
2657.7754173767535,0,0.515459524127972
2658.478201335719,1,0.24796839500734447
2658.7535456021747,0,0.09352755146970451
2659.191859341944,1,0.008177247345866355
2659.9540171553977,1,0.25795983110036186
2660.28857936038,0,0.0717058780815281
2660.5061378786195,0,0.3197035922157366
2660.8334548696535,0,0.3934495703553829
2660.870174278801,0,0.08647858957347157
2661.2996474541965,1,0.4895858593157296
2662.4813502030406,1,0.07137971520803355
2662.6373600815896,0,0.2038437185060232
2662.64135182825,1,0.9524357628646223
2662.920115570299,0,1.2018236041036763
2663.0051810162736,1,0.25549061178638577
2663.344865866158,0,0.5791805510556916
2663.371903129502,1,1.3490423879160227
2663.3938678474906,0,0.5223649680724596
2663.483342119218,0,0.007600665334529165
2663.8554154925687,0,1.1131710253293432
2664.371711284475,1,0.8568578537894143
2664.7370532092054,1,1.5646621499291118
2664.879755755224,1,0.4392171150326254
2664.973229462822,0,0.6671761992846647
2665.4977145332614,0,2.4717832066650702
2666.1289748766903,1,0.46531806728731495
2666.5993541137677,1,0.6819605210041337
2667.272189698666,1,0.6758520758319551
2667.5910175029144,0,0.39385016534259787
2668.0013173217862,0,0.4520656825771815
2668.1479622985594,1,0.27501222284460003
2668.173042393696,0,0.278032445142763
2668.3792307971357,0,0.8501334811115181
2668.4236166278656,0,0.3491369406502831
2668.6157626078207,1,1.2491408548621639
2668.8598675792396,1,0.4498331392819734
2669.021394361127,1,0.5403171800109944
2669.3909513088365,1,3.0147645790174415
2669.653576430606,0,0.7529325859809062
2669.789219461433,0,0.7457965361972272
2669.878048574712,1,3.239590197338511
2669.933650570932,1,1.844274824571275
2669.9877871766444,0,2.5737084132128407
2670.0318620153894,1,1.1604640966019808
2670.134063423033,1,0.448127658622735
2670.1377495870433,0,0.3401950369980815
2670.1965906745395,0,1.1345257823785535
2670.3495306255777,0,0.4057744851081417
2670.6838628513688,1,0.6376648534745101
2670.827377764333,0,0.6218904188999018
2670.8676597595477,0,1.0581470554329109
2670.9031909011605,0,0.3987921833130982
2670.9171054307694,1,0.5389672973229404
2671.2014077216504,0,0.16600419568477454
2671.3102752215464,0,1.1342024562119695
2671.321232562901,1,0.9482518365225852
2671.345614533181,1,1.801282047242633
2671.4086015757866,1,0.32512434369176624
2671.4390663756553,0,0.3123413934757215
2671.447690188964,1,1.914411336827934
2671.4884790504757,0,0.2852275870446923
2671.5312141965233,1,1.6947460807878685
2671.571860641127,1,0.5510336744913088
2671.618439865708,0,0.1918019560075675
2671.6786176411756,1,0.45551881025956725
2671.682862781409,0,0.03187182949319294
2671.7025473276753,0,0.0896509290124325
2671.8381010148914,1,1.4539806919789822
2671.9357270196538,1,0.1633886016676967
2672.2042985391477,1,0.5401520061132495
2672.256873897648,0,1.200058842174745
2672.2851884802553,0,0.6613997715973592
2672.387388991735,1,1.4117587494001524
2672.6809482442904,0,0.9058621709074434
2673.030271563528,0,1.0525573617808213
2673.1852664913126,1,0.4323033732483764
2673.18612558669,0,0.06616950518074546
2673.262810013136,1,0.12235976162719954
2673.2994268854827,1,0.875442325725801
2673.3810812515376,1,1.5288753130212094
2673.439669846135,0,0.2988775207353245
2673.496766492845,1,0.48022515515069997
2673.5547894355655,1,0.8339862502054317
2673.604490958045,1,0.15420169252744362
2673.6271557111463,0,0.42848426367154935
2673.9669422573816,0,1.701783108452049
2674.142344925537,0,0.47782404803896955
2674.310659550998,0,1.0658192643792135
2674.3258294840193,1,0.8600154677492736
2674.4918998903036,0,1.1932600538802312
2674.9263955498327,0,2.4796611243399314
2675.0121315656324,1,0.03698941708613515
2675.0480956177034,0,0.2820266331929528
2675.093202173943,0,0.7847275464238169
2675.164954616544,0,0.10585587423972131
2675.4796420750963,1,0.616114670674469
2675.488290149615,0,0.018491293108002144
2675.499020534543,0,0.2987510721837978
2675.6861389887554,1,0.05112391359476659
2675.708168938638,0,2.2119493294895505
2675.884585183552,1,3.1592273124680545
2676.048578983062,0,1.127640016519777
2676.175987298577,0,0.8928005115918262
2676.236053785814,0,0.6711263748959206
2676.322845632738,0,0.007973427716658122
2676.387732146991,0,0.46972808017390943
2676.526651026647,1,0.5100065971845378
2676.5920124206964,0,0.431620730707403
2676.6290591801203,0,0.41310396209970873
2676.681449758227,1,1.5877837959851842
2676.883694244549,0,1.6038824478959643
2677.323559858383,1,0.4008000758090896
2677.503324090804,0,0.8099052184025767
2677.5076926947377,0,1.2339635041087633
2677.682479389408,0,0.601259462130177
2677.9299292566125,1,1.4812188037426877
2678.159230570518,0,0.3712206336667413
2678.329670781362,0,1.0149178214329402
2678.5435227781454,1,2.273809965462815
2678.7235676015985,0,0.7844447033041946
2678.7494514580026,1,0.47514564451088326
2679.1076829564718,1,0.5382728636936974
2679.119982291821,1,1.2268850375553513
2679.3786359904357,0,0.048956036600693316
2679.5169001772006,1,0.05856277448981943
2680.291956382722,1,0.5543261055882643
2680.3037581499325,1,1.62349329573269
2680.4228047548463,1,0.07877202241126477
2680.4275094975233,1,0.6898371133476638
2680.503301674254,0,0.36866599848717707
2680.818334367055,0,1.4692203312531669
2680.947535441796,0,0.1526058842288499
2681.027808593165,0,0.9878636760239169
2681.2230406089243,0,0.14415584679251753
2681.3294055735223,1,0.9817427265410349
2681.3763893336354,0,1.0811795175650143
2681.4954439158664,1,1.0414209567144455
2681.573099693,0,0.363700742540725
2681.8883266546,0,0.10600065011090283
2682.2529886882444,0,0.5706020030676676
2682.3167701232996,0,0.3744301539160356
2682.411234818495,0,0.7942987939532985
2682.4898091059863,1,0.6092558774247575
2682.5088077247424,1,0.1685199806534473
2682.8511830014754,0,0.30921771082618815
2682.875385136493,0,0.514713318514123
2683.0240143379356,0,1.0375135242098323
2683.4411721426623,1,1.9842277275446203
2684.484091694274,0,2.316779772265243
2684.564587287415,0,1.197586152845714
2684.5966268329003,0,0.021007775036988988
2684.913512696675,0,1.5363212140983082
2685.005509847713,0,0.4110199553297915
2685.6866410950515,0,0.8519745205832698
2685.7151920569436,0,0.26365604464980275
2685.7431006419233,1,1.167525090271337
2685.772938329286,1,0.4013387830702777
2685.914249801894,1,0.3335569048428594
2685.9313682269694,1,0.15819902999835544
2686.0746372605863,0,3.1896052550359317
2686.20310033149,1,0.2893806910526901
2686.3204193683405,0,1.4766245476296587
2686.486534360208,1,0.8157979016150495
2686.5657945587513,0,1.2005312518327165
2686.619399098774,0,0.38567827205484273
2686.67155642157,1,2.720014289167666
2686.671909394442,1,0.006513865225764217
2687.272074329954,0,0.0599317565793852
2687.300521298016,0,0.9568069997296585
2687.614461949443,1,0.4700166507049243
2687.7359703457346,1,0.05292942689393112
2688.000099579792,1,1.5023070557685574
2688.0072031570103,0,0.5666454447263487
2688.167787788283,1,0.6109183759969141
2688.21464140849,0,0.45287493499185333
2688.4615850736877,0,0.1244554935651159
2688.5719304888185,0,1.2627977605692922
2688.7587511285974,0,1.8188505565606472
2688.9270385588634,0,2.3797460053950035
2688.937935175622,0,0.8351571886199157
2689.150940029539,1,0.7135134277558669
2689.186502331663,0,1.1901671368795619
2689.199115997867,1,0.6027222014006668
2689.6486019254858,0,1.240544822333323
2689.805494877735,0,0.7507458467037021
2689.8432337496047,1,0.04205318042987022
2689.86979835252,1,0.8105299861038305
2690.113064642051,0,0.12980281264606489
2690.2434136668626,0,0.02454770669092718
2690.4306480961864,1,0.7241588798676387
2690.76066288905,0,5.337494944757569
2691.5684374192356,1,1.8776527105223824
2692.096589833858,0,0.7460846380682163
2692.1666481576485,1,0.025671773110193207
2692.4600840634544,1,0.8720733378622142
2692.7048882822764,0,0.9359191902224724
2693.1653386974117,1,0.4540699271907849
2693.452862556723,1,1.1319507624887275
2693.7972806256153,0,0.4746818565454302
2693.8358873651164,0,3.0863997542930552
2693.997842637983,0,0.4844311411828529
2694.0261804211805,0,1.4476284950533187
2694.171550935907,0,1.0038030312391386
2694.3911695534807,1,0.020212446858945462
2695.079749980417,1,1.6748706701594
2695.090054078967,1,0.16148174205372784
2695.1745594954264,0,1.432710349678025
2695.3923623716455,0,0.5835713182164513
2695.5842475948584,0,0.3141337177421213
2696.014709578392,1,0.9951935363911505
2696.2035590740056,0,0.8035477233931431
2696.491782048225,0,0.012280430849232605
2696.703069566974,0,0.8503715281662401
2697.37892707134,0,1.9459576291140555
2697.5942079327347,0,0.15835576931956766
2697.7182467111516,1,0.6303461156762954
2697.738033002547,1,0.20873221466831654
2698.061501606799,1,0.7904427715633218
2698.1561523584774,0,0.024541913031665957
2698.2539146826953,1,0.9131957927697847
2698.2549248203695,0,0.6748038864735895
2698.2622295695096,1,0.6279543267868617
2698.2911406239928,0,0.667181003286007
2698.807401677252,1,0.15870511317525715
2698.902780469081,0,0.7651520828843855
2699.187169946729,0,1.571308346994405
2699.5170052932112,0,0.2073390764913115
2699.6666997705697,0,1.0753952580069208
2699.8768528710557,0,0.15225400106386203
2700.0794262212366,0,0.6187908428076062
2700.4313579478876,1,1.65956889439811
2700.463366046842,0,0.9486223483917929
2700.4743265174925,0,0.6817991067904569
2700.5066318966506,0,1.936431020724122
2700.6039671763265,1,0.6873993227840244
2700.6765956306367,1,1.606767899084322
2700.88635894663,0,0.5353426634519357
2700.8931729828987,1,0.04973615493851214
2700.961837648878,1,0.3209641913151928
2701.0222912896497,0,1.0477612063961717
2701.1404300853583,1,1.568138527532642
2701.983442743639,0,0.11844144535457127
2702.7287063233757,0,0.263150809338918
2702.914556180949,0,3.607198390174602
2703.0142261984065,0,0.4860685529855944
2703.364534548987,0,0.26322493613767095
2703.386836142071,1,0.12001766318478187
2703.7587390831623,0,0.7351142499534288
2704.24340367298,0,1.3606679615136146
2704.3393898204276,1,0.5987877007912374
2704.657051270231,1,1.562253169786153
2704.681173886965,1,1.1013143916628334
2704.871242175145,0,0.4479474720611382
2704.9907035517185,1,0.9559922788295293
2705.0889721654526,1,1.6133747700560288
2705.1415928960387,1,0.1951601433095045
2705.281121577998,1,0.07303352122536633
2705.286102822424,0,0.3460927064092103
2705.3682823624526,1,1.931646144825743
2705.4309677500582,0,0.920036621559311
2705.504847954498,0,0.6953524704869882
2705.5236492794506,0,0.015652754698499995
2705.7877183032165,0,0.5563494161335096
2705.897587457699,0,1.1090168920644379
2705.9747051465633,0,0.8685009605703083
2706.0278378181506,0,2.633916942379227
2706.183352992727,0,1.272068152422716
2706.6495839341264,1,0.2470783281423507
2706.8605895189708,1,0.7755486640988349
2706.9731463911407,0,1.7093529719754346
2707.253112309861,0,0.04939887760080286
2707.3827301525666,1,1.0097084643293697
2707.444569601244,1,4.713105624372658
2707.465183093304,0,1.0835074726980019
2707.657075069708,1,1.5458174161502671
2707.9583211695385,1,0.6182144887075731
2707.99176317951,1,0.1806913393922975
2708.1584572305746,0,0.02640544460369834
2708.229354359208,1,1.002635992055209
2708.28848586458,0,0.2771341769672098
2709.481251532014,1,1.1795134797414053
2709.482167079093,0,0.008461044334118418
2709.667282608114,1,0.6275383942814887
2709.704403949142,1,0.103306258347038
2709.8219519164154,1,0.03511746150729142
2710.1929530301068,1,0.5392878384144995
2710.2456679285806,0,0.782956147725583
2710.7818743008884,0,0.3847935593983741
2711.1944227373774,0,0.9569663875635294
2711.291474063219,0,0.7555313510190185
2712.0669042903837,1,0.6226152101880921
2712.6473524309613,1,0.19463962844169636
2712.665469201309,1,1.1271970372781914
2712.7970697895694,1,0.48872388115628385
2712.9009165499974,0,0.4877661634877187
2712.912404369456,0,0.7648961166351669
2713.2252842155654,0,0.3316667372437711
2713.5623526645545,0,1.8348457480983833
2713.62316312193,0,2.406825975348243
2713.7657448614164,1,0.41567294567295443
2714.0581476746124,0,0.9205672457290693
2714.113258358538,1,0.07049457212633492
2714.5490336772637,0,4.758127033026417
2715.240804362619,1,0.40999139524073736
2715.334600862043,0,0.33744762132291445
2715.603639370583,1,0.9968468327028466
2715.779773785004,1,1.667801983311791
2715.91398129556,1,2.3817459996838615
2716.045790147844,1,2.1510550202072145
2716.058079027577,1,0.895466365379032
2716.0700900004313,0,1.3595938454621117
2716.0929209046653,0,2.021021307418501
2716.9572290201854,0,0.2782344520329937
2717.4097402899633,1,1.7344832795292666
2717.425757445532,0,0.9894736228376934
2717.457752831584,0,0.3570754771131092
2717.642106358775,1,2.852267057675064
2717.6719532015586,1,0.9610021947540045
2718.029487891817,1,0.058411109705083196
2718.1378569903836,0,1.5380790220815088
2718.5390698326255,0,0.04234247562923794
2718.6306530743946,0,1.4805747668071478
2718.9297102704036,1,1.214768727783563
2719.008958249944,0,1.4307996982441322
2719.3437945057294,0,3.0125952884107456
2719.463476609785,0,1.013380695085979
2719.726488310027,1,0.2161148375174766
2720.012122921527,0,1.7375673729689
2720.2349477970492,0,1.0171707864562913
2720.2958592835016,0,0.28248937888870373
2720.3663403168525,1,3.7712171124439586
2720.577501165967,1,0.028510221571677714
2720.6137700285644,1,0.31606697359784985
2721.1244197986307,0,0.29660747311353347
2721.3079229853474,1,0.43227111087027087
2721.7319151198217,1,2.760795691386175
2721.7428580115607,0,0.6246421518129084
2722.0795128855425,0,0.28226947186252843
2722.230089972179,0,0.5405352435463199
2722.4797608152476,0,0.41426364781341063
2722.690908537182,0,0.6759174319423158
2723.221535708031,1,0.12507137078788022
2723.689954839571,0,2.193079502969208
2723.755716098588,0,0.21160098201206898
2724.340437268304,1,0.6319363308261754
2724.4159975030143,0,1.3885572743261168
2724.7166865170016,1,0.2032155030130367
2725.097053253985,0,0.07542929864523275
2725.2567042378296,0,0.3809263042168705
2725.3383222448324,0,0.5287236339357746
2725.6245949179615,0,0.15668611640320732
2725.6893914047278,1,0.8048201819882609
2725.794128125252,1,0.4724014478642825
2725.8629060792896,1,0.6318524759530048
2725.867108206343,0,0.019868614297015523
2726.201327077655,0,0.8525732674705953
2726.278717584717,1,2.580793517117244
2726.3044254154706,0,0.6309912920547269
2726.4712904993357,0,2.095559069951355
2726.6572577852176,1,0.36637062969821543
2727.0389634802164,0,1.8556520163652381
2727.06210697776,1,0.21267768142911628
2727.1817469290236,1,2.8551763445697116
2727.258040266762,0,1.4321932920179348
2727.327088276188,0,1.3578949676971783
2727.3540705112077,1,1.0189508649484005
2727.5213121652578,1,1.8939650327655866
2727.6085878564872,1,0.3246296598473141
2728.0156355307868,0,2.3577995311190594
2728.2323891950027,1,1.4306745766701314
2728.2624466526454,1,1.2810005094038621
2728.478032288113,1,0.4477998500128491
2728.6348710132675,1,1.6783088781252091
2728.694328347375,1,0.38605808820646986
2728.7401094245283,1,0.045277561481299924
2728.8181625115167,1,1.392606852139815
2728.9311797312653,1,3.673942918400066
2729.012992225007,1,1.109628141158586
2729.317784050229,1,0.5621673835364156
2729.6669537018065,1,0.06307679901052776
2729.7513222095354,1,0.007322819518957807
2729.8907931011518,1,1.5755867301189945
2730.1160585049674,0,0.5367049987257199
2730.4731803462246,0,0.2559990380803638
2730.4751452059218,0,1.5142100341515576
2730.7859165827176,1,0.912476487888176
2730.866851320426,0,1.2780982378958612
2730.874997875497,0,0.07189280615611683
2731.2476414533658,0,0.38389310454326653
2731.4216860713113,1,2.4138007120338303
2731.7279706851573,0,0.5679574488804993
2732.20126490089,1,2.8270944533206843
2732.569341480582,1,0.631868268324862
2732.613609576849,0,0.24274744112588786
2732.693991285953,0,1.183100111955531
2732.7532992956108,0,1.2085335695296093
2732.8387005530353,0,1.628695709100804
2733.31607891938,1,0.06454565442856862
2733.3534147853134,1,0.048462952901543385
2733.523435080728,1,0.5404522857124084
2733.535278097553,0,1.073683146983546
2733.6847890903578,1,2.601590470800846
2733.8259989749336,1,0.6033968216199547
2734.151316938255,0,0.5782311409646853
2734.201514155429,0,0.5012507213056214
2734.3439795163254,0,0.5268581735529028
2734.417948126073,0,0.5506604521570656
2734.526965009007,0,1.2173287302790867
2734.6979813742814,1,1.7416965126663873
2734.722197090814,0,7.684637100032979
2734.802782590553,0,0.826121761206963
2734.9278642146965,0,0.9797072342327221
2735.0500913460796,0,1.7270668826560798
2735.530089546209,1,0.6261976712184025
2735.5831498877774,0,0.39471367289488474
2735.7722635876394,0,2.1966392936754677
2736.0808761942308,0,1.0654611930708748
2736.144954945057,0,0.1115131401191752
2736.3530418044397,1,0.2852941906983299
2736.4717841149527,0,1.4546505821095748
2736.490939183306,1,0.1668470906941731
2736.5139835067516,1,0.5145648827380651
2736.551526936617,0,0.775592049560119
2736.781791635946,1,0.37418398042387485
2736.8377827666545,0,0.1282066324699621
2736.860205163774,0,0.9895584655887747
2737.019402161707,0,0.929130641137378
2737.0823875304327,1,0.7005744610013672
2737.122421596473,1,2.995759282444899
2737.384796272308,0,0.7677963676262112
2737.524039857356,1,0.8965919638628052
2737.7630379002917,1,2.0503007029670575
2737.8128213847745,0,0.41756651149560603
2738.0465881008704,0,0.6115190519142526
2738.644920747118,0,0.4766335641902413
2738.758121017894,1,0.5108316838105312
2738.7950649643835,1,1.6772246866323999
2738.9642301647773,0,1.0401090380878721
2739.1300954355993,1,1.0584289141562913
2739.4012153641884,1,0.38566154183572565
2739.520085557012,1,2.2456704134878267
2739.5337305516846,0,1.1507168556096852
2739.669573378337,1,3.3918815801060442
2739.8050114414814,1,0.46553510211323473
2740.490560597517,1,1.7198601601187669
2740.6544168116493,1,0.6265533357446381
2740.7142521961878,0,0.17940971761871957
2741.756027420876,1,0.6998893048392322
2741.82296820903,1,0.44357771376097915
2741.895314203466,0,1.2241175903899586
2742.017209194739,0,0.7386290734327635
2742.0194794259264,1,2.2910951918127194
2742.046747967369,1,0.3842001022449252
2742.0509745266713,1,0.08020850372963091
2742.0627879858066,0,0.8453605174916343
2742.188887342214,0,2.0854601918915057
2742.3877565686935,1,2.010445134347905
2742.5223127892673,1,1.217703739630966
2742.625660789425,0,0.8924823388223166
2742.666161813112,1,1.4951484236450607
2742.6800119633644,1,0.2755941859763616
2742.7035268680074,0,1.5034522182642023
2742.730828381264,1,1.9972589174175015
2742.7743071027317,1,1.7346714584831504
2742.856363298947,0,1.0879584430575413
2742.8727895719235,1,3.08591360897381
2742.9524305994455,0,1.0505301976369812
2743.035194203354,0,0.1342948158936843
2743.132513391505,1,0.5810433841535718
2743.217623707343,0,0.015626978626573487
2743.6713738716007,0,0.11190597901497895
2743.7947608391164,0,2.532827083817405
2743.913633504938,0,2.2650516105980483
2744.093681450846,0,0.4212250617168459
2744.196796893099,1,1.1791995656088683
2744.251708165432,1,0.9593809667170439
2744.2950646748627,0,0.14495549675807887
2744.379142009033,0,0.3625340348915485
2744.4834522479177,1,1.1642593033087325
2744.4863110410215,0,1.8343327285631117
2744.577286810277,0,1.3495665950790108
2744.7217433909586,0,4.636652541607878
2744.8561638269116,0,0.37952267107295673
2744.9643461509063,0,3.5809463282414877
2745.159598291574,1,0.6366676565221456
2745.6787816841456,0,2.265933985372584
2745.8095549165723,0,0.6526221474141021
2745.915050442232,0,1.6023105630587016
2746.092362659802,0,0.7974587378484114
2746.350662150848,1,0.20515757114478378
2746.5878772161936,1,0.005223058487010783
2746.8607534167754,0,0.025753937049447673
2746.8986753497493,0,0.04805381472929872
2747.472788558646,0,0.856135648169596
2747.53321555767,0,0.4113615196251594
2748.06534524367,1,0.10737240177205586
2748.1023907871954,1,0.2373960502274716
2748.3918777631598,0,1.4352576957773888
2748.4087898546086,1,0.21157402361605399
2748.5725159174235,0,0.34736448180119844
2748.5878262748206,1,0.21910741125728708
2749.3568247143476,0,0.44599064406148037
2749.51073700624,1,5.102329135126491
2749.6101661485372,1,2.4670133974596955
2749.626163345073,1,0.1907309108240424
2749.851443684608,0,0.4213341225160002
2749.8764675883276,0,0.7458094917161546
2749.909351553744,1,0.37531559630299527
2750.071670331289,0,1.3634005635931943
2750.1827021053014,1,0.15400049370371385
2750.1862417834795,1,0.8837770087375172
2750.194568464563,0,2.871931425152381
2750.2733675462664,0,0.6880427959718667
2750.4803622294035,0,0.17155469157039394
2750.6091936788334,1,1.2333424433882407
2750.670058739032,0,5.695165859627695
2751.0437559619777,0,1.063041388906727
2751.0773341450076,1,1.2536416694551504
2751.2653738776376,0,0.4048546155067563
2751.909542621972,0,0.26989162784674237
2752.0147798597445,1,0.2465249406902408
2752.0225225199038,0,0.9471440633330181
2752.210136838485,0,3.766290326228413
2752.2158484291413,0,0.39782787354459864
2752.2320216383105,0,0.830770067989102
2752.34684246038,0,0.8345206687549979
2752.4354296925294,0,0.36310311125108075
2752.567189322885,0,2.8187449988622153
2752.74015299145,1,1.0429160874830965
2752.793024597559,1,1.4980782701289723
2753.3646366920643,1,1.1731959177760256
2753.425937786627,1,1.1171889850261678
2753.4433545325614,0,0.23411020060391255
2753.849057742901,0,2.0741914262458967
2753.860243930147,1,0.5735984233610057
2753.987138916236,1,0.4701871836874854
2754.4150665706425,1,0.837532073231308
2754.4440812540315,1,1.6963205330346018
2754.4902736196723,0,0.9489680674184733
2754.61123480452,1,0.8163658606865496
2754.740303115374,0,0.6770280227954276
2755.44779667436,1,0.498405862664755
2755.607110551883,1,0.4698400538540437
2755.7649108654145,0,2.502025586451508
2755.945644263262,0,0.9647596827047601
2756.2055571117303,0,1.2873571755211783
2756.359113694573,1,1.509961404646092
2756.6940493267048,0,0.11511118735098312
2756.7252185600846,0,0.14716012786990093
2756.883183231932,0,0.9165812256980508
2756.9141393904306,0,0.0001493816308007274
2756.9607533143594,0,0.15506677986283474
2757.0539521974674,1,0.17386082332015462
2757.1576964791207,1,0.8376510393238206
2757.298992533027,0,1.0939970338997203
2757.4189471260634,1,1.0475806972558748
2757.626956478887,1,1.146146219906587
2757.687767182286,0,4.071139764808654
2757.7679641650852,0,0.8017692883904719
2757.796867233295,0,0.14351310490462713
2757.8541493852244,1,0.2665359585762697
2758.128868601118,0,0.3443487852942484
2758.4197163829162,1,0.7535054580184917
2758.7593523390783,1,1.7818752791162322
2758.9551748900412,1,0.21869660635724347
2759.1577960749964,1,1.3275431809429123
2759.3647031795367,1,1.1689255115307133
2759.495508946942,1,2.0277309496017275
2759.537231040224,0,0.08635380762728473
2759.7648451242685,0,0.9173767194811382
2759.9958079380663,0,0.3761113913628481
2760.022325253313,0,4.046751550871018
2760.07672194171,1,0.18856599079527442
2760.25965052072,0,0.5849868170601211
2760.423975322449,1,1.0262885780053186
2760.481245940766,1,0.30763821106539607
2760.534525715204,0,0.31222901175265844
2761.36767202542,1,1.4940809906673878
2761.4780478456837,1,0.7385669873368081
2761.7838529005453,0,0.6491234314981533
2762.0935821142293,0,2.44058531335395
2762.1057843608464,1,0.7480585757477385
2762.6544131893193,1,2.4014474302492106
2762.887233530066,0,0.6169061315513994
2763.020076409853,0,0.9488607984194507
2763.092518575261,1,0.5542904142381657
2763.169378131402,1,0.8871088168977682
2763.353833875848,1,0.29262820006446294
2763.5344649165677,1,0.06830586418887495
2763.6890446267876,0,0.35429870276342224
2764.1953867279603,0,0.21855125616820176
2764.59154360086,0,0.3413761052660129
2764.882227623152,0,0.7182987246341801
2765.37420328275,0,2.4273614880188927
2765.8220403204277,0,0.8103398501107547
2766.6295089718865,0,2.974532632094443
2766.7296381760416,0,2.114620851291988
2766.7592051180436,0,3.4018857379279304
2766.9274852040853,1,0.5490589834906748
2767.215139800972,0,0.5783371095111774
2767.4005512086164,1,0.3451188603172035
2767.6004683871165,0,0.0693152685506641
2767.7446604423317,1,0.10726329149991379
2767.745782787295,0,1.548936636104575
2767.910630173605,0,1.277968181057937
2768.006874725582,0,2.9327996318385834
2768.4846472331647,0,1.3974449527927864
2768.6842570117815,1,0.9910702902224018
2768.8571439354314,0,2.1097201513067985
2769.0206553373987,1,0.33260257350396255
2769.2934844377223,0,3.806938367586931
2769.3807443830174,1,0.41835830978590266
2769.3913715213102,1,2.655478027167675
2769.531622383218,0,0.2509593355472479
2769.601785924363,1,1.3260843233029438
2769.6395182098577,0,0.9826424560365019
2769.8966481007687,0,3.1923409557527394
2770.1556468002314,0,2.0236853755353286
2770.3607801551343,0,0.11119535263205908
2770.805577643302,1,2.7075109477378243
2771.2811725234583,0,0.40900312826046337
2771.358278108969,0,2.3939505227020557
2771.4306031522087,0,1.7048698522577705
2771.4375464264867,1,0.14741833194334455
2771.458740941812,1,0.9590611192479523
2771.6106747033305,0,1.085208228861473
2771.7196674441025,1,0.2276670850444114
2771.983121701787,0,3.41056744096243
2772.1019409849246,0,1.120966980490711
2772.2406725185992,1,1.312765757238223
2772.6331887613983,0,0.32833227260439374
2773.2855134806337,1,0.7822235842012679
2773.3743216269263,0,1.471644990838449
2773.8044248982824,1,1.2334027522236384
2773.8314738680942,1,1.6241366069481633
2773.8895026267683,1,0.6224634864302391
2774.1854839223347,1,0.24875115698074798
2774.3573944141685,0,0.4637379117757086
2774.6174675490847,0,1.8104391310121373
2774.837218475922,0,1.592882040286172
2774.859028247296,0,0.09779360702113295
2775.2370351083355,0,0.1122582989590702
2775.262399061383,0,1.0276743342932046
2775.7556793050608,0,0.7062653926566967
2776.2750997173503,0,2.3518061648771837
2776.3438857979468,0,0.18647534566753965
2776.3536677876,0,1.3526558355201606
2776.3723922189533,1,1.136615992973705
2776.4985773508565,1,0.3018868123806164
2776.6213399865806,0,0.10536378520869676
2776.7380296098995,1,0.2973620549673153
2776.785868230336,1,2.3505860461698482
2777.150712774717,1,2.6856635130258386
2777.2117776577647,0,1.4796809826959076
2777.325519023948,0,0.6023279054517142
2777.3857162204695,1,0.8805484602057495
2777.633248089078,0,1.448606078402119
2777.9026556115004,0,0.4662742205394635
2777.956524199751,0,1.438942728758668
2778.562903615707,0,1.4182955643347088
2778.5874220502205,0,1.4934412532345207
2778.769534762854,1,1.6368635296433802
2779.0056073126193,1,0.8061510099408554
2779.198840050215,1,1.511468835841117
2779.3082297763763,0,0.46616534680867794
2779.4202684959646,1,2.070001507704286
2779.681063852173,0,1.2113820910796582
2779.9216807373195,0,0.1641794919327025
2780.252312053382,0,0.8614276037580152
2780.5810032268955,0,1.2385298867783128
2780.596544859344,0,0.5710881337925222
2780.6047289600965,0,0.08392495729914531
2780.638076319047,0,1.167387994078605
2780.7341477771597,0,0.016909672062423175
2781.0016705505523,0,2.7986091320625746
2781.088643090012,0,0.2274620634066672
2781.241091695522,1,0.10359556532244402
2781.3240011936914,0,0.3376275392120739
2781.407862315731,0,2.336096215880048
2781.570203847392,0,5.844535912326183
2782.0357851531853,1,0.038591896427963804
2782.2830097134183,0,0.8970857256917547
2782.3535165935364,1,1.0709918647825367
2782.512465608204,1,0.7267670310901746
2782.706307499007,0,0.9933899256611325
2782.981790535973,1,0.3524787965353291
2783.322252258949,1,0.5516189040506978
2783.353148631775,1,0.961723947056727
2783.5653297078125,0,0.5547855534073869
2783.69230785772,0,0.5584246082294535
2784.228464504465,0,0.21627593717448865
2784.3885321585008,1,0.8744939288093608
2784.4904949578745,0,0.07021167746837695
2784.5013868947126,0,0.1358290460633688
2784.504365630678,0,2.024613863589859
2784.6023841118576,1,0.7032646343427118
2784.6196402425985,0,0.8996688212439352
2784.6793683300716,0,0.44748183729663016
2784.732564130454,0,2.707476216642587
2784.7655136286407,1,1.5833023346742343
2785.635974771338,1,0.3692335847198479
2786.1451167599835,0,0.9374720309275109
2786.1497733431584,1,0.5605193795175054
2786.755081851204,1,0.57168373774337
2786.798740088297,0,0.31523986082533256
2786.803632209683,1,0.8057714219596745
2787.0693041059326,0,0.1549619679592112
2787.1458442116746,1,1.8820708598476368
2787.2567616768715,0,0.30777303279550317
2787.2879422724013,1,0.7198748224398139
2788.060885909262,1,0.7098655977450539
2788.385485003695,0,0.6067345677860471
2788.407253049651,0,1.4095504505254457
2788.821332073734,0,0.8882704857348569
2788.8518527211204,1,0.3261482392172046
2788.912797122661,1,0.14788788554378268
2788.918295962782,1,1.0355746031185191
2788.9696567186056,0,0.09470018794226116
2788.9861623534835,0,0.35621349353447984
2789.8089048069005,0,0.9187033397380754
2789.9019430680737,0,2.7409307030815198
2790.0759716581597,1,1.354593678510626
2790.103959090435,0,0.4942545375341725
2790.3490301609845,0,0.2941902382150926
2790.4051609365906,1,1.2931499994766746
2790.533827313198,1,0.02694343928189053
2791.119930545581,0,0.364063577141307
2791.1257731607047,1,2.776620179391879
2791.5688461426626,1,0.517487542569743
2791.751016967529,0,0.07327300874896264
2791.8952926743723,0,0.04048338413776983
2791.9161380409614,0,0.5476782040304815
2791.9910505862717,1,0.15846391486457645
2792.1079475889087,1,0.10491921840678187
2792.700134539506,0,0.6277667622662617
2792.905641508797,0,1.8888389687263685
2793.1143141798666,1,0.7095989763830578
2793.166019896503,1,2.0790695854238517
2793.196144132292,0,1.3576752991556136
2793.379680393621,0,2.061259408551613
2793.3948480219774,1,2.8498168190212962
2793.6895162545507,0,0.031561931775986644
2793.8815067427586,1,2.068048222312656
2793.9429152478874,1,0.3585009231952528
2794.038793732151,1,0.03207678623594498
2794.868733878731,1,0.9304473129591271
2795.4510036646884,1,0.4163355406061267
2795.5501115414227,0,0.02229038207532907
2795.734136361322,0,0.9038244897378931
2795.836488534409,0,1.1517323608162426
2796.0015092757053,1,0.07186804094068636
2796.42159257577,1,0.1319587270038455
2796.6633142915553,0,1.322778770954938
2796.704140041289,0,0.6096493387621006
2797.0624233976027,0,0.06348134077771637
2797.113592717658,0,0.4445500992508194
2797.182076016944,1,2.369115684389153
2797.341931774161,0,2.554638014997823
2797.478555512126,1,1.1513920294740163
2797.5331269331564,0,0.48095823093431106
2797.545391676273,1,1.5513827776096716
2797.8674140263056,0,0.33287734357999127
2798.171147478869,1,1.0204457150605337
2798.3283651729707,1,0.7559920004184553
2798.714967939752,0,1.8628675546240259
2798.7234753172056,0,2.218343655016971
2799.0797542017767,0,1.297362947808975
2799.1754890873963,1,1.2803535186274002
2799.179333475933,1,0.4304782291040293
2799.3688087028286,0,0.6050746791132484
2799.4885455883395,1,1.1643524225319177
2799.6362961535756,1,2.2823441930379587
2799.9566452080644,1,0.6833813063341185
2800.3215675371935,1,2.594353560572369
2800.471946837097,1,0.12482647740208978
2800.5908064668774,1,0.4469195928628068
2800.6518458471096,1,0.2308159607160008
2800.720665589512,0,0.032435293401304494
2800.8901821534737,0,2.254730949614669
2801.1780936942073,0,0.4675695451565885
2801.3639456266787,0,1.851984481525256
2801.412380901592,1,0.34942719935996314
2801.4440749403775,0,4.465052024273222
2801.7535555853133,0,4.7514084743804315
2801.760522359055,0,3.1488564372723737
2801.8594138006592,0,0.47961257230296567
2802.7319202619606,1,0.15985903521758515
2802.8326531017847,1,2.109954937425116
2803.054378205164,0,0.08233060476028439
2803.1073110074603,0,2.7311334008148767
2803.1598870258517,0,0.07033796583263695
2803.6748162552535,0,0.7316510819040956
2803.813573626094,0,0.9798550763554705
2804.0066265641176,1,0.6227422406724603
2804.3621875074296,0,4.217043862228658
2804.978587194524,1,2.6339316811183453
2805.0116460497743,1,0.018415589399601452
2805.161338870448,0,1.6042534448284604
2805.207928564311,0,1.6217246250291435
2805.6391883698725,0,1.888085943150914
2806.042058960111,0,1.0670857659722277
2806.0589121580415,1,3.557744728238697
2806.14394968242,0,1.0477421366025885
2806.2277755043524,1,1.626958097053887
2806.313747121734,0,1.2140064284209122
2806.553809093629,1,0.5982411121073629
2806.648178223537,0,0.03129266904518566
2806.6925023710073,0,0.003933942959089026
2806.761787587236,0,1.0087505696720227
2807.7043534176123,1,0.1085781274745774
2808.0184969096367,0,0.9711023595862072
2808.0924324535185,0,0.49622562689733374
2808.199255009634,0,5.81327489635033
2809.121340137923,0,0.6901324777434218
2809.1370182538376,1,0.10968446336407635
2809.274048795576,0,0.7194741073627658
2810.139052047382,0,0.05982722142239857
2810.14036526863,0,1.2754995364097734
2810.14167585425,0,0.3905625110937209
2810.257626911915,1,0.3000913557722298
2810.990787155772,1,0.25295515640857075
2811.707369415798,1,0.528051853054219
2811.747627618796,1,0.14875785950795495
2812.0336675317717,0,0.5493731228078493
2812.1875807978795,1,0.2064983528401212
2812.3310396732877,1,0.4317687731644684
2812.356515409266,0,0.7151278622565268
2812.42763853012,0,0.03405551577718503
2812.4837389491386,0,0.8042599225606963
2812.4881110116585,1,1.6761517391539171
2812.7923174683847,0,0.41714621068178065
2813.635351422228,1,2.7971608460466273
2813.8706853168937,1,1.652180132389723
2814.221790779401,0,0.9537493111053915
2814.5560178166193,0,1.757180332431441
2815.2505815534564,0,1.6135868799612183
2815.2773547871197,1,0.001499908111453399
2815.4179491436507,1,1.8608245658109324
2815.5594405354277,1,2.1624112971718983
2815.5701488735535,1,1.6776606965052674
2815.729574613011,0,1.3489827686370002
2815.9171047262976,0,0.1699900058912126
2816.0449899020814,0,4.129485459800736
2816.2595439785205,1,1.1514205345663182
2817.39983887003,1,0.4629801149486895
2817.5767133977324,1,0.5143525872823161
2817.6455604992807,0,3.295910861615568
2817.908029921481,1,1.0004094249486175
2818.2352478705216,1,1.752252996928971
2818.3066825339856,1,0.5491956229773759
2818.4072350938463,1,0.3676149706928637
2818.668321575225,0,1.2784583851310918
2818.672671939396,0,2.006998235779068
2819.0093488720618,0,0.272970559863419
2819.050989942458,0,0.22486878632291016
2819.1510308974302,1,0.7759962759739973
2819.785831626086,0,2.248464905023766
2819.8091486408207,1,0.43368757296150473
2819.83683971912,1,0.001367871235231689
2820.0329769374907,0,0.0444002043203898
2820.055122133941,0,1.2418475830547306
2820.572550661072,0,0.3890986968277877
2820.7192239963674,0,0.6783776812393416
2821.218961346271,0,0.0708193945422583
2821.3610375115836,0,0.43892104146326555
2821.5896618598313,1,2.69714764106656
2821.650824855504,1,0.5076378975882379
2821.970941948245,0,1.8784314282142358
2822.5519785405236,1,0.21010428515377635
2822.8404918372044,1,1.0110904010598751
2823.0900022256765,0,1.1726231709622714
2823.13500728683,0,0.6666440238754249
2823.171179492701,0,2.8759293777479216
2823.3264339124394,0,1.090003131088616
2823.4970401692876,0,0.3890964356825201
2823.521948776152,1,2.51983247381778
2823.5701376805437,1,0.6572062542305689
2823.885331565695,1,0.753798344331555
2824.252509697408,1,0.17091729657547952
2824.2744876649463,1,0.8469757868392624
2824.332467231641,1,0.08284184435424322
2824.3752797863954,0,0.8347971674668956
2824.3919459191493,1,0.4130758503241782
2824.5008822461514,0,0.3118389390778663
2824.50439081933,0,0.44762745590588837
2824.565681566973,1,0.3948629153254809
2824.6058577900726,0,0.010894473957325767
2824.6501547801,1,2.0130417965926153
2824.758596945302,0,0.51567502877768
2824.98218441077,0,1.2429559204328517
2825.0450231505797,0,1.8844356979133736
2825.052073207951,0,0.23141808887853574
2825.167903096321,0,0.16056621325403572
2825.506433191645,0,0.3303741233907107
2825.718184757928,0,4.406554318616272
2825.718415546768,0,0.11015202552593124
2825.908571870969,0,0.43594741914431123
2826.056124290483,1,0.19558974202855708
2826.0694262462243,1,0.933846807774926
2826.337914048252,0,0.44409597167034376
2826.3549204121637,0,0.7215498505259443
2826.372431342243,0,0.7149995195021713
2826.476733763807,0,0.3107392042886652
2826.676651420953,0,0.2520980532089182
2826.8419546401574,1,2.051306393798481
2827.0685228356415,1,1.0070205465862536
2827.7057863746954,1,0.5334793115157236
2827.939309231475,1,0.19314747195051862
2828.214755424298,0,0.041299763335970054
2828.7373170368655,0,0.5344037050998451
2828.861483455063,1,1.2854927510996752
2828.99012217696,0,0.4676996380695976
2829.1501430759977,1,0.8789918101816481
2829.356231531031,0,0.32799466429795743
2829.4231781193234,0,0.3373576824709717
2829.4351073683542,0,0.10161227055222175
2829.4940184144803,1,0.02596592060526385
2829.5515922715517,0,0.3779957932370512
2829.6569734783625,1,0.9590324263768708
2829.7778642039602,0,4.782573718427035
2829.9763445347066,1,0.4465897642315132
2830.4510323585523,1,2.3116959962355934
2830.543162641207,1,0.2570414350098236
2830.629981794347,1,0.5492750053400348
2830.6626209798064,0,4.334357824508861
2831.460429656416,0,0.8012787467613559
2831.4755457260108,0,1.5325139726556618
2831.496175943178,1,1.1068471688822437
2831.6896964784005,0,0.00796760774394191
2831.853557828795,0,0.23449158273158138
2832.32841985111,1,1.0932852074846267
2832.572350368759,1,0.9608116468182958
2832.581046089626,0,0.3083864273145445
2833.232034430133,0,0.22220023534292194
2833.2980037107864,0,0.11856534944661118
2833.5140481642766,0,0.915624210861491
2833.8412412539965,0,1.3527720239505447
2834.042811092788,1,0.961676128877504
2834.2452095214812,0,0.8446509305661606
2834.6956316449864,1,0.0737536797717578
2834.89936211021,1,0.829586130358046
2835.082537790004,1,1.0225555049601407
2835.096348618024,0,3.590317115324633
2835.0982714603706,0,0.04290476626616945
2835.1345346180815,0,0.13786210530416798
2835.248023220366,0,1.1445997785104889
2835.310369156602,0,1.8794639255945838
2835.442751648898,0,0.3348614148349969
2835.725659009847,0,2.344386607997278
2836.107996328061,0,0.551667140455321
2836.2016787386087,0,1.1153371613064103
2836.3403472895966,0,1.6982384296526642
2836.66235495482,0,2.582690014680067
2836.891720862791,0,0.059679656901475794
2836.9823314669216,0,1.3483586715084677
2837.169247431576,0,2.1152631925533196
2837.269824171787,1,0.06251340130551732
2837.4269420970613,1,2.2439498417533073
2837.8463999050864,0,0.248681052584439
2837.9334398299184,0,0.06986349362776138
2837.9918939862914,0,1.3564578267332954
2838.192622593657,0,0.6788685578882485
2838.2299799388393,0,0.2896153877986674
2838.5156138660905,1,0.33888011933613865
2838.5507217625086,1,1.269388137694712
2838.5833639449866,0,0.5709569765574569
2838.854157012401,0,1.2397744518766054
2838.8618906258685,1,1.4084279389966297
2838.9301603853787,0,0.9740150984692701
2839.3458094630773,0,0.5727197197757242
2839.359589470309,1,0.26807077016998915
2839.401123015581,1,0.26830527004820376
2839.537370660666,1,0.26611586319379
2839.6167913201252,1,2.1864403258965037
2839.690296663467,1,1.9798672600244946
2839.796441102627,0,2.3514380533918997
2840.1141521508,0,0.368691355160858
2840.791117696222,0,0.4557318197388766
2840.8554981058687,0,0.024378079402202917
2840.962682588551,1,1.397467146424161
2841.1665636364455,0,0.34755464355173277
2841.2765972009124,0,0.27222877039958937
2841.6010349890566,1,1.5114518429342942
2841.6560303965066,0,0.15368163560570097
2841.795025737498,0,0.1425389173094664
2842.005309920547,1,0.1674080771461192
2842.048037432664,1,0.10296283726005998
2842.077705629833,0,0.025473859058050618
2842.209750822931,1,1.0998911952026147
2842.287566376028,1,6.185856365846352
2842.481517461647,1,0.20666560871269898
2842.508956039979,1,0.3635052545684628
2843.7810759287577,1,0.506245805628055
2843.784959010451,0,0.29490455716399805
2844.033558715074,1,0.07586420471419314
2844.107775455957,1,2.0144658917894938
2844.401260961417,0,0.3763636983086681
2844.5364385723497,1,1.746118995408472
2844.5504552930706,0,0.035700974462649096
2844.620285919331,1,2.428403557251985
2844.7853665473012,1,0.14344371993188848
2845.006190672192,1,1.1385918285084273
2845.5064154542274,1,0.9083804817061312
2845.6491121440836,1,1.0264821174973104
2845.6625230569057,0,1.0710555805038215
2845.8068086631015,0,0.7387283414885443
2845.9218640221216,0,0.35561373948966557
2846.1041166959326,1,0.30470926143213306
2846.423679324044,1,0.3918329029306556
2846.430129483462,0,0.3337391547465312
2846.830107401088,0,1.386938852253048
2846.8720899898817,0,0.04968011393235129
2846.9130022866816,1,1.078305061801673
2846.9243317886358,0,0.02184242182167247
2847.3508300521526,1,2.0598627658022837
2847.528600714889,0,0.35413632092799713
2847.632979722146,0,0.7067705934350552
2847.7285179797827,0,0.3580615438877413
2847.9462742914648,0,2.09089158606577
2848.0494244469915,0,0.33104938662659433
2848.1615453553,1,0.8006390205324235
2848.302260552005,0,1.8464820418934795
2848.5002392988486,0,0.4127795069065358
2849.0308631190187,1,2.313464837047507
2849.199117897095,1,1.1918547668745272
2849.242308165362,0,0.4949639329519734
2849.2856431594328,0,0.5861883963368272
2849.463694612756,0,1.3130370541701526
2849.6992045876527,0,1.760070552925987
2849.7903590757214,0,0.5532966103822221
2849.952984678324,0,0.4959751479152451
2850.02530783616,0,1.709826813947798
2850.06686812327,1,2.934715835804985
2850.148785150497,0,0.22010911966582666
2850.1567837088323,1,0.6925088349476891
2850.325515158467,0,0.7186078634486314
2850.3341191110358,0,0.6081545132621766
2850.337507562544,1,0.39740793137688535
2850.370908381196,1,0.3545966180111757
2850.4905326962976,0,2.3159482082232494
2850.4927090424426,1,1.3033325208596471
2850.5931376037624,1,1.4794196438910603
2850.611796326875,0,3.346730686945431
2850.721813699438,1,0.930574407986946
2850.7429181989583,1,1.1199433283812716
2850.7471510261166,0,1.1092236300818108
2850.843100323516,1,0.28659285429094944
2851.094878162176,0,0.8723717959705124
2851.332129137737,0,0.25530108359795395
2851.563874963012,0,0.18223843829788952
2851.8048622462725,0,3.343777138020138
2851.9268237246683,0,0.06878957643624005
2852.4055992038784,0,0.6035077139211278
2852.902557666163,0,0.49093133521642673
2853.133046567506,0,0.7234486637580348
2853.2348601931108,1,0.05593868712914923
2853.322693204956,1,0.935360049931221
2853.335620489846,0,0.6433843889469226
2853.756587842619,1,0.020907908186766865
2853.9620934273125,1,0.47081666606331196
2854.364250472385,1,0.17588450852149454
2854.4638918124933,0,1.5715877499167703
2854.75598016465,0,0.27821444795034034
2855.0554957783156,0,0.537068774158197
2855.0980520982203,0,0.6240184700920983
2855.3588581634745,1,1.111692534193095
2855.393307043279,1,0.2824555734192455
2855.527265960376,0,2.831594720532514
2855.540398039847,0,1.085951923616222
2855.6969805700933,0,4.852758392144445
2855.744479454773,0,3.331980644469948
2856.0929251893263,1,2.472793344315373
2856.127225899268,1,0.6015094291333278
2856.190800296665,0,0.4526322658607614
2856.201200566319,0,0.17714023154421507
2856.30519540249,1,0.8492239720122747
2856.4817239975746,0,0.36714656599306034
2856.5120072467325,0,0.8806700755079181
2856.522573344345,0,0.20732849385747182
2856.7803908230635,1,0.20760668015717634
2856.8184132210154,1,0.45176591503656616
2856.906003518881,1,0.7995202523638137
2857.267535056222,0,0.33470098027684414
2857.282046019758,0,0.23533582864517694
2857.3047202544117,0,0.3919822386948908
2857.4257462925298,0,0.40341104114279763
2857.5556717263953,1,0.845877708655263
2857.586668861233,1,1.0956436101696112
2857.65215255889,0,0.4276339584860765
2857.6843977041285,0,6.054912914754328
2857.778676957736,0,3.1137696733816407
2857.7827555740037,0,1.7730831309790949
2857.918938765793,0,1.788119579604987
2858.023560933478,0,0.2106921329059428
2858.025375118982,0,0.13378803261072136
2858.499042471493,0,1.766054379126691
2858.5991813830906,0,0.08473763975578615
2858.62729121555,0,1.868941199401697
2858.817816867018,1,0.29999761140780434
2859.366806885833,1,0.05284981007237806
2859.4869497905083,0,1.3212408935307964
2859.5764898226003,1,0.8927076374918349
2859.70921246204,0,0.5971913124216546
2859.8714766580742,1,0.21090793411109118
2860.212993386673,1,0.29905200806005977
2860.341019089677,1,0.09321308691739191
2860.612621870797,0,0.4777556012117601
2860.6351611586697,0,0.03769422130363468
2860.649694293149,0,0.5463129606977065
2860.6534445095153,0,0.3210954406745948
2860.6776894205655,0,1.2599739392079208
2860.72417989918,1,0.1442791995945796
2860.764907281797,0,0.3811270565838079
2860.8693492719563,1,0.02693959428369057
2860.9304437089136,0,0.5317326032464377
2860.9555818624976,1,0.4489497540394228
2861.0802327748506,0,0.5307769382383999
2861.097816430988,1,1.2588504350754712
2861.1166021500567,1,2.044802068465057
2861.17368662484,1,0.5169948248747257
2861.199848154259,0,1.9242719702882647
2861.2902044789957,1,0.601826934858277
2861.2905713752116,0,0.3213010797139201
2861.319190702452,0,0.253723899968704
2861.3412465238366,0,2.1664801667753895
2861.428698417996,0,0.04922971889395312
2861.523300568165,1,0.49768179294179243
2861.529436602669,0,0.011297287212909022
2861.6162446998305,0,1.566432135944912
2861.909084675767,0,0.9832586546844467
2861.951314325654,0,1.0276388453654033
2862.004427007018,0,1.3809100754656831
2862.101921917571,1,1.774111084997922
2862.1060101499315,0,0.17034046862866437
2862.2750396467354,1,0.7038388640023276
2862.351025562508,1,1.4611934484607814
2862.3940616086584,0,1.2791439808951428
2862.7210759528352,0,0.7133028551340266
2862.851075526532,0,0.9327100012112125
2862.8537451684397,0,0.5592642522659547
2863.1438767920517,1,1.1718417826631722
2863.3309075666275,1,0.1047836368529779
2863.543944831747,1,0.27368113235798575
2863.63500111649,1,0.4903005728290246
2863.639525821737,1,0.5360140610142121
2863.689124316844,1,0.15382586847215274
2863.69814962843,1,0.7894854476624903
2863.7942546870477,1,1.4002513656873363
2863.9884012413713,0,3.7467314515774803
2864.03947871027,0,0.20982595773100346
2864.384015588504,1,4.601463713680495
2864.6582147509157,0,0.025929565176391438
2864.7231328786875,1,0.7743440157810361
2864.9216030458124,1,2.516993974361139
2864.963256859094,1,0.7827339818604735
2865.0849769833603,0,0.7599518782193211
2865.1367990074477,1,0.9688073727781302
2865.384845813391,1,0.9049769141986708
2865.7705282729526,0,0.40844278828295355
2865.8015053186914,0,1.3953014127436068
2865.926802206506,1,0.5082871935357403
2865.9387985806798,0,0.7698394858468404
2865.9396423555027,0,1.7675102636923241
2866.0222552357186,0,4.269061459605653
2866.038504993518,0,0.0011479935154661957
2866.1918630211803,0,0.3729774927760398
2866.402108050823,0,0.8251148271018927
2866.4694744921385,0,1.105164128620509
2866.5954434393166,0,0.8045532150784059
2866.697931186228,0,0.46046607679852114
2866.812248603184,1,0.8891348632883369
2866.903229048801,1,0.6970042291482552
2867.267259934552,0,0.722630577860637
2867.7990510357376,0,0.18871759525237566
2867.9590023285914,0,2.0276112851895323
2868.2108736511846,0,2.54693260140144
2868.310596525998,1,0.670736830861771
2868.3863500311554,0,0.6534645599312894
2868.410251515101,0,0.23470765949794004
2868.5019601185704,1,0.4618724352915516
2868.5316932850255,0,2.8206622032935633
2868.9605257317817,0,4.022802614580888
2869.1208474886157,1,1.1600608297428594
2869.304505766273,0,0.06906622742460655
2869.9547865220675,0,0.9022201043834505
2869.9625909830434,0,2.4406445918261275
2870.1565462625667,1,3.449774045669301
2870.571553633929,0,0.051370336715519306
2871.0527512223325,1,0.03433042990121833
2871.12211523616,1,0.7961991547617917
2871.3562376846266,0,0.03298971970820914
2871.845114658368,1,0.2027834397289957
2871.905560120779,0,0.04442404002823905
2872.0462629385606,1,0.3822925041603543
2872.2273574946084,0,4.246525533687651
2872.6278812760625,0,0.37122468592417973
2872.8201162970586,1,0.2669968395208582
2872.9128160635996,1,0.28983523037972564
2872.966090453373,0,0.1700320335138519
2872.9673411812423,1,2.409677687057516
2873.044026431818,0,2.448148080109004
2873.28305978949,1,1.3546360501463262
2873.962004440857,0,1.3200482137459906
2874.7127217967613,0,1.2331760837988406
2874.8739716917053,1,1.8931940743005429
2874.931266829719,0,1.0014255649714172
2875.0764276259183,1,1.0316638455072582
2875.0946027307054,1,0.5291642203148146
2875.1758210587373,0,0.12331110638223362
2875.3601178678045,1,1.6699793647986492
2875.447744201042,0,0.3002456935676724
2875.6512018999956,0,1.0763984622882992
2875.9393229888215,0,2.5829845160346974
2875.9552951731785,0,0.29353628475760707
2876.079310431955,1,2.1148985211852844
2876.528153483445,1,0.6832185682166994
2876.9896105717526,0,2.7749856440899867
2877.020874124456,1,0.1802825098364054
2877.0318041185046,1,0.7556485013547561
2877.187158052508,1,6.651647550510386
2877.2240317259766,1,1.2368327049594194
2877.253748334926,1,0.4209261780754545
2877.3991854669744,1,0.2886542453149392
2877.4290582052968,1,1.797603289408765
2877.5773283979925,1,0.19916338661142782
2877.6058864647953,1,1.2210322909143547
2877.6316831533013,1,0.6312611305477713
2877.862805749375,1,0.7765984150445499
2877.995329915238,1,2.074252047627176
2878.385495371571,1,1.2505555324766355
2878.4254157138007,0,0.5686133871805817
2878.4784165615797,1,0.480221409074299
2878.647765121085,1,0.5312930828854093
2878.907551230696,1,3.373054994145434
2879.051270489884,1,1.6951135672917808
2879.0602807986993,1,0.058386633731765766
2879.2024646554923,0,1.5219336817974778
2879.314185586156,1,1.8010852694124069
2879.4932639319727,1,0.048763165115872364
2879.643913008594,1,0.4558028209947081
2879.67217866663,1,0.03529288884331728
2879.7443003334415,1,1.4580978272360239
2880.129546293609,1,0.7579376119919985
2880.211849765149,0,0.7043199911451253
2880.2618875899107,0,2.494740573504185
2880.3480873951526,0,0.20341940559433
2880.6299162141468,0,0.3517281912960091
2880.638203521618,0,0.14138208519042708
2880.6740334088113,0,1.2098082088061286
2880.6912661448755,0,1.2961789008130427
2880.8146490438703,1,3.3565955738056155
2880.9693285686226,1,0.1923606684419664
2880.9833987407765,0,0.29023100800907914
2881.014745787416,1,1.1834698753284434
2881.355148669865,1,0.9764937536118556
2881.4079996218206,0,0.4578586826703891
2881.4764815997,0,0.4680232416521095
2881.674679437235,1,0.3108429000326209
2881.7009332891453,0,1.4827922062289893
2882.0292278071106,0,0.7237426572547125
2882.065272606076,1,0.5508027967500604
2882.1284587501013,0,0.5511857444368592
2882.139049157837,0,1.4088581048217566
2882.229569629684,0,0.41989681462157225
2882.356507288987,0,2.142552379657066
2882.6306567282827,0,1.750566818178861
2882.688361663465,0,0.6878634000268149
2882.768778917996,0,0.19027759190112403
2882.7843504194375,0,0.22959343798618728
2882.859203264282,1,0.26893779816500835
2883.0555449101794,1,0.28067025227405595
2883.1271172561574,0,0.5330446510527992
2883.2304389167016,1,3.18827600095317
2883.3800985702114,0,0.15588090917811864
2883.5583313060447,1,6.3258326377103415
2883.6844887562465,0,0.24584781157804164
2884.172776781706,1,3.851776883742514
2884.234024002071,0,1.4563474217584784
2884.242555904548,1,0.19195648003530533
2884.3000239629514,1,0.9190571105497666
2884.3088919526085,0,0.8482581238813937
2884.3431115891417,0,0.22440907671233112
2884.4135949105384,0,0.20649985905930782
2884.413813942997,1,0.12778419017678214
2884.5167258247484,1,4.306109030323995
2884.6807390436484,0,0.3483050427109071
2884.7212498435624,0,0.4795651361930007
2884.966071099264,0,0.05913928006248956
2885.167772484129,0,0.6232881065197864
2885.3359339005333,0,1.2961853991974657
2885.4552502961687,0,0.41780568583151956
2885.494661202238,0,0.12436676599830633
2885.587560614113,1,0.17475101586186417
2885.6612508025487,0,0.7828246472068013
2885.679666839556,0,2.3094936180609196
2885.748447809224,1,1.0035768982109745
2886.014984157222,1,0.32841117818351256
2886.0603116570037,1,1.1663544024589547
2886.107399604405,1,0.6532922769025523
2886.133951309868,1,0.04164961106155613
2886.1774684854886,0,1.126085060754967
2886.186127279287,0,0.06762226000266806
2886.3287482155893,0,2.579320691745116
2886.4188404109973,0,1.0917706506166553
2886.60267900201,1,0.8532890014594082
2886.6760262957305,0,1.792275064340917
2886.7135055842855,0,1.4942825626813383
2886.779109346564,0,1.1754434232705453
2886.904481071855,0,2.2123569645571757
2887.1709301465603,0,0.655982586346136
2887.2265830423335,1,1.1359241853620292
2887.3404016997697,0,0.6075128922530129
2887.343922812534,0,0.43299823465347514
2888.1304826378623,0,2.1771336387411515
2888.1904902888587,0,0.49436541912597387
2888.4284425046635,0,5.015742747170227
2888.5601670267215,0,0.7135767662703442
2888.6277292397763,0,1.082465061475582
2888.6673655665086,1,0.4460698002134422
2888.9446026682886,0,0.41208243173234255
2889.002204019933,0,3.0845979776389645
2889.1024735131946,1,1.2792247578589273
2889.379733974768,0,0.687302546705847
2889.403973562011,0,1.762376047016849
2889.544185277626,1,1.5217602003017476
2889.812687349496,1,0.0964059686545475
2889.9245956626764,1,0.9995498561132145
2889.948736112873,1,0.37759736860066506
2890.0259656315534,1,0.607498518081925
2890.457250055394,0,0.14840565820954857
2890.5762453122543,1,1.1262670542254392
2890.595341078072,1,1.3604914624958018
2890.6082601168077,0,0.6875290678599885
2890.7287334470434,1,0.7992560824443773
2890.7484054788724,1,0.37912610398710844
2890.9162907945197,1,0.017567277274578293
2891.222682713114,1,0.5592904148444318
2891.5681444031893,0,1.5075427704599489
2891.659804767388,1,1.907204342233796
2891.6959491769985,0,0.1881611348240581
2891.8405436225353,1,1.016406569934383
2891.959444150321,1,1.8091964693376208
2891.965646196635,1,0.4456865732619157
2892.047397926997,1,0.18859684417017222
2892.0981985230997,1,0.8260252459185119
2892.1282780051124,0,4.182537521735156
2892.8388986261234,0,0.6346510978158949
2892.8765952962885,0,0.2993317603466845
2892.9212919734578,0,0.06430445995051386
2893.4658301280074,0,1.440370464697293
2893.484526988281,1,0.4017412513349236
2893.5916211723998,0,2.417829099305874
2893.941673759399,1,0.7036839498383682
2894.10291089335,0,4.1407522184611185
2894.2361350006845,1,0.2687769404005284
2894.419106494538,1,0.9602222432093575
2895.183108114065,0,0.6312232309874759
2895.2105613709,0,0.9092087339318624
2895.495016684722,1,0.6025959351704314
2895.6284978322174,1,0.6167837846030011
2895.6625590460167,0,1.3865944863276696
2895.801148209934,1,0.41676325087688065
2896.262780734299,1,0.41896135201199014
2897.1662185871864,0,1.3745735155206464
2897.2561030733555,0,0.06738718078370322
2897.261315831038,1,4.908878292983066
2897.697557593445,0,0.37715416189324413
2897.851928956506,0,0.38777898580788644
2898.4239571934113,1,0.7086078432541971
2898.684981124232,0,1.129522968119798
2898.773917318381,0,1.1060332005851037
2898.992472844862,0,3.145952002341272
2899.2253106055514,1,1.502812888016706
2899.252016484177,1,1.275540981165563
2899.3007862191403,1,1.1192619644123258
2899.320460059258,0,0.7336982105743721
2899.32381343123,1,2.236730380639504
2899.5220612400904,1,0.9503774052271685
2899.544420526634,1,0.4717215201322692
2900.068176187886,1,1.6966355983656918
2900.0985348918334,0,1.295530391173609
2900.265901908548,0,1.620554477631531
2901.035630187411,1,0.6036491757801596
2901.0366367837746,1,0.1723492576356355
2901.0630088100324,0,4.275371856257843
2901.1963325521638,1,1.591283282742241
2901.3520298277867,1,0.2931517245062734
2901.612085374453,1,0.19423713105193452
2901.872561122147,0,2.4369495184940204
2902.084865883969,1,0.23040638016774811
2902.3969016351302,0,0.05285541024139707
2902.4959547284157,0,0.4996499702926267
2903.2116368483275,1,0.09730780465844195
2903.3826002552028,0,0.07398675187779725
2903.441480283757,1,0.06643672093395173
2903.4629887975175,0,0.5845544742420845
2903.5618871990678,1,0.9629939159754988
2903.5740602021,0,0.49046303951773335
2903.6475147000087,0,1.5730357246860642
2903.680770320481,1,1.818612383820258
2903.733231711953,1,0.5107116627896374
2903.9955206561203,1,0.02310854114161303
2904.0232222234436,1,0.5987417235882881
2904.2455415498557,0,0.40688178709650613
2904.2788689617473,0,0.7599046999393386
2904.5150522284775,0,1.7813458140382716
2904.8989533430963,0,1.8985020676178297
2905.110950067769,0,0.5580877897781863
2905.3244284656007,1,0.2547692523721894
2905.481694320007,1,0.9471151221274361
2905.5717878837345,0,0.38308229465757154
2905.7751429381865,1,1.425309627056958
2905.950632345224,1,0.41785508362603424
2906.199671560881,1,1.0250413008853985
2906.307590894404,0,0.7409041686442225
2906.585341252779,0,0.2731852922996559
2906.7380289258804,1,0.2803339059293594
2906.9365167823194,0,0.7843710995967762
2907.092819333843,0,0.5036597973679622
2907.310330304178,1,0.6258283798328999
2907.439584383388,0,1.9653796902576424
2907.6479221562154,0,0.5321851162377879
2907.8852030194953,1,0.14981868786767788
2907.8859815864766,1,0.05134335351134492
2908.15549910538,0,0.9270617266483697
2908.3516322188198,0,0.3695481810580163
2908.3840331926726,0,1.58093095891884
2908.4877623249868,1,2.8453442497190005
2908.9862280617726,1,1.043877082454111
2909.206192122028,0,0.2394132611212596
2909.285405539507,0,3.227764166444396
2909.651361903419,0,0.7034056895709058
2910.079147061473,1,0.32304808454980183
2910.2278755850994,0,2.1690570125172215
2910.3346979688076,0,3.0566256979418447
2910.3842894655268,1,1.2056472987323157
2910.526224586918,0,2.5560209166861667
2910.578469747007,0,0.7464595400156908
2910.6736532792875,0,0.44388168607162537
2910.7028005390675,1,1.7692591528284638
2911.058411336653,1,0.3482046123236708
2911.743780790659,0,0.13345475690329056
2911.8440673112023,1,0.059456937152690875
2911.86295011631,1,0.114899751073899
2912.2363628821945,1,1.7559452554702166
2912.6473017291028,1,0.3619490420225418
2912.825102561998,0,0.2723129836248855
2912.861477305579,1,0.4865311232192312
2912.964650373609,1,0.6876551803758615
2913.2574966143598,0,2.244087586789821
2913.348611296755,0,0.01530518320336872
2913.499400643886,0,0.5989043250014158
2913.5450703473225,1,0.08666168210279152
2913.6429631958745,0,0.5504663560638378
2913.7965773385613,0,0.10920319510370968
2914.420977036314,0,1.9403836430601658
2914.761592635043,0,0.9789118685018261
2914.920242123757,1,1.5744957788368417
2915.0885442060994,0,0.12235360439464125
2915.459499898532,1,0.3148071724706792
2915.768375790023,1,1.2332138418693437
2915.871333769313,0,0.15945681692712374
2916.116858213552,0,0.6464198502673091
2916.1388150414987,0,1.7668363020141162
2916.1903339367504,1,1.949784931599644
2916.25445070404,1,1.3580786786873043
2916.2959200234045,1,2.1358434647997067
2916.372630852448,1,4.093011363301708
2916.512877461426,1,1.2867186804459365
2916.535777671853,1,1.153162145546282
2916.697831362902,1,0.52043267043281
2916.713792911917,1,0.6338476891872372
2916.846373686057,0,0.006132492123864308
2916.8922462251694,1,0.018932570567071698
2917.0358867749806,0,0.12564516769680367
2917.9598692400127,0,2.021223225500962
2918.565265778981,0,1.6270878708647585
2918.6196382916646,1,1.7178108429126155
2918.7365473289224,0,0.445043114133994
2918.901614139191,1,0.4203514533748959
2918.9322494627563,0,0.3503243243570632
2919.3338747811626,0,0.33015408617617775
2919.362103505871,1,0.7470191232486827
2919.5724965345166,1,1.032098544912688
2919.731028467964,1,2.2759921703908317
2919.820972298112,0,0.6580734175284841
2919.966091867683,0,0.968436227597735
2920.0737376430516,1,0.23911995154964827
2920.3360796662855,1,0.687345036809077
2920.6631458114352,1,0.06265036725243901
2920.9587425520017,0,0.028801995248644543
2921.0846457306725,1,0.33865537566336085
2921.354256004333,1,0.5704899582172729
2921.48483954928,0,0.7660513999044338
2922.1472998031977,1,1.5413084648287108
2922.2845612226056,1,0.09687140488528152
2922.379627050672,0,0.2666290239176216
2922.4197469015558,0,0.6527811044165537
2922.5068034429705,1,0.8577130885460275
2922.7053375310525,0,0.38615265153355205
2922.781222388204,1,0.07565809412933495
2922.7900820727714,0,0.1808821796230998
2922.803324064277,0,1.6304320614386087
2922.927212428936,0,0.9374952859502638
2923.181429034744,0,0.6500249192938037
2923.192198062611,0,0.08902464564080682
2923.315834536515,1,1.965511713317412
2923.3182646841606,1,0.39412809630648693
2923.4326511380195,0,1.9933706849246624
2923.6643735000434,0,0.045448122884391144
2923.8058313293195,0,1.7633839403172162
2923.855156715888,0,1.684900526131927
2923.872489820276,0,3.1240167264653027
2923.997147954357,0,0.28438400065887653
2924.056293994264,0,3.8399856347458448
2924.144596814893,0,0.23744866120526734
2924.2917935322107,0,0.13805646393960774
2924.6080863595703,0,0.7493228227075087
2924.6608938258305,0,1.0952675268278904
2924.7415823829506,1,0.14661165532982628
2924.787572998803,1,0.3190382804005582
2924.8329468057204,0,0.29732130173229127
2925.017625299629,1,2.033165535306156
2925.584989144541,0,1.6352455787206217
2925.6410383128673,0,1.3649770450065386
2925.753360441952,0,1.4245079907818894
2925.997196734113,0,0.03154468980078919
2926.0311731398574,0,0.3210819692679078
2926.2756610323268,0,0.3846691856767909
2926.34164101016,0,0.22413996880744505
2926.4579056384505,1,1.4503190169061546
2926.637273892881,0,0.517123940656026
2926.7893411011732,1,0.9449462260616831
2927.107797355295,1,2.3182757573666404
2927.243413725279,0,0.8473187050204372
2927.331754030065,0,0.14968256148881118
2927.448888659311,0,1.6971126947590562
2927.5075894672236,0,0.0744186491205057
2927.594332222327,0,3.4115360689167487
2927.7706594534557,1,0.021659236458743722
2928.0439052413417,1,0.9698722168261711
2928.0687674472297,1,1.0839941802327109
2928.137800755468,0,0.1229636075996637
2928.197153732472,1,0.6250152056133939
2928.509860268301,1,0.013884777162870302
2928.7519469534927,0,0.5694434250253319
2928.8920791368955,0,1.0766426812483556
2929.0039549598214,0,0.1799913738784586
2929.1660601757944,1,0.3397546995478018
2929.411817985902,0,0.670416245371846
2929.6975613419672,0,2.763944294676579
2929.944258534229,1,1.528122399179359
2930.035546340958,0,0.0033913611939168625
2930.069550825386,0,1.6029398690615526
2930.2448321857682,1,0.4272782289723417
2930.322103066279,0,0.33802992627082334
2930.3700474288758,0,0.10550052732870865
2930.374344950029,1,0.331656275574152
2930.699405731569,1,0.6422652992744632
2930.900210883237,0,0.16677521267570253
2930.9088322076404,0,0.11544030781417945
2930.9725987833835,1,0.12393078845864047
2930.9811506929827,1,0.05978215498660484
2931.2558182106955,0,0.18954404644082895
2931.809476124422,1,5.3197107723817245
2931.953023787046,0,0.861009298866024
2932.107412265455,0,1.0754358662346348
2932.14851055219,0,0.7447857937665991
2932.3419221258755,1,2.5961375255449353
2932.89454757348,0,2.730190954876878
2933.361117831695,1,0.6139785490971417
2933.373085698178,1,1.1912965442249785
2933.3873142699695,1,0.41327420775309276
2933.521064255791,1,3.00014215350256
2933.7918696984652,0,0.0071411964076614045
2933.8330041116037,1,0.036405059853632446
2934.3544910733244,0,0.7980737031386507
2934.594482352896,1,4.145268702345237
2934.952445004146,1,0.9313770733467199
2935.283570252098,1,0.12169621430228025
2935.519302166765,0,1.1620725067510937
2935.9132149050033,1,1.403103852051265
2936.7612763552625,0,1.4594783104752496
2936.7693304656777,1,1.5068992933711618
2936.9024788956617,1,0.9503307532397763
2936.955853017925,1,0.35964999935325237
2937.3474057706935,1,1.1641396573069296
2937.4527304502094,0,0.7393983835968305
2937.775800002474,1,0.8162977893686897
2937.842662331375,1,0.2496418891308016
2937.9664368553003,0,0.23463662731146903
2938.0167318001836,1,0.13794242033011675
2938.1719766181004,0,0.8285992481198162
2938.2926088167565,1,0.14960482348428267
2938.4097680165505,0,1.0166344707519688
2938.4821677474206,1,0.06053323701349566
2938.7628454272954,0,1.4556344570002193
2938.890555660177,1,1.2965781840930606
2938.991498969491,0,0.8947081973148926
2939.043979047479,1,4.980126994862096
2939.530074700843,1,0.16416123682111702
2939.849869428769,1,0.7950877821341454
2939.9983294842364,0,0.28261990583039476
2940.204495164112,0,0.118063925418936
2940.4197076510063,0,1.0872628679894394
2940.811105402348,1,0.049599077746305585
2940.819163862612,1,1.245054318335197
2940.9756373513665,1,0.15103348263078326
2941.008930569897,0,3.396660024847173
2941.037186575732,0,0.7225337438032343
2941.1364865765995,0,0.7755219424940625
2941.3811935449125,0,2.1576242110220423
2941.3841251052977,0,2.1502439596389253
2941.429596162273,0,2.9793163927081343
2941.4640813944743,0,1.5284105100297
2941.4996664854393,0,1.5050276131023037
2941.9148118392395,1,2.2574366620851096
2941.9807104507126,0,0.6381459871452027
2942.3113535047346,1,1.1023322425672835
2942.85865096447,1,0.18352024331958475
2942.887945198029,0,1.2045158077413725
2943.16780306478,0,0.12337611843975772
2943.3610125715854,0,0.18722322067687702
2943.3683212729366,0,1.8931420083581105
2943.441318233954,1,3.9406257491932157
2943.473786057808,0,1.4081701680742646
2943.753714982177,0,0.3190317367872756
2944.045838888508,0,0.08775127687807763
2944.0662615314286,0,2.427521010798531
2944.338341907666,1,0.738064689262567
2944.398955127306,0,1.6349944549182762
2944.5827785300057,1,1.0814234175595374
2944.7060275924014,1,1.6792177228420695
2944.8166419679837,1,0.03657809275646861
2944.819148409841,0,1.1887412168230753
2944.910669163885,1,0.8757046160193008
2945.4426680134734,0,0.9750055364777185
2945.4583092230114,0,0.17400911650762715
2945.881474209086,0,0.229442029548192
2946.092288922859,0,1.179980163159095
2946.1711504466844,1,0.28614607185771673
2946.2006064694915,0,0.29090536430755154
2946.2559343444454,0,0.6027772781920144
2946.4734932310466,0,1.2030835223037841
2946.5225784054496,1,0.5531109149706068
2946.571476707526,0,0.24604606747482638
2946.7264499842067,1,0.24996593109293286
2946.9028313312115,1,0.12306003044670714
2947.008427367993,0,4.057187473931213
2947.0815191868637,0,2.062101791860163
2947.0910700088148,1,0.00818684243882927
2947.154604057356,0,1.175763512225294
2947.1720216438525,1,0.010903279530952372
2947.229810439117,0,0.4969029775986542
2947.328161981294,0,1.8996815152173079
2947.3369147466283,0,0.7028801480035547
2947.4742828434905,0,0.15435321318134512
2947.53165925378,0,2.8223162414366265
2947.557903492447,1,1.0126863865056006
2947.5953949167756,0,0.6422921038652697
2947.948468548958,1,0.8524021068121571
2948.048400295356,1,1.443155391084231
2948.1514194098063,1,0.008503962648723154
2948.417658349856,0,1.352090223887095
2948.5973146373544,0,0.838870837409328
2948.739810066716,1,0.24033370975261506
2948.7974850145856,0,0.04460503023540191
2948.837362957446,1,2.117601066127241
2949.6057088153207,0,0.7978429995199842
2949.72467449927,1,1.8462986711497809
2949.9042234061603,1,0.34846397206844865
2949.991541550633,1,0.5547603894157591
2950.031045762471,1,0.3396880125681317
2950.4322131300455,1,2.404040684089701
2950.863325627119,0,4.054228092778141
2951.489474259697,0,1.2659843818680998
2951.5839359559577,0,0.22045357649556538
2951.598977215344,1,3.823828440056813
2951.678236670633,1,1.4210881628812193
2952.4853567484874,1,1.483367178277994
2952.974623360157,0,1.3603241989735755
2953.1756652850627,1,0.9029845368107631
2953.195683344489,0,1.611947671457489
2953.199856542641,0,2.9315669256192947
2953.4760930993943,0,1.6579475643047235
2953.5920454976585,1,2.8161561446674703
2953.888592094779,0,0.5619412598582291
2954.3687603333237,0,1.6970105243484959
2954.7190900547425,0,0.31323521150131667
2954.7457956438234,1,0.2997451870179203
2954.8350961917627,0,2.3552436766174862
2955.089092872823,0,2.32980218080715
2955.0911883022604,0,0.5797287334714563
2955.110789888263,0,0.1919798193588052
2955.4804928234544,1,0.35672024040701494
2955.5290296483868,0,0.3597959592591004
2955.6475558159627,1,1.8637291292762135
2955.8847434298164,1,0.17408318545666046
2956.0723436771123,0,0.36733025307720685
2956.1004399663357,0,0.055892181827196366
2956.1440398839973,1,0.9439370567171499
2956.1760558662477,1,1.2682214070299738
2956.222720819181,0,1.4741106355290186
2956.36785682953,0,0.12193496398064503
2956.369871915412,1,0.9160818004237338
2956.5984254144864,1,0.7319786429509137
2956.667431053419,0,0.39194636365540103
2956.6801746698175,0,0.7024469441419727
2956.782692506597,0,0.8455427490833269
2956.885143915944,0,0.6208912445967958
2956.9660296438865,1,0.8666209948590596
2956.9861623339148,0,0.27548786577599854
2957.2092251367176,0,0.8173607699535281
2957.4406389663195,1,1.5588331183478517
2957.6690391623915,0,1.3927995626576806
2958.0191480776416,0,0.05254751257008371
2958.114549891015,0,1.2932614563932494
2958.401279211341,1,4.673892973919006
2958.4885765013155,0,0.3223389005004847
2958.6615314233986,0,2.6440948070100045
2958.9738838295602,1,0.8039669029998008
2959.062267689268,0,0.715220649786558
2959.0950944261112,1,3.607502089319968
2959.105978817026,1,0.33118289688463504
2959.450859925438,0,0.08796824577233318
2959.459714393932,1,1.6046565662897339
2960.239398614561,0,0.14082378414899246
2960.527468574309,0,1.4214717223191038
2960.5595909280833,0,1.2544465062383408
2960.8936822472215,1,1.5455837611709273
2960.906877378986,0,1.0883546080830357
2960.9899592865795,0,0.29276002705061793
2961.371474197022,0,0.49221799006936834
2961.5574859502462,0,0.2973545794425124
2961.634068479798,0,1.5660206199798694
2962.143689182983,1,0.07461404095719479
2962.156152377097,0,0.37894791881226364
2962.324092997513,0,0.3478586269038005
2962.6706622559527,0,0.3635743898735905
2962.680846608868,0,0.04924216610663571
2962.70387500728,0,0.6975290939323934
2962.925279120921,1,1.483740040956538
2963.039563036522,1,1.2122760146748561
2963.1610396536585,0,0.3768834993682433
2963.2967904222182,0,0.565192363771649
2963.647217118332,1,1.6893034619374363
2963.6893007578456,0,0.9606210472929477
2963.7381376636035,1,2.849141277557886
2963.8257417456102,1,1.274309018378994
2963.9558308287724,0,0.18525099591667085
2964.28923249977,0,0.10457824195892533
2964.317401920789,0,0.10115971631355797
2964.3383123043614,0,0.763033978012224
2964.4411896032193,1,0.2489077223092932
2965.0537804958367,0,0.4681120414013179
2965.1720509811526,1,0.08265323824395336
2965.3570914611046,1,0.6370491895698358
2965.372608279153,1,0.4511953263746923
2965.9051592006613,1,2.168240832610779
2966.024208794393,0,3.214169917687099
2966.09254033061,1,0.3185433348245059
2966.1075428780223,0,2.9523804761040426
2966.1560806069792,0,1.6273214202362154
2966.1908710362536,1,0.5917651405950157
2966.201825049539,0,3.748598994265326
2966.4434161808654,0,1.8464641068771421
2966.4777299461543,1,1.0875320033410105
2966.504061862999,0,0.3166366616428392
2966.752496872474,1,1.9972846281981032
2967.1980336718784,0,1.147315770659388
2967.3186244223198,1,0.19450987263616312
2967.4476548632924,0,1.8236437263160261
2967.4877379201475,0,1.3302802693614857
2967.605311089534,1,0.7061815350670971
2967.6920577661426,0,2.2236973647760574
2968.0503426521796,0,2.0854594097121653
2968.1319151495213,1,0.1485744776410736
2968.2793906696284,0,0.011344415227022321
2968.586814249696,1,1.5202259214960205
2968.6503917726113,0,0.4850356534211707
2968.8264801941145,1,0.122235388779068
2969.573613750749,0,2.1971149660041838
2969.996392385418,1,2.3393876118893813
2970.127928495885,1,1.4177544771856303
2970.475508475578,1,1.6606482286140876
2970.830115332083,0,0.3756532357119765
2971.0199053172064,0,0.2592990316150997
2971.03219385883,1,0.1330441148544153
2971.2249072424675,1,0.3481896898883113
2971.322084936958,1,0.5509175799813516
2971.600036358442,0,5.1753008427283795
2971.787429823203,0,0.8842932255949423
2972.280087951276,1,0.626783487165363
2972.3764677127465,1,0.9898053151109935
2972.409583286251,1,2.421358182336171
2972.4731845522506,1,0.0237202086739542
2972.5254416085054,0,0.6625205629702543
2972.5827594659772,1,0.984349189450718
2972.918152496675,1,1.6599015390482081
2973.170637145643,0,0.9182794524215743
2973.33899405637,1,1.788758997319858
2973.3927157849334,0,0.18264046007205997
2973.4617548082383,1,0.03512039445908852
2974.2483769587798,0,0.7949114113407441
2974.7771819997606,0,0.8704424473135224
2974.7931614600475,0,0.37408683569916384
2975.067090003156,0,0.30479034326649346
2975.0996020208736,0,0.5364909271364415
2975.4235792237337,0,2.4267490790558983
2975.4765000226403,0,1.213919175707959
2975.7124556451004,1,0.5992706059588941
2975.853410794911,0,0.13421710497768918
2975.915195574895,0,1.0874394383831034
2976.3786862690913,1,0.5359694099254269
2976.405592142761,1,1.9294995944748645
2976.881470779552,0,2.6059315874508706
2976.887019281744,0,1.0435823035470007
2977.0696229072682,0,1.6844867442980085
2977.7232598708856,0,1.4561441729970828
2977.8390737834216,0,3.2206277942609307
2978.0911611305087,0,1.1509522273961648
2978.1087262654396,1,1.350547902551481
2978.4589123093465,0,0.6119708411103087
2978.5002829948553,0,4.385242928972002
2978.6004912323474,1,0.4378896781653855
2978.9350835199475,1,1.0667939112290008
2979.109843351191,1,0.12727922105116618
2979.256474786845,1,1.250657099019996
2979.3497100357163,0,0.6513063434415908
2979.4520064712965,1,0.2679083503765817
2979.574473189062,0,0.5653712143380523
2979.767732845535,0,2.3880210081899467
2979.876176129967,1,0.5464422346921141
2980.169679947772,0,0.154670422005558
2980.3776791851183,0,0.28929581147010763
2980.5165581743886,1,0.547860378863171
2980.948125403691,1,0.18331292854097342
2981.273190535869,1,0.7217659249872923
2981.8149401658584,1,0.11991793437313136
2981.968709985092,1,0.06246644196887653
2982.1144199068126,1,1.4565754682294942
2982.348341235693,0,2.472612968676691
2982.6451955069515,1,0.8688976852348044
2982.727280689145,1,1.1869818406588315
2982.7729536149714,0,0.40486699445289526
2982.888889594891,0,0.6819557129911356
2983.1037422726895,0,0.18801958351709258
2983.1418565314007,0,1.66405988853272
2983.154123469813,1,0.35120050966853367
2983.202216420851,0,0.23499893399131355
2983.273156560491,0,0.06697518130283962
2983.461786118237,1,1.7951081701145122
2983.5025204644726,1,1.0757797639554025
2983.5314179147053,1,1.5951786851340377
2983.7057693090733,1,1.3899139013802722
2983.7251164729432,0,1.4381099959129022
2983.7954094499482,1,1.0439848026973637
2983.984784183973,0,0.48838920549575743
2984.003977533752,0,0.13083874066656695
2984.4336480534516,0,0.7289364350994616
2984.567898955036,0,1.8895153541797773
2984.709081599956,1,0.6183741542992836
2984.981242143517,0,0.5864399534826483
2985.0555929470174,0,0.6440278449734195
2985.133185155496,1,0.20879028671183636
2985.163952246233,0,1.51352014457182
2985.3495047399124,0,1.1805033850495998
2985.5315094713287,0,0.003318048341894806
2985.611831224346,1,2.7064136945700668
2985.6886318218203,0,0.1915365037803445
2985.703953367833,0,0.38080247670374784
2985.8874916454706,0,0.4472311057639204
2986.0712470535054,0,1.2477752500375057
2986.6193548404294,0,0.9139520967425855
2986.638771922593,1,0.0059035537783876275
2987.101404326037,0,2.1706353918917296
2987.1596387415484,1,3.149755002016064
2987.5892209157,0,2.951723183814139
2987.6376819396282,0,0.9767690673415201
2987.6605940814393,0,0.2297073896649745
2987.678616057812,0,0.4114041471963448
2987.950050614885,0,2.7739497260717783
2988.029996087203,0,0.5561664920018234
2988.1728692830625,1,1.5421413516995348
2988.3592902304426,0,1.6473353920470202
2988.4865217315732,0,1.0584654506391478
2989.031490660958,1,0.006066431324730405
2989.067741506174,1,0.5837509020562032
2989.46967789497,1,3.7351164122394978
2989.492549111768,0,1.7021162079680237
2989.6760819609217,1,0.09408461921374443
2989.7395022481105,1,0.5946873171144742
2990.004510331771,1,2.0353146590113607
2990.2717591808223,1,1.5850670999157448
2990.406293895602,0,5.978291035374544
2990.5914179149117,0,1.7193804478508277
2990.6591589011596,0,0.4254878099864547
2990.7309065753743,0,1.220675262544323
2990.910288564624,1,0.17001402692747006
2991.0487165123322,0,0.8149220261972281
2991.2233851136243,0,0.6061575485178935
2991.3871836674502,0,0.20573945838122348
2991.4400309236744,0,1.656779645334831
2991.883597290516,0,1.1504314173106218
2992.0223104252045,0,0.1600248084811749
2992.027457122636,0,1.532168232942607
2992.278703182642,0,0.9286162792086055
2992.294602546889,1,0.7441989922764372
2992.4718182431848,0,0.17443096526706078
2992.5446747040087,0,0.2631069654783305
2992.645336025814,1,1.3266090758542646
2992.8448833887696,1,0.19061904213666472
2993.6355338801786,1,1.1263561838857035
2993.77830938511,1,0.4069971618253412
2993.789377524864,0,0.10844970303318384
2993.8494107892325,1,1.0376504030855425
2994.1262548048408,0,0.3439863860450066
2994.3476198763456,1,1.9848819914305267
2994.5517923810235,1,2.394613586487396
2994.591937920186,0,0.6799012129154369
2994.8799109523816,0,1.1660846276905874
2995.077180640847,1,0.3984047066160298
2995.5194143301765,1,0.9084085989265991
2995.533570331231,0,0.06348888047332399
2995.5830923767166,1,1.9148551949168187
2995.8316868331226,1,0.648419076607218
2996.0642044091665,0,1.0249575884496673
2996.1515632833757,0,1.2247985435001738
2996.203413201118,0,0.3875882041748835
2996.8262618879257,1,0.32579416106611087
2997.1642133387822,1,0.5898288787366368
2997.2799658281624,0,0.4005636244643852
2997.3090876302867,1,1.488992401962586
2997.361821130566,1,0.5726829659789439
2997.7168529032247,0,0.29312260075296664
2997.8467300959574,1,0.7714275502210437
2997.8618945087533,1,0.20006006923477943
2997.9598016529935,1,3.368463465917779
2998.133580102925,0,0.6355398870811954
2998.1859087268117,0,1.111746846904365
2998.4375666820993,1,0.7601412622856034
2998.44615785008,0,0.21511447324624638
2998.494955076867,1,0.3610569122391839
2998.590478601725,0,0.15056458434876704
2998.7512888935325,1,0.7697483535412197
2998.7800706415755,0,2.526129631939808
2998.8230372888584,1,2.5741305470015794
2999.2962498407865,1,2.4138978911604094
2999.8554575479,1,0.8714549107507312
2999.955608483477,1,0.9999963832762659
2999.9750900655586,0,1.6073109930917866
