time,type,mark
24.042086039659946,1,1.0
29.44844665536445,0,4.0
35.940270974530776,0,1.0
39.86822521248845,0,5.0
40.729701490722206,0,4.0
45.73667664489698,1,3.0
46.98985623844601,0,4.0
48.65594537181455,0,4.0
60.42680868333825,1,4.0
60.427230281750596,0,2.0
60.556691281238415,0,5.0
61.307785810281715,0,2.0
64.02590484272199,0,1.0
65.6156647897698,0,2.0
80.8417036309186,1,2.0
81.6893760577572,1,4.0
81.69070660433881,0,5.0
89.41421865304372,0,3.0
89.6242731232478,1,4.0
95.38399875504102,0,1.0
108.5631152346802,0,5.0
108.60919995956337,1,2.0
115.10466803621581,1,1.0
116.17499839447323,1,2.0
134.11054535125328,0,2.0
137.3347269574115,0,5.0
165.13931582357228,0,4.0
169.78433030032986,0,4.0
175.97230179111702,0,1.0
176.5063428238466,1,2.0
202.41263297613483,0,3.0
212.5269565368801,1,5.0
212.52716563895302,0,5.0
212.52802826347119,1,1.0
215.4621921563493,0,2.0
226.70952730724912,0,5.0
238.61846442864567,1,5.0
238.61882234792662,0,1.0
238.87578196159814,0,4.0
238.87589280108992,1,1.0
239.31722250721484,0,5.0
239.32926165743368,0,2.0
240.19168661495104,1,4.0
251.51937586693262,1,1.0
255.15182414475,1,2.0
257.63331233714104,0,2.0
261.83110690506777,0,3.0
265.1344566612905,1,3.0
276.8716906988898,1,3.0
292.3790707285706,1,1.0
316.4596144605825,1,1.0
324.4282307002446,1,1.0
339.18342192589165,0,4.0
347.7208274379095,0,1.0
349.3726348962723,1,3.0
365.9909520094498,0,3.0
366.26958117465284,1,5.0
366.320880250256,0,4.0
372.1013729690313,1,1.0
380.684238756442,0,5.0
380.6903439224429,0,3.0
383.08434077764974,0,1.0
386.61888220934884,1,1.0
387.6774849437883,0,4.0
391.2518197234377,1,3.0
391.68686639610945,1,5.0
391.7020267427594,1,3.0
403.77173038205933,1,3.0
418.32299042840856,0,1.0
428.02007157543846,0,1.0
436.5138466559769,0,2.0
449.42345879565465,1,3.0
457.70832797314904,1,1.0
487.3138046903009,1,5.0
487.325413262859,0,3.0
490.9584438226112,0,1.0
494.4921253280827,1,4.0
494.50886954301683,0,2.0
499.00452918848913,0,2.0
503.57342780579836,0,1.0
508.6529028915183,0,5.0
528.0827112195847,0,3.0
543.0002132068042,1,2.0
543.7181336322325,1,3.0
548.6421229533522,1,3.0
553.7882958985651,1,1.0
590.1380773976456,1,1.0
597.5498623252289,1,1.0
611.9345422910864,0,1.0
651.9690691613049,0,1.0
671.5452451879916,1,3.0
671.5459368246197,0,5.0
674.1455732185912,0,1.0
674.3210888420485,0,4.0
674.3309720082522,0,4.0
689.2271696818677,1,5.0
689.2793267823017,1,3.0
703.2075105789372,1,5.0
703.2322105202825,1,5.0
704.0483047343416,1,2.0
710.9003013015398,0,1.0
711.811586615112,1,1.0
746.1501147579743,1,2.0
749.062659765028,0,1.0
752.8114491036359,0,5.0
752.8129951428945,1,1.0
752.9177979701198,1,1.0
771.6817242031688,0,1.0
778.6970894066588,1,3.0
778.9330287696827,0,1.0
779.1764817395086,0,5.0
779.1785973308617,1,1.0
779.3066214717253,1,3.0
797.6552944193054,0,4.0
800.2126771976316,0,4.0
800.2128592682508,1,2.0
804.572958881435,0,4.0
804.6337804764001,0,4.0
813.3309693703258,0,4.0
814.2049632388546,1,1.0
816.4721104601805,1,4.0
822.5449000366452,0,5.0
852.3104804637572,1,1.0
854.9841096076888,1,4.0
855.4123944291614,1,5.0
861.2131589699451,1,2.0
861.9443199005858,0,2.0
901.1845068457578,0,1.0
908.4102513680439,0,1.0
915.1998936742218,0,5.0
917.088913721398,0,2.0
920.3572253869664,0,3.0
927.324291759255,1,1.0
931.6055810932777,1,4.0
931.6098567342051,1,1.0
933.7620490705744,0,5.0
937.2126048624937,0,2.0
938.4569665645303,0,1.0
946.0673545533325,0,5.0
949.5767291677963,0,3.0
966.4272034643993,0,3.0
968.3925916848972,0,5.0
972.6029108219063,0,4.0
1000.1847567493398,1,5.0
1014.093670745,1,3.0
1039.6858783005534,0,2.0
1047.2762182610484,0,4.0
1056.5709501170682,0,1.0
1066.2148659642971,1,3.0
1094.5759648310373,0,1.0
1107.0556113616326,1,1.0
1109.3120478661704,0,4.0
1111.1539612704175,1,2.0
1111.1860082529488,0,5.0
1115.045932649296,1,5.0
1120.916264165776,1,5.0
1120.9166937769514,0,2.0
1125.8689959304918,1,3.0
1133.624101098897,1,4.0
1133.6386646894703,0,5.0
1133.639707785728,0,1.0
1133.6665575605043,1,3.0
1149.0760816690145,0,3.0
1159.011138439167,0,4.0
1159.0261980937871,0,1.0
1170.793810908979,1,1.0
1174.0697054422658,1,5.0
1179.7603533626623,0,2.0
1184.2307357484426,1,1.0
1186.420141638149,1,2.0
1186.4227555946077,0,3.0
1190.5889030959354,1,5.0
1190.6027054797457,0,1.0
1190.6186738493059,1,3.0
1190.6593585090407,0,5.0
1190.7310045690856,1,4.0
1192.4753493824983,0,3.0
1194.948016798226,1,5.0
1203.3645467222905,0,3.0
1207.3727824641421,1,3.0
1217.0554214457443,0,2.0
1233.099718609559,1,1.0
1244.3518239913712,1,5.0
1244.3528896285432,0,2.0
1248.5918100485367,1,5.0
1254.8246884454302,1,2.0
1262.2418194226677,1,3.0
1267.0578939745226,0,2.0
1276.5559345401944,0,5.0
1277.1063538483224,0,3.0
1297.0689003363057,1,5.0
1297.1427726935588,1,5.0
1300.7053932430588,1,5.0
1300.7519410878206,0,3.0
1320.7044406174687,0,5.0
1322.2494365369166,0,4.0
1347.6224638531448,0,5.0
1349.7462615278564,0,2.0
1349.7501762267887,0,1.0
1353.8463552280182,1,3.0
1356.1407746688421,0,4.0
1391.9902213874411,0,5.0
1392.45501613296,0,1.0
1394.4048755752071,0,3.0
1410.5834255110278,1,4.0
1419.8229996942816,1,4.0
1436.4831170086807,0,3.0
1436.4843277847156,1,4.0
1442.3054321789923,0,2.0
1450.6413696301352,0,2.0
1461.7335505198705,0,3.0
1488.8768785678312,0,3.0
1490.7348457948203,0,4.0
1549.164383126709,1,2.0
1549.6941735782354,0,3.0
1552.0601282342775,1,3.0
1568.6885384550717,0,5.0
1571.97193240939,0,4.0
1573.63599854316,1,5.0
1583.3056635903504,0,2.0
1599.0394597030327,0,4.0
1599.0605471593676,1,1.0
1599.0846040715608,0,2.0
1614.1772964407623,1,4.0
1617.2548888781655,0,2.0
1632.2943802424259,0,2.0
1636.513949030501,0,2.0
1641.390292052127,0,1.0
1649.250247797993,0,1.0
1656.8628731283227,1,4.0
1658.0190197586508,1,4.0
1659.6802476710407,1,3.0
1680.9561988678252,1,4.0
1697.9475697398425,1,3.0
1698.9290006242763,1,2.0
1699.7354367321004,1,3.0
1705.2888732637934,1,4.0
1705.2923135169199,1,2.0
1711.4512843985979,1,2.0
1738.1933041627015,0,2.0
1738.3885690881666,0,1.0
1756.504388575343,1,5.0
1758.7333963085432,0,3.0
1775.2762555059626,1,4.0
1786.4455828055927,0,2.0
1789.6615280596973,1,3.0
1792.4921979908775,0,2.0
1809.0802398848816,1,3.0
1816.6210445994143,1,5.0
1816.6211932348883,0,4.0
1819.8020908841768,0,1.0
1819.802306881706,1,1.0
1821.5868841237502,1,5.0
1828.4937858178846,1,1.0
1831.6943082569535,0,4.0
1854.5347330148893,1,2.0
1878.04243429554,0,4.0
1884.199520696059,0,3.0
1891.7804635794007,0,1.0
1893.4024543143107,1,1.0
1904.769421209977,0,3.0
1904.7883277019052,0,5.0
1904.8033740954718,1,1.0
1911.9178890343574,0,4.0
1911.935389939099,1,3.0
1915.2648846364393,1,4.0
1918.8297824893218,1,3.0
1919.2550772205013,1,5.0
1920.6716726171815,0,4.0
1927.5996010389415,1,3.0
1932.2408581292302,1,4.0
1933.9669856931025,1,2.0
1938.7688922114519,1,1.0
1944.3759702041402,1,2.0
1945.1557387821333,0,3.0
1945.9086474653209,1,2.0
1946.3632823335556,0,2.0
1948.8649431415527,1,3.0
1952.1777138648815,1,2.0
1956.8274495126288,1,4.0
1956.9947267247774,1,1.0
1965.9224028514163,1,5.0
1965.9228717415936,0,3.0
1974.206754172983,1,3.0
1981.3099720085543,0,3.0
1983.3816246055208,1,2.0
1990.6827443621537,0,4.0
1994.6414814278685,1,1.0
1998.3722384001387,1,5.0
1998.3988827816231,0,3.0
1998.410706742173,0,5.0
1998.438190128403,0,2.0
2042.6044274644069,1,4.0
2044.7666736195838,1,5.0
2048.6350937227257,0,4.0
2050.425383062575,0,3.0
2057.191658725568,0,4.0
2059.0857560417057,1,5.0
2071.358976903955,1,2.0
2089.588956165553,1,2.0
2094.835961833065,1,5.0
2099.8331051947825,1,1.0
2100.3057762254416,1,1.0
2118.2828338734485,1,2.0
2120.709349973415,0,3.0
2132.7849521386124,1,2.0
2167.2945335501377,0,5.0
2191.3585433017993,1,4.0
2215.086081429103,1,4.0
2215.2276923304967,1,4.0
2229.475517270172,0,1.0
2229.4927456368837,1,4.0
2232.8869760328607,1,3.0
2240.3289956457766,0,3.0
2240.4315629991074,0,4.0
2242.586674351845,1,1.0
2258.098669874982,0,2.0
2263.822000942731,0,1.0
2265.128163268714,0,2.0
2268.36658320602,1,4.0
2268.366634658808,1,1.0
2272.29009371116,0,4.0
2295.3596194619995,1,1.0
2295.366548661178,0,2.0
2297.9918209237135,1,5.0
2297.9918790100933,1,2.0
2297.9956864424366,0,2.0
2324.796388811463,0,4.0
2334.383990984617,0,2.0
2337.1191436900335,0,2.0
2340.0388669907256,1,2.0
2358.3109726129137,1,4.0
2364.521154305205,1,2.0
2372.856832613383,1,3.0
2390.771533474745,0,5.0
2403.0760597653125,0,3.0
2404.0081806251756,0,1.0
2410.742254793309,0,2.0
2414.9106625404143,1,1.0
2426.330137635244,1,3.0
2431.7655677972543,0,3.0
2437.204843231363,0,5.0
2440.9919611446576,1,3.0
2448.8063713269294,1,1.0
2449.202128221496,1,1.0
2453.700782238853,1,3.0
2465.150447332448,1,5.0
2465.155425572315,1,1.0
2465.928747919948,1,1.0
2482.654195571484,1,5.0
2482.6567845097557,1,2.0
2482.6711822756524,0,1.0
2482.6732004964447,0,2.0
2490.018123477264,0,1.0
2495.497933248454,1,3.0
2496.6041366282184,0,3.0
2515.248330951651,1,2.0
2530.760847975555,1,4.0
2531.301440947205,0,4.0
2531.301615430514,1,2.0
2540.54099475414,1,2.0
2577.8444384265745,1,2.0
2580.0218092286673,1,4.0
2584.435695814507,1,2.0
2596.5289281072505,1,1.0
2607.7560405014133,1,3.0
2611.7226190962365,1,2.0
2617.5228127752807,1,2.0
2620.1057075241333,1,3.0
2631.1028958919624,0,4.0
2631.1696109271597,1,5.0
2636.8746237123282,1,5.0
2636.8756566431093,0,4.0
2636.8953720297677,1,1.0
2638.6455359586284,1,5.0
2659.965465999878,1,1.0
2667.178456580678,0,1.0
2679.393171648029,1,1.0
2682.2687652460263,1,4.0
2682.2804919092628,0,2.0
2692.94366820517,0,3.0
2694.751290055772,1,5.0
2694.7547553475915,0,3.0
2694.757692832019,0,4.0
2694.7580445524454,1,3.0
2696.8101034711203,1,2.0
2698.4678760499105,1,3.0
2711.141337820798,0,4.0
2711.1922232791526,1,5.0
2711.1922765921827,0,2.0
2745.5527786403954,1,1.0
2746.379872531098,0,3.0
2746.3803384537973,1,2.0
2749.324474027951,0,5.0
2749.439522220321,0,1.0
2752.8347070754753,0,1.0
2753.167029871387,1,4.0
2754.644500430335,1,4.0
2759.5017965631228,1,2.0
2776.375936267593,0,3.0
2777.603531877367,1,4.0
2786.0929063047206,0,1.0
2788.86192929992,0,4.0
2788.8640079837533,1,1.0
2789.237829209672,1,1.0
2796.559374735376,1,5.0
2796.6245186212705,0,4.0
2797.7991277182023,1,5.0
2806.362190615726,1,2.0
2809.1623821821513,1,4.0
2815.825573403194,1,1.0
2823.665355547708,1,3.0
2824.6915459417505,1,4.0
2824.6935931351654,1,3.0
2836.477227953285,0,3.0
2844.1088431827266,0,2.0
2854.1080332298484,0,1.0
2854.446316792409,1,5.0
2870.9671695799634,1,4.0
2876.289020774977,1,2.0
2882.717351687936,1,2.0
2885.368187871869,1,2.0
2901.788453398831,1,4.0
2901.790565347999,1,2.0
2946.1863571638028,1,1.0
2946.1880161966938,0,3.0
2959.021587483519,1,3.0
2971.3523522918977,1,1.0
2974.9730478472434,0,5.0
2990.6938141257447,0,2.0
2991.4104494033686,0,1.0
2998.304259903978,1,2.0
2998.3431071058258,0,5.0
2998.34756219618,1,1.0
3023.000615603598,0,3.0
3037.9741910926477,0,1.0
3038.451465408782,1,4.0
3038.4587328857788,1,2.0
3038.460858720371,0,4.0
3040.336682984874,0,1.0
3071.708400952514,0,1.0
3072.0659131480247,1,1.0
3073.8302797263113,0,4.0
3079.186153714847,1,1.0
3082.081241860198,0,3.0
3097.722927565264,0,1.0
3105.907995075131,1,3.0
3107.037459448529,0,3.0
3109.255285760611,1,2.0
3122.252474462976,1,5.0
3122.3908870123605,0,1.0
3131.090104972743,0,1.0
3145.3833385458897,1,2.0
3148.383401402549,1,4.0
3148.4596499544655,1,2.0
3155.075826467277,1,1.0
3155.0807609318354,0,2.0
3165.6967088991246,1,1.0
3177.4324823925963,0,1.0
3183.5612828812104,0,2.0
3191.275098530203,1,5.0
3191.2784559881275,0,4.0
3191.2787554596757,1,2.0
3199.0972630915066,1,2.0
3201.1489088808603,0,2.0
3213.502724067641,1,3.0
3227.3660755700116,0,2.0
3236.722083152015,1,4.0
3236.7232504934177,1,3.0
3237.225589585288,0,3.0
3239.6876678656695,0,4.0
3252.9402739669076,0,2.0
3277.6562163113726,1,5.0
3277.6617724766347,0,5.0
3277.6671244060326,0,4.0
3277.6681539866663,1,1.0
3304.089238323377,0,1.0
3315.5980928569866,1,5.0
3315.6085625429423,1,1.0
3327.233980482495,1,4.0
3344.5320435172735,1,1.0
3346.3008654542055,1,5.0
3346.4082437103093,1,3.0
3356.8216764899908,0,4.0
3369.6603438902407,1,1.0
3383.345644676629,0,5.0
3383.4660358659203,0,5.0
3383.468070274753,1,3.0
3383.469389326603,0,1.0
3399.8200134019207,0,3.0
3408.665169143206,0,1.0
3432.1573186961523,1,4.0
3437.6587803008165,0,2.0
3438.155154695708,1,2.0
3443.371666005092,1,2.0
3444.4952675012137,0,2.0
3448.4433413301513,0,3.0
3448.443361902051,0,5.0
3463.4955291357523,0,2.0
3477.974593717062,1,5.0
3477.9777920409083,1,3.0
3480.6983030530405,1,3.0
3484.031563758295,0,3.0
3484.03338693929,0,2.0
3484.0862434477,1,3.0
3485.2339965870538,1,5.0
3486.830226833272,0,1.0
3490.520835038202,0,4.0
3491.0073538873753,0,4.0
3491.2383114470126,0,3.0
3495.20720444017,0,4.0
3509.4695993102364,1,2.0
3518.02807615785,1,1.0
3530.846934244421,1,3.0
3535.1233336507817,1,2.0
3551.108569731484,1,2.0
3551.272465751063,0,4.0
3553.4372022871507,1,3.0
3554.142119282319,1,5.0
3601.3523367386097,0,3.0
3607.307912768871,1,4.0
3607.968084988651,0,5.0
3609.8089205422366,0,1.0
3609.8212578308467,0,2.0
3622.132019356745,1,2.0
3623.5582081101584,1,1.0
3631.776174613894,0,3.0
3644.996818394643,1,4.0
3646.634171575813,1,3.0
3666.841937436894,1,2.0
3676.5437152088543,0,3.0
3678.0199914941554,0,4.0
3688.822122500671,0,5.0
3688.8221381682106,0,1.0
3709.5153947373915,1,3.0
3715.3882232095966,0,3.0
3729.6372700676516,1,4.0
3737.6034940643494,1,5.0
3741.3123234475306,1,2.0
3757.0940858920385,0,3.0
3758.5216714311746,0,5.0
3758.6620940837024,1,1.0
3773.9599001968077,1,2.0
3777.02999320226,0,5.0
3783.410172587325,0,1.0
3812.186707425827,0,1.0
3844.222989067951,0,1.0
3844.9055157624894,0,3.0
3847.7998754379164,0,5.0
3870.5017107036147,0,3.0
3870.5035664342763,1,2.0
3877.4976007010173,1,2.0
3881.292231871406,1,4.0
3885.50993753108,0,4.0
3899.0009547961977,1,4.0
3910.1516197418655,1,1.0
3923.44255871945,0,2.0
3927.9846566620536,0,5.0
3928.5706967821698,0,5.0
3933.376538796721,1,3.0
3935.710540603148,0,3.0
3936.604121664645,0,1.0
3948.8799515720193,1,3.0
3966.911636169682,0,2.0
3975.6014723980416,1,5.0
3976.763609203629,1,2.0
3982.2923525433907,1,2.0
3990.2192801686724,0,1.0
3992.2965094510932,1,4.0
3994.4542273820857,0,3.0
4007.1568961738776,1,1.0
4052.8312971091177,1,2.0
4062.7953611283474,1,1.0
4092.8047967895463,0,4.0
4092.805312603087,0,3.0
4094.251942469967,0,4.0
4109.116967554339,0,3.0
4115.423679171761,0,3.0
4116.022439682418,0,3.0
4123.508070612139,1,1.0
4128.326626427556,0,3.0
4131.163890885674,0,2.0
4137.184586369509,0,4.0
4138.825211953048,1,5.0
4142.758640981738,1,3.0
4154.055649288271,0,4.0
4154.131935887032,1,4.0
4163.933470365225,0,1.0
4168.818904523683,0,1.0
4172.773414080296,1,3.0
4172.780220865555,0,2.0
4182.724654132785,1,3.0
4182.724756878467,1,5.0
4182.841567746196,0,4.0
4182.842727636652,1,2.0
4182.851068784488,1,5.0
4182.866866089613,0,5.0
4182.872506023763,1,1.0
4187.420522241265,0,4.0
4188.59773046806,1,4.0
4192.892578300889,0,4.0
4196.0071432360855,1,3.0
4223.815358004316,0,5.0
4226.052638900783,0,4.0
4226.667392052904,0,5.0
4227.747590033268,1,3.0
4228.382558493625,0,2.0
4233.663767948891,0,2.0
4233.670128898747,0,5.0
4233.670994403878,1,5.0
4233.836175125858,0,1.0
4236.416537978922,0,5.0
4236.421557178911,1,3.0
4237.348965304317,0,5.0
4237.5945949259085,1,5.0
4237.615205919703,1,5.0
4244.711747265896,1,4.0
4248.9873070094445,0,2.0
4251.313103732598,1,4.0
4271.966477239527,1,3.0
4278.51027709568,0,5.0
4286.431209954698,1,4.0
4288.374119346759,1,3.0
4288.393390041668,1,5.0
4289.4222713446,1,2.0
4299.53966228666,1,1.0
4305.000140445506,0,3.0
4315.387995385345,1,4.0
4328.179805706739,1,1.0
4329.843610555326,1,3.0
4332.103737862539,0,3.0
4347.923167559527,1,4.0
4355.429141089549,0,4.0
4359.7852557265605,0,3.0
4364.398250324413,1,1.0
4364.490107631222,0,1.0
4367.1028074515025,0,5.0
4367.127292595302,0,3.0
4374.810223670992,0,3.0
4380.632660327502,0,3.0
4380.6337550282515,1,4.0
4380.636132469162,0,1.0
4380.656889800087,1,4.0
4386.072751176745,1,5.0
4396.771048001251,0,5.0
4396.774753047695,0,2.0
4411.605053087212,1,1.0
4413.990550205334,1,3.0
4418.533935142979,0,3.0
4420.835082872365,0,5.0
4420.835509530698,1,2.0
4420.836169570045,1,2.0
4420.932514826888,1,1.0
4431.902418693291,1,2.0
4448.763289169567,1,1.0
4461.332030528209,0,3.0
4489.522172945325,1,2.0
4489.759631774543,1,1.0
4499.117541169253,0,1.0
4515.2928066281775,0,2.0
4537.839914198073,1,4.0
4537.84047792311,0,3.0
4546.654477809379,0,5.0
4550.252128302664,0,3.0
4550.252349734381,0,1.0
4557.612300631022,1,5.0
4565.036188696232,0,3.0
4574.445725895588,0,2.0
4586.665362909779,1,4.0
4588.32201317778,1,3.0
4590.448612672994,0,4.0
4599.26271693212,1,5.0
4613.665677192404,0,4.0
4627.373646626245,0,1.0
4631.443100820154,0,4.0
4635.016245766086,1,3.0
4637.158334501102,0,2.0
4651.78274740614,1,3.0
4660.146319919764,1,3.0
4660.160004610496,0,2.0
4660.1985144314785,0,3.0
4668.928604681291,0,1.0
4699.3630127076,0,4.0
4700.964929369614,0,1.0
4703.3591453711315,0,5.0
4711.3804737310065,0,1.0
4731.883413564478,0,4.0
4746.331431395292,1,3.0
4751.490543712593,0,4.0
4751.490955792979,1,3.0
4757.483666860003,0,3.0
4762.469837387003,1,2.0
4772.322311955408,0,3.0
4775.811246032432,0,1.0
4778.113066511229,1,4.0
4779.891529340145,1,2.0
4784.742705971471,1,5.0
4793.818848290205,1,2.0
4793.915765163329,1,4.0
4797.718551591665,1,5.0
4806.1660034684455,0,4.0
4806.387635783758,0,2.0
4812.515927372029,0,2.0
4813.977043319736,1,5.0
4813.98318685574,0,3.0
4817.922965153539,0,2.0
4821.192934522913,1,5.0
4821.224741827014,0,4.0
4821.224859031141,1,3.0
4821.229449239579,1,4.0
4821.230422117615,1,2.0
4829.343245192847,1,3.0
4829.733777159598,1,2.0
4829.735810651662,1,1.0
4844.644892205654,0,4.0
4844.708692507118,0,1.0
4844.938054245945,0,5.0
4847.311515000675,1,5.0
4856.5395219434895,0,4.0
4869.3556483123975,0,5.0
4871.870694423674,1,1.0
4873.610374948035,1,5.0
4880.099571410718,1,1.0
4889.22221213295,0,2.0
4917.752160880651,1,2.0
4921.9386316545315,0,5.0
4921.938800339576,1,3.0
4929.059633699676,0,2.0
4929.280866508809,0,5.0
4933.021255868456,0,4.0
4945.699819916676,1,4.0
4960.080538235551,1,3.0
4984.485699326733,0,4.0
4984.513542568856,1,2.0
5010.066251365708,0,3.0
5017.817689747206,0,5.0
5021.47061495558,0,3.0
5024.5694071821345,0,3.0
5025.275917825305,1,2.0
5033.231524734743,0,2.0
5037.048569699001,0,4.0
5037.0510631677935,1,4.0
5037.250908561916,1,1.0
5048.7236780275025,1,4.0
5051.2795847339885,1,1.0
5053.83232360697,0,5.0
5053.853425558619,1,5.0
5054.284518342825,1,1.0
5058.5207550180985,1,1.0
5062.491444878444,0,4.0
5067.47897318205,1,4.0
5067.479133924734,0,5.0
5072.923863513949,1,5.0
5073.494100956494,0,2.0
5079.14977550368,1,1.0
5081.4832799466385,0,3.0
5082.294545062471,1,4.0
5087.314914787762,0,3.0
5107.513316201105,1,2.0
5107.514035413475,0,4.0
5110.819046320152,1,4.0
5111.1278766893765,0,4.0
5116.017033095789,0,5.0
5118.412055878072,1,5.0
5118.414126157678,1,3.0
5128.470731326393,0,4.0
5129.068609361584,1,4.0
5133.514263362814,1,5.0
5139.045505716738,0,1.0
5141.770075166383,1,5.0
5141.779872178603,1,2.0
5141.808397580487,0,4.0
5141.901946429667,0,3.0
5182.513492688809,1,4.0
5183.999250603541,0,4.0
5184.714286194198,0,5.0
5188.232370767953,1,4.0
5193.0422570511055,0,5.0
5193.042658197425,0,5.0
5193.046562423782,1,4.0
5193.050299200234,1,4.0
5193.053317581012,1,5.0
5193.053600837343,1,3.0
5193.71466215769,1,5.0
5193.717604144621,1,5.0
5193.799429938929,1,5.0
5207.263657155377,1,2.0
5217.452946457861,1,5.0
5217.890290871926,0,4.0
5219.2555520946435,1,1.0
5235.048412523227,0,2.0
5236.509218143348,1,1.0
5239.118318565905,1,5.0
5253.053659046457,1,5.0
5267.917449414249,1,2.0
5267.920441937043,1,1.0
5272.626719159041,0,2.0
5289.142917674381,0,2.0
5299.689901513752,0,2.0
5303.334675129809,0,4.0
5303.335095377755,0,4.0
5305.3277616889545,1,2.0
5305.329032703299,0,4.0
5305.329595722994,1,5.0
5305.332084164714,1,5.0
5306.184182633175,0,4.0
5306.201480940947,1,5.0
5306.202085816603,1,2.0
5306.222359310882,0,4.0
5306.505300685687,1,5.0
5306.514695092806,1,3.0
5309.60031628403,1,1.0
5309.713533600246,1,4.0
5311.724237544266,1,4.0
5311.727201768358,1,4.0
5342.104003527974,0,2.0
5343.79448737385,1,3.0
5344.907253458387,1,2.0
5346.681166900341,1,1.0
5350.552974789201,1,2.0
5350.741066339434,1,1.0
5356.267319992707,1,5.0
5359.69271419879,0,3.0
5376.3280642877535,1,2.0
5380.879671829707,0,3.0
5387.514112772471,1,1.0
5387.786004541768,0,3.0
5390.955109317117,1,5.0
5391.036947976425,0,2.0
5391.919527096836,0,1.0
5391.987958811647,1,5.0
5405.342834677776,1,5.0
5405.343513524256,0,5.0
5412.752692139388,0,1.0
5438.449801097311,0,1.0
5446.355107581816,0,1.0
5446.821989867558,0,5.0
5446.916801312264,0,1.0
5457.223783999018,0,1.0
5464.77325888691,1,3.0
5472.966476506603,1,4.0
5478.367785558888,0,1.0
5478.618216297201,0,3.0
5479.882402864386,1,2.0
5484.816030886352,0,2.0
5487.69543750436,0,5.0
5503.718856086972,1,2.0
5504.440131790223,0,4.0
5504.440355968493,1,1.0
5508.4084189759305,1,4.0
5514.92725162243,0,5.0
5514.9275705576465,1,3.0
5521.691852294037,0,4.0
5523.21628477469,1,1.0
5523.476272400112,0,3.0
5535.244110466332,0,4.0
5535.631252554491,0,5.0
5541.767453982685,0,3.0
5545.507557760266,0,1.0
5562.48343789499,1,4.0
5568.477853041915,0,1.0
5578.803185990792,1,5.0
5578.804910210811,0,1.0
5578.808764983024,0,2.0
5579.670256612625,0,4.0
5598.242346969253,1,2.0
5627.007172726398,0,3.0
5640.17759425966,1,5.0
5644.91516523417,1,1.0
5649.5691153404105,0,3.0
5671.854415029989,0,1.0
5681.707326363529,1,2.0
5683.394143227443,1,3.0
5718.165147033621,1,5.0
5722.83775547058,1,5.0
5727.1704467366535,1,3.0
5733.631309940298,1,2.0
5743.9207272264375,1,2.0
5747.159769592342,0,3.0
5747.161950090331,1,4.0
5766.530540166857,0,1.0
5785.382322248188,0,1.0
5790.01797734194,0,2.0
5801.854242592614,0,2.0
5802.572891560466,0,2.0
5805.659597351881,0,1.0
5809.686173118301,1,5.0
5826.077084670642,1,5.0
5830.385912228067,1,2.0
5887.267072233518,1,4.0
5887.270313692513,1,2.0
5943.400691271356,0,3.0
5959.757467148696,0,2.0
5970.723433126322,1,5.0
5971.552301498352,1,5.0
5971.55368832236,0,3.0
5986.920369811498,0,1.0
5987.606697048849,0,2.0
5997.399451549652,1,4.0
5997.408609570134,1,3.0
5997.495652971166,0,3.0
5999.427821065617,1,5.0
6003.936078046312,1,2.0
6046.56955931858,1,4.0
6046.60236361131,1,5.0
6046.603778590978,1,5.0
6046.61435651335,0,1.0
6046.6156741875175,0,2.0
6046.669746347998,0,3.0
6046.821183390226,1,4.0
6046.969402908057,0,2.0
6051.580002928886,1,5.0
6055.849136400221,1,3.0
6055.994666086748,0,2.0
6073.557599244768,1,5.0
6076.915937143699,1,2.0
6082.142059179004,0,4.0
6100.056133985784,1,4.0
6109.906533915101,1,5.0
6113.017407216486,1,5.0
6114.689419867045,1,5.0
6119.064336012955,0,2.0
6120.266477189538,1,1.0
6122.799483172823,0,3.0
6122.811761101867,1,2.0
6123.128224807555,0,4.0
6123.129837198921,1,1.0
6123.169291919114,1,3.0
6132.091446482984,1,3.0
6134.235063213282,0,5.0
6145.919091128621,1,2.0
6161.803199322951,0,1.0
6168.331903602428,1,3.0
6180.937770375367,1,4.0
6181.97856845692,0,1.0
6189.395238440586,0,1.0
6190.290085705915,1,4.0
6199.653669812735,0,1.0
6212.863195396761,1,1.0
6217.228197648756,0,2.0
6226.911493840902,0,4.0
6226.976429717154,1,2.0
6234.025082558566,1,4.0
6235.326911561254,1,3.0
6235.327697979973,0,3.0
6237.428565019267,1,2.0
6237.630022837084,0,1.0
6237.813310738037,1,1.0
6239.91125171638,0,1.0
6246.526379282974,1,3.0
6252.148976197524,0,4.0
6252.932882329512,0,3.0
6259.300973200679,1,4.0
6259.73894707671,0,4.0
6268.535084444413,1,5.0
6271.798665915578,0,5.0
6275.3942508453065,1,2.0
6282.420875029147,1,3.0
6282.432394617863,1,5.0
6283.741303039455,1,1.0
6283.741819747773,0,1.0
6297.409871518189,1,2.0
6312.419343122247,0,5.0
6312.419938331885,1,5.0
6312.4207107301645,0,5.0
6312.42385499656,0,5.0
6312.536392402009,1,2.0
6312.970456946119,0,3.0
6312.972476681967,0,3.0
6320.123632360566,1,4.0
6323.1384368615645,0,1.0
6324.501213486061,0,2.0
6338.503013193734,1,1.0
6344.0981615542405,1,4.0
6350.4478639113395,1,2.0
6361.713545322496,0,2.0
6365.2281687199265,0,5.0
6374.247985201784,1,4.0
6376.984132730066,1,3.0
6378.563496526224,0,5.0
6383.143242722971,0,2.0
6387.393420538434,1,4.0
6405.646422875974,1,5.0
6405.647202823097,0,5.0
6405.968839193703,1,1.0
6406.397505891303,1,4.0
6416.832614009208,0,1.0
6418.590274497825,1,3.0
6420.282206889282,1,2.0
6421.069175506564,1,4.0
6421.36106369513,0,2.0
6423.111170218022,1,4.0
6425.321939633406,0,3.0
6425.323783816669,0,4.0
6430.898906263868,0,2.0
6449.818417146737,1,5.0
6469.807404561906,1,5.0
6469.81814219882,0,4.0
6477.846381931411,1,2.0
6484.559683365877,0,4.0
6484.750464339844,0,2.0
6511.219953932278,1,2.0
6518.3477638297645,0,1.0
6521.499630189037,0,1.0
6530.621318360455,1,1.0
6533.527596128181,0,5.0
6534.08873375312,0,3.0
6540.960332741229,0,2.0
6542.658525396283,1,1.0
6543.657450482123,0,2.0
6551.507282796321,1,2.0
6559.619058529117,0,1.0
6571.65067977961,1,5.0
6571.6605973423375,1,3.0
6574.150136098181,0,2.0
6574.201290917595,0,4.0
6574.201525131269,1,5.0
6575.8719585007075,1,5.0
6575.877251246575,1,4.0
6577.436651243389,1,3.0
6578.51598245681,0,1.0
6582.909356121987,1,2.0
6586.037772302234,0,3.0
6587.48183536496,0,3.0
6592.076976128972,0,2.0
6612.62667317929,1,3.0
6615.281793292066,0,1.0
6616.668906566402,0,1.0
6618.4493470765165,0,2.0
6637.664662361609,1,3.0
6637.670780146152,0,1.0
6650.248587077007,1,1.0
6662.580714020928,0,1.0
6670.816629933681,1,3.0
6677.467033357566,0,4.0
6678.390217636237,0,4.0
6684.79704623637,0,4.0
6684.802101523276,1,1.0
6708.191316457378,1,2.0
6711.481694311327,0,5.0
6750.781080246265,0,1.0
6752.768077348882,1,2.0
6753.272041612583,0,5.0
6753.27553584158,0,5.0
6753.277100103181,1,3.0
6753.290945845816,1,1.0
6801.708607401102,0,3.0
6819.323357194446,0,4.0
6827.534854336984,1,1.0
6849.215329541983,0,4.0
6849.219010214485,1,3.0
6849.388423157127,0,5.0
6849.594294176058,1,1.0
6852.71938381504,0,2.0
6859.283021875994,1,5.0
6866.930981884402,0,1.0
6870.82783084914,1,3.0
6874.724057020008,1,5.0
6897.65665923909,0,1.0
6902.573801313119,0,3.0
6911.324161444169,1,1.0
6914.904853197651,1,3.0
6916.749010661223,1,2.0
6917.887655208285,1,5.0
6917.8905902230645,0,5.0
6926.612689048485,0,4.0
6931.863586312571,0,3.0
6941.738979799984,0,5.0
6941.740027154654,1,4.0
6941.741162368868,0,2.0
6941.755109994197,0,4.0
6952.6749768913005,0,5.0
6955.054456745418,0,5.0
6960.710249475386,1,4.0
6977.052489299728,0,5.0
6977.0641543816455,1,3.0
6985.350485149021,0,3.0
6991.961269783973,1,5.0
6992.747476703606,1,5.0
6997.144234730819,1,2.0
6997.392181812198,1,1.0
6997.497133300523,0,4.0
6997.50244082767,0,5.0
6997.505342465782,1,1.0
6997.766046257617,1,1.0
7005.87130274531,1,1.0
7014.033878075841,1,1.0
7021.040310335528,1,1.0
7024.644549904386,1,1.0
7028.345813856303,1,3.0
7030.43713580385,1,2.0
7044.516342265281,0,3.0
7044.53327970852,1,4.0
7045.144617234792,0,2.0
7058.801228927473,1,1.0
7071.365363573371,1,2.0
7075.907000405401,1,4.0
7082.549608877488,1,1.0
7082.557212161531,1,2.0
7082.563565899657,1,1.0
7108.2778384222875,1,3.0
7114.412168335961,1,5.0
7114.422584457208,0,3.0
7114.736833730174,1,3.0
7124.482989412521,0,3.0
7128.951104478987,1,2.0
7130.069832651922,1,2.0
7133.478114164838,0,5.0
7133.478126782167,1,1.0
7135.740901748571,1,3.0
7147.549288876462,1,1.0
7178.600024672229,1,3.0
7178.766074897547,0,5.0
7179.01381521676,0,1.0
7179.642802696273,0,4.0
7182.457361598644,0,3.0
7182.457789461494,1,3.0
7185.912944371051,0,1.0
7199.341173155557,0,5.0
7209.210143244716,0,5.0
7213.707351577681,1,1.0
7217.88780465378,0,5.0
7219.143894794425,1,4.0
7241.328749034511,0,3.0
7243.260498223694,1,4.0
7245.283362243417,1,4.0
7247.279770617628,0,1.0
7250.618042038344,1,5.0
7257.294412439734,0,3.0
7257.296631290302,1,3.0
7270.158616555737,0,1.0
7282.24185547115,0,1.0
7286.494430683899,0,5.0
7298.568725618005,0,4.0
7298.86553361694,0,3.0
7302.605744340533,1,2.0
7326.459817452138,1,5.0
7329.533494614439,0,1.0
7331.307803709677,1,3.0
7338.023135572787,1,2.0
7338.072155280641,1,4.0
7338.086673330845,1,3.0
7357.255553187677,1,5.0
7357.261307141026,0,5.0
7357.474790593502,0,4.0
7362.647184288149,0,5.0
7367.615502465047,1,3.0
7370.603985229878,0,1.0
7370.616507910039,1,3.0
7381.479395815561,1,5.0
7381.479828328059,1,3.0
7389.374437966772,1,3.0
7420.400935984716,1,1.0
7434.280985200813,0,3.0
7435.204340539205,1,4.0
7436.7168649794985,1,3.0
7461.0328171447445,1,4.0
7466.364325274266,1,2.0
7466.854619289541,0,3.0
7475.173451816424,0,5.0
7475.191689206636,0,4.0
7475.319873490366,0,4.0
7494.5424131332475,1,2.0
7498.97918295217,0,4.0
7499.115639710704,0,2.0
7500.633694865631,1,2.0
7502.40388714865,1,2.0
7528.419350313559,1,2.0
7528.8489629526775,0,5.0
7544.55564520888,1,4.0
7551.6966617396665,0,3.0
7569.507731127182,0,4.0
7591.031109005752,0,2.0
7591.198637550087,0,5.0
7600.879297329364,1,2.0
7608.675963480425,1,4.0
7625.116775091709,1,5.0
7628.985093280085,1,3.0
7629.0811177781525,0,3.0
7629.304338507002,0,1.0
7634.217394905705,0,5.0
7637.34628158658,0,3.0
7637.41819049922,1,4.0
7637.420401438914,1,3.0
7639.565125958327,0,4.0
7639.615985540759,0,5.0
7639.617068575263,1,1.0
7639.618096857976,1,3.0
7639.619244918847,0,5.0
7640.030607967263,0,2.0
7642.575640677241,0,5.0
7664.998168122131,0,5.0
7689.072524060487,1,3.0
7689.085687953057,1,2.0
7689.22876505816,1,3.0
7691.5925137110025,0,3.0
7691.612193490534,0,4.0
7691.621275174224,0,4.0
7691.622865924092,1,5.0
7699.235236008456,0,1.0
7704.376887537459,0,4.0
7704.416952580328,1,3.0
7723.472127417996,1,3.0
7724.311287267834,0,3.0
7727.6270060637335,1,1.0
7734.020761722064,0,3.0
7769.182312323173,1,1.0
7777.861266904427,0,2.0
7782.545299906306,1,3.0
7793.798339228256,0,3.0
7865.0895607226175,1,2.0
7867.178430071451,1,2.0
7883.757037343616,1,1.0
7888.363560425918,0,1.0
7892.484622751177,0,2.0
7902.155908068344,1,1.0
7904.338513328396,1,2.0
7914.5506830272725,0,3.0
7914.612122870119,0,5.0
7914.620151508967,1,3.0
7914.623761144246,0,1.0
7914.725465037766,0,4.0
7914.725768509614,1,3.0
7918.282100306367,0,1.0
7919.311260246067,1,1.0
7919.79865433449,1,4.0
7928.741342703545,0,5.0
7930.79332660887,0,2.0
7939.101321402614,0,1.0
7955.284322189499,0,1.0
7959.339311710903,0,2.0
7972.072666738268,0,4.0
7980.133848855384,1,3.0
7992.809626759787,0,1.0
8008.32787886307,1,5.0
8008.361958676829,0,2.0
8016.3712515967245,1,5.0
8016.384807864904,1,4.0
8016.385155790477,0,1.0
8025.665187121788,0,3.0
8025.665271058033,0,5.0
8025.67455894234,1,3.0
8048.109058712725,1,3.0
8063.021435306812,0,2.0
8077.634554641877,1,2.0
8077.815454558574,0,3.0
8081.2934164432745,1,1.0
8085.846673966855,1,5.0
8088.602626619217,1,1.0
8095.294212708809,1,2.0
8096.058749464192,0,4.0
8096.06024144812,0,3.0
8096.0604186885,0,3.0
8096.470658192066,0,5.0
8118.757498807052,1,2.0
8124.648479136891,0,2.0
8180.350730188064,1,5.0
8184.33782794343,0,2.0
8185.601911169158,0,4.0
8186.419253119907,1,3.0
8187.419896489883,1,1.0
8189.272072999949,0,5.0
8193.276188819254,0,5.0
8193.315405485875,0,1.0
8194.453659886494,1,2.0
8257.966467974331,1,1.0
8263.372973455093,0,2.0
8294.790084374043,0,3.0
8317.052313226834,0,3.0
8317.052447912412,1,1.0
8323.425390247696,0,5.0
8326.119933322867,0,5.0
8327.058779005021,0,5.0
8340.547038988938,0,2.0
8345.439399953166,1,3.0
8359.024113847296,0,1.0
8364.77663883714,0,4.0
8372.111269746792,0,5.0
8405.384615704981,0,3.0
8410.202238024838,0,2.0
8424.939847119686,1,4.0
8434.199170893797,0,2.0
8435.50879708787,0,4.0
8435.513107997675,0,3.0
8454.708477759257,1,1.0
8454.913114396837,0,3.0
8462.73767030694,1,3.0
8469.94675779973,1,3.0
8481.210572240365,1,5.0
8490.554928825786,0,4.0
8493.008467166263,1,2.0
8493.040121329575,1,5.0
8515.109338564625,1,3.0
8516.769595021373,1,3.0
8522.483665001071,0,3.0
8522.572977277137,1,4.0
8539.860700057765,0,4.0
8549.911759998291,1,3.0
8566.225397374441,0,2.0
8580.246453235968,0,2.0
8581.094661405868,0,2.0
8587.258324532704,0,5.0
8587.258585327663,0,2.0
8606.899278052348,1,5.0
8626.88980620698,0,4.0
8636.93925899616,0,1.0
8638.59434319148,0,3.0
8643.515967339434,0,5.0
8645.567416105734,1,3.0
8648.27889018046,0,5.0
8650.965569131076,1,5.0
8653.872141411495,0,4.0
8653.872381695503,1,1.0
8654.044803664632,1,3.0
8657.69678297377,0,2.0
8657.697176325597,0,4.0
8657.924646100153,1,5.0
8662.486540894472,0,5.0
8664.658066135964,1,5.0
8676.335329269998,0,2.0
8676.344688389114,1,5.0
8680.703661277817,1,4.0
8685.216525909662,1,4.0
8686.736739081573,0,4.0
8708.009093843128,1,3.0
8733.839181040432,0,2.0
8742.243644757542,0,1.0
8746.461052648698,0,3.0
8746.682423433216,1,4.0
8746.683553797946,0,5.0
8746.690466495138,0,5.0
8746.793042676833,0,3.0
8747.553502940005,1,3.0
8763.25196332351,0,5.0
8763.252658141628,1,1.0
8767.218103375842,0,3.0
8767.888275679923,0,2.0
8774.999240997418,1,4.0
8791.32027285583,1,4.0
8791.37928120498,1,3.0
8800.206012037163,0,5.0
8801.048031416638,1,2.0
8807.339412450912,1,1.0
8810.156462755538,0,4.0
8810.157052639042,1,5.0
8810.160244575107,0,1.0
8816.848379943776,0,2.0
8819.006019059243,1,4.0
8819.01007140499,0,3.0
8829.877242918295,0,2.0
8832.525807471991,1,1.0
8835.721118648162,0,2.0
8851.351621113708,1,3.0
8851.70962808231,1,2.0
8851.92390555799,1,2.0
8853.644351678247,0,4.0
8860.43292031926,0,4.0
8866.093651090843,0,2.0
8872.798667173027,0,1.0
8879.41857038283,1,5.0
8881.146092484449,1,4.0
8884.116016802856,1,3.0
8915.781587827521,0,4.0
8915.78774674461,0,5.0
8923.133152225679,0,2.0
8928.106327487414,0,5.0
8928.129329615624,1,4.0
8940.740139639847,1,2.0
8957.986354836037,1,4.0
8957.986431168038,0,1.0
8958.258854297219,1,2.0
8958.631736331901,1,5.0
8960.464994135458,0,4.0
8978.97395916695,0,2.0
8982.994918054232,1,1.0
8989.176354244693,1,3.0
8989.181895915786,0,1.0
8993.72143294246,1,5.0
9029.549446888544,1,5.0
9049.649998418583,0,1.0
9055.628553676537,0,5.0
9056.788311289703,1,2.0
9061.734312352562,1,3.0
9067.481624736516,1,2.0
9080.138274435423,1,5.0
9080.154315616846,0,5.0
9080.194139812964,1,5.0
9083.2824507078,1,1.0
9085.630342287684,0,3.0
9085.6305788777,1,5.0
9085.6748354611,0,2.0
9086.288603840587,1,1.0
9090.668918248508,1,4.0
9092.930475730089,0,5.0
9094.47248471479,0,3.0
9097.06152773141,0,3.0
9098.420773832591,0,3.0
9112.819384799946,1,3.0
9116.700773358465,1,3.0
9119.662719966926,0,2.0
9124.780954765352,1,4.0
9124.783339055944,0,1.0
9130.811534429815,1,4.0
9131.375330368215,0,4.0
9131.375348382797,1,2.0
9131.402393208062,0,3.0
9134.425288030498,1,5.0
9134.42609048835,0,4.0
9134.612700058655,0,5.0
9134.612726768872,0,2.0
9149.618441008335,1,1.0
9157.460947805064,1,2.0
9158.705919779904,0,1.0
9197.074433059563,0,3.0
9212.313515030333,0,2.0
9219.252626485391,0,1.0
9224.993924463302,0,2.0
9238.91696945839,1,3.0
9239.171425730688,0,3.0
9245.950892013616,1,3.0
9245.964471057086,1,2.0
9245.964570704033,0,2.0
9249.391180122813,0,4.0
9252.357971497007,0,5.0
9270.118708857215,1,2.0
9283.760341242581,1,3.0
9283.81383225111,1,2.0
9284.74328027998,0,3.0
9286.314886805774,1,5.0
9288.440171482238,1,1.0
9293.598776097233,0,3.0
9300.952868318049,0,2.0
9305.425917221157,0,1.0
9323.006901228373,0,1.0
9323.094629450035,0,3.0
9329.00403949012,0,2.0
9355.411537798454,0,3.0
9357.260202399177,1,2.0
9357.264202573087,0,3.0
9366.932420808334,0,3.0
9368.380026928651,1,4.0
9368.491434921658,1,2.0
9369.594208994977,1,3.0
9385.40155066543,0,3.0
9389.314277827543,1,2.0
9397.053353255591,1,2.0
9401.975728646152,0,3.0
9416.757690192133,0,4.0
9454.161261997087,0,2.0
9454.840845122095,1,5.0
9454.843049304458,0,2.0
9454.844506397621,1,4.0
9455.445527805632,1,4.0
9468.567886652043,0,2.0
9470.22122139258,1,1.0
9489.37366397644,1,5.0
9529.546168828123,0,4.0
9530.311300301131,0,5.0
9531.524223082904,0,1.0
9536.57249170289,0,5.0
9536.576461477876,1,2.0
9539.39298725841,1,4.0
9541.147907582332,1,1.0
9572.779149572745,1,2.0
9574.744336155865,1,4.0
9588.708029279931,0,1.0
9611.910062738629,1,3.0
9619.387741502082,0,5.0
9620.60956694785,1,3.0
9621.70054133319,0,5.0
9624.537296426133,0,3.0
9628.573041511107,0,5.0
9636.307923456954,0,1.0
9649.478383977896,0,4.0
9657.796819759322,0,3.0
9659.474938114028,1,3.0
9659.48034626422,1,4.0
9663.705514457006,1,5.0
9678.855141194656,1,5.0
9680.284182218142,0,4.0
9685.156408307987,1,2.0
9692.277714931302,0,5.0
9692.289987846441,0,1.0
9719.331454988142,1,3.0
9733.350249059173,0,5.0
9733.379154234315,1,1.0
9734.855124392965,1,1.0
9754.432200085528,1,2.0
9755.21934917893,1,1.0
9762.570047381605,0,4.0
9784.740269981548,0,1.0
9789.953939723622,0,4.0
9794.411538100207,0,4.0
9798.648966533212,1,5.0
9804.977284492146,1,5.0
9805.03566228542,0,2.0
9816.586809236587,1,2.0
9818.996052162112,1,3.0
9839.693733480142,0,4.0
9846.575460630189,1,2.0
9846.576425681456,0,3.0
9847.252345462612,1,2.0
9857.820660157959,1,5.0
9857.830685213527,1,3.0
9857.997805651185,1,4.0
9868.568694150894,1,5.0
9891.854032835461,0,1.0
9914.590956170621,1,2.0
9920.862527892428,1,2.0
9934.817278006722,1,4.0
9937.89526566309,1,1.0
9942.04258197622,0,2.0
9944.718332885643,1,3.0
9957.8376226401,1,1.0
9960.044308869212,1,4.0
9972.013578856486,0,2.0
9983.00541900504,0,5.0
10011.86040076042,0,5.0
10018.748117289537,1,3.0
10035.770065904873,0,5.0
10036.173316857117,1,1.0
10041.683318674666,0,2.0
10056.42112073054,0,5.0
10065.075359283692,1,3.0
10072.510181570633,1,2.0
10076.793474923375,1,1.0
10079.435245796292,0,4.0
10080.01150910202,1,3.0
10085.232670781264,0,1.0
10089.913018317184,1,1.0
10114.38185904528,0,1.0
10118.535453326484,0,1.0
10120.307052596918,1,4.0
10120.308429911345,1,1.0
10120.314889924983,1,2.0
10136.839245877829,1,5.0
10149.899437316602,1,2.0
10152.291434261186,0,5.0
10167.000501977003,0,2.0
10167.002945314196,1,1.0
10167.529047404987,0,1.0
10168.191476329157,1,3.0
10168.194288509805,0,5.0
10176.976917733944,0,1.0
10181.098963530712,1,2.0
10187.643085896148,1,1.0
10190.146528937936,1,5.0
10194.419367566708,0,5.0
10194.424455170349,0,5.0
10199.360565500367,1,2.0
10200.53572472715,0,1.0
10204.572114918095,0,5.0
10204.586849223218,1,4.0
10207.258611582332,1,1.0
10220.06772840744,1,5.0
10233.979731823256,1,4.0
10233.990867963355,0,1.0
10234.653106998318,0,3.0
10235.924319817272,0,1.0
10251.048841561398,0,4.0
10251.049310611817,0,3.0
10256.349013911695,1,3.0
10256.349731429318,1,1.0
10256.367662648818,0,1.0
10263.446016519834,1,5.0
10268.596450115097,0,3.0
10272.035728592742,0,2.0
10278.889731322812,1,4.0
10278.890719068799,0,3.0
10282.216941259196,0,3.0
10282.76689464185,0,5.0
10284.62531307531,1,4.0
10291.743957193914,1,5.0
10291.869725909739,1,1.0
10293.04111759663,0,2.0
10294.515673223093,0,4.0
10294.523987861978,1,5.0
10295.617345039012,1,2.0
10295.70287022634,0,5.0
10300.905217511034,0,4.0
10300.90655567502,0,2.0
10306.642650291591,0,1.0
10321.127038055607,1,5.0
10321.127582344123,0,1.0
10324.794388259394,1,2.0
10324.838125620248,1,2.0
10337.11246006345,1,1.0
10340.771532130211,1,3.0
10340.831480639625,0,4.0
10350.842089201853,0,4.0
10353.122058771689,1,2.0
10360.434874935418,1,1.0
10365.919134558637,0,3.0
10366.899192634508,1,1.0
10374.828464885279,0,5.0
10378.978680809747,1,2.0
10380.819805313382,0,4.0
10383.335518165359,0,3.0
10388.258364387424,1,1.0
10388.267949046289,0,2.0
10395.531297854493,0,3.0
10415.993296027335,0,2.0
10420.952694804244,0,1.0
10455.55714161894,0,3.0
10475.947208877247,0,3.0
10478.403672230812,0,5.0
10486.840804536225,1,3.0
10487.112850628926,0,3.0
10492.78667825524,1,5.0
10495.965715251932,0,5.0
10502.70008113036,1,1.0
10504.320905478726,1,1.0
10506.042331632505,1,5.0
10513.883546093286,0,5.0
10516.539046716622,1,5.0
10517.504971109014,1,2.0
10526.769334264118,1,5.0
10530.213429313793,0,3.0
10533.126810104628,0,4.0
10533.699424020153,0,2.0
10537.684291787456,1,4.0
10563.069957388321,1,2.0
10563.615753615015,0,3.0
10596.572286396347,1,4.0
10611.180303793277,1,2.0
10620.046118681632,1,2.0
10621.003239594209,0,1.0
10629.329998076071,1,1.0
10632.351577528336,1,2.0
10638.684022062085,0,5.0
10638.684828618167,0,2.0
10705.10471602303,1,2.0
10712.863437925944,1,3.0
10725.031661597803,0,2.0
10726.056707678588,0,2.0
10727.522375662837,0,3.0
10735.376283079433,0,3.0
10756.673308563535,1,4.0
10772.672086304565,1,5.0
10791.98380963268,1,4.0
10802.32880369616,1,4.0
10802.329990889411,0,3.0
10806.059730866755,1,2.0
10810.430255262421,0,5.0
10810.451194146226,1,5.0
10810.67986221633,0,2.0
10816.6869904252,0,1.0
10818.636222951644,1,1.0
10828.22198508174,0,1.0
10836.653983146463,0,1.0
10843.377594576887,0,2.0
10848.51800859778,1,5.0
10848.518842407962,0,2.0
10848.609654444746,0,5.0
10848.611863878843,1,3.0
10849.233739113823,0,4.0
10850.460784773266,1,3.0
10852.560552459134,1,5.0
10861.23333475372,0,1.0
10865.838418020687,0,4.0
10867.663524182686,0,1.0
10870.618196904841,1,3.0
10875.66974081708,0,1.0
10881.87010342042,0,1.0
10889.084218513734,1,3.0
10893.900821861278,0,4.0
10893.901418927015,1,4.0
10894.387595859871,0,4.0
10902.828076333835,0,1.0
10907.511527668155,1,5.0
10907.579589871091,1,5.0
10907.586709055595,1,1.0
10907.876317020797,1,1.0
10907.974103143282,0,4.0
10913.106649974088,1,5.0
10927.205684213734,0,2.0
10927.208144741753,0,3.0
10927.210218148513,1,4.0
10927.212014507873,0,4.0
10940.155989958972,0,2.0
10941.858666815117,1,3.0
10952.08903186743,1,3.0
10952.089269593369,0,4.0
10954.195849581376,1,3.0
10958.234509372163,1,2.0
10972.486822774797,0,5.0
10972.496340951862,0,3.0
10972.517597469405,0,5.0
10973.466382197757,0,2.0
10974.088207474335,0,1.0
10975.074031750582,0,5.0
10997.088804012763,1,5.0
10997.203668320351,0,3.0
11006.35199124721,1,1.0
11021.67320288814,0,1.0
11041.955984226868,0,3.0
11043.892204117567,0,5.0
11043.897590590705,1,2.0
11044.530196071448,0,5.0
11049.50946063454,1,3.0
11050.790533067224,0,3.0
11055.744011379169,1,5.0
11057.408718954137,0,4.0
11061.912190541363,0,1.0
11065.951528662714,1,3.0
11067.444638529367,0,4.0
11067.449143323916,1,4.0
11069.503845819137,1,4.0
11085.240603482576,1,3.0
11085.718909494339,0,1.0
11097.905933004675,1,1.0
11118.496762915696,0,1.0
11147.11779011608,0,4.0
11147.119568347754,1,2.0
11167.025193125588,1,1.0
11179.401645734128,0,2.0
11184.309943130724,0,4.0
11184.346634052377,1,2.0
11203.611748268411,1,5.0
11206.885120876206,0,1.0
11234.13137892997,0,3.0
11236.890717742031,1,2.0
11244.57377705583,0,3.0
11248.492693954902,0,2.0
11263.762886144183,1,1.0
11263.789940417659,1,1.0
11271.30735955396,1,2.0
11292.542999046236,1,2.0
11296.19134153586,0,4.0
11304.15495066363,1,2.0
11330.479879983392,0,1.0
11332.721828270427,1,3.0
11336.942978572146,0,2.0
11337.980908122048,1,1.0
11347.461107083696,0,5.0
11370.492229719674,1,4.0
11376.349440333903,0,4.0
11403.916297985981,1,4.0
11404.786312627044,1,4.0
11405.384069982023,1,5.0
11417.79369987782,0,5.0
11423.095051189704,1,3.0
11424.794659190962,1,2.0
11433.02236610552,1,3.0
11438.141241650821,0,5.0
11440.92219445255,1,1.0
11452.530960829321,1,5.0
11455.895644145869,0,4.0
11468.481317061276,0,5.0
11468.943010131641,0,2.0
11482.678613764068,1,2.0
11495.776517447106,1,5.0
11495.77826254231,0,5.0
11501.0473655142,0,5.0
11502.853052242697,0,4.0
11510.505739473807,0,2.0
11514.886223957757,1,4.0
11525.848906282761,0,3.0
11525.890399160902,0,2.0
11545.1482042309,0,4.0
11569.35509698524,1,3.0
11573.044802745655,1,1.0
11573.860197316122,1,5.0
11574.305275911365,0,5.0
11574.306246058954,0,3.0
11578.048592078947,1,5.0
11581.301068351826,1,1.0
11582.555615315769,1,3.0
11587.621345699474,0,4.0
11591.64366366756,1,1.0
11630.00746393015,1,3.0
11644.383074913789,1,3.0
11648.226006156894,1,4.0
11648.233503334577,0,4.0
11659.829138283145,1,5.0
11659.972831048086,1,3.0
11665.8924380048,0,3.0
11670.291387623078,0,4.0
11670.804776967983,0,5.0
11678.366136388275,1,3.0
11679.12904440991,0,4.0
11679.281203227552,0,1.0
11680.87119439155,1,5.0
11680.92984037383,1,4.0
11685.416077252821,1,2.0
11688.366782641768,0,2.0
11701.462516138627,0,4.0
11735.128033802985,1,1.0
11735.390205179283,0,2.0
11735.42875381636,0,2.0
11735.435602964066,1,5.0
11747.084063414077,1,4.0
11747.084931269914,0,3.0
11768.094361319176,1,2.0
11771.482266809378,0,2.0
11796.157064647647,0,1.0
11798.181389548092,0,4.0
11808.54981851793,0,5.0
11808.55426751523,1,1.0
11843.80126030525,0,4.0
11843.802718309604,0,3.0
11880.920672075761,1,1.0
11885.350477269201,1,1.0
11887.644129516937,0,2.0
11890.073573164635,0,4.0
11890.077221003903,1,4.0
11914.994860202449,0,3.0
11914.995574664654,0,5.0
11919.092317158407,1,1.0
11920.145857745794,0,1.0
11939.595140072295,1,1.0
11945.726876197505,0,1.0
11950.475078916512,0,5.0
11950.485897869128,1,3.0
11950.48590099536,0,5.0
11954.570465680476,0,3.0
11957.906720666413,1,5.0
11963.542564391386,0,4.0
11966.454829043903,1,2.0
11966.457510201166,0,2.0
11983.843400522856,1,3.0
11991.90713223916,0,1.0
12035.806583023897,0,5.0
12036.487781990378,1,2.0
12045.608771858955,0,1.0
12056.49286629716,1,1.0
12069.025124570842,1,2.0
12102.75428874771,1,1.0
12105.225207447354,0,4.0
12105.23824571965,1,3.0
12105.43884488811,0,5.0
12117.980202778901,0,1.0
12129.011040541633,0,5.0
12129.04066730365,0,1.0
12129.092099310052,0,5.0
12137.898224463423,1,5.0
12137.937962680664,0,1.0
12139.1732511896,0,2.0
12139.323719151264,0,4.0
12143.382070031332,0,4.0
12148.073940178829,1,1.0
12152.11711901618,0,1.0
12152.790915908929,0,2.0
12164.150177814885,0,4.0
12169.792914067302,0,1.0
12187.010714176236,1,5.0
12188.142585521984,1,2.0
12190.267531706133,1,1.0
12190.94579072967,1,1.0
12203.083869127953,1,2.0
12211.37832100867,1,1.0
12212.565477940836,1,1.0
12213.518967821721,1,1.0
12217.736417982838,0,3.0
12220.00882297698,1,1.0
12226.333502213683,1,5.0
12226.441667887453,1,5.0
12226.451949427988,1,5.0
12228.901962142312,0,5.0
12229.648564000743,1,3.0
12229.787485022289,1,1.0
12233.416047761828,1,3.0
12250.853541024433,0,2.0
12258.426006946687,1,2.0
12259.346716860411,1,2.0
12262.065195853187,0,3.0
12275.604809114107,0,2.0
12294.951123143466,1,2.0
12302.134649205405,0,5.0
12303.212369837907,0,2.0
12304.255580098687,1,2.0
12307.16713997215,0,3.0
12316.727351784006,1,3.0
12317.16804715137,1,2.0
12317.205069369342,0,2.0
12317.206775103854,1,5.0
12319.066373908576,1,3.0
12333.188200552333,1,2.0
12336.236522303443,1,2.0
12339.001782707128,0,4.0
12347.659277460329,0,2.0
12349.418122234816,0,1.0
12349.472466277815,1,1.0
12350.253196867501,0,1.0
12360.466378731287,0,4.0
12361.334106031638,1,3.0
12362.898032754443,0,1.0
12378.160071732706,1,4.0
12394.713538190024,1,1.0
12411.768448773244,1,4.0
12411.980772514224,1,5.0
12412.644978202015,0,4.0
12422.23617175032,0,4.0
12424.817721344518,0,2.0
12433.829099863557,0,2.0
12440.030204990786,1,1.0
12440.73109329824,0,2.0
12451.140628101231,0,4.0
12465.702930932384,1,4.0
12469.61100290102,1,3.0
12469.611171121902,0,4.0
12469.618802542887,0,4.0
12471.32576057094,0,5.0
12476.668048727835,0,1.0
12478.797862689436,0,1.0
12488.40248175044,1,3.0
12492.376133233282,0,5.0
12494.090647052597,0,5.0
12495.169743635775,1,3.0
12506.844814013499,1,5.0
12522.530819297668,0,3.0
12522.648936601963,1,3.0
12522.682532827768,1,3.0
12522.76848396846,1,2.0
12535.955692741896,1,5.0
12551.35292575659,1,3.0
12551.827122286168,1,4.0
12577.14360331936,0,5.0
12593.041592646616,0,3.0
12594.569090921497,0,4.0
12610.436702611174,0,1.0
12613.705332927508,1,5.0
12613.803922385785,1,5.0
12621.110897858449,0,2.0
12634.395187968408,0,3.0
12637.735405095651,1,4.0
12639.601198167287,1,5.0
12641.863108848429,1,4.0
12648.88739725711,1,4.0
12656.246566984548,1,4.0
12656.293496644832,1,2.0
12662.919554760048,0,2.0
12691.60450182304,1,4.0
12691.617109038429,0,3.0
12691.953308265101,0,4.0
12694.530193478731,0,1.0
12715.22078010508,0,3.0
12733.59858001163,0,2.0
12737.620793448688,0,3.0
12748.36553733673,1,5.0
12753.899979188021,1,3.0
12778.611121502527,0,5.0
12781.40153024102,1,3.0
12822.119435063185,0,4.0
12838.6633602278,1,3.0
12844.26862522457,0,3.0
12845.688958199196,0,5.0
12845.6963996985,1,4.0
12876.598273219888,1,1.0
12879.166476216153,0,5.0
12879.224183664612,0,2.0
12882.039363667667,0,5.0
12885.191706777176,1,4.0
12885.195433809162,0,3.0
12885.200589163715,1,4.0
12885.200816407965,1,3.0
12885.222030545938,0,4.0
12908.892179173914,1,3.0
12911.689144754992,1,4.0
12914.27155803234,1,3.0
12917.31784404098,1,3.0
12922.981069735246,0,1.0
12935.395970211646,0,4.0
12936.955803816309,1,1.0
12947.800451255833,1,4.0
12953.433680806982,1,5.0
12953.434086723008,0,3.0
12954.052067815408,0,1.0
12954.18542213074,1,5.0
12954.196158210318,1,5.0
12956.904809503108,0,5.0
12972.671637428308,1,1.0
12975.809396953153,1,1.0
12976.98603605237,0,5.0
12977.063994312482,1,4.0
12977.277649502035,0,3.0
13007.505646140064,1,4.0
13007.528877491797,1,2.0
13015.71651097767,1,4.0
13016.340710421353,0,3.0
13023.675911058795,1,5.0
13025.798228209069,0,1.0
13028.384506899254,1,1.0
13029.48274524116,1,4.0
13039.544130444674,0,1.0
13043.7780516946,1,4.0
13043.783417438604,0,3.0
13044.068928784227,1,1.0
13046.878612307164,1,3.0
13070.1606996489,1,1.0
13074.820096492702,1,5.0
13079.779667485354,1,4.0
13079.80353438233,1,5.0
13079.803993924343,1,2.0
13082.347476753937,0,2.0
13090.9527944541,0,1.0
13105.439599631827,1,1.0
13105.549141238467,0,1.0
13116.004021020473,0,3.0
13145.196576915125,0,5.0
13145.432293077081,0,5.0
13179.229663469456,1,4.0
13194.512971328839,0,2.0
13194.744153607111,0,3.0
13208.330845424378,1,1.0
13213.712354592506,1,5.0
13213.744709890689,1,4.0
13224.775119364625,0,5.0
13227.41631952908,1,5.0
13233.843393016785,0,1.0
13234.534420812703,0,4.0
13244.468215134937,1,1.0
13261.537126527286,1,5.0
13278.125368602117,1,2.0
13278.559870847997,0,4.0
13287.977155081515,1,1.0
13289.642970880284,0,3.0
13293.883468867061,0,5.0
13300.181381169012,0,3.0
13333.45210360552,1,4.0
13333.453505517906,0,4.0
13334.553463851364,0,5.0
13335.096984298094,0,4.0
13339.669129503045,1,1.0
13340.90844561963,1,1.0
13360.66946427366,0,5.0
13360.66989857983,1,5.0
13360.670187510854,0,4.0
13360.685548654357,0,5.0
13360.692203831219,1,5.0
13360.717241606328,0,2.0
13360.86009258427,0,5.0
13364.054820978754,0,5.0
13364.05546905922,0,2.0
13364.056587374629,0,3.0
13368.003154296754,1,1.0
13373.116049134538,1,1.0
13375.176344063151,0,2.0
13394.252338126458,0,1.0
13397.999651194541,0,4.0
13409.141163978975,0,5.0
13409.141940692203,1,5.0
13409.15881369892,0,2.0
13409.162319079534,0,4.0
13409.246614711372,0,5.0
13409.29850408097,1,4.0
13410.459402832781,1,3.0
13414.08369005492,0,3.0
13414.949994276449,1,1.0
13437.173858570439,0,2.0
13444.027790861805,0,5.0
13444.554716997867,0,4.0
13486.557581119674,0,5.0
13486.969078650975,1,5.0
13496.180508584343,0,2.0
13497.736084593715,1,4.0
13498.219156563642,0,2.0
13528.783376071602,0,5.0
13528.794276075507,0,5.0
13544.012567620815,0,5.0
13544.013584800025,1,1.0
13544.02478906322,0,1.0
13545.923792619902,0,1.0
13551.62130444158,1,3.0
13578.24672308147,1,2.0
13580.633943912895,1,5.0
13582.032188416892,1,5.0
13585.202306221645,1,1.0
13586.342141013101,0,1.0
13587.56608492891,1,3.0
13593.143502950306,1,2.0
13621.120956681507,1,3.0
13626.861606535782,1,3.0
13629.143193420356,1,3.0
13630.346900715831,0,1.0
13686.875118832868,0,4.0
13700.072966733056,1,1.0
13710.152102151606,0,5.0
13719.3652628492,0,1.0
13726.645949994476,0,4.0
13738.976601000148,0,3.0
13740.361918221897,0,1.0
13746.314215134304,1,1.0
13748.586357821132,1,1.0
13773.22763296042,1,3.0
13775.181799254715,0,2.0
13775.248610199073,0,3.0
13779.557384837142,0,4.0
13786.696283364761,1,4.0
13787.566146145953,1,4.0
13792.31665315299,1,5.0
13792.3499275845,1,1.0
13796.713568668572,0,3.0
13796.71967044497,0,2.0
13799.475775529285,1,3.0
13820.249821793674,0,5.0
13822.123916051794,1,1.0
13825.173970290809,0,3.0
13827.486285566576,0,1.0
13845.241369051491,0,5.0
13853.558219074868,0,5.0
13872.54834138574,1,5.0
13872.554442781004,1,3.0
13874.933312567853,1,2.0
13882.819674966742,1,5.0
13882.948611988353,0,5.0
13891.649956373496,0,3.0
13908.20630742734,1,2.0
13924.56180003353,1,1.0
13929.230143226057,1,2.0
13939.387104688298,0,3.0
13943.483434479098,1,4.0
13947.404656585459,1,1.0
13948.365546529816,0,2.0
13960.08126635105,1,4.0
13969.196688489239,1,5.0
13969.447462839456,1,1.0
13983.684539989312,0,5.0
13987.589838779015,1,2.0
13997.70473960227,0,1.0
14006.44738007534,0,1.0
14019.303197422882,1,3.0
14032.445082844533,0,5.0
14032.482798532135,1,4.0
14043.196805100692,0,4.0
14046.947139213167,0,4.0
14065.224246498612,1,5.0
14090.408420992928,0,4.0
14119.194219727038,1,2.0
14129.070358365589,1,2.0
14129.086938252309,1,5.0
14129.108070998916,0,2.0
14133.672641625273,0,4.0
14133.677398522106,1,4.0
14133.694164647039,0,1.0
14134.96562681835,0,4.0
14136.998243933023,1,2.0
14138.547656098039,1,4.0
14138.76161483519,1,4.0
14145.788140033952,1,3.0
14150.143290461987,0,3.0
14150.158843430137,1,3.0
14180.424248994694,1,3.0
14219.477885573753,1,2.0
14224.014999360894,1,2.0
14224.30488827291,1,3.0
14225.064370001663,1,2.0
14226.252192866292,1,1.0
14236.963044472139,1,3.0
14246.644924112028,1,1.0
14248.579352541123,1,1.0
14249.900548544478,0,3.0
14252.466189856374,1,2.0
14265.797773771488,0,5.0
14271.903707469308,1,4.0
14277.242001474135,1,4.0
14278.022041604307,1,4.0
14278.26148418255,0,2.0
14280.02690869623,0,3.0
14280.030988533941,1,3.0
14280.040640929823,0,4.0
14280.059260417283,1,2.0
14292.523661667645,1,3.0
14292.532513315327,1,1.0
14296.319308676226,1,1.0
14299.335890856357,0,1.0
14299.348351496797,1,1.0
14300.372852132086,1,4.0
14350.852319863892,0,5.0
14353.525766756893,1,4.0
14379.043494872789,0,1.0
14380.998383051347,1,4.0
14410.803371044114,1,5.0
14410.835070903053,0,5.0
14411.239436050855,1,5.0
14411.797809441014,1,2.0
14432.57124735246,1,1.0
14458.523416082893,0,1.0
14460.168788829198,0,5.0
14460.17546110095,1,1.0
14489.09453589296,1,3.0
14489.11977702303,1,3.0
14489.158838923313,1,1.0
14490.028104323697,0,2.0
14496.849156257213,0,1.0
14502.633879598066,1,5.0
14507.95634817222,1,3.0
14512.146820702408,1,2.0
14512.167513048782,1,2.0
14515.346295772697,0,1.0
14520.135930538861,1,4.0
14524.154512225494,0,5.0
14525.175824657299,1,1.0
14525.278498561405,1,2.0
14545.782299336415,0,1.0
14551.481588755576,0,2.0
14551.978856231399,1,5.0
14571.170281958322,0,4.0
14579.206308768034,0,4.0
14588.862729976454,0,3.0
14588.862925015392,1,1.0
14588.894306043681,0,2.0
14617.0993437352,1,2.0
14618.642491199482,0,2.0
14630.537737795123,0,1.0
14632.150074643447,1,2.0
14683.066671829476,0,1.0
14705.888726253723,0,2.0
14723.154212420004,0,4.0
14727.177434245448,0,5.0
14727.542635855052,0,4.0
14779.819039658034,0,2.0
14780.393898304896,1,4.0
14783.615097608055,1,5.0
14801.518797893918,0,5.0
14812.297927563934,1,1.0
14814.18404345532,0,3.0
14831.391340927607,1,3.0
14831.391343971434,0,3.0
14831.391366818296,1,2.0
14838.689892720255,1,2.0
14845.403063001084,1,5.0
14870.421487890259,0,3.0
14874.69125477043,0,3.0
14877.39626022369,1,1.0
14885.821839376762,1,1.0
14891.362746008372,0,2.0
14892.275060200614,1,1.0
14895.213737059657,1,5.0
14895.218553424325,0,3.0
14899.180981294947,0,3.0
14903.65427332772,1,4.0
14907.054598237213,1,4.0
14915.823231459892,1,4.0
14916.48448888272,0,5.0
14918.845047676212,1,4.0
14918.849738223593,0,2.0
14919.551033523287,1,3.0
14928.007593478918,1,5.0
14928.293560920052,0,5.0
14935.484990385643,0,2.0
14937.980959757628,0,1.0
14940.951490202171,1,1.0
14943.075454706299,0,5.0
14953.162812545093,0,3.0
14953.16495134011,1,4.0
14965.914043979792,1,4.0
14969.041613978385,0,4.0
14976.328146237829,1,5.0
14982.032555735268,1,3.0
14995.876285227852,0,5.0
14997.224073468538,0,4.0
15000.797390679883,1,3.0
15014.043573238963,0,2.0
15024.171998777694,1,2.0
15026.858761285785,0,5.0
15026.859163412442,1,3.0
15026.958240174241,1,1.0
15029.795559702534,1,3.0
15032.917082403776,1,1.0
15043.298655440409,0,4.0
15043.381918452631,0,3.0
15049.014336160879,0,4.0
15062.325471407765,0,5.0
15105.749284174673,1,4.0
15105.7494472199,0,2.0
15109.507320201004,1,3.0
15109.911620280898,0,4.0
15109.925285807654,1,3.0
15113.71446981703,0,5.0
15114.747670959796,1,1.0
15115.263740179515,0,1.0
15121.013121768196,1,2.0
15142.770825446218,1,4.0
15142.771011116989,0,4.0
15142.772305558537,0,3.0
15142.778083604167,0,5.0
15146.388195915895,1,3.0
15157.228055787751,1,4.0
15160.206211555706,0,3.0
15165.858521429318,1,2.0
15173.407234796057,0,5.0
15184.876545422218,1,4.0
15189.518722735529,1,4.0
15189.566439841563,1,5.0
15191.265257950856,1,2.0
15192.27698303258,1,5.0
15211.673285705798,1,2.0
15232.536528732366,1,5.0
15241.474124757615,1,4.0
15252.443670153276,0,1.0
15271.354317925228,0,3.0
15274.072620729597,1,3.0
15276.54866139304,1,5.0
15276.549523327154,0,3.0
15276.565117301165,1,3.0
15282.401856882083,1,5.0
15287.196396037947,0,3.0
15302.683519260116,1,3.0
15315.933985882091,1,1.0
15341.332914099805,1,3.0
15344.103409526355,0,5.0
15344.307663271384,0,2.0
15350.238489010524,0,3.0
15356.24508658808,0,2.0
15359.316707671907,1,5.0
15360.823554987695,1,2.0
15360.921809587579,1,1.0
15370.28969651354,1,5.0
15370.290439921986,0,1.0
15370.441257111728,1,3.0
15381.617806088909,0,5.0
15382.00937181099,0,1.0
15387.37076891059,1,1.0
15388.481181112968,1,5.0
15394.152922125337,1,1.0
15429.071176883377,0,1.0
15509.418117077263,0,2.0
15513.8231775859,1,4.0
15516.752209010012,0,4.0
15518.667434071453,1,1.0
15522.85543720997,0,5.0
15533.746903204865,0,5.0
15535.364847472967,0,1.0
15548.039478972127,0,2.0
15548.42017647053,0,1.0
15573.267707768031,0,2.0
15573.269618376464,1,4.0
15573.706347628371,1,2.0
15575.385226630435,1,2.0
15575.581927180228,1,3.0
15576.356695951956,1,5.0
15596.669904491362,0,4.0
15601.417917264873,0,5.0
15601.418041861498,1,4.0
15601.41815046885,0,2.0
15601.42049121348,1,4.0
15604.747239740878,0,5.0
15616.182942418529,1,3.0
15618.138552039178,1,5.0
15618.13856715078,0,5.0
15618.207362118315,0,3.0
15618.419248218948,1,4.0
15618.484373114927,1,5.0
15618.48675263903,1,2.0
15618.594466579427,0,4.0
15620.530339322451,1,4.0
15633.664738057565,0,1.0
15639.974843734575,0,1.0
15645.926738996674,0,4.0
15664.716891510263,1,3.0
15671.147696640792,1,2.0
15671.577905478154,1,3.0
15674.75322537498,1,3.0
15687.401370726897,1,5.0
15689.877588707766,1,5.0
15699.490886279342,0,4.0
15699.495199593466,1,4.0
15699.536621013145,0,1.0
15717.410246037525,0,5.0
15734.424697103357,0,2.0
15734.77697209573,0,2.0
15745.346042338175,0,1.0
15745.62940044557,0,1.0
15763.581188492297,1,4.0
15763.606543152166,1,1.0
15763.876531333804,0,5.0
15794.242491664536,0,2.0
15813.330612290312,1,5.0
15824.208164801674,0,1.0
15828.18320069298,1,2.0
15835.365014312894,0,4.0
15835.507016458409,1,2.0
15844.694628808964,0,3.0
15845.608836974901,1,4.0
15854.086403872496,1,2.0
15861.181420640227,0,1.0
15876.531311091352,0,4.0
15876.537316657303,1,3.0
15876.537358267542,1,5.0
15891.247033434174,1,3.0
15893.802556850753,1,1.0
15896.845835853781,1,1.0
15906.648795176168,0,5.0
15906.649195558479,0,5.0
15910.873535522975,1,2.0
15918.693954298842,0,1.0
15927.81897818342,1,1.0
15932.98763513265,0,5.0
15954.444666589576,1,5.0
15961.088698173455,0,2.0
15965.936039837858,1,4.0
15966.236802356549,0,2.0
15966.455222348424,1,5.0
15968.01865150435,1,3.0
15975.74248011966,0,2.0
15987.283454977834,0,5.0
15988.495272905458,1,5.0
15988.497481320343,0,1.0
15996.901221780981,0,4.0
16007.051087013477,0,4.0
16007.05613639176,1,5.0
16007.326316817029,1,5.0
16010.863389455386,0,3.0
16025.424877769985,1,1.0
16030.023420771464,1,1.0
16041.295479948103,0,5.0
16041.313632204783,1,3.0
16041.533617671937,0,2.0
16041.990076428872,0,4.0
16068.063189853157,1,5.0
16068.075975652939,1,5.0
16068.222312029731,0,1.0
16071.574807498802,1,3.0
16073.006678796693,0,3.0
16073.928304564779,1,2.0
16078.895811488812,0,5.0
16083.717353265933,1,4.0
16084.814977946093,1,5.0
16097.87552754259,1,3.0
16136.802292772112,1,5.0
16136.833041381124,1,3.0
16141.036775797967,0,2.0
16141.71973735797,1,5.0
16142.320619697115,1,5.0
16145.14083023515,1,2.0
16146.608969382574,0,1.0
16152.737058107648,0,2.0
16161.0571944963,0,3.0
16165.054295525128,0,2.0
16165.91110224122,0,5.0
16165.937243589908,1,4.0
16175.554942450963,1,3.0
16177.481867895887,0,5.0
16179.132025640081,0,1.0
16186.282759815855,0,3.0
16189.247310310528,1,3.0
16189.751675040328,0,3.0
16191.654292942589,0,1.0
16211.099147484309,1,4.0
16222.870074522565,0,4.0
16222.872103355241,0,4.0
16226.853392433397,0,3.0
16232.677550445964,1,5.0
16253.198808820824,1,5.0
16262.590486540852,1,1.0
16265.186900742046,1,4.0
16282.703627108982,0,5.0
16285.561652010276,0,3.0
16297.376436058083,0,2.0
16319.40491004554,1,1.0
16326.560294002247,1,3.0
16337.891353652987,1,4.0
16338.019903133867,1,5.0
16340.666510670086,0,4.0
16340.684265472448,0,4.0
16340.717073835878,1,5.0
16347.067012834954,0,3.0
16347.194895008975,0,5.0
16363.004504215789,1,3.0
16371.402212433846,1,3.0
16371.462624070835,1,2.0
16372.216515935166,1,3.0
16372.21678696358,0,1.0
16372.332666315759,0,2.0
16373.51181189139,0,1.0
16377.259445110185,1,3.0
16384.355039310376,0,2.0
16404.003537109675,1,1.0
16413.025379759933,1,5.0
16413.04126166473,0,1.0
16416.206955963713,0,3.0
16416.210503399896,1,4.0
16416.81870984034,0,3.0
16421.868586834757,1,1.0
16427.607294973117,1,2.0
16427.61716966766,0,4.0
16441.917080271705,0,5.0
16451.96567846384,0,4.0
16479.436034921895,0,2.0
16490.75969638549,1,4.0
16490.76665651043,0,5.0
16505.44785992038,0,3.0
16506.264491767666,0,2.0
16506.350359878164,1,5.0
16506.36491409934,0,1.0
16508.63759236497,0,1.0
16543.06473154782,0,1.0
16576.138735300763,0,1.0
16577.799132262993,1,4.0
16580.83594277085,0,2.0
16593.480527303116,0,3.0
16607.746279092895,0,2.0
16612.340147532723,0,3.0
16636.924607216322,1,1.0
16640.431584507634,1,1.0
16640.931938379348,1,3.0
16642.528051705267,1,2.0
16659.547016245215,0,1.0
16661.50410247834,1,5.0
16663.09936561949,0,1.0
16664.485525512926,0,2.0
16676.867434522985,1,5.0
16676.9313840377,1,3.0
16678.32708504452,0,1.0
16683.37740512363,1,4.0
16728.638431997337,0,3.0
16733.896843302973,1,1.0
16740.097929481733,0,2.0
16748.84227063324,1,2.0
16753.361028327236,0,2.0
16757.32544180063,1,2.0
16777.979321937946,1,4.0
16778.011417698053,0,3.0
16778.648226227706,1,4.0
16778.6875054447,0,5.0
16779.158486849756,1,2.0
16786.67048833412,1,2.0
16805.38002077751,1,1.0
16806.530118837545,1,2.0
16813.91678256155,0,1.0
16823.24135345186,1,2.0
16825.453763826783,0,3.0
16836.947105556148,1,4.0
16840.28619776784,1,2.0
16863.468947349967,1,2.0
16863.68464631279,1,3.0
16867.14773477968,1,2.0
16907.2048221718,0,4.0
16911.652479188724,1,5.0
16911.958680005617,1,4.0
16913.2339031346,1,1.0
16924.432226680972,0,1.0
16931.196145584945,1,2.0
16935.659051586794,0,2.0
16946.151742134592,0,4.0
16947.114832069255,1,5.0
16955.86324713957,0,4.0
16963.765318042646,0,4.0
16963.769424464997,0,1.0
16964.072771055722,0,1.0
16975.08097765018,1,1.0
16992.61912483162,1,4.0
16997.05386918794,0,5.0
17009.870753463652,1,4.0
17012.21963636305,1,2.0
17022.487975783653,0,4.0
17025.600183945447,1,1.0
17042.22778922181,0,1.0
17044.158144675217,1,2.0
17060.565583400898,1,1.0
17075.96698620902,1,4.0
17077.64250318833,1,4.0
17078.47618793709,0,5.0
17085.115031298967,1,1.0
17085.838804676758,1,4.0
17086.25533263753,1,3.0
17086.441276538044,0,3.0
17091.3399677362,1,5.0
17098.792824210544,0,2.0
17099.074734893642,1,5.0
17099.10666309957,0,3.0
17101.64305265001,0,1.0
17109.103319816793,1,4.0
17113.71933903374,1,3.0
17128.5596932752,0,3.0
17128.560886892876,1,4.0
17128.56531051828,0,5.0
17136.98824893871,1,5.0
17136.99069665057,0,2.0
17150.38423031179,0,4.0
17157.131671725896,1,3.0
17174.49910661115,1,4.0
17175.7693130357,0,4.0
17176.15943515615,0,3.0
17192.91674426922,1,5.0
17193.167501753178,1,5.0
17193.36214244101,0,5.0
17193.362166366882,1,2.0
17203.038771539646,1,1.0
17213.850189817123,1,3.0
17222.976254967758,0,4.0
17225.83062919204,1,1.0
17227.815190343008,0,4.0
17256.82200942628,0,2.0
17263.65728135292,1,5.0
17273.81242186618,1,3.0
17291.943680099725,1,2.0
17292.159854243277,0,3.0
17303.46011683434,0,1.0
17304.677149859323,1,1.0
17305.4664119206,0,1.0
17305.609616758928,0,1.0
17308.026865454103,1,1.0
17317.240534319804,0,4.0
17334.270742575227,1,3.0
17334.278737121447,1,5.0
17335.686434403273,0,1.0
17340.037756286623,1,3.0
17381.889190543116,0,3.0
17391.62319798745,0,2.0
17400.523922376233,1,5.0
17400.52651211416,0,4.0
17411.043060597043,1,3.0
17421.616714544496,0,3.0
17426.815521873796,1,4.0
17436.271157727082,1,1.0
17439.99421901173,0,1.0
17446.051159759172,1,5.0
17450.8469020732,1,3.0
17455.288341748797,1,2.0
17461.243364506998,1,1.0
17475.143373809282,1,2.0
17505.393047419024,0,2.0
17550.354362269154,0,1.0
17552.19647296971,1,3.0
17555.033841673354,1,5.0
17556.768169483865,1,2.0
17573.38477644765,1,5.0
17582.77089970365,1,3.0
17595.1031756903,1,4.0
17602.43931699129,1,2.0
17605.505390441896,0,5.0
17606.60506136995,1,1.0
17614.84034447028,0,5.0
17621.46330105066,0,3.0
17621.463665151856,1,1.0
17623.08225828257,0,1.0
17626.71712096046,1,5.0
17626.71907992753,1,4.0
17626.82756407497,0,4.0
17626.86592731553,0,1.0
17633.778078001924,0,1.0
17636.373787428955,0,2.0
17636.56512255924,0,5.0
17644.502740782413,0,2.0
17651.61106953102,0,2.0
17661.342555150986,1,1.0
17661.718273033614,0,2.0
17679.29342720805,1,2.0
17686.51027625751,0,3.0
17702.920731010254,1,5.0
17702.92099695991,0,4.0
17712.625321174135,1,4.0
17734.050274163343,0,5.0
17738.229324841563,0,5.0
17738.239587958,1,4.0
17748.44552426512,1,3.0
17764.966953807896,0,1.0
17785.113648744325,1,3.0
17787.39402743351,1,2.0
17795.0293877653,1,2.0
17795.13452400772,0,5.0
17808.678255855313,1,3.0
17831.88984887877,1,1.0
17839.832441317696,1,3.0
17850.834260431573,0,2.0
17861.44807938311,1,5.0
17867.847238937426,1,4.0
17870.469748101164,1,3.0
17870.48238749391,1,4.0
17873.987087227353,0,5.0
17874.590779416154,0,4.0
17875.474274527784,0,5.0
17883.200219008988,1,1.0
17906.43347875702,0,4.0
17910.051949225253,1,3.0
17913.057820896902,0,3.0
17913.073178225743,0,4.0
17913.073233740804,0,4.0
17922.018735868336,0,2.0
17922.024570189147,0,4.0
17924.934254657597,0,3.0
17939.56997632646,0,3.0
17940.088122259353,1,4.0
17942.387859233655,0,5.0
17942.38899151466,1,1.0
17944.83174928495,0,3.0
17961.264852829605,1,4.0
17962.883589900175,0,4.0
17963.436820437415,0,5.0
17964.0612599727,0,2.0
17964.938225434908,1,3.0
17964.94724931417,0,2.0
17966.34986592713,0,3.0
17967.101058420874,0,1.0
17975.916301060042,1,2.0
17976.091790914787,0,2.0
17978.67548396008,1,5.0
17978.77276086813,0,4.0
17993.565025593096,0,3.0
17993.582497706648,1,2.0
18021.595741489175,0,5.0
18021.597289229867,0,5.0
18021.930871258402,1,1.0
18022.540058884217,0,2.0
18033.997428436047,0,2.0
18036.94434729321,0,5.0
18036.944537408788,1,1.0
18036.94503255059,0,1.0
18036.94953373274,1,3.0
18036.973277040965,0,4.0
18043.031950533332,0,1.0
18044.839758131828,1,4.0
18046.49425703682,0,4.0
18050.75288001473,1,5.0
18050.87770406789,1,5.0
18064.021222869724,1,2.0
18064.558112270777,0,4.0
18073.22121994036,1,5.0
18077.73123774568,0,3.0
18078.35141637463,1,4.0
18099.210171435254,0,3.0
18102.569073999242,0,3.0
18102.572396570115,1,1.0
18103.078372115855,1,2.0
18116.501986614792,0,4.0
18147.17164412595,1,2.0
18177.199087055713,1,1.0
18188.32527721256,1,1.0
18189.966342162443,1,3.0
18189.99308941963,1,3.0
18192.639755912598,1,3.0
18193.635764915205,1,4.0
18193.81612216844,0,4.0
18200.72218342105,1,5.0
18202.6738869886,0,5.0
18208.851202156085,0,4.0
18217.96260249592,1,1.0
18219.169354784266,1,1.0
18223.350635147235,0,3.0
18223.53130501988,0,3.0
18263.117928160762,1,4.0
18268.987753756366,1,2.0
18274.220639217216,0,4.0
18274.229150955252,1,5.0
18274.26090613071,1,2.0
18274.767333933683,0,1.0
18280.563224298,0,4.0
18283.756451536163,1,2.0
18296.794847715108,0,2.0
18297.17790259476,0,4.0
18311.330026204585,0,4.0
18311.354685793613,1,4.0
18311.765577106733,0,5.0
18314.545797454743,1,3.0
18314.5469952676,0,5.0
18314.98940766352,1,4.0
18315.00209228091,1,5.0
18315.067165156004,1,1.0
18321.187152342878,0,2.0
18324.09070624289,0,5.0
18341.256352529665,1,2.0
18349.60090552557,1,2.0
18362.456234301357,1,1.0
18364.73529545991,1,3.0
18395.901468664833,1,4.0
18396.668169675457,1,2.0
18414.682513658292,1,4.0
18419.191693311423,1,2.0
18455.14553957577,1,4.0
18457.605266591167,1,1.0
18459.51465298079,0,4.0
18460.31397815039,1,4.0
18460.991619560853,1,1.0
18463.62528356053,1,1.0
18472.143889248266,0,2.0
18472.939490837427,0,5.0
18477.821294365665,1,4.0
18477.82172922682,0,2.0
18480.203654833567,1,3.0
18491.41592170317,0,4.0
18498.957078553627,0,5.0
18505.379308685595,1,4.0
18505.3953445327,0,5.0
18505.533456138044,0,1.0
18510.277289695805,1,2.0
18516.663105308176,1,3.0
18524.28298507827,1,2.0
18524.666732278885,1,3.0
18529.671553438497,0,1.0
18529.854258782187,0,3.0
18540.224833140353,0,4.0
18547.48630350472,1,3.0
18560.001367908066,1,3.0
18574.48206728043,0,1.0
18584.11797422125,0,5.0
18584.4101076977,0,1.0
18597.924133562723,1,3.0
18599.9815115778,1,3.0
18610.80055088738,1,2.0
18611.344533283816,0,3.0
18624.417740806395,0,2.0
18658.60312932886,0,3.0
18684.904443046278,0,2.0
18693.259475978957,1,5.0
18696.43919728043,1,5.0
18696.449796667228,0,4.0
18708.308144971426,1,2.0
18718.203434019957,1,1.0
18730.0252174033,1,4.0
18735.142083437582,1,4.0
18746.222730968355,0,3.0
18746.660263570393,1,4.0
18746.66126014282,0,5.0
18746.661713423553,0,1.0
18752.154421077128,1,3.0
18752.154449245394,0,5.0
18752.173203822676,1,4.0
18752.30977806791,0,4.0
18767.391504475112,0,5.0
18777.556871254208,0,5.0
18782.328674950077,0,4.0
18794.28204752124,1,2.0
18797.012225451068,1,5.0
18797.56123749658,1,5.0
18797.561483241756,1,3.0
18798.46541811,0,5.0
18801.188541525597,0,4.0
18824.034653605988,1,5.0
18840.14047565139,0,2.0
18840.326705962972,0,3.0
18840.342165165413,1,5.0
18854.36993233245,0,4.0
18854.370617009303,1,3.0
18854.379458600815,0,2.0
18863.23903793014,1,3.0
18867.2081170135,0,2.0
18867.78244841767,1,2.0
18901.60258471879,1,1.0
18906.305888221417,1,4.0
18909.38089936448,1,3.0
18915.4197457882,0,2.0
18941.91388650045,0,1.0
18943.22726284965,1,4.0
18955.311132050512,1,5.0
18960.72300667366,0,2.0
18993.614690419723,0,1.0
18997.708813854293,1,4.0
19009.827111589722,0,4.0
19009.828711921647,0,5.0
19009.856854494865,0,2.0
19009.859490970124,0,5.0
19038.92562004071,0,5.0
19052.010137594898,0,4.0
19057.988090770283,0,1.0
19058.342247390865,0,3.0
19058.478257240095,0,1.0
19069.207701745032,0,3.0
19069.20808762909,0,3.0
19069.994003468073,1,3.0
19076.704539923576,1,5.0
19094.21700646833,0,5.0
19094.231742066833,1,5.0
19095.08227543219,1,2.0
19095.759420978527,1,4.0
19096.679659619687,1,2.0
19103.794564453066,1,3.0
19104.59289497685,0,5.0
19116.408383013386,1,5.0
19122.789366406712,0,1.0
19142.508137589208,1,3.0
19159.96797796873,1,5.0
19159.972034118975,0,5.0
19162.827546515193,1,4.0
19162.98858774343,0,1.0
19171.148523274125,1,5.0
19171.1715981208,0,3.0
19171.48267809914,0,4.0
19172.392545008857,1,2.0
19188.762549127794,1,5.0
19198.443095487735,0,5.0
19206.03361705098,1,2.0
19207.893762244832,0,2.0
19207.91398132988,1,3.0
19213.361113562238,1,3.0
19222.079652229917,1,4.0
19225.726633721908,0,1.0
19225.894556236068,1,1.0
19234.89822265351,0,5.0
19235.291744541402,0,4.0
19236.089049197188,1,2.0
19240.763571956755,1,4.0
19248.77614440988,0,1.0
19292.83627597585,0,2.0
19315.43333905071,0,4.0
19315.458451424536,1,3.0
19316.436716839005,0,4.0
19317.19219784208,0,2.0
19318.76371241418,0,1.0
19318.91482892054,0,3.0
19336.7969456593,1,2.0
19339.150143610954,0,3.0
19339.41668346019,0,5.0
19353.113887754684,1,3.0
19363.87785134842,0,1.0
19374.497459276,1,1.0
19374.50171913223,1,3.0
19377.384266539568,0,2.0
19392.916509550545,1,3.0
19398.64168303632,1,1.0
19405.68567527258,0,5.0
19430.835790673467,1,3.0
19436.929487799945,1,5.0
19437.149389431343,1,2.0
19437.15522852916,0,4.0
19442.739791394473,1,1.0
19444.207189578294,1,3.0
19452.823478604467,0,5.0
19461.880100597584,0,1.0
19464.16302854858,0,3.0
19466.08482800302,0,5.0
19495.696607862497,1,3.0
19499.125366093922,0,4.0
19500.325156278894,1,1.0
19506.22444167562,0,1.0
19506.812008131288,0,1.0
19512.198022436747,1,4.0
19512.199913426502,0,5.0
19513.969657863032,1,4.0
19513.982322961096,1,3.0
19525.63808497281,1,5.0
19538.908308147522,1,5.0
19541.45509243571,1,1.0
19562.269345631717,0,1.0
19565.988609943597,1,1.0
19568.771701830978,1,5.0
19588.673114751036,1,4.0
19595.420561287905,0,2.0
19596.002184030025,0,2.0
19609.167248705417,1,2.0
19612.916059117262,0,5.0
19613.210828338793,1,5.0
19629.145607080532,1,4.0
19629.492182029488,1,1.0
19635.024688120382,0,5.0
19635.097745349514,0,1.0
19648.939993137174,1,2.0
19679.671185144336,0,2.0
19685.03655665448,0,1.0
19689.894501711195,0,5.0
19689.99504386615,0,5.0
19690.347167047403,1,2.0
19692.21452100578,0,5.0
19707.095791244577,0,1.0
19711.43955269496,1,2.0
19711.596266987923,1,4.0
19719.1633869417,0,2.0
19736.16965274277,1,3.0
19754.299735330696,1,3.0
19760.588452515633,0,1.0
19768.78437662835,1,4.0
19775.772364620945,1,2.0
19775.870456200842,1,3.0
19790.425457663616,0,4.0
19790.558883959486,1,1.0
19800.48072675765,1,5.0
19800.483952254246,1,3.0
19810.459921308917,0,3.0
19818.129275506835,0,4.0
19818.147378717305,1,1.0
19834.926667229447,1,3.0
19840.93421507391,1,4.0
19846.43858729618,1,4.0
19859.35070292707,1,3.0
19859.645181133037,0,1.0
19859.80626721711,0,2.0
19860.53981243088,1,1.0
19900.95669639324,1,2.0
19900.959923337796,0,4.0
19902.968101367147,1,2.0
19905.23011608054,0,5.0
19909.095837774228,1,3.0
19924.511872770738,1,1.0
19935.564688351464,1,1.0
19938.692284004075,1,3.0
19938.99902648288,1,1.0
19940.939106344897,1,5.0
19942.480015942107,1,1.0
19944.066784655755,1,2.0
19945.338038369006,1,1.0
19953.39750884184,0,4.0
19953.405215150528,0,4.0
19965.006131068192,1,1.0
19975.85099100189,0,5.0
19980.93411500951,1,3.0
19981.587387803283,0,5.0
19981.695296425245,0,2.0
19983.593142745867,0,5.0
19983.597627763087,0,1.0
19992.913640980423,0,1.0
20011.99175191036,1,2.0
20014.251272455327,0,4.0
20014.25344833306,1,2.0
20052.25610304717,0,1.0
20060.147905269034,1,5.0
20061.663265432984,1,3.0
20099.323022816377,0,1.0
20129.132122167426,1,4.0
20134.665712451333,0,2.0
20154.796793470116,1,4.0
20159.618261675936,0,4.0
20159.62188947743,0,2.0
20166.991221467662,1,5.0
20167.871383033427,1,3.0
20173.55284928547,1,3.0
20182.7813188829,0,3.0
20186.9575723054,0,1.0
20193.756956547913,1,4.0
20199.976334021474,1,5.0
20199.97665851059,0,5.0
20199.977876772846,0,2.0
20207.34943637272,0,5.0
20207.35093560329,1,1.0
20211.073025167174,0,5.0
20211.073945482,0,4.0
20211.076556335935,1,1.0
20211.078240813393,1,4.0
20211.359467979157,0,4.0
20215.875358136338,0,5.0
20215.883457352524,0,1.0
20218.61952408206,1,2.0
20225.607572319874,1,3.0
20225.610723178976,0,1.0
20234.540960276052,0,5.0
20248.379641995874,0,5.0
20248.380456334482,1,5.0
20251.810111018458,1,5.0
20255.289023664314,1,1.0
20264.142903144202,1,1.0
20266.435943351582,0,3.0
20280.851166467615,0,5.0
20280.86899276655,1,4.0
20280.875649332214,1,4.0
20287.39500172249,1,1.0
20302.13693179531,1,4.0
20306.09895049199,1,1.0
20319.948250830763,0,3.0
20345.81344044168,0,3.0
20358.580784296326,1,3.0
20368.010625351475,1,2.0
20371.90650318068,0,5.0
20373.045427060857,1,3.0
20373.045797589202,0,5.0
20373.14909149242,1,4.0
20378.60079562043,1,1.0
20384.415729925386,1,1.0
20399.74755281265,1,2.0
20407.62278198522,0,1.0
20414.015109262757,1,1.0
20425.979689435662,1,1.0
20427.519617915106,0,3.0
20444.274301192872,0,5.0
20444.28391851603,0,5.0
20444.28594685272,0,2.0
20444.457988323084,1,1.0
20444.68891171203,0,2.0
20444.842477782186,1,3.0
20447.721897618638,1,4.0
20447.724093957055,0,4.0
20447.743412440985,1,3.0
20448.307953417177,0,4.0
20468.259217504732,1,1.0
20469.08656141184,0,3.0
20494.341580554512,1,4.0
20494.34230448019,1,3.0
20503.18758780101,1,3.0
20506.71251419204,1,4.0
20506.716898259325,1,3.0
20507.343190876512,1,5.0
20507.343413091974,0,5.0
20507.361934563985,0,5.0
20507.4322413438,0,3.0
20516.496412763034,0,5.0
20520.569850209824,0,2.0
20521.502216011,1,4.0
20532.318382389778,1,3.0
20532.318537698764,0,3.0
20532.32149580662,0,1.0
20544.128111409922,1,3.0
20561.540011744895,1,4.0
20561.674731361738,1,3.0
20587.252334782672,0,2.0
20608.12376829931,1,3.0
20613.035522410788,0,3.0
20618.877354565848,0,4.0
20621.11869358162,1,1.0
20623.575977495686,0,4.0
20628.42844631508,0,3.0
20642.48249257852,1,2.0
20647.828082167907,1,2.0
20649.803012798344,1,1.0
20651.26202107806,0,2.0
20652.466652251125,0,2.0
20664.784660738234,1,1.0
20667.77597144537,0,2.0
20678.216782038355,1,1.0
20681.417435852756,1,5.0
20681.707816948117,0,5.0
20681.917410436305,0,3.0
20687.46873926607,0,1.0
20695.380207580205,0,3.0
20701.85559792269,1,1.0
20704.97916312437,1,2.0
20707.706367240688,0,1.0
20712.56866399618,1,4.0
20712.56972575818,1,1.0
20716.167899911576,1,1.0
20743.61412136465,1,4.0
20746.273724901304,0,4.0
20746.276491904053,1,1.0
20755.370984260368,1,4.0
20771.309981438433,0,4.0
20773.147095738812,1,1.0
20773.643607661277,1,4.0
20773.676788630168,0,3.0
20773.67836148402,0,3.0
20775.906907945515,1,5.0
20778.121606624594,0,5.0
20779.319883925848,1,5.0
20782.174062106114,1,2.0
20782.17411129019,0,1.0
20786.75927209384,1,4.0
20797.759622792924,0,5.0
20797.886107450064,0,3.0
20798.936960215426,0,1.0
20806.981140659886,0,4.0
20850.171357228453,0,1.0
20857.385884141877,0,4.0
20857.402599876015,1,4.0
20858.172424491495,0,1.0
20869.865625933588,1,5.0
20873.385942008543,1,4.0
20879.707829970903,0,3.0
20881.666932380205,0,3.0
20882.098770891356,1,3.0
20894.009651276676,1,4.0
20913.07056246533,1,3.0
20930.462221324746,0,2.0
20931.3621554679,1,5.0
20931.36727856002,0,1.0
20935.1330444209,0,5.0
20960.459825658563,0,3.0
20960.460744861575,0,3.0
20960.461077885895,0,1.0
20961.25717805327,0,4.0
20962.591714488324,0,5.0
20962.59182345064,1,3.0
20965.18855578655,0,4.0
20965.7401018392,0,1.0
20973.231033764667,1,5.0
20973.86220360031,1,3.0
20979.187223179466,0,2.0
20979.18722446975,0,4.0
20979.736199342562,0,2.0
20980.018195008728,1,5.0
20994.244361154295,0,5.0
20994.245408875253,0,3.0
21012.482441648826,1,1.0
21021.5855147472,0,5.0
21029.767760190152,0,1.0
21045.169696845893,0,2.0
21047.972746819574,1,5.0
21062.494695948102,1,5.0
21062.495198883902,0,5.0
21067.1615198694,0,4.0
21068.448878576928,1,5.0
21071.353157983158,0,5.0
21071.353585484205,0,1.0
21071.35468935207,0,1.0
21076.75213750078,0,2.0
21077.884429413847,0,5.0
21087.53106842672,1,1.0
21100.22622015677,0,5.0
21100.232309472896,1,4.0
21108.519374053918,0,2.0
21122.58514659008,1,2.0
21122.87767150106,1,4.0
21124.52587788949,1,3.0
21129.1498884402,0,4.0
21146.026446375858,0,5.0
21146.146400013622,1,4.0
21147.68552319531,0,3.0
21151.47496522825,1,2.0
21179.193273482884,1,1.0
21180.73544194391,0,2.0
21180.983672618084,0,4.0
21180.987029843418,0,5.0
21180.990790936612,1,4.0
21181.051497977547,0,1.0
21201.541903309208,0,3.0
21205.53474630552,1,2.0
21216.043427556706,0,4.0
21222.284752935728,1,5.0
21222.316470609007,0,3.0
21225.346390071372,1,2.0
21245.810741211244,0,3.0
21245.81207535288,0,5.0
21245.96966029928,0,4.0
21246.015362867776,1,5.0
21246.125142330824,0,4.0
21246.12919585647,1,1.0
21255.204714116455,0,2.0
21288.916484522953,1,4.0
21288.91677594909,1,3.0
21301.15895504189,1,4.0
21311.588966721443,1,5.0
21311.59042564049,0,4.0
21312.82130591672,0,3.0
21312.8236052352,1,3.0
21314.506735656625,1,1.0
21317.795764167342,1,1.0
21324.114924428177,0,5.0
21355.968496296504,1,3.0
21362.903865267956,0,1.0
21371.327962176987,1,5.0
21376.876546000956,0,5.0
21385.310541105486,1,1.0
21411.059847040313,1,4.0
21411.074200668332,1,3.0
21434.536663526516,0,5.0
21439.303966071013,0,1.0
21462.527877463795,1,4.0
21462.695029371083,1,1.0
21468.25382215674,1,3.0
21471.004890826673,1,3.0
21473.89131952702,0,5.0
21496.492553023745,0,1.0
21500.823058631762,1,1.0
21505.6314252616,0,2.0
21506.517001264085,1,1.0
21516.70902762462,0,3.0
21519.393892057793,1,4.0
21522.297288010974,1,2.0
21535.772393637733,1,3.0
21540.288108603534,0,2.0
21540.317540818236,1,3.0
21540.345959257258,1,1.0
21546.054608308357,1,1.0
21546.308145003055,0,1.0
21547.91465043379,0,2.0
21547.914980022506,1,4.0
21548.7034065697,1,2.0
21561.542411379356,0,1.0
21563.212925985034,0,1.0
21564.58065021358,0,1.0
21582.241599268622,1,2.0
21585.536557535004,0,3.0
21585.546552416614,1,3.0
21585.55247257265,0,2.0
21586.047647409985,1,4.0
21586.052524955285,0,4.0
21593.55247841967,0,5.0
21596.751248956683,1,3.0
21609.62474238178,0,4.0
21611.87957127206,1,1.0
21622.797287700472,0,3.0
21645.46572603701,1,3.0
21667.246358474855,0,5.0
21667.258640017873,0,4.0
21667.262529173226,0,3.0
21667.265184809377,1,4.0
21671.31209323393,0,3.0
21683.68896681114,0,4.0
21692.128806085257,1,5.0
21697.425132476314,1,1.0
21701.629445460192,1,4.0
21705.441952563455,0,5.0
21711.345737974658,0,4.0
21712.020609324176,1,5.0
21715.5861346627,0,1.0
21719.05201577798,1,5.0
21719.068910356826,0,2.0
21719.172178241894,0,2.0
21719.369353621052,1,4.0
21719.394152094905,1,4.0
21719.536357370253,1,4.0
21722.471220670777,1,4.0
21735.621998564588,0,5.0
21740.400646664995,1,5.0
21740.462108567866,0,4.0
21740.46263689132,1,5.0
21740.46283991207,0,1.0
21740.464282666442,0,5.0
21740.490288268047,0,4.0
21740.507821847477,1,2.0
21745.888966481732,0,2.0
21765.267761738047,1,4.0
21768.35930723902,0,4.0
21770.688598960605,1,1.0
21774.996256986702,0,2.0
21777.03462203862,1,1.0
21778.628703848168,0,3.0
21782.18855503887,0,2.0
21795.687975523884,0,1.0
21799.5190146873,1,5.0
21799.62065958806,1,5.0
21802.751184669632,0,1.0
21802.98850389003,1,2.0
21815.496219572313,1,4.0
21815.49684450799,0,4.0
21830.361679243717,0,3.0
21832.679185197787,1,3.0
21838.72149423984,0,5.0
21838.740737821012,0,1.0
21844.894686004747,0,3.0
21852.880483900815,1,2.0
21855.50701819655,1,1.0
21859.66595504835,1,2.0
21859.7621354599,0,4.0
21872.76514673144,1,3.0
21872.76904726588,1,5.0
21872.770318580104,0,2.0
21885.793881368652,1,4.0
21886.57731190478,1,5.0
21886.58023847697,1,3.0
21887.52120130311,0,4.0
21888.5401852745,1,4.0
21888.544888642267,0,5.0
21888.548641877784,0,1.0
21888.56335699094,1,4.0
21891.74415495796,0,1.0
21898.057064962908,0,4.0
21898.858720910943,0,1.0
21899.524884714803,0,2.0
21905.95266654155,1,5.0
21915.202479170446,0,5.0
21916.42375214182,0,4.0
21916.424989549327,1,4.0
21916.431384135914,0,3.0
21926.198450979075,0,4.0
21946.359183015127,0,1.0
21955.079654828485,1,1.0
21976.691763501098,1,3.0
21986.50054708265,1,5.0
21986.50174058163,0,2.0
21997.506813409145,0,1.0
22007.104945361236,1,3.0
22025.2548416301,1,1.0
22029.861426781557,0,4.0
22034.755510456165,1,1.0
22052.280260282623,1,2.0
22059.71958558991,0,1.0
22074.990348934098,0,3.0
22075.760663400004,0,2.0
22083.829204606824,0,5.0
22085.437394686054,1,4.0
22085.532274588662,1,4.0
22090.828714668347,1,2.0
22090.959013868385,1,3.0
22123.567375305014,0,1.0
22131.01434602046,0,2.0
22135.21450459368,0,1.0
22141.798390998858,1,4.0
22143.89434643065,1,5.0
22163.43285922858,0,1.0
22167.702253477855,0,2.0
22173.683730864843,1,5.0
22180.571158606264,1,2.0
22181.918298233766,0,2.0
22195.89313174126,1,4.0
22195.894526781514,0,5.0
22212.714481314368,1,1.0
22213.085281650005,1,3.0
22213.409075407882,1,5.0
22213.40910465125,0,1.0
22213.41005851268,1,5.0
22213.41036625267,0,5.0
22213.412191049185,1,4.0
22214.48853384818,1,5.0
22214.53315211576,1,5.0
22225.882364625635,0,3.0
22229.086479594767,0,4.0
22229.090796492386,0,3.0
22229.968412153266,1,1.0
22230.13192991273,1,1.0
22236.29910668779,1,1.0
22240.798925399286,0,1.0
22249.42804110246,0,4.0
22275.127774288252,1,3.0
22275.72834495902,1,5.0
22281.186762811813,1,2.0
22281.18727907696,0,2.0
22284.13672114184,1,2.0
22286.678332251784,1,5.0
22286.68499177906,1,2.0
22292.29261498934,1,1.0
22298.895689868597,0,1.0
22301.379765715476,0,1.0
22304.119950048072,1,3.0
22304.789500663766,0,3.0
22307.968094417454,1,4.0
22318.039458983847,1,4.0
22318.040171879602,1,2.0
22322.479413537214,0,3.0
22323.68460517216,1,5.0
22325.43890535087,0,1.0
22338.95926613731,1,1.0
22338.96004536659,1,1.0
22348.414819976126,1,3.0
22348.647128805733,0,4.0
22348.682303642352,1,1.0
22350.898782395405,1,5.0
22350.89963313435,1,1.0
22351.489955636243,1,2.0
22354.704642113054,1,5.0
22360.552679770833,1,1.0
22364.73614158775,1,3.0
22364.772944357803,0,5.0
22380.938872249662,0,2.0
22392.89680617511,0,3.0
22394.329370033116,1,5.0
22394.368532677243,1,5.0
22394.624923344334,1,3.0
22394.63255078403,1,5.0
22394.651372206303,0,3.0
22409.049856302918,0,5.0
22409.055541856236,1,5.0
22409.639976369715,1,5.0
22409.78178376564,1,1.0
22409.971741594665,1,1.0
22411.64488524615,0,4.0
22411.66164407586,1,1.0
22412.82703219407,0,1.0
22418.41902567153,0,2.0
22425.998203702955,1,2.0
22440.75984456786,1,1.0
22450.24193868782,0,2.0
22459.728287290185,1,1.0
22494.81397661552,0,3.0
22500.169011288952,0,4.0
22500.184321964778,0,3.0
22507.6820625766,1,1.0
22508.235011027267,0,4.0
22509.19287660486,0,1.0
22519.170762307476,1,3.0
22519.35039937331,0,2.0
22524.406909029145,0,5.0
22524.709509213983,1,2.0
22534.892104226776,0,5.0
22534.940419904375,1,5.0
22536.438900117202,1,3.0
22542.5561367567,1,1.0
22549.683763547037,1,5.0
22553.1456381383,0,1.0
22553.154072791047,1,1.0
22553.16197467298,0,1.0
22576.450361175703,1,4.0
22582.32236663237,1,2.0
22583.761056129715,0,4.0
22584.064071222187,1,4.0
22588.361848078704,0,4.0
22595.89510221622,0,4.0
22608.71004279957,0,4.0
22608.71017175389,1,1.0
22611.428509123412,1,1.0
22637.6415118273,1,4.0
22637.883553846546,1,4.0
22637.88455274017,1,5.0
22639.556857854113,1,3.0
22652.81433713617,1,5.0
22654.720117741406,0,1.0
22664.09921928546,1,3.0
22667.57891378954,0,4.0
22672.022739559994,1,5.0
22684.415801910607,1,4.0
22689.00733075582,1,5.0
22689.00744822915,0,2.0
22690.137759566023,1,4.0
22693.371096979226,1,1.0
22695.858627229223,0,4.0
22700.63157523773,0,4.0
22700.65673177073,0,2.0
22708.356116092593,0,5.0
22710.09562244692,0,4.0
22710.096759437543,1,1.0
22710.097558437206,1,2.0
22710.5595604691,0,4.0
22718.304587691502,1,1.0
22727.402956935628,1,5.0
22728.096468302505,1,3.0
22732.42780613595,0,3.0
22734.24958575261,1,2.0
22737.049132352815,0,2.0
22737.53387015441,1,2.0
22762.711662091602,0,1.0
22768.305089038793,0,1.0
22779.003997760552,0,3.0
22830.567985692225,0,1.0
22833.04545758361,1,3.0
22833.0480971344,1,2.0
22833.257012263814,1,3.0
22834.88105021802,1,2.0
22845.944054644493,0,2.0
22858.65034294346,1,4.0
22858.650418049117,0,2.0
22858.653634876406,1,1.0
22888.246354900686,1,1.0
22888.763569389084,1,3.0
22896.98251489904,1,4.0
22919.615183507372,0,4.0
22943.59646222483,1,2.0
22944.732083195202,0,3.0
22952.229543065303,1,3.0
22962.68065614125,1,4.0
22992.92501250821,1,3.0
22996.608331437918,0,4.0
22997.42182186536,0,5.0
22997.42889193223,1,3.0
22997.596785605216,1,2.0
22999.080412929474,0,1.0
23000.182499182625,0,5.0
23000.18320418963,1,4.0
23000.24260837605,1,2.0
23005.26293049672,0,5.0
23006.22429222727,1,5.0
23006.548557234753,1,4.0
23006.729199468125,1,5.0
23006.85756463385,1,2.0
23008.257293920058,1,4.0
23034.68306623893,0,3.0
23035.851813289584,0,5.0
23038.33747510786,1,2.0
23038.69144379951,0,3.0
23058.237764147776,0,1.0
23066.16085246405,0,4.0
23079.057337006438,0,2.0
23081.296026673248,1,5.0
23081.325292093956,0,4.0
23097.040738393312,1,2.0
23101.337425994083,0,2.0
23113.785748214555,0,5.0
23133.013798159107,1,1.0
23139.64418964284,1,5.0
23140.716735889928,1,2.0
23141.24537387053,0,4.0
23149.680740525942,0,3.0
23149.720954093278,0,4.0
23155.24549995993,1,4.0
23155.246927212946,1,4.0
23155.453628895644,1,3.0
23167.999365037194,0,4.0
23187.60551512603,0,2.0
23191.401584469662,1,5.0
23192.71985640025,1,1.0
23194.364812712847,1,3.0
23194.40943937078,1,1.0
23200.79831249703,1,1.0
23224.099508164472,0,1.0
23228.880389554397,0,5.0
23228.91048763668,0,1.0
23229.17894061983,0,3.0
23230.156989174397,0,4.0
23232.85193413052,1,2.0
23235.47965486484,0,3.0
23246.798989724295,0,4.0
23246.800478937952,0,2.0
23246.99452744372,1,5.0
23247.04070154741,1,2.0
23247.09873400461,0,3.0
23254.397840087928,1,2.0
23255.049165960772,0,2.0
23257.890551847733,0,5.0
23262.554745359215,0,2.0
23301.208049433513,0,4.0
23305.77231847503,0,1.0
23307.10421301943,0,1.0
23307.922482122016,1,3.0
23335.406752932606,0,3.0
23357.422246307247,1,2.0
23361.942578956176,1,1.0
23367.79202928184,1,2.0
23368.618365216407,0,3.0
23372.69952804816,0,2.0
23393.29304715512,1,5.0
23414.965177352395,1,1.0
23419.046810410524,1,3.0
23422.525702431616,1,5.0
23422.526947760016,0,2.0
23441.79601267815,0,5.0
23441.79621530514,1,5.0
23441.796343179623,0,1.0
23441.796602183473,1,2.0
23441.800058487115,1,2.0
23442.201056716243,1,5.0
23464.893652168492,0,5.0
23464.97857093592,1,3.0
23466.3647508171,0,4.0
23466.36626332095,0,4.0
23466.813992503343,0,5.0
23466.81400381887,0,3.0
23468.219850821908,0,3.0
23468.852690266176,0,5.0
23468.94090750024,0,5.0
23473.011111006377,1,1.0
23494.321396182222,1,3.0
23495.501099365392,0,5.0
23503.09921735709,0,1.0
23511.21399836002,0,1.0
23514.800042985757,1,3.0
23522.765857081155,0,4.0
23544.975202165762,1,2.0
23555.19053446495,1,4.0
23560.689041562837,1,5.0
23571.223377793653,0,5.0
23571.22471170612,1,4.0
23574.266454437082,1,3.0
23574.97467619568,1,5.0
23574.98070814161,0,4.0
23583.73116046911,1,4.0
23586.45174906837,1,5.0
23586.98356266456,1,3.0
23596.357254771006,0,2.0
23599.75560676697,1,3.0
23600.54868307814,1,3.0
23607.197001856402,0,1.0
23614.424217219468,1,5.0
23618.216686346965,1,5.0
23619.94228323462,0,5.0
23619.942750088943,1,2.0
23627.052164335495,1,2.0
23633.731042069867,1,3.0
23643.327489103656,1,2.0
23650.394637812595,1,4.0
23650.53223128193,0,3.0
23665.4834313898,0,5.0
23665.484411115343,1,5.0
23665.485870370856,1,3.0
23674.619438655776,1,3.0
23675.49566183603,1,4.0
23676.54246536568,0,1.0
23695.602747545494,0,4.0
23695.603757637058,0,3.0
23703.72846280179,0,1.0
23706.312475624636,1,1.0
23713.091987423228,0,4.0
23730.299932884176,1,1.0
23745.41787852715,0,3.0
23754.949340904,1,4.0
23756.753876509407,0,2.0
23761.54549709915,1,1.0
23762.41482856287,0,4.0
23786.112956125384,1,3.0
23786.34574220562,1,3.0
23790.60800772294,1,3.0
23817.35381192754,1,3.0
23818.046363683516,1,5.0
23832.261431771287,0,4.0
23842.359619083563,0,3.0
23853.302405945607,0,4.0
23853.55546318157,0,5.0
23853.590090441143,0,3.0
23866.667867289045,0,1.0
23867.530232154782,0,5.0
23867.53025547292,1,4.0
23867.560003091145,0,2.0
23869.126837411393,0,2.0
23875.181968366513,1,3.0
23878.885754569852,0,2.0
23893.438522783177,0,2.0
23895.012467695964,0,4.0
23895.01682405443,0,1.0
23906.151870966,1,1.0
23911.91596209096,1,3.0
23913.889002622545,1,3.0
23913.89313440065,0,2.0
23925.36838976398,1,1.0
23926.564451151793,1,3.0
23927.1716207809,1,2.0
23927.441100470838,0,5.0
23959.74010874041,0,1.0
23985.70731141602,0,1.0
23991.270490581242,0,2.0
23995.693787172688,1,5.0
23996.120681570123,0,1.0
24004.921291541756,1,3.0
24008.250245064704,1,2.0
24020.49391580355,0,4.0
24020.49391686776,1,4.0
24032.183165919876,0,4.0
24041.351039302033,1,2.0
24042.83679607307,1,5.0
24042.843735592072,0,4.0
24101.467077411777,1,2.0
24108.607286397262,1,3.0
24120.949908585982,1,4.0
24124.63304151032,0,1.0
24130.780866276622,1,4.0
24130.847996133944,1,3.0
24132.574262226964,1,4.0
24132.599447865832,1,5.0
24134.470372148568,0,4.0
24134.473178241526,0,3.0
24134.491969822924,0,4.0
24135.142091767822,1,4.0
24139.650578694327,0,4.0
24157.833231416666,1,2.0
24161.229531752455,1,2.0
24162.938350733566,0,5.0
24163.353016349698,1,5.0
24180.846116630135,1,4.0
24187.155655834533,0,3.0
24208.96404940503,1,1.0
24209.017816680764,0,1.0
24211.865901953726,1,3.0
24226.497086943746,0,4.0
24232.007321648503,1,2.0
24247.917104268912,0,2.0
24260.00201318241,1,3.0
24270.020311542732,1,5.0
24271.05550951168,0,3.0
24275.17983356782,1,2.0
24276.396727754985,1,1.0
24284.795972516666,1,2.0
24298.36604952491,1,5.0
24298.927317057598,1,5.0
24298.92821622339,0,5.0
24298.9309234287,0,3.0
24308.409073524756,1,4.0
24317.648589006138,0,1.0
24322.56394125064,0,3.0
24322.57528436505,0,1.0
24322.771543845163,1,1.0
24335.87055535233,1,5.0
24339.429293019883,1,2.0
24344.016983706766,1,3.0
24352.443576500387,1,1.0
24407.346818133043,0,5.0
24409.154127244365,0,5.0
24431.30160640048,0,5.0
24446.5928400014,0,2.0
24450.18756011003,1,5.0
24450.339224570467,1,3.0
24456.00263562937,1,2.0
24456.349792163026,0,2.0
24482.315635309526,0,5.0
24486.860840196827,0,1.0
24496.69742287788,1,4.0
24508.328418413323,0,5.0
24508.331739276655,0,5.0
24513.139464510343,1,2.0
24513.611258842593,1,4.0
24513.614089777893,0,4.0
24514.994409983618,0,3.0
24515.547897436572,0,1.0
24528.961330815506,0,5.0
24540.765277175862,0,4.0
24552.948542684637,0,3.0
24564.474499831027,0,5.0
24564.89588332621,1,3.0
24565.446665497915,1,3.0
24567.190150668353,0,4.0
24567.24959956017,1,1.0
24568.930533616905,1,4.0
24576.171862385385,0,5.0
24591.236619423238,0,2.0
24598.075570535726,0,5.0
24598.078170286248,1,5.0
24598.079212728484,1,4.0
24600.128942189487,1,4.0
24600.135480896846,0,5.0
24600.135686757283,0,1.0
24600.13717147468,1,3.0
24600.143988751788,0,1.0
24600.744913969702,1,1.0
24603.71933321882,0,1.0
24615.381959863455,1,5.0
24630.45086673875,1,5.0
24635.97443125946,0,3.0
24642.760916906518,1,5.0
24657.34677654777,0,4.0
24657.76066311288,1,2.0
24670.872964510258,1,2.0
24686.344579846478,0,1.0
24686.747219419154,1,4.0
24698.770766068534,1,2.0
24700.546519758267,1,5.0
24701.138184887262,1,3.0
24722.76878368189,1,2.0
24732.922944341342,0,3.0
24733.262899365665,1,1.0
24746.37450246457,1,2.0
24788.86886688133,0,5.0
24788.868976525464,0,3.0
24792.426393160364,0,1.0
24793.972946822447,1,4.0
24803.029066950592,1,1.0
24815.53030629624,0,2.0
24817.83929413873,1,3.0
24819.296983013206,0,3.0
24827.472945334302,0,1.0
24840.003070610328,1,1.0
24849.19758121809,0,1.0
24863.756204492223,1,1.0
24873.04817125577,1,3.0
24873.048440410905,0,3.0
24873.07206660889,1,1.0
24875.270635723522,0,2.0
24881.091180310807,1,3.0
24887.31558443785,0,3.0
24887.31750438491,1,4.0
24906.060243912158,1,3.0
24928.21369794494,0,1.0
24932.637028229827,1,5.0
24941.24975357467,0,1.0
24942.613499792762,0,4.0
24943.38797186899,0,5.0
24945.734367221292,0,4.0
24959.549143558535,1,3.0
24959.643431358418,0,4.0
24961.850874291045,0,3.0
24967.754821436465,1,2.0
24978.08503855268,1,1.0
24994.589536122076,1,5.0
24994.61999349581,1,4.0
25008.473490718396,0,5.0
25032.796829535517,1,2.0
25032.906383316946,1,5.0
25032.916665452056,0,1.0
25048.853930909012,1,2.0
25060.266318569196,0,5.0
25066.70835667448,0,5.0
25066.727874722816,1,2.0
25075.785473319753,0,4.0
25092.12133285898,0,2.0
25096.0580706523,1,1.0
25108.05746879603,1,3.0
25120.18245328454,0,5.0
25128.484522845367,1,1.0
25137.08209496628,1,1.0
25139.631986302582,1,2.0
25139.633690988936,1,2.0
25143.445028160615,1,5.0
25150.335372402224,0,3.0
25157.930210728497,0,5.0
25163.264702263055,1,1.0
25167.840768669244,0,1.0
25175.728938754753,0,2.0
25180.742707038688,0,2.0
25186.97304291878,1,1.0
25191.88870370096,1,3.0
25203.114434728264,0,4.0
25203.38632722489,0,5.0
25203.606650857557,0,5.0
25207.10430276227,1,3.0
25211.185428590103,1,3.0
25221.069579789986,1,4.0
25238.72446461866,0,5.0
25239.02349713829,1,4.0
25240.99495827573,0,5.0
25240.996246762683,0,3.0
25255.914434410057,0,2.0
25264.90780948696,1,1.0
25267.16721281867,1,3.0
25267.850687388072,1,3.0
25267.854843561603,1,5.0
25268.11002103548,1,3.0
25275.340198272894,1,3.0
25292.588584653215,1,3.0
25292.609435330305,0,2.0
25292.989794580557,0,4.0
25300.119240039767,0,2.0
25300.119565563553,1,5.0
25300.120724388835,0,2.0
25301.885644178416,1,4.0
25305.503503172487,1,4.0
25308.821986964722,0,3.0
25327.735575516097,1,4.0
25338.500438984094,1,4.0
25344.69114264347,1,2.0
25349.601330759797,1,4.0
25349.658434524197,1,3.0
25359.043752494432,1,2.0
25370.026284680793,0,3.0
25372.67329096531,0,4.0
25373.819963883292,0,1.0
25386.372240131383,0,4.0
25387.768389272533,1,1.0
25391.29703879029,0,1.0
25399.053429046246,0,2.0
25427.558473879228,1,4.0
25428.603053659222,1,1.0
25437.136818741412,1,1.0
25449.75689872577,1,3.0
25449.872177387286,0,2.0
25451.95960944222,0,2.0
25468.639409267675,0,2.0
25469.02660137236,1,5.0
25487.192238899013,0,3.0
25526.923276889458,1,4.0
25548.72882222919,1,3.0
25555.05594710974,0,1.0
25562.097752309368,0,2.0
25570.02223741996,1,4.0
25575.96926209749,0,4.0
25578.843535282827,0,4.0
25607.118457487322,0,4.0
25613.65463242379,1,5.0
25621.72809039196,1,1.0
25622.77401196464,1,1.0
25632.925092888396,0,3.0
25648.14829515152,0,4.0
25651.56527244974,0,5.0
25651.868039869587,1,3.0
25654.601116048212,1,1.0
25661.118538263803,0,1.0
25674.301071334758,0,4.0
25684.66921658077,0,1.0
25686.81545768883,1,1.0
25701.77925564834,0,4.0
25701.85935225037,1,5.0
25701.8599943996,0,3.0
25703.066798185897,0,2.0
25704.096220339747,1,4.0
25715.046082042194,1,2.0
25727.35692299319,0,4.0
25732.61584661822,0,2.0
25732.61894512587,1,3.0
25735.588104493047,0,3.0
25735.59497929916,1,3.0
25736.73746818717,0,2.0
25737.501239764624,1,3.0
25738.769786800367,0,3.0
25756.79615927631,1,1.0
25771.203452066522,1,3.0
25773.59182519628,0,3.0
25784.01789547716,0,4.0
25792.84169267794,0,5.0
25797.922479423047,0,4.0
25798.045594700543,0,5.0
25802.301679949745,0,1.0
25816.808474992617,0,1.0
25818.205677598515,1,1.0
25820.78204396807,1,5.0
25820.80916103355,0,5.0
25820.81100289212,0,1.0
25820.81641739102,0,3.0
25820.83352950991,0,5.0
25823.594364435507,0,4.0
25825.495059215817,0,5.0
25825.50316595636,0,2.0
25825.51597974602,0,3.0
25826.292500897103,0,3.0
25826.319447161357,0,1.0
25832.454705014043,1,3.0
25834.361949382303,1,5.0
25841.0748448465,1,2.0
25848.318931261158,0,3.0
25849.229052519146,1,3.0
25852.719100809925,1,3.0
25863.587683614798,1,1.0
25887.632670294937,1,5.0
25914.28874857284,0,1.0
25918.37319217102,0,2.0
25918.694089981756,1,4.0
25924.45073085469,1,4.0
25924.50724420136,1,5.0
25924.519951129347,0,5.0
25924.541476723367,0,2.0
25936.92756921744,1,3.0
25938.642815962558,0,5.0
25940.357440160773,0,5.0
25940.37722244932,0,2.0
25947.626467367834,0,5.0
25947.6264742322,1,5.0
25947.631920547057,1,3.0
25958.192890916103,0,1.0
25959.398574269588,1,3.0
25963.74629818989,0,1.0
25974.940705358207,0,3.0
25982.019890901083,0,4.0
25982.032265983235,1,3.0
25986.849099187577,0,3.0
25990.76050873766,0,1.0
25992.011977928374,1,3.0
25992.017696796967,1,5.0
25992.017879517614,0,1.0
25992.030597530582,0,2.0
26002.904237650306,0,4.0
26006.17645090075,1,3.0
26009.78590399147,1,3.0
26015.254732343143,1,1.0
26017.64196868476,0,4.0
26019.863661914686,1,1.0
26026.094804558423,0,2.0
26028.825684700445,1,4.0
26035.77584243787,0,5.0
26042.152904223516,0,5.0
26059.697727932846,1,3.0
26060.402954187783,0,2.0
26060.602346176915,1,2.0
26060.677973625214,1,1.0
26060.79071233231,0,1.0
26074.215127914264,0,5.0
26077.556684116247,0,4.0
26078.156935578754,0,3.0
26081.084485579984,1,1.0
26088.46459248476,0,3.0
26102.595345768586,1,3.0
26113.310662848864,1,5.0
26118.19362936882,0,1.0
26123.44584702158,1,3.0
26129.869335170053,1,1.0
26154.55765528113,1,1.0
26168.818879792303,0,1.0
26175.847880491892,1,1.0
26176.511380377582,1,1.0
26182.95309861164,0,1.0
26191.183352279124,1,2.0
26192.707910785943,1,5.0
26207.200865949813,0,2.0
26229.156304770193,1,4.0
26230.16933657678,0,2.0
26230.93471191637,1,2.0
26237.123326252793,0,3.0
26237.91313005883,1,1.0
26249.432915854693,0,5.0
26286.245089304037,0,5.0
26286.247052745548,1,1.0
26293.628818624355,0,4.0
26295.802674379902,0,5.0
26333.543949287854,1,5.0
26333.54898290723,0,4.0
26333.556735428563,0,5.0
26336.85676443194,1,5.0
26338.527251018982,1,1.0
26347.856980705437,1,5.0
26364.52952072578,1,5.0
26365.95016569928,1,1.0
26368.577685819608,1,2.0
26370.214803812436,0,3.0
26370.21931138682,1,4.0
26370.23190730265,0,3.0
26370.966965478823,1,5.0
26370.96836897507,1,1.0
26374.503142923386,0,1.0
26375.212342294602,1,2.0
26381.543637233943,1,2.0
26402.300452577216,1,3.0
26402.679318157465,1,3.0
26433.672544396733,1,3.0
26448.759782504847,1,5.0
26448.760089386116,0,4.0
26449.49790619834,0,2.0
26449.49798100992,1,2.0
26458.696111837995,1,1.0
26494.639714971207,0,4.0
26500.116924851245,0,5.0
26506.06340223683,0,2.0
26512.95130662855,0,2.0
26520.362045659316,0,1.0
26535.10808757143,0,3.0
26542.23231556956,1,4.0
26549.147233989625,0,2.0
26563.136838230002,0,1.0
26571.292624180376,0,2.0
26574.114432168106,0,2.0
26589.2288139248,0,5.0
26593.157190671347,0,4.0
26596.474911212685,0,2.0
26608.895618808827,1,2.0
26609.2113102372,0,4.0
26609.290172698307,0,3.0
26615.471279887734,1,5.0
26615.474740451777,1,4.0
26617.410146527247,0,5.0
26617.4113276678,0,5.0
26618.616985114983,1,5.0
26656.976245692407,0,3.0
26665.185785512575,0,5.0
26665.186349156334,0,3.0
26665.186882686354,1,5.0
26674.603854346555,1,1.0
26675.854738945425,1,4.0
26675.858475827816,1,2.0
26678.397781917767,0,1.0
26683.417214290675,0,3.0
26684.1537275545,1,4.0
26696.577367287708,0,1.0
26720.426153759334,1,5.0
26723.723046088733,0,2.0
26725.055962960298,0,5.0
26733.70956469722,1,2.0
26734.037271985333,0,1.0
26736.57327530423,0,1.0
26754.7721704093,1,2.0
26757.511286877958,1,1.0
26759.134784787166,0,1.0
26760.782994856225,0,3.0
26764.86390081197,1,3.0
26785.416315667186,1,5.0
26785.416723235634,0,3.0
26785.542033919162,0,4.0
26798.904397277143,1,1.0
26800.27258489923,1,5.0
26803.537921810304,0,4.0
26803.772680498347,0,5.0
26809.14908488765,0,1.0
26810.583395666185,0,3.0
26820.23923364871,0,4.0
26843.245951011886,0,1.0
26879.877303855217,1,1.0
26882.615524804907,0,2.0
26892.993156286117,0,1.0
26904.02167554984,0,1.0
26918.78904081056,1,2.0
26942.295858616464,1,3.0
26946.00151772834,0,4.0
26946.693028470523,0,4.0
26946.702618981162,0,1.0
26960.30781983729,0,1.0
26961.73102328601,0,2.0
26985.350092674293,0,5.0
26999.392945897027,1,2.0
27008.366323787002,1,5.0
27044.92683460803,0,3.0
27067.5474357133,1,4.0
27073.75000082067,1,4.0
27076.80146614893,0,1.0
27077.268008988733,1,2.0
27083.949974621977,0,3.0
27090.44425123292,1,5.0
27090.4445784433,0,3.0
27100.01288072728,1,2.0
27103.951988765362,0,4.0
27103.95963611699,1,1.0
27110.455498032406,0,4.0
27122.62804663237,0,5.0
27123.611866787516,1,2.0
27124.39089353356,0,4.0
27125.56828245137,1,1.0
27145.346192961864,1,3.0
27172.62073815341,0,5.0
27175.773275223124,0,3.0
27175.80169745905,1,3.0
27184.079640343138,1,4.0
27228.10415456226,0,5.0
27228.13711220836,0,1.0
27228.1468174279,1,5.0
27230.708439320475,1,2.0
27231.972704506177,0,3.0
27233.931496783054,0,2.0
27239.44887294887,0,2.0
27255.523697527533,0,5.0
27259.057836318843,1,4.0
27268.246029057784,1,5.0
27268.590421222187,0,2.0
27271.621572353342,1,3.0
27291.869703936023,1,1.0
27299.739526985242,0,4.0
27308.56355858232,1,4.0
27324.52986595915,1,5.0
27324.53458708002,0,1.0
27345.268130044897,1,4.0
27347.477890362803,1,4.0
27353.345299429715,1,5.0
27353.34616717831,0,5.0
27354.206555926412,1,3.0
27358.443253452086,1,3.0
27379.417954101318,1,4.0
27384.125453102508,0,3.0
27388.584277248487,0,2.0
27407.568531967816,0,1.0
27420.614086233076,1,5.0
27431.525196857267,1,1.0
27431.825367401514,1,3.0
27436.35340557758,1,4.0
27436.353719487943,0,1.0
27441.839719756925,1,4.0
27443.82060034853,1,4.0
27443.823456061415,1,3.0
27443.82352384549,1,4.0
27451.938042102007,0,5.0
27454.60035902186,1,4.0
27454.69981825284,0,3.0
27457.879949064678,1,4.0
27472.627730417866,1,3.0
27487.601138484253,1,1.0
27495.66364781029,1,4.0
27496.18837130506,1,2.0
27503.095562838287,0,3.0
27503.829242298056,0,2.0
27506.54287010637,0,4.0
27506.830088528128,1,4.0
27506.83021859085,0,1.0
27508.15575010477,0,2.0
27511.50316007065,0,2.0
27520.843173650836,0,1.0
27524.657222812817,1,5.0
27524.65864721214,0,1.0
27534.422039657646,1,3.0
27539.094203107747,1,1.0
27551.494390281216,1,4.0
27566.779519812175,0,3.0
27569.9101267153,0,4.0
27591.207691667314,1,5.0
27593.38936520739,0,2.0
27607.447171170472,1,4.0
27607.471422866696,0,1.0
27619.488286641936,0,4.0
27628.003515743356,0,3.0
27645.643985050665,1,3.0
27645.675951477875,1,4.0
27672.07836078442,0,1.0
27681.41734275282,0,2.0
27709.732166148853,0,4.0
27720.191172336225,0,3.0
27722.175638250585,1,3.0
27724.816510519773,0,1.0
27729.439533122528,1,4.0
27732.26968847284,0,2.0
27740.078191213932,0,1.0
27759.680528088225,1,1.0
27764.31093952547,1,2.0
27768.86416334518,1,1.0
27771.884628345382,0,4.0
27771.887573247477,1,1.0
27791.99112920734,1,2.0
27831.236830280326,0,5.0
27831.24070606887,0,1.0
27847.920301306105,1,2.0
27864.958472807975,1,5.0
27864.97434666553,0,5.0
27864.99384445218,1,1.0
27865.0375457706,0,1.0
27865.365573202944,1,5.0
27881.282427233662,1,5.0
27881.28366685074,1,1.0
27884.09816054931,0,1.0
27911.759193236154,1,3.0
27917.34418492258,1,4.0
27950.24817479932,0,2.0
27959.292605183415,0,3.0
27959.345074378634,0,5.0
27970.897751000644,1,5.0
27970.990127374356,1,1.0
27987.065439968002,1,2.0
27992.248965762272,1,1.0
27992.381222622716,0,1.0
28012.46537450401,0,1.0
28015.952487083527,0,5.0
28015.952793563225,1,2.0
28017.532049767553,1,3.0
28018.240160926034,0,2.0
28031.775434691113,1,4.0
28032.08554644512,1,4.0
28047.535538545635,1,4.0
28061.94035800755,0,3.0
28085.112826295233,1,5.0
28085.763442565145,0,5.0
28094.303853360838,0,5.0
28102.082195722927,1,2.0
28110.17510771029,0,1.0
28144.703539595408,0,4.0
28149.72707344614,1,2.0
28160.52414696052,1,3.0
28187.500907333633,0,2.0
28195.457322466737,0,4.0
28195.46368192917,0,1.0
28200.776609347213,0,2.0
28230.249460047275,0,4.0
28254.624853375208,1,5.0
28271.1244868818,1,3.0
28281.06966118572,0,3.0
28281.073865219536,0,4.0
28281.074855446455,1,4.0
28291.595005080613,0,2.0
28311.120942440917,0,1.0
28331.181219110847,0,4.0
28339.741814747442,1,5.0
28344.899761898017,0,1.0
28347.062140036607,0,4.0
28367.356410366396,1,1.0
28372.126781209314,1,1.0
28373.8012376729,1,3.0
28380.879841047572,1,4.0
28382.5766079911,1,2.0
28382.86403594964,1,5.0
28400.631004735238,1,3.0
28427.599527241902,1,2.0
28427.604731628155,0,4.0
28434.982215484575,1,4.0
28463.116043159363,0,2.0
28468.628110382084,1,3.0
28474.875042604035,1,1.0
28490.637751790877,0,3.0
28495.029562750555,0,4.0
28498.457121877796,1,5.0
28499.085357972483,1,4.0
28499.087934637653,0,2.0
28499.538712723494,0,5.0
28502.76599634114,0,1.0
28504.800042782346,1,4.0
28511.20063693776,1,2.0
28517.390678347383,0,5.0
28520.625550863602,0,1.0
28525.367099572555,0,1.0
28533.745229072352,1,5.0
28540.140320705526,1,1.0
28540.769025709476,0,2.0
28546.37060048735,1,2.0
28549.91424397407,1,4.0
28556.13616150961,1,3.0
28565.088988879696,1,2.0
28565.103021892704,1,4.0
28565.10507689863,1,1.0
28589.019767788996,0,2.0
28598.634389198636,0,3.0
28609.262783995255,1,1.0
28630.40085038364,1,3.0
28631.599809850297,0,5.0
28654.615973962525,0,2.0
28654.616004141764,0,2.0
28656.880659487342,1,4.0
28656.887021429742,0,2.0
28656.887759300018,0,5.0
28656.893559008862,1,5.0
28665.684821931132,1,2.0
28677.62828989987,0,1.0
28696.834443491025,0,4.0
28696.840751800988,0,3.0
28705.85250413237,1,4.0
28715.751801912098,1,4.0
28718.704731608526,1,1.0
28734.869508280597,0,2.0
28747.30890588813,1,5.0
28747.609407940894,1,4.0
28747.614376263587,0,3.0
28747.96693196933,0,1.0
28761.94476285954,0,5.0
28768.362744533544,0,3.0
28774.940803813035,1,1.0
28775.088845014565,0,1.0
28826.599510690718,0,1.0
28830.105525915624,1,4.0
28830.259969602164,0,4.0
28835.50823925057,1,5.0
28835.54069614561,0,4.0
28835.542663663913,0,3.0
28837.602346352898,0,3.0
28880.62650671543,0,5.0
28896.911987675874,1,5.0
28900.412325479043,1,1.0
28920.730299753897,1,3.0
28920.731136437233,0,3.0
28925.57913034258,0,3.0
28925.605901665385,0,1.0
28939.52752363893,1,2.0
28961.30959920974,1,5.0
28961.311150198708,0,4.0
28995.34330764321,0,1.0
28998.7823221369,0,1.0
29000.782878804155,1,5.0
29005.267897569527,1,5.0
29006.99228761861,0,1.0
29033.55791696757,1,1.0
29034.205933854202,0,2.0
29042.397401668666,1,2.0
29070.595285815547,1,2.0
29072.496203561885,1,1.0
29072.498756411933,0,2.0
29080.92222284145,0,2.0
29084.183196915612,1,1.0
29086.376842177655,1,5.0
29087.513434799577,1,1.0
29089.926966207564,0,1.0
29092.662369551206,0,5.0
29095.34222066783,1,3.0
29095.343476540947,0,1.0
29102.040141161568,1,5.0
29104.896079329774,0,2.0
29108.849865032113,0,1.0
29109.77003550313,1,1.0
29113.299247003608,1,2.0
29116.761931431396,0,2.0
29147.898285312327,1,5.0
29156.02091865097,0,4.0
29156.0310627148,0,4.0
29179.9963875599,1,1.0
29189.63327868575,0,2.0
29195.247532755067,1,2.0
29197.305996449577,0,5.0
29202.989682611733,0,1.0
29209.87156662018,0,5.0
29209.892226077776,0,3.0
29209.89816807991,1,1.0
29212.402662943477,0,2.0
29212.474057025094,1,1.0
29216.764882615276,1,5.0
29223.763500627567,1,4.0
29223.764148771654,0,5.0
29223.76421241086,1,1.0
29231.154115234356,1,4.0
29235.490869023655,0,5.0
29235.54226099792,0,3.0
29235.544518242095,1,2.0
29235.57024275815,0,5.0
29245.840455949154,1,1.0
29249.374056890563,1,1.0
29271.368424912784,0,3.0
29271.378650309256,0,1.0
29280.201299036344,1,4.0
29280.781656290557,1,1.0
29280.830165223633,0,1.0
29292.24980370505,1,4.0
29298.712018797472,1,1.0
29307.94741126477,1,4.0
29308.069535631483,1,1.0
29308.5471757328,0,2.0
29313.615269657137,0,3.0
29331.11419923549,1,3.0
29334.047381466775,0,1.0
29342.106079099747,0,2.0
29347.774586738982,1,5.0
29349.460446094137,0,2.0
29357.501052517724,1,1.0
29395.135045418156,1,3.0
29398.855607955422,0,1.0
29405.276198843072,0,1.0
29410.52195780659,1,4.0
29413.332778249267,1,3.0
29424.566538710766,0,5.0
29424.566873460197,0,1.0
29432.963125117454,1,4.0
29467.371540292716,1,4.0
29514.719191333803,1,3.0
29543.773600338023,0,5.0
29543.77705068128,0,1.0
29543.79877686956,0,4.0
29544.71671430794,0,2.0
29549.8930957285,1,4.0
29551.86586632703,1,3.0
29555.461392947513,1,2.0
29559.349924463484,0,2.0
29560.170188046726,0,1.0
29578.501417727835,0,4.0
29578.52801871329,0,5.0
29585.01174891748,0,3.0
29593.45198658911,1,2.0
29598.43623267585,1,1.0
29601.177416329454,1,3.0
29613.922693014098,0,1.0
29614.009852655414,0,5.0
29614.010360793414,1,5.0
29614.010407689533,1,4.0
29616.650161470683,1,1.0
29621.251197341768,0,1.0
29653.704738829303,0,5.0
29653.705014186024,1,2.0
29653.708162706687,1,2.0
29653.708309082802,1,5.0
29687.50910189854,1,5.0
29706.87562261794,0,4.0
29735.120647337797,1,5.0
29741.392576464925,0,1.0
29762.721584171046,0,2.0
29762.721924759484,1,2.0
29778.468260397876,1,4.0
29786.09233411659,0,5.0
29792.246598971768,0,3.0
29806.53207407462,0,4.0
29823.159442718697,0,4.0
29827.664389069025,0,4.0
29827.68113380535,1,2.0
29831.17947820764,0,5.0
29834.207755651623,0,5.0
29835.870016438366,1,2.0
29856.716555514264,0,2.0
29874.561958622195,1,5.0
29877.63649347077,1,2.0
29882.143958006047,1,1.0
29894.65713275601,1,1.0
29901.523495232814,1,4.0
29901.52373845895,1,3.0
29924.588417513332,0,4.0
29924.849689279843,1,4.0
29926.275013356204,1,3.0
29927.550011216,0,1.0
29956.639495727137,1,2.0
29962.35087331956,1,5.0
29962.668045188566,1,3.0
29970.005513281078,1,2.0
29973.030708260078,0,1.0
29981.378458049236,0,5.0
29996.27209678044,0,2.0
30001.933744624275,0,5.0
30003.45279854212,0,3.0
30003.55718215491,0,2.0
30004.089106479896,1,4.0
30004.114463757975,1,3.0
30004.384138121353,1,5.0
30004.709128180366,1,1.0
30009.846554275726,0,4.0
30012.352140664112,0,5.0
30020.794537364174,0,1.0
30040.604111998367,0,4.0
30041.39932701734,0,1.0
30044.147383426374,1,4.0
30044.155611658753,1,3.0
30046.334434933957,0,1.0
30046.334905611773,1,5.0
30048.161431168537,1,5.0
30073.02905907199,0,5.0
30073.041688400877,0,3.0
30073.39162254253,0,3.0
30073.48206052168,0,5.0
30073.593311773613,1,2.0
30077.12693148447,0,2.0
30085.678024914167,1,3.0
30087.30485043063,1,1.0
30092.553617072033,0,5.0
30103.328665619647,0,1.0
30110.481426282917,1,2.0
30111.53696790703,0,3.0
30111.784787970555,1,3.0
30112.63475962828,0,2.0
30114.343992846203,0,4.0
30115.595466070597,1,5.0
30120.586668942837,0,1.0
30123.371456961337,0,2.0
30130.984154644,1,3.0
30149.091991176207,1,2.0
30156.521053600947,0,1.0
30158.192454482047,0,5.0
30164.691604069052,1,4.0
30167.811188864758,0,3.0
30174.75146248011,1,5.0
30174.7565455846,0,4.0
30174.76341221492,0,2.0
30175.232894712713,1,5.0
30175.463436898768,1,4.0
30180.951498523955,0,2.0
30185.246269650885,0,4.0
30188.505134016323,1,4.0
30198.116168594068,1,1.0
30211.344634460624,1,1.0
30212.455510629497,1,3.0
30233.336391422334,0,5.0
30237.61897082213,0,3.0
30239.18004537872,0,4.0
30239.185440789002,1,2.0
30240.974816057038,0,4.0
30240.97569464263,0,2.0
30241.56642817108,0,2.0
30245.319078617886,1,1.0
30256.36228137562,0,1.0
30274.866237178518,0,3.0
30275.040108009325,1,3.0
30275.084904589407,1,5.0
30275.086245502083,1,2.0
30278.64704149649,1,5.0
30304.710514795635,0,2.0
30306.759420459253,0,1.0
30323.556489126295,1,4.0
30333.680055271903,1,2.0
30334.300224042185,0,4.0
30334.43700345701,0,3.0
30334.82485354954,0,1.0
30359.417123696814,0,4.0
30359.428325306304,0,4.0
30367.52896329361,0,1.0
30382.64489063018,0,1.0
30385.08565289635,0,2.0
30388.111760733693,0,4.0
30395.70404951,0,1.0
30400.849833475444,1,2.0
30405.213516942684,0,5.0
30405.32688413801,0,3.0
30405.71253017515,1,5.0
30418.317787069467,0,3.0
30427.968937709655,1,1.0
30434.986917432205,0,1.0
30453.150831340772,1,2.0
30458.944888384554,0,3.0
30465.807683039395,1,4.0
30465.832293896285,1,3.0
30492.34627911431,0,4.0
30515.11744909373,0,4.0
30515.612135185045,0,2.0
30520.46355755113,1,2.0
30528.505197411825,0,3.0
30531.370412549528,1,1.0
30566.569193128675,1,5.0
30566.56956041188,0,5.0
30566.570866289272,0,4.0
30566.632473586524,1,4.0
30568.60932270372,1,4.0
30568.940818949548,1,2.0
30568.94672219918,1,2.0
30578.07930751641,1,4.0
30607.44700121723,1,2.0
30609.422366241783,0,1.0
30628.258109618313,0,5.0
30630.23698917564,0,3.0
30632.521532140367,0,5.0
30637.57814463402,0,2.0
30659.011528682935,0,3.0
30669.43485679602,0,5.0
30671.39162396796,1,3.0
30694.25898008371,0,4.0
30694.26234275336,0,2.0
30694.710583239703,0,4.0
30694.8916723356,1,4.0
30706.221347648803,0,3.0
30717.724825683115,1,4.0
30767.428130990746,0,3.0
30767.547921173107,0,4.0
30767.54859621503,0,3.0
30771.248276178663,1,4.0
30772.797529241634,0,1.0
30773.39681050461,0,5.0
30775.32222036724,0,5.0
30775.32244031,1,2.0
30775.322625399844,1,2.0
30785.16229370495,1,5.0
30785.16245010137,1,1.0
30785.62363831506,1,1.0
30786.402347519685,0,1.0
30801.066958424013,0,2.0
30820.13717399408,1,3.0
30824.800713982662,0,3.0
30828.95129773456,0,3.0
30844.4617614111,0,4.0
30844.756936945832,0,3.0
30864.024302219033,1,5.0
30864.225423976088,0,2.0
30866.868086764396,1,4.0
30879.6874105404,1,4.0
30879.689278994854,0,3.0
30880.811888701115,1,5.0
30881.377611607193,1,5.0
30885.86465613014,0,5.0
30886.508188472388,0,2.0
30905.657012353204,0,5.0
30905.657640609086,1,4.0
30905.660372178896,0,3.0
30905.66231796277,1,1.0
30905.816660365526,1,3.0
30906.30965604996,0,3.0
30906.31356574254,1,4.0
30906.31520944901,1,4.0
30906.426603286585,0,1.0
30908.235448389823,0,4.0
30911.382950204123,0,4.0
30911.384322457492,0,3.0
30918.328706863365,1,2.0
30921.73406587886,0,2.0
30922.95093658989,0,5.0
30924.99886902586,0,1.0
30929.203730346835,1,2.0
30942.85434054201,1,4.0
30943.301799714274,0,2.0
30956.18350485601,0,3.0
30967.154266144702,1,4.0
30973.96305545142,0,3.0
30975.55964967454,0,1.0
30988.496661033412,1,1.0
30998.279603779236,0,5.0
31011.162152493176,1,1.0
31011.917284516734,1,2.0
31013.367666022863,0,4.0
31013.37422949503,1,2.0
31028.430551517882,0,4.0
31038.586037145717,0,5.0
31044.647746770992,1,5.0
31045.610495495468,0,1.0
31050.773613271987,0,2.0
31089.190958246465,1,5.0
31092.834748870675,1,1.0
31095.007873436996,0,3.0
31096.13572450052,1,5.0
31096.13583418699,0,2.0
31096.138369872635,0,2.0
31096.13930413175,0,5.0
31097.395630687766,0,4.0
31107.739548075835,1,3.0
31132.14131660985,1,4.0
31134.048583823285,0,3.0
31134.579852191313,1,2.0
31149.200168338535,0,3.0
31169.742846755857,1,3.0
31193.57242214525,1,2.0
31196.267662887418,1,4.0
31196.35123651873,0,3.0
31197.411763651915,1,5.0
31197.421870547143,1,3.0
31199.538954956624,0,5.0
31211.505829583155,1,1.0
31219.96962837594,0,3.0
31220.202697712833,0,2.0
31222.493135752215,1,5.0
31226.884733759973,0,4.0
31246.9120689142,1,1.0
31247.020132827776,0,2.0
31258.63693415484,1,1.0
31261.90560112255,1,5.0
31261.931911119926,0,5.0
31278.10373979505,0,3.0
31283.768545180024,0,2.0
31284.068285472305,0,5.0
31293.519223291696,0,1.0
31307.991136986653,1,2.0
31308.33055232811,1,2.0
31320.26144000704,0,1.0
31323.05106170641,1,2.0
31324.82839265719,0,1.0
31335.034037401703,1,5.0
31335.113296573723,0,5.0
31335.127929211085,0,2.0
31335.65343654771,0,5.0
31335.656435789308,0,2.0
31335.659162265812,1,3.0
31342.12010823095,0,3.0
31343.24799910148,0,4.0
31351.39227746271,0,1.0
31395.1553740985,0,1.0
31396.849905973744,0,1.0
31408.219690260896,0,1.0
31411.035114170056,0,3.0
31424.361200125528,0,3.0
31427.3580749128,0,5.0
31435.878517505727,1,1.0
31441.315229722022,0,3.0
31453.553813814175,1,3.0
31454.596199261236,0,4.0
31483.92643820954,0,3.0
31485.73505315448,0,1.0
31492.693538999643,0,4.0
31502.942343312156,0,4.0
31502.949606653317,0,4.0
31505.70213088868,1,1.0
31506.7282408084,0,5.0
31506.73037675506,0,2.0
31531.95325183405,1,1.0
31540.837460773706,1,2.0
31544.94114462818,1,3.0
31558.929792403393,0,2.0
31562.296234529756,1,1.0
31567.782281149422,1,3.0
31584.180279280477,0,3.0
31584.18035173158,1,3.0
31591.115724890402,1,5.0
31600.171696265454,1,1.0
31621.878645832767,0,1.0
31621.894438857886,1,5.0
31622.047043025064,1,2.0
31630.29586126629,0,5.0
31632.459254278714,0,1.0
31634.059580115932,1,2.0
31635.479658943044,0,5.0
31635.48104577707,1,5.0
31635.48165773216,0,5.0
31635.48206887194,1,1.0
31635.48469212532,1,1.0
31635.48714797431,1,4.0
31656.032463025043,1,4.0
31661.65949044176,1,2.0
31661.67149863869,1,2.0
31685.56960716418,0,1.0
31694.753121533595,0,2.0
31702.1593795918,0,5.0
31702.159562318964,1,3.0
31706.780668091906,0,1.0
31712.51159326273,1,4.0
31719.449502346935,0,2.0
31723.047910764853,0,4.0
31723.04916615249,1,5.0
31732.875760395676,1,2.0
31735.61766958028,0,4.0
31744.820857651222,0,3.0
31744.824079128608,0,3.0
31747.594703845403,0,3.0
31753.208231644297,1,1.0
31753.729933394676,1,1.0
31770.68572449039,1,2.0
31774.891094598002,1,4.0
31775.409507453987,0,4.0
31781.323350880473,0,5.0
31810.15953529804,0,4.0
31812.151578682424,0,1.0
31822.127473141496,0,5.0
31825.78525364036,0,3.0
31826.480534831186,1,5.0
31826.513035807795,1,3.0
31826.52090204392,0,2.0
31826.813680761134,1,4.0
31841.800532078498,0,2.0
31846.55189581918,1,1.0
31859.967281160963,1,3.0
31859.969592147496,1,3.0
31862.746681116736,1,3.0
31879.817893008694,0,1.0
31880.061958146147,1,2.0
31884.28414574694,1,2.0
31890.96884878129,1,2.0
31898.08317770886,0,1.0
31913.095368143207,1,4.0
31913.098205924114,0,1.0
31917.96623215945,0,2.0
31921.80026120733,1,2.0
31924.41949566491,1,5.0
31924.434397957793,0,5.0
31924.435801032192,1,3.0
31925.743244473262,1,2.0
31925.792941423493,1,5.0
31925.795465316747,1,5.0
31925.795835357032,1,3.0
31925.800199773857,0,3.0
31925.80035558243,1,3.0
31925.86773981651,0,5.0
31925.872343740222,1,2.0
31926.185931087995,0,2.0
31930.372182333373,1,2.0
31938.127069692415,0,4.0
31938.12821232596,0,1.0
31944.083842621472,0,3.0
31980.205930620807,0,4.0
31980.924467849523,0,5.0
31980.927369659512,0,4.0
31982.992326950127,1,4.0
31994.425962724756,0,3.0
32007.085984700556,1,3.0
32008.22891790135,0,3.0
32018.104886811834,1,1.0
32020.483473590746,0,1.0
32024.432889726642,1,3.0
32033.16534560752,1,3.0
32068.063682714826,0,1.0
32083.639896764613,0,1.0
32102.755642476528,0,3.0
32102.774891650533,1,2.0
32102.95022210885,0,4.0
32104.645287619693,1,5.0
32104.761097211358,1,5.0
32104.775603738366,0,2.0
32106.5770978479,1,1.0
32113.998785030202,0,2.0
32114.94393430229,1,2.0
32128.40645920674,0,2.0
32158.899532636056,1,2.0
32160.306108320237,1,1.0
32161.75002374106,1,1.0
32168.35969979942,1,3.0
32169.32157911134,0,1.0
32173.022908855317,1,2.0
32189.419341024703,1,1.0
32192.0441231493,1,2.0
32203.279829837884,1,3.0
32214.20573964167,1,3.0
32215.234481500607,1,1.0
32215.23531190424,1,2.0
32238.186859233327,1,5.0
32238.188404774923,1,4.0
32241.621196032545,1,3.0
32244.115305421325,1,5.0
32253.080999516013,0,5.0
32292.60288501418,1,5.0
32292.60320095622,0,1.0
32295.734719873075,1,2.0
32315.773092875497,0,1.0
32315.829136222295,1,1.0
32332.353412687153,1,5.0
32333.1726470704,1,1.0
32360.761416342102,0,2.0
32368.4730645214,1,5.0
32375.081578658843,0,1.0
32378.43625748774,1,2.0
32380.96870026784,1,3.0
32381.322934843873,1,1.0
32385.376056999514,0,3.0
32388.132408220757,0,1.0
32402.731725672405,0,3.0
32402.733500535724,0,1.0
32407.015298623763,0,2.0
32408.855124166188,0,3.0
32410.989439187877,0,4.0
32412.51438533045,0,4.0
32412.517717712937,1,2.0
32412.859150344044,0,3.0
32438.17559881823,1,2.0
32440.91098005054,1,1.0
32443.89985723587,0,4.0
32452.721393119053,1,2.0
32458.75135845383,1,5.0
32458.751998931293,0,5.0
32458.756658011753,0,1.0
32458.873001074084,1,2.0
32463.228057878518,1,1.0
32522.43626293728,0,3.0
32525.399713789113,1,1.0
32533.701482145734,1,2.0
32533.702275559608,1,5.0
32533.703154604525,0,3.0
32557.434570676425,1,1.0
32566.904667402203,0,4.0
32589.24707147146,0,5.0
32589.251415930794,1,3.0
32600.120724791133,0,3.0
32600.26302555405,1,3.0
32626.979610991442,0,2.0
32643.318561477463,0,1.0
32653.364264948716,0,3.0
32653.37118471026,0,2.0
32659.15940080549,1,5.0
32661.153757422457,0,5.0
32662.995084961225,0,5.0
32662.996661117042,1,1.0
32665.135292823685,0,1.0
32689.93115441731,1,4.0
32693.293076485847,1,1.0
32694.093002026948,0,1.0
32708.26539650215,1,2.0
32710.784521327,0,5.0
32710.78459102225,1,4.0
32721.52041729456,0,3.0
32729.57431015278,0,5.0
32730.04883713939,0,2.0
32730.188102223263,1,2.0
32733.967248862446,1,2.0
32751.286571828754,0,5.0
32757.213152559976,0,4.0
32761.410665590458,0,1.0
32765.049952046586,1,3.0
32783.36887633624,0,3.0
32801.110271778714,0,3.0
32801.111021710116,1,4.0
32805.12067947396,1,1.0
32810.60285948577,0,2.0
32815.13143719637,1,3.0
32817.2596705783,1,5.0
32817.2979862488,1,2.0
32820.11375234797,0,5.0
32830.280174310385,1,2.0
32851.00081781862,1,3.0
32884.28648592444,0,1.0
32888.77363828084,1,4.0
32891.22667432829,1,1.0
32902.58519723783,1,3.0
32905.7296338713,1,3.0
32919.135748556546,1,1.0
32925.9617909546,0,2.0
32936.92109548446,1,1.0
32938.398699399186,1,2.0
32942.446599812094,0,4.0
32963.56609879991,0,5.0
32967.434952957476,1,4.0
32971.913270481484,0,4.0
32973.64053136182,1,2.0
32975.372607750876,0,1.0
32983.13514133631,1,2.0
32996.11903382572,1,2.0
32999.86083128532,1,5.0
32999.862093546326,1,1.0
33001.3789863636,0,2.0
33002.1278856542,1,1.0
33003.29331857927,1,3.0
33003.29528365414,0,4.0
33003.43094576339,1,2.0
33012.57248083934,1,2.0
33012.58470845703,1,2.0
33019.62260613224,1,1.0
33022.33421545335,0,1.0
33022.44708168477,0,4.0
33022.447203451935,0,3.0
33022.58993817753,1,2.0
33024.36583694589,1,2.0
33025.1474047568,1,4.0
33028.06209998151,0,5.0
33062.46952016103,1,3.0
33072.845410210095,1,4.0
33087.27058347169,0,3.0
33099.93118952469,1,2.0
33102.958613059105,0,2.0
33103.23480379554,0,1.0
33105.8735423404,1,4.0
33118.400042236055,1,3.0
33120.14803152803,0,3.0
33120.91951769301,0,5.0
33122.37362756775,0,1.0
33124.97120250143,0,5.0
33125.01282374848,1,3.0
33125.203267818564,0,5.0
33125.33914000607,0,5.0
33125.57575718742,0,5.0
33158.2615139992,0,3.0
33186.45056560507,1,2.0
33187.579314111514,0,4.0
33187.579706508855,1,5.0
33193.65487009861,1,5.0
33195.6636170874,0,5.0
33203.8257514094,1,1.0
33208.47549642997,1,2.0
33217.834348055076,1,3.0
33217.94237997907,1,1.0
33219.15342938145,1,4.0
33219.15354087346,0,2.0
33221.73190297575,0,4.0
33221.733052769094,0,3.0
33224.42730864485,1,1.0
33239.181274968214,1,4.0
33259.58905011274,0,2.0
33259.59274173182,0,3.0
33262.68298869667,1,5.0
33264.69097990874,0,4.0
33278.35645150556,0,4.0
33300.50164284234,1,4.0
33300.520841280406,1,3.0
33308.7800014886,0,3.0
33309.687130314436,0,3.0
33325.4934943465,1,4.0
33325.49443978982,1,5.0
33330.64914308109,1,2.0
33348.19850726222,0,3.0
33356.07009413601,0,5.0
33356.077511639545,0,1.0
33359.78923120702,1,5.0
33365.35199859263,1,4.0
33367.50763381566,0,2.0
33375.35173353977,1,1.0
33381.339422567515,1,4.0
33385.41332405369,1,2.0
33385.65637638001,1,3.0
33388.27377515378,0,3.0
33388.34234928932,1,3.0
33389.08816196587,1,2.0
33396.76627225574,1,1.0
33401.09464228517,1,5.0
33401.1319591345,1,5.0
33409.05312264627,0,5.0
33436.03129224819,0,2.0
33437.37748693267,0,2.0
33439.14474949133,1,5.0
33439.16446669743,0,4.0
33449.209890224134,0,1.0
33456.05285795182,1,2.0
33466.67336461148,0,1.0
33466.95486939737,1,5.0
33467.428930770686,0,3.0
33474.30991214604,1,3.0
33474.31052923466,0,4.0
33483.12730144677,1,5.0
33495.24260501368,1,2.0
33505.361772748656,1,3.0
33514.66075704897,0,3.0
33530.23209500197,0,2.0
33533.91769610336,0,5.0
33534.06184628142,0,5.0
33535.82097171994,1,1.0
33551.39657210992,1,2.0
33561.16238217691,0,1.0
33564.22707019177,0,4.0
33564.22712698656,0,2.0
33564.231780736765,1,4.0
33573.77186735578,0,4.0
33579.77172378719,0,3.0
33594.599115634606,0,1.0
33598.86122630876,0,2.0
33620.0892819344,1,2.0
33634.233483371485,0,2.0
33645.052691643,0,3.0
33646.03871941188,0,2.0
33650.254321020715,1,3.0
33654.58307425748,1,4.0
33664.38915113735,0,5.0
33665.451736564966,1,1.0
33669.06308466378,0,5.0
33669.0940220805,0,4.0
33690.89051816304,0,1.0
33697.59083959283,0,1.0
33704.68623348485,1,5.0
33713.813046996795,1,1.0
33714.239113577154,1,2.0
33714.631591912,0,1.0
33728.60908253297,1,5.0
33735.56144637058,1,3.0
33735.61679267776,0,3.0
33777.76943252996,1,3.0
33778.719330455904,0,4.0
33789.306538253615,1,4.0
33812.891362676375,0,5.0
33831.711163303786,0,3.0
33832.41875662896,0,2.0
33834.81687207904,0,4.0
33839.53993105171,1,3.0
33844.71688921983,1,1.0
33844.71838651017,0,1.0
33846.742145922646,1,5.0
33846.94516770841,0,2.0
33852.45350499787,1,1.0
33853.88270440078,1,1.0
33857.40201150925,1,3.0
33870.94191365021,1,5.0
33872.08628008185,1,1.0
33872.755600160344,1,5.0
33874.130611125845,1,4.0
33875.70085846346,1,3.0
33885.58955479189,0,4.0
33891.14667081243,1,2.0
33897.460976341245,1,5.0
33902.031741973224,1,4.0
33911.64668700039,1,1.0
33915.960250440745,0,5.0
33916.27845826827,1,2.0
33921.50911757701,0,3.0
33921.60932108685,1,3.0
33925.66167659557,1,2.0
33954.773401280334,0,4.0
33960.8081420521,0,4.0
33966.351613363964,0,5.0
33966.35408857117,0,3.0
33966.59557059649,1,5.0
33970.93316348294,1,4.0
33983.904863242475,0,4.0
33983.906912011334,0,3.0
33995.51532967439,0,5.0
33995.518461022555,1,4.0
34003.146861104375,1,3.0
34026.77763371954,1,1.0
34042.36080473258,0,4.0
34044.49055427748,1,3.0
34045.652016642605,1,4.0
34046.80209541038,1,1.0
34046.94956423292,1,1.0
34047.06494336481,1,5.0
34055.3426294402,0,4.0
34058.635095800724,1,2.0
34063.80077413519,1,4.0
34068.02675287055,1,5.0
34068.026785886934,0,5.0
34068.027032663915,1,5.0
34076.23977644771,0,3.0
34076.24629909325,0,3.0
34076.25021446155,0,3.0
34076.25218893198,0,4.0
34089.90149802537,0,4.0
34099.703888775875,1,1.0
34104.63555046416,1,4.0
34118.98434068998,1,5.0
34119.007553856245,0,5.0
34119.02594176453,0,1.0
34119.133087021,0,2.0
34119.18888288604,1,4.0
34123.80213741502,0,5.0
34123.96857815279,0,5.0
34139.112458545496,1,1.0
34165.96672762198,0,4.0
34166.27615606938,0,2.0
34174.46770856229,0,3.0
34177.456231018936,1,1.0
34179.41760877107,1,5.0
34205.331614627685,1,1.0
34220.06397341606,0,5.0
34222.11446658731,0,4.0
34222.63115909657,1,5.0
34224.882494785124,0,1.0
34243.321047515165,0,5.0
34264.56056954878,1,4.0
34264.823580597156,1,1.0
34284.31799674043,0,2.0
34322.297742691495,1,3.0
34326.994034482675,1,1.0
34348.781871123116,1,1.0
34349.197012590026,0,1.0
34359.36051965362,1,5.0
34363.52842863842,1,3.0
34368.73056345625,0,5.0
34370.625526259944,0,1.0
34371.843259706686,0,4.0
34371.84803413831,1,5.0
34371.84838225331,0,4.0
34371.88575617334,0,5.0
34376.825985007505,0,1.0
34410.05389945453,1,3.0
34410.781508129934,0,1.0
34432.015256817744,0,2.0
34436.582072738805,1,3.0
34436.58296333805,1,1.0
34449.246432203734,1,3.0
34453.52943370686,0,5.0
34453.535599865805,0,2.0
34453.954106843696,0,2.0
34460.34715803551,1,5.0
34482.67599366684,0,2.0
34498.17569385066,1,5.0
34501.30142531891,1,2.0
34508.35646400614,0,5.0
34508.35998124529,1,3.0
34521.4811954801,1,1.0
34522.37671335229,1,2.0
34525.252467971055,1,1.0
34531.37000169479,0,3.0
34533.54513273896,0,3.0
34534.791064108,1,5.0
34551.075307987136,1,4.0
34555.98218262223,0,4.0
34555.98905245153,1,2.0
34555.989991656905,1,4.0
34558.22614824797,0,2.0
34562.99135782061,1,1.0
34570.31386285578,1,5.0
34570.68898803668,1,1.0
34584.76729567646,0,4.0
34585.42752498393,1,2.0
34590.61352512543,0,5.0
34594.06061075773,1,2.0
34614.01593659909,0,5.0
34615.32680198698,1,1.0
34619.93062246243,1,2.0
34639.064693682856,1,5.0
34639.070297594735,1,5.0
34639.07068429957,0,3.0
34639.08018658877,1,2.0
34648.669388764676,1,4.0
34650.98283289871,1,3.0
34658.16568510734,0,5.0
34658.17597377682,0,4.0
34658.20674183542,1,3.0
34659.7637414464,0,2.0
34660.16758865084,0,2.0
34704.14416277646,0,3.0
34710.464906758556,1,1.0
34711.010857144254,1,1.0
34723.87028157338,1,2.0
34740.09209447166,0,1.0
34740.14809542773,1,3.0
34751.116031311554,1,3.0
34768.82887590942,0,5.0
34768.83607803981,1,3.0
34781.69171926976,1,5.0
34781.69265920423,0,2.0
34786.93660650491,0,4.0
34792.87061026096,0,5.0
34792.96427358379,1,4.0
34801.555174585614,0,5.0
34808.52588934627,0,5.0
34808.53254854486,0,3.0
34812.525881853675,0,2.0
34817.32944227521,1,1.0
34827.62888262798,1,1.0
34828.48436789104,0,1.0
34841.79941258363,1,4.0
34846.599400800995,0,5.0
34846.644498328016,1,1.0
34852.41410298673,1,3.0
34853.46315400206,0,2.0
34853.48552601181,1,4.0
34879.71316923134,1,4.0
34880.904984634275,1,3.0
34881.8437082548,0,1.0
34906.219929655985,1,1.0
34908.0026932074,1,4.0
34943.17264673665,0,4.0
34954.05432742512,0,5.0
34965.874244147424,0,5.0
34965.94086813493,1,5.0
34994.23678154196,0,1.0
35007.29279326499,0,2.0
35014.45233258993,1,3.0
35015.53741102581,0,1.0
35020.22454028491,1,4.0
35022.09771583151,0,3.0
35022.11964947772,1,4.0
35053.57999204368,0,1.0
35053.63021477512,1,5.0
35054.61560051036,1,5.0
35067.32669325206,1,5.0
35067.33882852159,0,4.0
35067.3390242113,0,4.0
35067.3419561242,1,5.0
35067.34596270104,0,1.0
35067.36143866831,1,3.0
35067.48951065476,1,1.0
35070.20851696392,0,4.0
35070.20989349515,1,5.0
35076.93453344492,1,1.0
35077.0811597851,1,4.0
35082.5413874451,1,4.0
35083.52776582349,1,5.0
35085.84627586516,0,1.0
35091.53300170211,0,1.0
35091.53562582482,0,3.0
35092.910882539065,1,3.0
35106.59341582982,0,5.0
35117.55580578756,0,2.0
35123.37373435528,1,5.0
35123.408388777025,0,1.0
35128.14147006836,1,5.0
35128.71714449508,1,5.0
35128.80017802182,0,5.0
35128.80098178511,1,1.0
35128.93070036526,0,5.0
35131.00667207518,1,5.0
35133.909547662195,1,3.0
35146.09749250056,1,5.0
35147.6517078938,1,3.0
35152.35840838567,0,5.0
35152.35845717196,0,2.0
35155.91954819282,0,5.0
35155.97373216366,1,4.0
35158.236975545355,0,4.0
35164.831900434605,0,1.0
35170.32897856403,0,4.0
35170.33075033909,1,1.0
35170.541212804,1,3.0
35170.57299190627,1,3.0
35170.58417322683,1,1.0
35188.83883596094,0,1.0
35192.33003850237,1,3.0
35197.03637229093,0,5.0
35197.06606618759,0,5.0
35197.11808988797,1,1.0
35199.76049896625,0,3.0
35200.47709224523,1,4.0
35203.597885943804,1,3.0
35212.943629290654,0,4.0
35219.10325444889,0,5.0
35228.10310002243,1,3.0
35236.44248649029,1,4.0
35236.44363612939,0,3.0
35237.91296331897,0,5.0
35256.48458682478,0,4.0
35257.449183429715,0,4.0
35272.73232277148,1,5.0
35289.24154963286,0,5.0
35292.112639219085,0,1.0
35308.54129715615,1,3.0
35316.91669588813,0,5.0
35316.91779053833,1,1.0
35317.09949455218,1,4.0
35317.10042987091,0,4.0
35327.64412386795,0,2.0
35332.57822745749,1,1.0
35335.410797771845,0,4.0
35348.16043031126,0,2.0
35353.41758122822,1,4.0
35355.93080428767,0,2.0
35370.95406423826,0,5.0
35370.954644965735,1,5.0
35383.128763919885,1,5.0
35388.482854856506,1,5.0
35449.22388859296,0,2.0
35449.365021890815,0,4.0
35465.13130007773,1,4.0
35465.61410546284,1,4.0
35473.75192584651,1,3.0
35475.43298728616,0,3.0
35477.50166947974,0,3.0
35496.62767878864,0,5.0
35509.95902508855,0,2.0
35510.497006247606,0,3.0
35510.49716526406,1,2.0
35512.136709823055,0,1.0
35517.23425056677,1,2.0
35517.236601839715,1,5.0
35526.51715171912,0,5.0
35526.990549072965,1,4.0
35527.09359037622,1,5.0
35527.09898868404,1,4.0
35529.18676582034,1,3.0
35535.813272633335,1,2.0
35537.803562225134,0,5.0
35537.806008188905,1,1.0
35545.057960854916,1,1.0
35560.985855946914,1,2.0
35567.74795580634,1,4.0
35567.74824135631,1,2.0
35577.727068233,1,4.0
35577.811496256945,1,3.0
35581.21024987396,1,2.0
35582.45835458497,0,3.0
35582.789368648526,1,4.0
35582.79246437713,1,1.0
35585.40723120414,0,5.0
35586.38319711609,0,5.0
35587.9260662591,1,4.0
35590.80619824205,0,3.0
35598.0984258924,0,5.0
35604.49118525114,0,2.0
35604.50904889066,1,4.0
35605.04834401585,1,2.0
35607.00500654751,0,5.0
35629.59944350183,0,4.0
35629.600776970736,0,1.0
35629.604957287665,1,2.0
35630.18023037802,0,3.0
35634.47514419341,1,2.0
35635.7204508867,1,3.0
35639.18762163084,0,5.0
35639.187668787665,1,5.0
35640.33394555316,1,2.0
35658.12787676894,1,2.0
35658.68186196554,1,1.0
35660.34634164403,1,3.0
35698.77658211893,0,2.0
35699.10615063333,1,4.0
35699.11388774775,1,5.0
35699.11450370303,0,4.0
35704.66908812511,0,5.0
35715.09987879818,1,3.0
35715.102802854875,0,4.0
35751.257303311126,1,2.0
35753.394543217975,0,4.0
35773.79220451496,1,3.0
35776.64389807754,0,2.0
35777.55857506667,1,3.0
35780.55376026186,1,5.0
35782.98837568832,0,2.0
35783.46194724646,1,3.0
35818.10770564318,1,2.0
35832.30777346031,1,2.0
35832.983746677215,0,5.0
35832.98406583306,1,4.0
35849.67515143655,1,2.0
35859.57694088852,1,4.0
35859.58156988692,0,3.0
35862.70104476494,0,5.0
35872.94469414551,1,2.0
35886.15658594338,1,2.0
35906.29445608321,1,5.0
35924.873956756215,1,2.0
35927.39172936327,0,3.0
35929.343613402845,0,4.0
35929.3530265539,1,3.0
35934.56673524859,1,1.0
35943.0602455136,0,1.0
35960.07382097426,1,5.0
35962.53311834647,0,3.0
35972.38427932978,1,3.0
35979.75849314307,0,5.0
35981.51865707524,0,2.0
35982.735213023334,1,3.0
35990.86898701028,1,1.0
36000.055397337266,0,2.0
36004.9973472819,1,2.0
36007.44407481662,0,4.0
36007.44753690599,0,2.0
36012.16733008456,1,4.0
36014.69780534829,1,1.0
36019.49915530485,0,4.0
36020.65492917213,1,5.0
36020.65564006697,1,2.0
36046.656761098326,0,1.0
36052.116035199724,0,5.0
36054.28897673419,1,5.0
36054.289299688266,1,5.0
36058.84613479264,0,5.0
36060.10626791386,0,4.0
36060.2714316504,0,2.0
36062.08152986246,1,3.0
36074.955100045714,0,5.0
36075.77986418159,0,5.0
36119.32314792342,0,1.0
36124.71621330414,1,5.0
36124.77078603992,1,4.0
36132.81109749491,0,1.0
36132.84045781778,1,1.0
36150.54265838177,0,4.0
36156.00596808899,0,2.0
36156.67232861034,0,2.0
36160.37582322104,1,1.0
36161.40618966059,0,2.0
36166.17379483171,0,2.0
36179.38551538933,1,4.0
36190.777981597814,0,5.0
36190.81276369816,1,4.0
36190.83206421201,0,3.0
36190.834476886455,1,1.0
36190.94576840258,1,3.0
36211.58810114996,1,3.0
36212.494279175,0,2.0
36221.021707774555,1,3.0
36223.175343694405,1,4.0
36225.74474517958,1,4.0
36235.46589162603,0,1.0
36241.37057706158,0,5.0
36241.68934981232,1,1.0
36249.36522049186,1,5.0
36251.75973254368,1,4.0
36251.76031374588,0,5.0
36258.334261106625,0,3.0
36270.22082460307,0,5.0
36270.22087714645,0,4.0
36270.42641394803,0,1.0
36275.35181253781,0,5.0
36286.49857912973,0,5.0
36286.57573536398,1,5.0
36306.79048655361,1,4.0
36306.81603529235,0,2.0
36308.749686038704,0,3.0
36312.928708105705,1,2.0
36333.14360594748,1,4.0
36344.91811881766,1,4.0
36383.76025206865,1,2.0
36396.75059943061,0,1.0
36397.200908500585,0,1.0
36397.9010943341,0,5.0
36400.701592291174,0,1.0
36405.40328199409,1,4.0
36427.09781103529,0,5.0
36428.631990940485,1,4.0
36429.6354517248,0,1.0
36434.95907481169,0,4.0
36444.714413783746,1,1.0
36451.25205407635,1,1.0
36466.27902357896,1,4.0
36466.62169643112,1,2.0
36471.10235999244,0,4.0
36477.98609037016,0,2.0
36498.270448064395,0,3.0
36505.66237387569,0,3.0
36508.59211518458,0,4.0
36535.20104624906,1,5.0
36535.2015226087,0,2.0
36535.79701527854,1,2.0
36535.84847354613,0,2.0
36538.72420848177,0,1.0
36561.56970277273,1,4.0
36576.21598099437,0,4.0
36586.581450741425,1,2.0
36592.26878752058,0,3.0
36592.71179110777,1,2.0
36601.18181447561,0,3.0
36613.86863086264,0,1.0
36627.94191384964,0,1.0
36644.11322520654,1,3.0
36647.2453792126,1,2.0
36657.28321971127,1,3.0
36657.29649221316,1,2.0
36669.32945331053,1,4.0
36673.536734732494,0,2.0
36678.15087242121,1,5.0
36679.80151131671,1,5.0
36689.17780893254,0,1.0
36713.09656578098,1,2.0
36714.248149490195,1,1.0
36731.73627127257,1,1.0
36742.61430184032,0,3.0
36756.6191780276,0,5.0
36760.65978891699,1,2.0
36788.17682944631,1,5.0
36789.51901577887,1,3.0
36810.82982249991,1,1.0
36813.391598872804,1,4.0
36815.00036552296,1,2.0
36818.672660635166,1,2.0
36819.32579916998,1,2.0
36850.82803781135,1,2.0
36875.43716984712,0,2.0
36907.41206615301,0,5.0
36919.59379172811,1,2.0
36954.41949376579,1,1.0
36957.50899448921,1,2.0
36974.111232581316,0,2.0
36974.49366742933,0,4.0
36989.30918743789,1,2.0
36995.94328121926,0,2.0
36999.73161113499,0,1.0
37012.042993332376,0,2.0
37028.25470440168,0,5.0
37036.10408856043,1,5.0
37040.22330337588,0,2.0
37042.88522851446,1,5.0
37043.06754753338,0,2.0
37044.872986229086,0,4.0
37070.94365375503,0,1.0
37071.5722848695,1,1.0
37110.951195581954,0,4.0
37110.952133238396,0,4.0
37110.95401535019,1,5.0
37112.47550516076,0,3.0
37131.60783481405,1,1.0
37139.53973725985,0,1.0
37146.059049206066,1,5.0
37146.08044524931,1,3.0
37154.15732193844,1,4.0
37154.158023221025,1,1.0
37157.00674821708,1,2.0
37158.55682348914,1,1.0
37161.61995904296,1,2.0
37172.130270538866,1,4.0
37183.08893155476,0,4.0
37185.25640099417,1,2.0
37201.64286296851,0,4.0
37227.12577218679,0,4.0
37242.20342927047,1,2.0
37259.552100789544,1,5.0
37286.76513000523,0,5.0
37286.768351258805,1,5.0
37286.79866814416,0,5.0
37291.02868511688,0,3.0
37299.75543881599,1,2.0
37308.55661243914,0,2.0
37310.089974747934,0,5.0
37310.18058856634,1,1.0
37335.67134225655,0,1.0
37338.24408472928,1,1.0
37342.855889151964,1,4.0
37349.6504869616,1,1.0
37354.3175772545,1,2.0
37373.081638185286,0,3.0
37373.331773829836,1,1.0
37383.12766644251,0,1.0
37399.35726210521,1,4.0
37399.35741006727,1,1.0
37400.777383502325,1,5.0
37400.77797426478,1,1.0
37403.93873743817,1,1.0
37406.24143892988,0,5.0
37406.71482453977,0,1.0
37415.34992847116,1,1.0
37427.38408569594,1,2.0
37431.57854741838,0,2.0
37432.20068198739,0,2.0
37452.751124869195,0,5.0
37452.7542536777,1,2.0
37453.295602310754,0,1.0
37453.9674300764,0,1.0
37463.386929108354,1,2.0
37472.75248525058,0,3.0
37479.54643543406,0,1.0
37490.54367531753,0,5.0
37498.19907706758,1,2.0
37500.4132690263,0,5.0
37502.00560491255,0,5.0
37502.00754044636,1,2.0
37503.62164481832,0,4.0
37508.30690454481,1,5.0
37508.307054992154,0,5.0
37508.31791776977,1,2.0
37508.32853499012,1,5.0
37508.35737953935,1,3.0
37508.691620534606,0,5.0
37509.58934077804,1,1.0
37512.019329139366,0,1.0
37514.4239917755,1,4.0
37516.33568623537,1,2.0
37516.61984407342,0,4.0
37516.61996744208,0,4.0
37524.37072671689,1,1.0
37528.918347018756,0,4.0
37538.34686888887,0,5.0
37538.34720633967,0,1.0
37561.56761003131,0,5.0
37571.28712310166,1,2.0
37574.04214874924,1,3.0
37574.06785284464,0,2.0
37575.328976886056,1,1.0
37583.48889210584,0,2.0
37604.495228029285,0,2.0
37638.79643001414,1,3.0
37652.75773921698,1,1.0
37659.342366012585,1,4.0
37705.2144725393,1,3.0
37729.94019429982,1,4.0
37730.583398872666,1,2.0
37732.63624634271,0,2.0
37736.467749422976,0,1.0
37743.01265664224,0,5.0
37751.53992719721,1,3.0
37752.41148312783,1,3.0
37755.52846315327,0,4.0
37755.603428701565,0,1.0
37759.792269756545,1,5.0
37759.806037925286,0,1.0
37767.840447061084,0,2.0
37812.87235124062,0,2.0
37816.63935647674,1,2.0
37822.87009577216,1,2.0
37824.75390564358,0,5.0
37845.21402370107,1,1.0
37853.44393746007,0,3.0
37853.87336332361,0,2.0
37859.735870824006,1,4.0
37865.3579172839,1,3.0
37865.3583145949,0,1.0
37873.62735250549,0,3.0
37881.14045528351,0,1.0
37899.01557481236,0,5.0
37909.80051371673,0,5.0
37918.37075534994,1,1.0
37926.395907091486,1,2.0
37928.39082486358,1,4.0
37928.619301440776,0,2.0
37928.62778881164,1,2.0
37950.71540932382,1,5.0
37954.532628688845,1,4.0
37956.98129581825,1,3.0
37969.32605995517,1,4.0
37981.61870578113,0,3.0
38017.37132284974,1,4.0
38027.33680365798,0,1.0
38033.496290585805,0,4.0
38046.46483212412,1,1.0
38046.79586022357,1,4.0
38052.4018250591,0,3.0
38067.688926139046,0,5.0
38073.3826104889,0,1.0
38074.57717782625,0,5.0
38084.293601703044,0,2.0
38084.30474170104,1,4.0
38084.367247002745,1,5.0
38084.36743066633,1,5.0
38091.5389524989,1,5.0
38091.539240449856,1,2.0
38097.601297074834,1,1.0
38101.700527093715,0,2.0
38110.76790446241,0,1.0
38130.115902734746,1,2.0
38130.598985887395,0,4.0
38130.86063633572,1,1.0
38133.37111187327,0,3.0
38133.66736133017,0,5.0
38145.00146793559,1,5.0
38153.084420934894,0,1.0
38155.51049260948,1,3.0
38171.04389103853,1,5.0
38171.047555347846,1,4.0
38171.20997046818,1,5.0
38174.372123025365,1,4.0
38182.511454129744,0,1.0
38194.13475457988,0,3.0
38199.07989461075,1,2.0
38207.79471740704,0,1.0
38221.35836204849,0,1.0
38223.216470484025,0,3.0
38227.20014711174,0,5.0
38231.317060886984,0,3.0
38249.9943611108,1,2.0
38256.98460787184,0,2.0
38257.47027606097,0,5.0
38263.82537689672,0,1.0
38269.0953758568,1,5.0
38269.443306073736,1,2.0
38276.23011837807,1,2.0
38305.92042968897,1,4.0
38305.921376041675,1,1.0
38305.924302722124,1,4.0
38307.63124997973,1,4.0
38308.55403920635,1,2.0
38309.80203047156,1,4.0
38323.484749168616,0,3.0
38324.71391410386,1,5.0
38324.765801627735,1,1.0
38326.05643081987,0,5.0
38338.03362155879,0,4.0
38342.91135862855,1,5.0
38349.53768364952,0,3.0
38354.943170715924,0,3.0
38358.20256124213,0,3.0
38368.165286985146,0,1.0
38407.16981062782,0,1.0
38412.038967007305,1,4.0
38428.19976553815,1,5.0
38429.56148450971,1,2.0
38447.87320227248,0,4.0
38452.62046647346,1,3.0
38458.24756665221,0,1.0
38463.30226412962,1,5.0
38464.595889656186,0,4.0
38476.383333609025,1,4.0
38499.52980352192,0,4.0
38503.2150239877,0,5.0
38503.24498850459,0,2.0
38503.44661728312,0,4.0
38512.60229258716,0,2.0
38517.019663169245,0,1.0
38518.84521822179,1,1.0
38519.638520108885,1,2.0
38521.715965435804,0,1.0
38523.14632754025,0,1.0
38525.4204437234,0,5.0
38534.85201574563,0,2.0
38535.81360148795,0,3.0
38535.83655788205,1,1.0
38541.978606557954,0,5.0
38561.421268759244,1,1.0
38579.35418302248,1,2.0
38584.37438331285,1,1.0
38601.10548062813,0,5.0
38602.082646945026,0,4.0
38602.082905597345,1,1.0
38607.96614408278,1,3.0
38612.07228357507,1,1.0
38612.24303464116,0,1.0
38618.029136731835,1,2.0
38644.46972771917,1,1.0
38644.6436547552,0,4.0
38653.39092180248,0,4.0
38655.57164392612,0,3.0
38655.75669527266,0,3.0
38679.82655561965,0,3.0
38693.01665205067,0,3.0
38693.0209485972,0,5.0
38728.018658260655,1,5.0
38728.02897652782,1,4.0
38740.724894335006,1,1.0
38746.48655503482,1,3.0
38746.778807950795,0,5.0
38756.10417207918,1,5.0
38805.97068417149,1,3.0
38806.41983733175,0,2.0
38822.4419965172,0,3.0
38822.4435571052,1,3.0
38822.44585314418,0,3.0
38846.43401820493,0,5.0
38846.44117777028,0,2.0
38847.34441785519,0,2.0
38851.90165678696,1,5.0
38854.04227764338,1,2.0
38855.22882447012,0,3.0
38880.74424102388,0,4.0
38881.85235127836,0,5.0
38890.70337007401,0,4.0
38895.659111998015,0,5.0
38898.65753424588,0,4.0
38898.66282995242,1,4.0
38901.558051595064,0,5.0
38930.19466401021,1,2.0
38944.295518887906,1,2.0
38959.17962052471,0,1.0
38963.33323725316,1,3.0
38972.915530566046,0,5.0
38973.00670198702,0,4.0
38973.021828063065,1,5.0
38989.80705176978,0,2.0
39009.51948840959,1,5.0
39009.52972068356,0,1.0
39009.67964721956,1,5.0
39011.688768333115,0,5.0
39033.2683247595,0,2.0
39033.778407982914,1,1.0
39034.152775253235,1,1.0
39046.774194099664,1,3.0
39048.128256167925,0,4.0
39050.00765512183,1,4.0
39056.637886735014,1,4.0
39057.004365413646,0,5.0
39057.02712271657,0,1.0
39057.080269364604,0,4.0
39093.41685966913,1,1.0
39098.21486891131,0,5.0
39102.85231258717,1,3.0
39114.44790675583,0,2.0
39117.00588832493,0,4.0
39121.325798318816,0,2.0
39122.28697971088,0,4.0
39125.58817579024,1,3.0
39126.527949304844,0,2.0
39126.57036512744,0,2.0
39126.57098469446,1,5.0
39143.39811170329,1,1.0
39168.86317615519,1,1.0
39173.83675524907,0,1.0
39175.48368330697,1,3.0
39175.98476794475,0,5.0
39182.106827504154,1,2.0
39188.905674327936,1,4.0
39205.57040291956,0,5.0
39205.571602323944,1,5.0
39210.39789732204,1,3.0
39221.39704063195,1,3.0
39221.400158709504,0,4.0
39223.259187709584,1,2.0
39224.73228051197,0,4.0
39226.24230918977,0,2.0
39235.5500954233,0,1.0
39239.31674760461,0,2.0
39247.5224622472,0,2.0
39247.704726411815,0,3.0
39264.275761541605,0,4.0
39264.359969225785,0,5.0
39264.36835224901,0,5.0
39264.37445175145,1,4.0
39264.41050328829,1,3.0
39264.92031569097,1,3.0
39268.35679871462,1,2.0
39271.66684383776,1,3.0
39317.251373645966,0,5.0
39317.26652299369,1,4.0
39318.518815613796,0,4.0
39319.333792142424,1,2.0
39320.446235211144,0,2.0
39321.60489707903,0,2.0
39324.91589871576,0,2.0
39328.517937982935,0,5.0
39341.1473770525,1,2.0
39341.154721434315,1,5.0
39341.18487998267,1,4.0
39347.530826353446,1,3.0
39353.12497985972,1,5.0
39353.12767021536,0,3.0
39363.81853993946,0,2.0
39367.867100527525,0,1.0
39382.26975152927,0,2.0
39413.01271201886,0,3.0
39413.710530950164,0,4.0
39445.93888791522,1,1.0
39459.181675960644,0,5.0
39459.62301634889,1,2.0
39462.04534770836,0,3.0
39462.084957420804,0,5.0
39462.69027043351,0,5.0
39462.71153720846,1,2.0
39472.64842863781,0,2.0
39516.353747822024,1,1.0
39520.618768482535,1,2.0
39538.56524354409,0,3.0
39553.77703240523,0,2.0
39558.9480033618,0,2.0
39576.58503840979,0,4.0
39578.58413317406,1,5.0
39578.586588901606,0,2.0
39578.63641424721,1,1.0
39601.93234104508,1,2.0
39624.30840062748,1,5.0
39624.967904137186,1,4.0
39625.004741399775,1,5.0
39625.19210524416,0,1.0
39626.11322230361,1,2.0
39627.97019591303,1,2.0
39628.62698229418,0,3.0
39629.331354539456,1,5.0
39629.34350422523,1,4.0
39634.10668090007,1,5.0
39641.029538232106,1,4.0
39658.14356300329,1,2.0
39660.714414052425,0,5.0
39672.343800661394,1,3.0
39672.34490741547,0,5.0
39672.73152627063,0,1.0
39672.96225261762,1,2.0
39697.25262530766,1,4.0
39697.68687075524,0,5.0
39706.80339275753,1,4.0
39707.597453793285,1,4.0
39717.92109289977,1,4.0
39720.04553576658,1,3.0
39723.84776542657,0,2.0
39725.10976826469,0,3.0
39726.23238908478,0,3.0
39729.2655851113,1,5.0
39735.83852939652,0,2.0
39736.07334049053,0,1.0
39737.21923454598,1,2.0
39742.98517557835,0,5.0
39742.985192624874,0,2.0
39743.00588667176,0,4.0
39743.36497248266,1,5.0
39744.6340271015,1,5.0
39744.63411819171,0,3.0
39744.63586935677,0,1.0
39745.13328106717,1,5.0
39748.539564377614,0,2.0
39751.55607806506,0,2.0
39752.55055901315,1,2.0
39763.46319722288,0,2.0
39767.37919219389,0,1.0
39783.75320522452,0,1.0
39791.336594579465,0,2.0
39804.93667975776,0,3.0
39810.44301543688,1,2.0
39827.61562109828,0,2.0
39827.98547920896,0,1.0
39829.591401711,0,2.0
39835.089622642816,1,4.0
39850.62333070069,1,2.0
39858.226307032775,1,4.0
39859.66333298292,0,4.0
39859.663570767334,0,2.0
39882.94444028924,0,2.0
39900.60798278097,1,5.0
39901.49319446115,1,1.0
39914.01842446883,0,5.0
39914.038895666614,1,2.0
39937.26153563514,0,3.0
39937.7490375464,0,2.0
39939.75662180396,0,2.0
39953.996883860666,0,1.0
39957.70040962223,0,1.0
39968.78801496549,1,4.0
39971.50658794043,0,1.0
39983.84932566278,0,2.0
39987.33319723252,0,2.0
40024.31156471517,0,4.0
40034.5808131158,0,2.0
40049.998829092445,0,4.0
40050.131104054286,1,5.0
40050.13192405557,1,1.0
40050.5075071308,0,1.0
40063.677606772675,0,3.0
40080.2771093566,1,5.0
40080.27744693744,0,2.0
40080.27902542793,1,3.0
40086.741973295306,0,3.0
40113.98778526061,1,3.0
40114.49573339052,0,5.0
40124.26390876525,1,3.0
40124.26414408621,1,5.0
40124.26511259661,1,2.0
40124.28145258091,0,4.0
40126.35335330426,0,2.0
40138.345497262584,0,5.0
40139.1433491351,0,4.0
40168.89198138284,1,2.0
40176.02797426332,0,4.0
40181.13043357987,0,1.0
40192.966156806164,0,3.0
40211.51903532295,0,1.0
40222.45203578732,1,5.0
40222.452409296966,0,2.0
40225.79263167207,0,2.0
40226.85871894512,0,3.0
40231.70643096498,1,2.0
40234.52083250532,0,4.0
40234.527372201206,0,5.0
40234.52970648458,0,4.0
40235.03734134503,0,2.0
40239.45352064887,0,1.0
40242.09724987992,0,4.0
40243.833123967685,1,5.0
40243.83374601528,0,5.0
40260.18233440851,0,3.0
40276.513270655894,0,3.0
40294.58348861372,1,4.0
40294.653440604714,1,2.0
40312.864029067525,1,1.0
40317.89671443813,0,2.0
40328.01213605354,0,3.0
40335.5713735119,0,5.0
40355.36785993721,0,4.0
40356.93368273446,1,5.0
40367.57572552081,1,5.0
40367.71816716518,1,5.0
40367.71852236662,0,2.0
40369.33404302367,0,1.0
40382.553262831236,1,1.0
40385.63376261034,0,5.0
40385.64805566295,1,4.0
40394.418949402294,1,1.0
40401.96714673144,0,1.0
40408.859921390416,1,2.0
40410.76600684526,0,5.0
40420.19098026032,0,3.0
40425.45970492754,1,5.0
40441.779286873316,0,4.0
40449.46580660953,1,2.0
40449.467088813464,0,1.0
40452.46283567541,1,4.0
40452.890127693274,1,3.0
40452.8912349197,0,5.0
40459.22156750457,0,1.0
40468.82142132496,1,3.0
40475.76692185123,1,3.0
40476.00597086479,0,1.0
40481.3913353699,0,2.0
40490.26773119493,1,3.0
40490.26850195404,0,1.0
40491.22974994814,0,1.0
40493.98877982647,1,2.0
40497.411619735176,1,1.0
40501.803724513906,1,1.0
40508.71988227951,0,2.0
40515.815067255186,1,5.0
40521.34429303876,1,4.0
40532.3743584122,1,5.0
40532.37442906924,0,3.0
40532.38290801095,1,3.0
40533.982806686596,1,3.0
40534.137374707636,1,2.0
40534.398032941965,1,1.0
40536.92824770945,0,1.0
40538.49366937038,1,5.0
40538.93924848439,1,2.0
40549.80391448759,1,5.0
40554.55954234189,0,5.0
40561.45330515269,1,2.0
40566.33968064776,1,1.0
40584.31969538889,1,1.0
40591.62583749673,1,5.0
40591.69668037071,1,5.0
40592.11767788843,1,2.0
40597.03010775207,0,3.0
40597.34642573577,0,5.0
40598.168703456045,1,3.0
40598.895028490915,1,2.0
40606.29563894966,1,4.0
40611.9897488129,0,5.0
40627.9143939498,0,5.0
40627.9175843106,0,1.0
40632.64972682488,0,4.0
40635.27648763004,0,3.0
40639.005665826604,0,2.0
40646.14416842094,1,2.0
40646.1471350454,0,3.0
40655.274081425785,0,1.0
40670.34820026977,1,4.0
40683.90578061659,1,1.0
40692.300979288324,1,3.0
40699.379898130894,0,4.0
40715.43010856885,1,1.0
40725.6417037165,1,2.0
40731.97903138978,0,3.0
40734.14664933681,0,5.0
40734.26336925394,0,1.0
40734.6802878673,0,3.0
40742.372442126536,1,4.0
40742.959338218956,1,4.0
40743.37981722855,1,5.0
40743.38008269537,0,1.0
40744.84879702486,1,3.0
40749.93440259144,1,4.0
40763.16356461656,0,2.0
40763.52547708313,0,1.0
40771.32519140087,0,3.0
40775.21944473422,1,1.0
40780.015304821405,1,5.0
40781.22839688943,0,3.0
40795.43896464613,0,1.0
40796.46075898382,1,3.0
40802.03356742838,0,5.0
40804.85177816538,0,1.0
40817.37329956708,1,3.0
40830.89342120924,1,3.0
40835.0232791855,0,4.0
40835.88192306826,1,2.0
40853.966711866844,1,5.0
40855.6860395211,1,5.0
40866.67370999499,0,2.0
40880.16468463612,1,4.0
40889.493450817805,1,2.0
40890.710747867,0,4.0
40890.711231043795,1,1.0
40891.37584662436,1,3.0
40912.43361977154,1,4.0
40921.0502454053,1,1.0
40930.870943043024,0,4.0
40964.886758749846,1,1.0
40966.53584503689,0,4.0
40967.96123686569,0,4.0
40967.978096887295,1,4.0
40968.20032771938,0,4.0
40971.55004633116,0,5.0
40971.84899831841,0,4.0
40973.611642395466,1,3.0
40973.8373237797,0,5.0
40974.568082321086,1,2.0
40987.20416344144,1,1.0
40988.40514865016,0,5.0
40989.367652125926,0,5.0
40995.02935450878,1,2.0
41031.567494163515,1,5.0
41035.301981545614,1,3.0
41045.84111880005,0,1.0
41059.2705266655,0,4.0
41061.8863039721,0,3.0
41064.55452581484,0,2.0
41067.10379069188,0,4.0
41076.918401411815,1,1.0
41083.43786661264,1,3.0
41089.73250394354,0,3.0
41092.01114085738,0,2.0
41094.03867115436,1,5.0
41094.06004114226,1,3.0
41094.182991121634,0,1.0
41108.77963924546,0,5.0
41117.67931050549,0,3.0
41126.06086793033,0,1.0
41127.10054009857,0,3.0
41131.4077466679,1,2.0
41134.454088938786,0,4.0
41135.6954979056,0,5.0
41135.70637233172,1,3.0
41149.76905176083,0,1.0
41151.88608563213,1,2.0
41156.90969908416,1,5.0
41167.219196266466,1,4.0
41184.772181472086,1,1.0
41185.30243190993,0,2.0
41185.33419725224,1,1.0
41188.78028424082,1,3.0
41212.73127368439,0,3.0
41238.276935254406,1,5.0
41238.276983325784,0,3.0
41242.466405407344,0,3.0
41242.75124211209,0,2.0
41246.74741287834,1,4.0
41262.54400206194,0,2.0
41265.54846267045,0,3.0
41267.98078646562,1,1.0
41268.47136950846,0,3.0
41268.481095270465,1,1.0
41269.8878366522,0,2.0
41273.99264526985,0,4.0
41277.76346543745,0,2.0
41315.4156000542,1,5.0
41315.433067457736,1,1.0
41316.71160936367,1,3.0
41327.18006182938,0,3.0
41337.83750136347,1,4.0
41345.27106912389,1,3.0
41362.45365984795,1,5.0
41362.459014843414,0,3.0
41362.99959646328,0,1.0
41376.26891873447,0,2.0
41383.49659865641,1,1.0
41386.59719498551,1,2.0
41388.32104162519,1,5.0
41430.69605295072,1,5.0
41430.6980826005,0,3.0
41435.553384538325,0,3.0
41459.63569934728,0,1.0
41463.80150870656,1,2.0
41464.75322449759,0,2.0
41479.30920623822,0,3.0
41479.76793329136,1,4.0
41485.8728875569,1,4.0
41488.51315577463,0,4.0
41501.44116171975,1,2.0
41524.58567833194,0,2.0
41537.50653034208,0,4.0
41550.07114903251,0,1.0
41555.568138117924,1,1.0
41556.558574541945,1,3.0
41562.9172596796,1,3.0
41565.56695749198,0,5.0
41565.964577434825,1,4.0
41567.46194917244,0,3.0
41594.978977233084,1,4.0
41598.7792744029,0,5.0
41604.34268000337,1,4.0
41606.95930262901,0,4.0
41614.421567060046,1,2.0
41614.42179143824,0,1.0
41628.4028460769,0,1.0
41628.46612471389,0,5.0
41634.97293453082,0,1.0
41637.81991751647,1,1.0
41647.59081799449,1,2.0
41654.591396277705,1,5.0
41665.19581827492,0,5.0
41681.52482071488,1,3.0
41681.52762705218,0,1.0
41691.27576919527,1,1.0
41708.782846196984,1,1.0
41719.94238211217,1,5.0
41719.94265557266,1,3.0
41724.53732821058,1,2.0
41724.76299523029,0,2.0
41742.77286937912,1,3.0
41747.6045891121,0,4.0
41749.840877049675,1,4.0
41756.29041425554,0,3.0
41759.783822774065,0,2.0
41760.464918104815,1,5.0
41803.12646598929,1,5.0
41803.275520419724,1,4.0
41829.08330626571,1,3.0
41838.80608972463,1,3.0
41839.70510010054,0,4.0
41846.93488328975,0,1.0
41854.98686696453,0,2.0
41856.776380801064,1,5.0
41857.171813735324,1,3.0
41869.02987450513,1,3.0
41877.70750884734,1,4.0
41881.40868474001,0,1.0
41892.37089621399,0,1.0
41909.04289784045,1,5.0
41909.04303870583,0,5.0
41912.96250425645,1,5.0
41923.11663994815,1,4.0
41923.250361075436,1,2.0
41924.58350671069,1,1.0
41930.05389002626,0,4.0
41961.39164212871,0,3.0
41961.425285577374,0,4.0
41964.840506184184,1,1.0
41980.23324135,1,5.0
41983.04293948275,0,3.0
41986.16403395411,1,5.0
42001.50618560759,1,2.0
42007.55078609853,1,5.0
42007.775525170844,0,5.0
42007.77763515964,1,5.0
42019.51892192032,1,3.0
42026.67450163952,1,5.0
42026.72036483048,0,5.0
42034.04009375157,0,1.0
42036.532214409504,0,3.0
42040.366341461246,0,2.0
42047.220046920906,1,3.0
42047.22016112486,0,5.0
42047.4237990062,0,2.0
42048.241305843156,0,4.0
42054.58877481708,0,3.0
42067.90376534538,1,5.0
42092.92249188387,1,2.0
42100.947564285096,1,2.0
42105.79321088644,0,2.0
42106.230393043545,1,2.0
42126.609003815756,0,2.0
42130.86774498136,1,3.0
42135.77875047109,1,3.0
42145.98594131311,0,3.0
42157.474290428836,1,4.0
42178.986639283314,1,2.0
42194.76483335951,0,3.0
42208.9152961571,1,3.0
42214.43509215743,1,3.0
42234.964694304086,1,2.0
42236.21564450044,0,5.0
42255.432634363126,0,2.0
42262.78328027378,0,5.0
42262.85125479456,0,2.0
42267.0103680823,0,3.0
42267.01065967444,1,5.0
42267.011381372045,0,5.0
42267.0152775843,0,4.0
42267.05422749219,1,4.0
42273.03983566132,1,2.0
42277.10271397378,0,2.0
42287.923966830094,0,2.0
42302.416484793124,0,4.0
42308.16743315156,1,1.0
42316.9216294329,0,2.0
42319.61706027912,0,2.0
42330.39105596228,1,2.0
42338.41376232081,0,5.0
42346.774711432,1,4.0
42355.5412572708,0,1.0
42366.64881408505,1,1.0
42376.26588377556,1,3.0
42381.808929703184,0,2.0
42389.249188103044,1,3.0
42393.096440302375,1,3.0
42409.73847823201,0,2.0
42424.99383202946,1,5.0
42427.321202329615,1,2.0
42434.047865926324,1,1.0
42448.567366763586,1,3.0
42453.88138140748,0,3.0
42453.88493276288,1,4.0
42453.89455797912,0,5.0
42453.93972455435,1,1.0
42458.40157832581,0,5.0
42458.69278159582,1,5.0
42491.40043810148,0,5.0
42491.40649589397,1,4.0
42494.625464210854,1,2.0
42506.62859066968,0,5.0
42506.632973676555,1,2.0
42512.84671657528,0,3.0
42512.87272850644,1,1.0
42519.89196866094,1,5.0
42519.89208223914,1,3.0
42533.818481188624,1,1.0
42535.19887107088,1,2.0
42570.053238067485,1,1.0
42575.95842625712,1,4.0
42578.62527710378,1,4.0
42589.19444864495,1,1.0
42594.82723894396,1,5.0
42594.833371111534,0,2.0
42594.8991337719,0,1.0
42596.87828905954,1,4.0
42600.35626475406,0,1.0
42601.020011514454,0,4.0
42601.03262035085,1,1.0
42603.23079838341,0,1.0
42629.64373777809,1,4.0
42638.60512943057,0,4.0
42638.60611824717,1,2.0
42641.19077754382,1,1.0
42677.49714857652,1,4.0
42683.754137752825,1,1.0
42689.38340742099,1,5.0
42697.29261890012,1,2.0
42697.292730444686,0,1.0
42703.71863766295,1,1.0
42713.88061367795,0,1.0
42743.117674521236,0,5.0
42743.35776772356,0,1.0
42752.927821600235,0,2.0
42781.652033492595,1,2.0
42783.29092299139,1,3.0
42789.757342171375,0,5.0
42789.764739478785,1,4.0
42793.791179171174,0,2.0
42794.04742609209,1,5.0
42798.12148724928,0,4.0
42813.69021549527,1,2.0
42833.50152648857,0,1.0
42838.22143471121,0,4.0
42842.49854063989,0,2.0
42844.26355016547,1,5.0
42853.21396265995,0,4.0
42874.28910712737,1,4.0
42875.733671645714,0,2.0
42880.8400043435,0,3.0
42880.84041669087,1,1.0
42887.54885652689,1,2.0
42889.35999375,0,5.0
42899.977545510344,1,1.0
42901.7447307629,0,1.0
42904.90274348431,1,3.0
42922.70229087673,0,5.0
42922.73549170398,0,5.0
42926.11389861677,0,3.0
42926.21032285865,1,1.0
42926.84265842833,0,5.0
42926.88956978812,1,5.0
42928.25794750903,1,1.0
42930.76575321665,1,5.0
42930.95930714405,0,2.0
42931.543345536804,0,4.0
42955.358234152234,1,2.0
42959.636218211905,1,4.0
42968.463315936664,0,5.0
42968.90220657747,0,5.0
42984.7925680861,0,1.0
42988.603649286364,1,1.0
42989.31690369124,0,2.0
43001.332972578784,1,1.0
43016.704771687924,1,2.0
43018.281259492804,1,2.0
43020.55669653072,0,1.0
43031.731047455025,1,3.0
43031.73113113713,0,1.0
43057.35967707606,0,1.0
43082.143117648586,0,1.0
43083.176502528324,1,2.0
43085.166722568014,1,2.0
43086.622667912045,1,4.0
43094.529972815224,1,4.0
43098.10442081828,0,2.0
43122.238530469214,0,5.0
43129.04096427839,0,2.0
43129.149381587486,0,5.0
43143.26691375788,0,4.0
43152.897148031894,1,4.0
43152.91424519267,0,4.0
43159.70263530152,1,5.0
43176.31028487604,1,1.0
43180.53651205266,0,3.0
43183.00158798068,0,2.0
43191.94470578176,0,3.0
43192.01536042767,1,1.0
43197.829712226114,0,3.0
43213.24068248097,0,2.0
43213.242677534,1,2.0
43213.67309546047,1,2.0
43215.08986389762,1,1.0
43221.288201441566,0,5.0
43221.290614023106,1,1.0
43231.61857358549,1,3.0
43237.66682429349,0,3.0
43240.765052310504,0,1.0
43251.8081592213,0,3.0
43251.8082313364,0,4.0
43268.09039632132,1,2.0
43272.535145460264,0,4.0
43272.689307693545,0,1.0
43291.4652612999,1,5.0
43291.728605062366,0,3.0
43296.25275748905,0,3.0
43300.50531755627,0,1.0
43330.23950977392,1,5.0
43346.20374563829,0,2.0
43350.45761490996,1,5.0
43353.07971785802,1,5.0
43353.08112229916,0,4.0
43353.13107974661,1,2.0
43353.62093193335,0,1.0
43355.62990687795,0,2.0
43387.753289199805,0,4.0
43400.494857952894,1,3.0
43400.53694376632,1,2.0
43405.56825819747,0,5.0
43426.37636111523,1,4.0
43440.05899806665,1,3.0
43448.162841293764,1,5.0
43464.576581393696,0,1.0
43475.088247593194,0,1.0
43493.31946947235,0,3.0
43493.320593743774,0,1.0
43493.33088438439,1,5.0
43493.33819180554,1,3.0
43493.50893564354,0,1.0
43496.118728903886,1,4.0
43496.12022878184,0,5.0
43503.286114732146,1,3.0
43504.16561520383,0,2.0
43504.1664524426,0,3.0
43511.60396340103,1,3.0
43511.64791540869,1,4.0
43511.65140709857,1,5.0
43511.65588845037,1,1.0
43511.674526404,0,3.0
43519.61566439234,0,3.0
43520.30216295981,0,5.0
43520.32729926946,1,3.0
43530.10232639313,0,4.0
43530.164155215476,1,1.0
43549.997323476986,1,1.0
43553.245885619515,0,3.0
43553.307787535814,0,1.0
43553.626312022374,0,2.0
43555.92699641202,0,3.0
43556.11934722979,0,2.0
43558.33322186883,0,4.0
43561.032222491594,1,3.0
43565.32461567083,1,5.0
43565.32648318532,0,3.0
43565.3324418549,0,1.0
43573.89937814749,1,3.0
43584.7460486392,0,3.0
43588.17034654593,0,1.0
43592.42490726601,0,4.0
43592.48010516248,0,5.0
43592.49128350582,1,2.0
43595.16473782313,0,5.0
43595.177830731925,1,1.0
43595.409812516926,0,3.0
43597.71689382372,1,2.0
43597.71789973173,1,5.0
43598.40039242506,1,4.0
43599.15044657936,1,5.0
43599.89411598208,0,5.0
43607.4357019284,1,5.0
43609.427392609156,0,1.0
43639.03579260509,0,2.0
43654.1400631426,1,2.0
43660.82173581901,0,4.0
43668.68870276479,0,1.0
43675.10969912676,0,5.0
43682.19462513171,1,4.0
43694.888296496785,1,4.0
43696.05933036002,1,5.0
43696.066016142315,0,3.0
43713.25109419027,1,2.0
43727.468842441674,0,5.0
43727.47007803933,0,3.0
43727.47034942938,0,4.0
43732.01757664159,0,1.0
43733.147586076244,1,4.0
43743.59860634647,0,4.0
43743.5988377439,1,5.0
43744.06260420098,0,4.0
43744.06301770228,1,3.0
43744.06362686989,0,2.0
43750.09646995184,0,2.0
43769.05285584619,1,4.0
43775.62478870573,0,2.0
43783.900430864815,1,2.0
43809.70603183329,0,5.0
43826.24574017158,0,4.0
43838.46893985533,0,3.0
43841.12109499867,0,3.0
43856.39538332172,1,4.0
43886.324634945435,1,2.0
43895.59919126764,1,5.0
43895.622644641146,0,1.0
43896.39725549103,1,4.0
43897.67283601829,1,1.0
43897.88511892306,1,4.0
43898.07289481479,0,4.0
43899.07846385093,1,4.0
43925.54856606487,1,1.0
43975.30919120516,1,4.0
43979.34556354531,1,2.0
44001.79514749555,0,3.0
44017.84031609192,0,4.0
44021.02010805692,0,1.0
44026.07776179071,1,4.0
44036.92772507405,0,2.0
44037.00730717746,1,3.0
44049.125782774485,1,4.0
44066.46394299724,0,1.0
44074.21255839557,1,5.0
44074.24942273706,1,5.0
44078.594983284616,0,1.0
44105.76918852181,0,3.0
44121.51914087508,1,3.0
44123.4797346561,1,3.0
44123.59817407056,1,2.0
44133.83481372807,0,1.0
44140.31359400616,1,1.0
44142.55925954354,0,2.0
44151.937423368196,1,4.0
44163.025740353754,1,3.0
44171.85578692245,0,4.0
44176.26134299055,1,2.0
44184.76244782076,0,4.0
44184.769271221034,0,5.0
44189.90459480127,1,1.0
44191.384062139805,0,5.0
44194.50192623806,1,1.0
44199.262902142844,1,5.0
44199.26437699589,0,3.0
44199.269634030934,0,3.0
44227.12710112841,0,4.0
44228.33845623573,1,5.0
44250.706563685904,1,3.0
44251.844613843634,0,5.0
44252.94886646009,1,4.0
44265.65383608172,0,4.0
44265.74436969406,1,4.0
44268.132680277406,0,3.0
44268.36657001059,0,3.0
44269.57860617332,1,4.0
44283.148279181005,0,1.0
44288.02284066409,0,5.0
44289.40131352056,0,2.0
44304.613998046094,0,4.0
44304.614160606914,1,3.0
44304.622885020675,1,3.0
44309.18535593298,1,1.0
44311.05697891784,1,2.0
44311.12441259229,0,4.0
44323.47365528632,0,4.0
44333.85792299803,0,4.0
44347.6803520424,0,2.0
44360.380352946304,0,5.0
44381.364392538526,0,3.0
44381.40152482046,1,4.0
44385.86702501946,1,4.0
44401.830910219745,1,5.0
44401.83599856122,1,2.0
44401.83625715212,0,3.0
44407.02656059375,1,4.0
44407.28902312483,0,3.0
44410.47827891973,0,3.0
44431.35958303831,0,5.0
44442.39707268608,0,3.0
44443.7742160449,1,3.0
44446.81288715295,0,1.0
44451.83362415735,1,2.0
44458.19385518365,0,2.0
44459.49486367129,0,2.0
44468.0503245674,0,3.0
44469.352116737646,1,3.0
44476.44464277748,0,2.0
44477.31188387712,0,1.0
44507.662414545885,1,4.0
44507.67149474652,0,5.0
44520.01637249114,0,4.0
44565.485449413245,1,4.0
44567.08495863382,1,5.0
44590.96176900504,1,5.0
44597.02972440573,1,2.0
44607.366150375005,1,2.0
44628.37604902118,0,4.0
44629.77618457799,0,1.0
44630.20552564196,0,5.0
44632.418491032135,0,2.0
44655.1241385094,0,4.0
44655.901632189176,0,3.0
44657.41435062237,0,4.0
44669.71189102444,1,1.0
44673.55104429979,1,3.0
44673.880525561864,0,3.0
44674.782247712705,1,3.0
44678.45189093369,1,5.0
44678.4529240223,0,1.0
44681.585752199695,1,4.0
44685.33584786353,1,2.0
44693.213762710264,1,5.0
44693.22412982915,0,3.0
44695.05186828354,0,4.0
44695.05203464954,0,2.0
44701.4409744591,0,4.0
44711.60940257518,1,3.0
44711.868127322385,1,1.0
44712.1113292512,0,3.0
44719.95022663117,1,2.0
44719.95032345911,0,1.0
44753.602114773144,0,5.0
44753.60310799726,1,5.0
44753.60660447812,1,2.0
44754.25963825586,0,3.0
44754.26207809983,1,2.0
44754.5792431648,0,1.0
44766.374111608704,1,2.0
44789.93170943871,0,3.0
44789.97270107325,0,1.0
44790.29231029351,0,4.0
44801.167686178655,0,1.0
44807.375652346964,1,4.0
44807.38097162813,0,4.0
44808.77981444933,1,1.0
44814.296705346664,1,4.0
44822.66616951723,1,2.0
44830.94870206068,0,3.0
44830.97662855474,0,4.0
44837.216977037206,0,3.0
44855.86513961201,0,4.0
44863.85650317548,0,3.0
44869.35879505602,0,1.0
44871.394484327626,0,4.0
44880.05179581295,0,4.0
44880.11331073565,0,4.0
44892.53279832036,0,5.0
44892.57522772636,0,2.0
44892.843457733194,0,5.0
44892.852863081265,1,1.0
44894.352642146514,1,4.0
44894.353386230774,0,2.0
44894.90213973364,0,5.0
44894.903453740626,1,1.0
44894.90560010677,1,5.0
44894.90808041401,0,2.0
44894.91046285064,1,3.0
44894.9465063566,0,1.0
44894.95441584007,0,5.0
44895.16930570854,0,4.0
44895.39014515161,0,5.0
44895.410719181695,1,4.0
44895.60833545764,0,5.0
44903.09935847336,1,2.0
44911.24001164662,1,3.0
44912.15139093279,0,3.0
44932.298877788875,0,4.0
44938.877271497535,0,5.0
44968.48636755114,0,2.0
44973.1685625333,0,4.0
44979.22250826659,0,3.0
44988.78707172113,1,5.0
45005.578106990666,1,2.0
45045.27008621681,0,1.0
45050.443423242774,1,5.0
45055.30569243238,0,5.0
45056.00395986858,0,1.0
45061.53538406259,0,2.0
45064.61403965886,0,5.0
45083.848996143104,1,1.0
45090.657792963655,1,5.0
45090.658000629795,1,2.0
45102.08816578003,0,5.0
45107.47573589245,0,1.0
45112.93376287821,1,1.0
45126.76712243561,0,3.0
45126.76722103187,0,2.0
45129.06461084571,0,1.0
45136.744880668724,0,3.0
45147.15477388343,1,3.0
45163.84902707912,1,4.0
45184.482709673204,1,2.0
45188.339795350716,1,1.0
45197.88782815874,1,4.0
45202.98178563351,1,3.0
45211.34729847621,1,5.0
45221.71603814222,0,3.0
45233.03539124774,0,3.0
45235.579010572284,1,5.0
45235.661800186346,1,2.0
45238.74958842113,0,2.0
45252.54162383271,1,5.0
45269.17389642479,1,5.0
45314.54107281687,1,5.0
45318.51045303483,1,3.0
45321.200937951326,1,1.0
45341.424795760504,1,4.0
45344.971684222925,1,5.0
45345.04023280215,1,4.0
45352.02201100631,0,3.0
45356.30044381826,1,1.0
45359.447330630166,1,5.0
45373.844621184406,1,3.0
45378.863118491485,1,2.0
45383.12433987735,1,2.0
45409.84560755987,0,4.0
45413.19242260044,0,5.0
45413.196943264076,1,2.0
45413.25789847881,0,5.0
45413.26382005555,1,5.0
45413.33730690883,1,4.0
45413.54786743651,0,3.0
45417.38940780346,1,1.0
45441.696473639604,0,4.0
45441.69922925407,1,5.0
45441.94177057384,0,5.0
45444.20948055377,1,2.0
45457.62660471796,1,5.0
45480.34926571493,0,3.0
45489.84489866517,0,2.0
45504.33535101169,0,3.0
45509.04773904089,1,3.0
45513.991762925274,0,4.0
45517.75587794665,1,4.0
45520.50293499988,1,2.0
45573.58148394766,1,4.0
45595.13045581564,0,2.0
45595.13139352361,1,4.0
45595.587366895204,1,2.0
45602.9974991595,0,1.0
45616.0934244739,0,4.0
45622.1082930211,1,2.0
45627.63439618574,1,1.0
45642.811004256546,0,4.0
45651.242107555256,0,1.0
45660.42044681145,0,3.0
45686.9014383828,0,2.0
45691.76282209106,1,3.0
45703.73483415893,0,1.0
45704.354382003636,0,3.0
45705.46747426341,1,5.0
45705.47196057122,1,2.0
45710.11770688028,0,3.0
45715.94991550617,0,4.0
45727.62370324807,0,5.0
45727.73683693895,1,4.0
45730.06842980159,0,3.0
45730.326311367484,1,4.0
45738.65273157514,1,2.0
45751.94881870547,1,3.0
45772.017857515035,0,2.0
45777.01463614481,1,1.0
45801.95299532555,1,2.0
45804.24960072609,1,3.0
45808.7750102714,0,3.0
45818.90756980003,0,4.0
45823.7488779276,0,4.0
45825.11598623454,0,2.0
45851.16269380674,0,1.0
45864.4968353927,0,2.0
45866.63502956931,0,1.0
45868.883675636964,1,5.0
45868.88377735145,0,2.0
45868.995867587124,0,5.0
45879.06872461399,1,3.0
45882.71966935593,0,5.0
45894.66036043239,0,2.0
45907.629354073106,1,1.0
45915.77819676961,0,1.0
45927.73118703288,1,3.0
45928.81657184007,0,4.0
45943.037936909015,0,1.0
45944.27445536142,0,5.0
45944.28630922109,1,5.0
45944.29432004339,0,2.0
45947.18907921091,1,1.0
45953.32244459861,0,3.0
45962.69825555329,1,1.0
45965.08940106324,0,5.0
45980.12009632369,0,4.0
45984.26999366815,0,4.0
45987.43096592731,0,3.0
45991.63661803299,1,4.0
45991.63933011122,1,4.0
45992.758256197594,1,3.0
45994.508027950935,0,1.0
45995.97975166066,1,5.0
46010.23993318941,0,5.0
46013.18297053837,0,4.0
46027.18861717437,1,5.0
46028.89898225495,0,2.0
46031.50652410802,0,4.0
46032.014785890824,1,1.0
46040.205549517304,1,5.0
46046.69553819861,0,5.0
46047.34597692121,1,3.0
46051.31235210859,0,3.0
46052.16078442794,1,2.0
46057.42276876059,1,3.0
46058.16740836944,0,3.0
46064.50726640204,0,4.0
46077.03402930781,0,5.0
46099.433770126605,1,4.0
46134.66407313253,0,1.0
46135.20723743497,0,2.0
46162.46046760199,0,3.0
46162.46505449187,0,5.0
46174.81461709087,1,3.0
46187.733144547325,0,1.0
46194.01048083897,0,2.0
46199.94795927832,0,3.0
46199.94796166807,0,1.0
46201.93439315655,1,1.0
46203.70476641034,1,1.0
46226.66100983105,1,5.0
46226.66891810872,0,1.0
46231.531426438116,1,3.0
46242.47621803371,1,3.0
46242.49379975402,0,2.0
46247.62617139226,0,3.0
46289.29703897839,0,2.0
46289.34531745513,0,3.0
46289.56678793522,1,5.0
46290.48482638632,0,3.0
46314.05092586813,1,3.0
46317.983969966175,0,2.0
46322.79649772131,0,1.0
46360.41970661194,0,1.0
46370.302338675734,0,4.0
46388.21738683108,0,1.0
46397.12444704718,1,5.0
46411.621924967425,0,3.0
46411.88430934483,0,4.0
46436.60337140201,1,5.0
46441.47881546769,0,2.0
46445.04458499186,1,5.0
46457.313978168655,1,2.0
46467.92649931462,0,5.0
46477.19707793661,1,3.0
46477.94880270998,0,3.0
46486.72954623742,1,3.0
46491.09057038545,1,4.0
46491.09171359209,0,5.0
46491.09380844082,1,5.0
46491.097545829,0,4.0
46497.627898562794,0,4.0
46497.66976053878,1,1.0
46497.785906231875,1,3.0
46502.45422459389,0,2.0
46506.24673204693,0,4.0
46506.24683157573,1,1.0
46510.36415826475,1,5.0
46510.37883771609,0,3.0
46536.37412982704,0,1.0
46546.05922977379,0,5.0
46546.0787145977,1,5.0
46546.65739931021,0,2.0
46559.85852428858,0,1.0
46574.49539510087,1,3.0
46590.82626241809,1,3.0
46592.42665880532,0,4.0
46597.62074148357,0,2.0
46598.23471652417,0,3.0
46598.43197182276,0,3.0
46629.022310362154,0,5.0
46629.085979398886,0,2.0
46633.79010978418,0,1.0
46635.43963549964,1,4.0
46635.46925396404,0,5.0
46641.38585395604,1,4.0
46642.43723886238,1,1.0
46644.98227132462,1,3.0
46645.001688503275,0,1.0
46647.88607237144,0,1.0
46655.62560563605,0,5.0
46661.08963984672,0,4.0
46667.00567865276,1,4.0
46667.006018380416,0,4.0
46667.01164956678,1,2.0
46667.02136027629,1,5.0
46667.026355340495,0,3.0
46671.66440952772,0,3.0
46671.68966572705,1,1.0
46678.84149308327,1,5.0
46679.325640915325,1,5.0
46685.365107466496,0,1.0
46687.562109182465,0,3.0
46708.89364892483,1,4.0
46712.22789069679,1,5.0
46718.86409774265,1,5.0
46738.36283584045,0,1.0
46745.08728748318,1,2.0
46767.639787307184,1,5.0
46767.6841454291,0,3.0
46797.47289961389,1,1.0
46812.43266153188,0,5.0
46812.75456435778,1,1.0
46840.99326016148,0,2.0
46843.69209790084,0,1.0
46870.272830992515,0,4.0
46870.33080496995,1,2.0
46874.05075809356,0,5.0
46905.6674670803,1,3.0
46907.24582877264,1,1.0
46914.668888052904,1,5.0
46914.66922830581,0,4.0
46929.63364846403,0,5.0
46958.04848220559,1,1.0
46959.38871656242,0,1.0
46964.330251795654,1,5.0
46973.46500532285,1,4.0
46981.99910283171,1,4.0
46984.97066399798,0,2.0
46985.867781533394,1,3.0
46992.389466541,0,4.0
46992.390216366395,1,4.0
47005.78178048094,1,2.0
47010.20601540845,1,4.0
47014.85685259596,0,3.0
47014.886736216686,1,3.0
47027.99855613485,0,2.0
47032.03623978157,0,3.0
47046.726370395016,0,1.0
47051.551003952445,1,2.0
47077.1219666142,0,4.0
47077.19624085739,0,2.0
47078.55509250096,1,1.0
47088.72637680468,0,4.0
47096.58514840096,1,2.0
47098.97618940111,0,5.0
47102.03281626168,1,1.0
47107.90494808756,1,4.0
47111.77790736947,1,5.0
47111.77958573297,0,5.0
47111.78106346298,1,2.0
47111.78363099924,1,1.0
47111.85171082985,0,1.0
47111.92193333868,0,4.0
47111.92409057934,1,4.0
47141.745420345935,1,5.0
47141.74622725907,0,2.0
47142.3996010724,1,4.0
47143.251587810395,1,4.0
47145.65429653308,0,1.0
47151.84637095096,0,5.0
47153.577179339096,0,5.0
47161.18260143054,0,2.0
47161.91738126319,0,4.0
47162.17806359058,0,1.0
47162.61110949531,1,5.0
47162.611609130785,0,5.0
47164.1013433237,0,1.0
47169.55509536238,1,4.0
47176.566449400765,0,3.0
47177.29757865404,0,3.0
47182.97728899415,0,5.0
47200.68316675084,0,4.0
47200.689849412236,1,5.0
47200.690056380525,1,2.0
47206.890502141396,0,4.0
47214.057053992125,0,1.0
47216.08609159433,1,4.0
47218.0885283063,0,1.0
47220.48561729095,1,2.0
47221.3141414087,0,2.0
47244.02881368502,0,4.0
47244.28449730011,0,1.0
47258.47395348679,0,2.0
47268.36719926052,0,1.0
47269.35381725001,1,2.0
47275.438955678816,1,5.0
47277.32472944511,0,4.0
47288.30781724434,1,4.0
47288.33224053923,0,3.0
47291.982464715016,1,2.0
47317.29690702295,0,4.0
47343.629289705364,0,4.0
47365.942840960284,1,2.0
47377.34211210592,1,5.0
47392.9878963034,1,3.0
47393.615054553455,0,3.0
47414.08702694603,1,2.0
47425.09574244288,1,4.0
47426.591701385245,0,5.0
47437.05973150603,0,1.0
47447.509243041415,1,3.0
47452.25566769327,1,3.0
47463.7856893707,0,3.0
47466.75225369044,1,2.0
47466.75265230312,0,1.0
47473.294153459894,0,5.0
47473.297222436086,0,4.0
47486.01093527889,1,3.0
47518.113324919446,1,2.0
47525.341927761765,0,3.0
47527.91479878446,0,4.0
47540.70509429534,1,1.0
47557.978093131285,0,4.0
47558.02238823125,1,3.0
47568.564067683765,1,1.0
47575.74947309858,0,4.0
47590.79806175964,1,2.0
47601.03131928088,0,4.0
47617.873959920085,0,3.0
47623.52865570462,1,4.0
47662.081699366856,1,4.0
47663.21495152568,1,4.0
47666.894009909935,0,2.0
47672.26284098991,0,1.0
47680.88414299063,0,5.0
47680.885005153126,0,1.0
47696.43660451662,1,5.0
47696.43865208775,1,2.0
47698.452033268084,1,4.0
47711.34761513301,0,3.0
47717.61295750766,1,1.0
47743.606259254695,1,5.0
47743.95942817296,1,3.0
47743.99041743811,0,4.0
47745.06019454305,0,2.0
47745.321547420535,0,2.0
47765.229157759546,0,5.0
47765.23031917026,1,1.0
47770.56821074086,1,4.0
47776.918371920336,0,2.0
47788.09744274458,0,3.0
47795.06660750228,0,2.0
47796.4755340209,1,1.0
47796.725466594304,1,2.0
47810.499045336524,1,4.0
47837.50972162249,1,2.0
47844.59350512132,0,3.0
47860.15857994248,0,4.0
47862.25703791696,1,5.0
47862.25757577977,1,5.0
47862.26369771696,1,4.0
47863.76947321549,1,2.0
47868.54906333313,1,4.0
47870.16246548,0,3.0
47895.146427586704,0,4.0
47901.046343976086,1,4.0
47937.89462834013,0,5.0
47937.8967919136,1,3.0
47938.642641092905,0,5.0
47938.648641577616,0,2.0
47938.66084699266,0,4.0
47938.69298701666,1,2.0
47938.703855041545,0,1.0
47939.17969134776,1,2.0
47949.09752645219,1,1.0
47955.03726437107,1,2.0
47963.5754076398,1,3.0
47989.64875376181,1,4.0
47997.29422233517,1,1.0
47998.8108317099,0,4.0
48004.5712028831,0,1.0
48007.56875418399,0,5.0
48008.65185277839,0,4.0
48015.82762659944,0,5.0
48024.41941439438,1,4.0
48034.18981393066,1,3.0
48034.19421529602,1,3.0
48034.19466843641,0,1.0
48045.10004234125,0,1.0
48065.01989129915,0,1.0
48066.3977121004,0,3.0
48083.33632516419,0,3.0
48086.40744238434,1,2.0
48095.07059583655,1,3.0
48098.53782849664,0,1.0
48102.62617760608,1,3.0
48104.09815453952,0,4.0
48104.1395264717,0,2.0
48104.82093713674,0,3.0
48106.48929478995,1,3.0
48141.297878522826,0,1.0
48145.35280005297,1,4.0
48149.56808030235,0,2.0
48154.15938315093,1,5.0
48154.32262324727,1,1.0
48161.39853521145,0,2.0
48171.362712707356,0,1.0
48192.74489268713,1,4.0
48192.74873727455,0,4.0
48197.3719776296,0,4.0
48220.98203447656,0,2.0
48229.46094466624,0,1.0
48231.75669859863,0,4.0
48232.13097323385,0,2.0
48238.60120954319,1,2.0
48267.608352498515,1,3.0
48275.72755252566,1,1.0
48278.0175691868,1,3.0
48282.326528476304,0,3.0
48307.48087271241,1,5.0
48322.28151612911,1,5.0
48324.88904336229,1,1.0
48329.474472615766,1,4.0
48329.475577596466,0,4.0
48333.13210474723,1,4.0
48335.100243447785,1,1.0
48340.62497817306,0,1.0
48343.45116395646,0,3.0
48348.402683330976,1,4.0
48387.511930079396,0,4.0
48387.54453231806,1,1.0
48394.86747628444,1,1.0
48404.0466424678,0,1.0
48413.05564388801,0,3.0
48413.06740547696,0,3.0
48419.07805177454,0,4.0
48427.82268357546,1,3.0
48459.30651175298,1,4.0
48460.76852360707,1,1.0
48461.53406148712,1,5.0
48468.34825796549,0,2.0
48472.470747606894,1,1.0
48475.650116217344,1,3.0
48488.28747240079,0,5.0
48496.88412755257,0,3.0
48501.829808210176,1,5.0
48502.672602752966,1,4.0
48502.679325052966,0,1.0
48504.41535061135,0,5.0
48519.26669763736,1,1.0
48523.83207500203,0,5.0
48523.88148357247,0,5.0
48527.61408645094,1,1.0
48532.26497567499,0,2.0
48534.99835984065,1,2.0
48537.34759344561,1,5.0
48537.35457766049,0,4.0
48542.46189842031,1,5.0
48551.05506219904,1,3.0
48557.83367989383,0,3.0
48586.87439733731,0,4.0
48586.8750220072,0,1.0
48586.89255253102,0,1.0
48587.288245158976,0,1.0
48594.67395626386,1,2.0
48596.91553011061,0,3.0
48598.20406903703,0,4.0
48609.59095029396,0,4.0
48609.59367598877,1,1.0
48621.42978620754,1,3.0
48626.11995423827,0,4.0
48626.124957048465,1,4.0
48627.03567522466,1,5.0
48630.40297413741,0,2.0
48630.69847046587,1,3.0
48631.96916105182,1,3.0
48633.51753611538,1,1.0
48655.230487200235,1,1.0
48661.057834141546,0,5.0
48661.058635891655,0,3.0
48661.05991652321,0,1.0
48674.38815269299,0,2.0
48675.35558791147,1,5.0
48675.373308480375,1,1.0
48683.327283612234,0,3.0
48698.08873971708,0,4.0
48716.00849836076,1,5.0
48730.204994403284,1,3.0
48730.66431322356,0,5.0
48734.09860464467,0,3.0
48773.500071501214,1,3.0
48789.173980156746,1,5.0
48789.22696483721,0,3.0
48791.76294122558,0,4.0
48801.053893600496,0,4.0
48801.069489511836,1,5.0
48802.11651912466,1,4.0
48803.395658101705,0,1.0
48819.270707569674,0,5.0
48831.45707521858,0,3.0
48849.249547474086,0,5.0
48849.25399907544,0,4.0
48850.51264002444,1,1.0
48855.35418768466,1,2.0
48857.27261755467,1,3.0
48857.284953707014,0,5.0
48857.41754648087,1,5.0
48857.422952843524,0,1.0
48862.32259055381,1,2.0
48862.42242750288,0,1.0
48872.96394852205,0,5.0
48921.37789498814,1,5.0
48921.37825113554,1,4.0
48921.37837732847,0,2.0
48930.707331137775,1,3.0
48930.74555471728,1,5.0
48931.717122976705,0,2.0
48949.94081725296,1,1.0
48951.99789507834,1,5.0
48962.65467018135,0,2.0
48962.654687458446,0,5.0
48963.529669474796,0,4.0
48963.53016427892,1,3.0
48963.93472625701,0,3.0
48963.93627125246,1,3.0
48965.260121232684,0,1.0
48979.75722269985,1,2.0
48993.17572417975,1,4.0
48997.39897525648,0,1.0
49011.04972243685,1,2.0
49013.55379876112,0,3.0
49018.67830932024,1,4.0
49040.25462307136,0,1.0
49048.41103975135,0,4.0
49048.44240762137,0,1.0
49048.87258054385,1,2.0
49049.386651284665,0,1.0
49052.69128228661,1,5.0
49052.789338639646,1,3.0
49053.1884976247,1,2.0
49054.54560227768,0,2.0
49056.00441277404,1,2.0
49068.57061205126,0,1.0
49076.42924759747,0,5.0
49076.866303568444,0,1.0
49077.997335109234,0,4.0
49104.203321050576,1,4.0
49105.606843097295,1,5.0
49108.511676044836,1,4.0
49121.06336292044,1,4.0
49133.59231710361,0,4.0
49139.911920977655,1,5.0
49139.9122288098,1,5.0
49140.08998506695,0,5.0
49140.09070644152,1,4.0
49140.09123521444,1,1.0
49158.9951925,1,4.0
49161.61580462501,1,4.0
49172.276932961664,0,3.0
49208.157833072306,0,5.0
49208.157995339025,1,5.0
49208.165112449766,0,5.0
49208.16583135307,1,4.0
49208.16588573033,1,3.0
49208.166084590375,1,2.0
49208.94688028736,1,4.0
49210.25961744073,0,1.0
49211.73521721486,0,2.0
49219.045508999,0,1.0
49230.448441290246,1,1.0
49231.28182136836,0,2.0
49235.37567643874,1,3.0
49239.42938840064,1,3.0
49251.70646457657,1,4.0
49251.72361706616,0,5.0
49252.09153224344,1,4.0
49299.26396590829,0,1.0
49299.26401819745,0,4.0
49319.043187020834,0,3.0
49319.04587782291,1,1.0
49319.05424560546,0,3.0
49335.766078078675,0,2.0
49335.76842042046,1,5.0
49335.76881690276,0,1.0
49338.45835415377,1,3.0
49364.80848431014,0,1.0
49373.06915670269,1,3.0
49373.06960406681,0,2.0
49385.73681220481,1,3.0
49393.208276450205,0,5.0
49396.52343227868,1,4.0
49405.05939600156,1,2.0
49406.25361421129,0,4.0
49410.19178572111,0,2.0
49428.47558977545,1,5.0
49437.36819326592,1,1.0
49480.01563105765,1,3.0
49491.62387235113,0,1.0
49500.08337201449,0,1.0
49502.51619323209,1,5.0
49503.28647006217,0,1.0
49510.59697446179,0,3.0
49543.34029492107,1,1.0
49544.445023798944,0,5.0
49545.33648371483,1,2.0
49581.48409949281,1,4.0
49581.49009885275,1,1.0
49596.355862915116,0,4.0
49599.70481746742,0,2.0
49599.7051008932,0,4.0
49599.70689928697,1,1.0
49601.31178002791,1,3.0
49604.445342139195,0,3.0
49605.56842748893,0,4.0
49607.92644978174,1,5.0
49621.226723811145,1,2.0
49631.93490029972,1,5.0
49631.93546227685,0,2.0
49631.93646809306,1,1.0
49631.93658164841,0,3.0
49632.390921748236,0,4.0
49646.806141252164,0,4.0
49679.81712078779,0,2.0
49684.248973312526,1,2.0
49685.479916211574,0,1.0
49698.515403760546,1,3.0
49700.74120809659,0,5.0
49707.7503242846,0,1.0
49711.26612562125,0,1.0
49734.26728623265,0,1.0
49736.886944430626,0,2.0
49744.18265091129,0,5.0
49744.44903264986,0,3.0
49745.6893867137,0,4.0
49745.72384542898,0,2.0
49749.164353852364,0,1.0
49749.55063855723,0,1.0
49761.35798398797,1,2.0
49763.56935766397,1,2.0
49775.28228110252,1,1.0
49776.8840307606,0,2.0
49780.47455965936,1,3.0
49780.731587942966,0,4.0
49780.78752516835,1,3.0
49781.89537605633,1,2.0
49786.70814098124,0,1.0
49786.708275477045,1,5.0
49791.886920952056,0,5.0
49791.88711862671,1,2.0
49794.0024553376,0,2.0
49807.85693044434,0,1.0
49815.17341943055,0,5.0
49822.717470133306,1,3.0
49832.42145902905,0,4.0
49851.13299840042,1,1.0
49859.113706959724,1,5.0
49897.09924748551,0,1.0
49901.766466650035,1,2.0
49911.99083746315,0,3.0
49912.19789728531,1,2.0
49926.22291675571,1,2.0
49929.39578124052,1,1.0
49935.358264470975,0,4.0
49935.37055442806,1,2.0
49937.48410601767,0,4.0
49943.01029001863,0,2.0
49954.4793240512,1,5.0
49954.48040847243,0,1.0
49984.22176890348,0,3.0
49984.59806328747,1,5.0
49984.7007510399,0,2.0
49984.70088442466,0,5.0
49984.70263054305,0,4.0
49984.72476734191,0,1.0
49985.24893677426,0,2.0
49987.905055750496,1,5.0
50007.695690804576,0,4.0
50007.698067410325,1,2.0
50007.913748107334,1,1.0
50025.38670959697,0,1.0
50027.71764771897,1,2.0
50057.45441555016,0,4.0
50065.521745313796,1,5.0
50085.06496574974,1,2.0
50094.08162444685,1,1.0
50099.69917765869,1,4.0
50107.72928507511,0,5.0
50116.02781360838,1,2.0
50153.04478092229,0,2.0
50155.112162118785,1,2.0
50159.5050569596,1,2.0
50164.333978107,1,4.0
50168.02516679194,0,3.0
50170.31379853847,1,5.0
50178.25280903472,0,5.0
50186.00396342105,1,2.0
50194.65692511495,0,1.0
50206.03401838425,0,4.0
50213.93739891352,1,5.0
50213.93898417913,1,3.0
50214.222297668755,0,4.0
50214.43306401923,1,4.0
50214.99055560919,1,5.0
50217.94310285688,0,5.0
50222.05731310492,1,3.0
50236.319110550336,0,2.0
50257.4452353881,1,3.0
50271.801139857904,1,5.0
50274.249592385204,1,1.0
50289.4705379818,0,5.0
50289.47071438997,0,2.0
50298.517165118916,0,4.0
50299.1554895396,0,4.0
50299.15549185199,1,3.0
50299.15602101296,0,1.0
50330.649059252086,1,3.0
50333.521388644265,1,4.0
50333.52307193534,1,1.0
50333.52772159818,1,2.0
50353.18890098347,1,3.0
50372.462552463156,0,5.0
50372.47590469349,0,3.0
50374.1792344648,0,4.0
50381.90030078179,1,2.0
50395.78092986728,0,4.0
50400.208871598705,0,5.0
50400.36821288591,1,2.0
50402.15868096892,1,1.0
50404.69762455166,0,2.0
50407.32956118153,0,5.0
50407.50548015242,0,3.0
50418.31909281547,0,1.0
50419.10799322729,0,5.0
50426.343545548305,1,5.0
50426.343682487386,0,5.0
50426.34582333031,1,4.0
50426.34721951385,0,3.0
50426.41253632965,0,5.0
50426.41419993179,1,4.0
50426.422845800895,0,5.0
50436.225216614905,1,3.0
50438.16339805716,1,1.0
50438.92379200156,1,4.0
50442.92337558843,1,3.0
50446.074971832255,1,1.0
50456.370385547656,1,1.0
50456.565645175484,1,2.0
50456.568219132554,0,5.0
50460.90822719059,0,4.0
50483.28235693766,0,4.0
50483.31354937758,1,5.0
50483.3141814317,0,1.0
50491.210531320954,1,2.0
50501.06836840242,1,3.0
50518.51534434257,1,2.0
50521.80669168177,0,5.0
50522.750314860896,0,2.0
50540.17502847686,1,1.0
50543.25713395942,0,2.0
50552.54584778503,0,4.0
50553.50236046447,1,1.0
50575.66090062182,0,2.0
50576.273026377654,1,2.0
50577.588036679284,0,1.0
50589.36641572636,0,1.0
50615.38235300527,0,5.0
50615.3827629604,1,1.0
50616.10067257234,1,1.0
50616.10067898596,0,2.0
50620.262016008324,1,4.0
50623.03576136178,1,1.0
50624.63759375672,0,3.0
50624.64617275322,1,5.0
50624.65006826527,0,4.0
50624.666256312375,0,5.0
50624.69255022426,0,2.0
50641.44369521979,0,1.0
50650.33930296778,0,1.0
50650.477642801976,0,5.0
50654.3447611337,0,4.0
50658.414709197925,1,3.0
50659.50527925783,0,2.0
50660.98651876391,0,2.0
50661.747923363466,0,4.0
50661.748803266106,0,5.0
50677.815587837846,0,3.0
50693.14755270933,1,3.0
50698.75171027439,1,3.0
50699.584695809586,1,3.0
50700.50070861657,0,3.0
50728.18644802989,0,4.0
50730.545206458504,1,1.0
50738.89945338435,1,4.0
50740.929405126466,1,5.0
50741.52977326273,1,5.0
50741.557393489384,0,4.0
50745.60256332992,0,5.0
50745.70013017528,0,4.0
50745.70934302243,0,3.0
50790.67019099877,0,4.0
50797.67233029795,0,2.0
50798.75572117556,1,4.0
50798.760150910966,1,1.0
50809.3794136256,0,4.0
50827.076322740635,1,3.0
50845.2690678445,1,1.0
50865.53129821469,0,2.0
50887.17199755207,0,1.0
50892.354814887665,1,5.0
50904.13394287786,1,4.0
50909.040219625575,1,5.0
50922.60392299717,0,5.0
50944.43971385171,1,1.0
50946.35608159423,0,1.0
50947.00257065666,1,5.0
50948.03035855234,1,1.0
50953.30618616189,0,5.0
50953.31026654283,1,4.0
50960.55042289069,0,4.0
50972.99220567576,0,3.0
50978.17844044892,0,5.0
50987.14718411359,1,5.0
50988.795144864445,0,5.0
50995.515468631194,0,5.0
51002.78776573187,0,2.0
51018.705341630666,0,5.0
51021.36417550307,1,1.0
51046.131794268425,0,4.0
51046.96961097634,0,3.0
51046.97732383724,1,2.0
51049.85261451017,1,4.0
51054.57649777114,1,1.0
51059.11956849337,0,2.0
51070.30024651414,1,5.0
51072.576984077605,0,1.0
51081.42360440159,0,3.0
51082.63990707038,0,5.0
51085.27266348892,1,5.0
51086.15981822508,0,4.0
51104.39627412956,0,4.0
51104.7399444401,1,2.0
51106.39521233182,1,2.0
51114.676567385126,0,1.0
51116.264573008,1,4.0
51123.324064534565,1,3.0
51127.63277441672,0,5.0
51127.769259221095,0,2.0
51137.547831640564,0,5.0
51140.15732097152,1,2.0
51140.15965251684,1,2.0
51155.9929608909,0,5.0
51156.03263416479,1,4.0
51156.11053556241,0,4.0
51156.33363231145,1,1.0
51160.94099190594,0,1.0
51173.81215777048,1,1.0
51186.11781016139,1,2.0
51192.26657640076,0,3.0
51202.35416581177,1,3.0
51223.16690867496,1,5.0
51223.16742493441,0,1.0
51238.76120728671,0,4.0
51260.05311781751,0,3.0
51265.05591322397,1,5.0
51268.64849589147,1,5.0
51273.13082640116,0,4.0
51284.64017166526,0,2.0
51298.63211790583,1,2.0
51298.65970599482,0,2.0
51298.678220446,0,4.0
51312.92367873538,1,1.0
51328.60396154373,1,5.0
51328.61492172205,0,4.0
51331.03554521122,0,5.0
51331.28234116567,0,3.0
51331.67667119899,1,4.0
51342.97319874248,1,5.0
51361.147574740055,0,3.0
51364.48410985334,0,3.0
51365.077090573184,0,2.0
51367.939205647366,0,4.0
51402.023958931655,0,2.0
51402.08922773329,1,5.0
51402.09001310496,0,5.0
51406.634737668326,1,3.0
51419.66068789657,0,1.0
51419.827963826116,0,2.0
51423.03018941569,0,4.0
51423.038234342646,1,4.0
51427.037984947594,1,3.0
51427.0404307227,0,1.0
51446.70186531461,0,4.0
51446.91634584418,0,1.0
51454.435832674906,0,1.0
51455.29802319032,0,3.0
51465.92673780989,1,5.0
51473.159016691614,0,4.0
51479.22126343521,0,1.0
51479.83280474083,1,3.0
51481.336053503095,0,2.0
51484.6798223418,1,5.0
51484.68337148319,1,3.0
51484.77991214185,1,1.0
51519.84219049054,0,1.0
51526.3658027564,0,5.0
51527.2528639761,1,3.0
51557.638453382046,0,4.0
51562.00143423708,1,3.0
51562.00840704648,0,4.0
51574.06795225753,1,5.0
51576.53822788662,0,4.0
51587.02333834897,0,2.0
51587.31739503525,0,3.0
51617.33217349901,1,3.0
51619.17729667058,1,1.0
51625.57787922661,0,3.0
51635.095828807265,0,2.0
51639.77207751854,1,1.0
51648.75311304456,1,4.0
51655.82688696458,1,4.0
51661.182744053396,0,5.0
51661.182906934104,1,4.0
51661.47498289984,0,2.0
51674.86920574084,0,3.0
51674.88145678564,1,1.0
51678.18510016508,0,3.0
51687.23880519037,0,1.0
51687.87560993528,0,5.0
51689.891594755994,1,1.0
51694.444682336674,1,2.0
51712.23839610134,0,1.0
51740.45724555911,0,4.0
51740.880944387056,0,1.0
51755.031330014324,0,1.0
51756.13916094069,0,3.0
51760.53633262921,0,3.0
51761.66468031702,0,4.0
51762.22042059435,0,4.0
51773.99639005783,1,5.0
51774.052315055116,0,1.0
51815.67111537557,1,3.0
51818.723744459094,1,2.0
51827.58359924757,0,2.0
51834.3732734621,1,1.0
51837.45619399362,0,3.0
51839.16294616502,0,2.0
51841.890020499384,1,2.0
51847.299918843055,1,2.0
51853.63213567632,1,3.0
51853.95535694076,1,1.0
51858.898103219384,0,2.0
51858.89991238796,0,3.0
51892.793766766954,0,5.0
51898.48184698219,1,4.0
51899.20449984026,0,1.0
51900.35403482977,1,5.0
51900.37222721947,0,4.0
51937.35740416594,0,1.0
51951.057018133055,1,3.0
52010.82221362559,1,3.0
52016.83351601026,1,3.0
52028.7512081458,0,3.0
52036.34044106454,0,4.0
52036.35357540828,0,2.0
52043.62923494915,0,5.0
52045.22411834412,1,5.0
52051.07259688424,0,1.0
52058.71165523251,1,2.0
52058.771778908864,1,3.0
52063.97690680078,1,2.0
52082.66408573019,1,4.0
52085.357174173594,1,1.0
52097.40761280627,1,1.0
52103.42202747525,1,4.0
52103.42243579072,0,4.0
52103.42310652968,0,1.0
52127.712565408714,1,2.0
52129.21002510428,0,4.0
52130.28041598923,1,4.0
52136.058721179914,0,1.0
52151.93569280533,1,4.0
52157.29898534692,1,2.0
52160.05485352272,0,4.0
52168.23682826145,1,3.0
52170.83609692508,0,1.0
52176.418868729386,1,4.0
52177.41842019825,1,2.0
52180.04016798547,1,4.0
52180.04194279786,1,5.0
52182.09140277009,0,3.0
52186.41206377906,1,1.0
52206.45097721601,1,5.0
52206.60524082433,1,2.0
52207.50157969019,1,2.0
52208.07190284381,0,2.0
52225.34176582054,1,4.0
52265.51433235318,0,1.0
52266.086483532046,0,4.0
52266.11355414241,0,5.0
52268.10715697694,1,2.0
52295.372914184634,1,4.0
52295.902932207806,1,2.0
52298.48444816985,0,4.0
52313.13459170479,0,4.0
52353.01831772549,0,3.0
52364.01175348185,0,5.0
52367.94486137279,0,4.0
52388.24346248668,1,3.0
52394.669556492554,0,3.0
52395.13711454008,1,2.0
52416.62924584747,1,4.0
52430.663166755585,0,5.0
52430.66449067867,1,2.0
52430.66762128309,0,2.0
52433.09696712854,0,5.0
52433.32907150573,0,1.0
52434.62531305049,1,1.0
52440.57059292158,1,3.0
52443.02037934466,1,4.0
52449.480197903664,0,1.0
52454.77843405319,1,5.0
52454.78415558397,1,3.0
52454.80278562735,1,5.0
52455.18822763531,1,1.0
52455.53194556073,0,2.0
52460.696508928944,1,2.0
52463.924714529945,0,5.0
52465.341318712744,0,5.0
52466.846317446034,0,2.0
52471.432740373835,0,4.0
52471.79510414806,0,3.0
52471.86685077376,0,4.0
52471.86758369938,1,4.0
52471.869286138644,0,5.0
52480.89676468389,1,1.0
52482.53712956124,1,5.0
52482.538766079284,0,3.0
52482.589850004224,1,2.0
52522.080956222024,1,3.0
52527.306739361695,0,4.0
52527.37647886026,1,4.0
52532.57353204537,1,2.0
52546.25590285869,0,3.0
52554.79611811962,0,5.0
52563.73568595926,0,4.0
52565.13881348003,0,2.0
52568.61931811164,0,5.0
52572.215946541895,1,5.0
52572.21704294437,0,3.0
52572.21735777023,0,1.0
52574.264436863756,0,3.0
52586.96915384422,1,3.0
52631.41887043701,0,2.0
52638.485830078855,1,2.0
52639.235272181075,1,3.0
52639.23958477889,0,3.0
52639.60588083224,0,5.0
52645.63250639988,0,3.0
52650.524174198814,0,3.0
52654.58755237032,1,1.0
52662.515761118186,0,4.0
52673.655073173344,0,2.0
52682.11378692921,1,4.0
52682.141904735116,0,1.0
52704.04948883054,0,1.0
52704.25720659615,0,1.0
52715.60476920557,1,4.0
52726.49335957411,1,5.0
52726.494111225904,0,4.0
52726.495791182446,1,1.0
52737.09816171859,0,3.0
52739.27001491698,0,1.0
52741.46339121065,0,1.0
52762.33677797199,0,4.0
52765.03098015027,0,1.0
52765.69293682048,1,5.0
52772.89863495503,0,1.0
52773.86722103266,1,3.0
52773.8774106784,0,5.0
52773.87800430448,1,2.0
52785.05692071545,1,5.0
52808.27935075763,0,3.0
52811.964320179984,1,1.0
52822.748897637546,0,4.0
52822.749833675734,1,2.0
52834.44281001973,0,5.0
52835.00056467522,1,1.0
52836.50792661474,1,4.0
52836.93938720022,1,2.0
52841.78159093059,0,2.0
52846.2853219137,0,4.0
52850.92556263308,1,3.0
52867.252493353924,1,5.0
52876.539560957084,1,1.0
52881.212337487916,0,2.0
52886.360818068206,1,2.0
52903.93146360805,1,1.0
52912.50225925914,0,1.0
52915.382455081024,1,4.0
52915.39997303741,0,2.0
52917.05989743243,1,2.0
52926.37685428826,1,2.0
52930.6852095997,0,2.0
52931.3718072817,1,2.0
52937.32381508025,1,2.0
52970.958952433335,0,3.0
52978.738175567654,1,3.0
52997.696918412024,0,3.0
53024.30577370134,1,2.0
53028.65069772333,0,5.0
53056.84156436439,1,1.0
53069.59894452567,0,2.0
53069.9715741367,0,1.0
53074.085419890165,0,4.0
53074.13286707908,0,2.0
53074.22340817278,0,1.0
53109.26321946287,1,3.0
53118.28880302886,0,3.0
53119.25609564838,0,5.0
53150.15948574702,0,3.0
53153.297851615185,1,1.0
53190.13278006591,1,2.0
53208.507612579444,0,3.0
53210.00600984678,1,5.0
53216.70476865656,1,4.0
53218.98995745923,1,3.0
53233.63928753262,0,3.0
53233.6442058372,1,4.0
53233.646924579014,1,2.0
53233.67943067001,0,1.0
53241.42031477592,1,1.0
53241.591270779994,0,5.0
53241.61467239687,1,4.0
53244.88106425273,1,1.0
53244.950171366174,1,2.0
53245.848205441675,0,5.0
53246.4603566515,0,1.0
53247.02689473227,0,2.0
53264.46539065129,1,2.0
53269.82849456798,0,2.0
53274.43515366652,0,2.0
53277.93358859372,0,3.0
53278.501554484086,1,4.0
53284.29259591891,0,1.0
53295.48615639073,1,1.0
53312.510344299786,0,1.0
53316.80581517688,1,1.0
53321.74864562416,0,3.0
53323.51899641435,0,4.0
53329.69772639709,1,1.0
53331.844090298415,0,2.0
53339.93100688898,0,2.0
53354.02692720479,0,2.0
53354.03284751442,0,1.0
53356.35741476558,0,1.0
53369.088074646825,0,5.0
53369.094130226935,1,4.0
53370.23654058456,1,5.0
53370.36954891219,0,5.0
53372.47923520823,1,1.0
53378.28110816018,1,3.0
53384.89329935042,1,4.0
53384.89711800679,1,1.0
53386.33339032578,0,4.0
53387.349465303676,0,3.0
53389.050276674774,0,3.0
53393.95545259035,1,3.0
53397.49345652353,1,4.0
53402.752853471975,1,4.0
53410.36086263491,1,5.0
53410.36101729322,0,5.0
53410.36574290399,1,2.0
53417.48655728549,0,4.0
53434.09349795565,1,1.0
53435.45236421821,0,5.0
53435.4793053431,0,4.0
53435.48049303597,0,2.0
53443.8475512942,1,5.0
53443.84875945276,1,3.0
53443.85812262273,0,2.0
53450.79164888972,0,5.0
53451.99598089638,1,2.0
53467.50946102088,0,2.0
53468.583519509135,0,5.0
53468.58357815099,1,2.0
53471.278296139506,1,5.0
53475.27859227982,1,2.0
53484.600722799034,0,4.0
53486.75823267071,0,3.0
53486.76177479082,0,4.0
53494.36594344347,1,2.0
53498.03622922954,1,1.0
53522.83650421997,1,5.0
53522.890850085416,0,4.0
53525.45270649144,1,2.0
53533.22415744506,0,4.0
53540.5767504942,1,2.0
53550.36673773692,1,1.0
53551.33466034968,1,5.0
53551.68631105563,1,1.0
53552.75905319392,1,3.0
53567.306288873406,1,5.0
53572.57281953966,1,4.0
53575.068845220376,0,4.0
53578.0162187016,0,2.0
53580.883727105946,0,4.0
53584.16435014008,1,4.0
53584.16436734931,1,2.0
53587.3812236155,1,1.0
53596.41432822216,0,4.0
53605.467383975774,0,3.0
53605.468998093995,0,3.0
53613.667228185295,0,5.0
53613.66833696648,1,2.0
53613.671767475935,1,1.0
53613.67208008138,1,2.0
53615.041297565076,0,1.0
53615.757923598176,1,2.0
53616.16944439454,1,4.0
53618.21421863994,1,5.0
53622.905301232495,0,2.0
53625.52088255788,0,4.0
53625.55223942856,1,1.0
53625.64844324947,0,5.0
53627.23592663551,1,5.0
53629.05311199473,1,3.0
53629.054674017825,0,1.0
53629.237208382816,0,4.0
53629.23798477671,1,2.0
53629.23971829288,1,2.0
53629.54559659422,1,2.0
53639.588285178135,1,5.0
53646.92689221674,1,3.0
53649.95357817655,1,2.0
53655.37766021157,1,5.0
53655.37841055877,1,5.0
53656.54624306404,1,2.0
53663.96713048549,1,3.0
53665.89311257637,0,3.0
53666.17759027094,1,4.0
53666.431952744846,0,2.0
53667.59437330268,1,4.0
53672.92461769952,1,5.0
53674.687294748306,1,5.0
53674.75320256488,1,4.0
53674.90798134497,1,3.0
53681.536286978684,0,1.0
53688.0149490656,1,2.0
53690.675214110546,1,2.0
53690.973205515445,1,5.0
53690.97966297445,0,2.0
53690.97976270022,1,4.0
53690.98210116745,0,1.0
53696.17050305378,1,2.0
53700.11365760525,0,4.0
53718.32039649164,1,4.0
53722.02159599122,0,1.0
53722.642849997865,0,1.0
53725.68902696865,1,4.0
53745.299647908796,1,2.0
53745.470990974776,1,5.0
53745.47247086458,1,4.0
53745.476498803575,1,5.0
53746.006720366226,0,1.0
53746.86601286763,0,5.0
53747.054261178884,0,1.0
53751.82077649627,0,2.0
53761.9474238651,1,3.0
53762.484475687605,0,2.0
53767.38597355614,0,3.0
53767.398989816546,0,1.0
53767.568056655866,0,1.0
53770.779598262765,1,5.0
53796.64248428094,1,5.0
53798.811900560824,0,2.0
53800.38881751688,1,5.0
53809.48169561271,0,3.0
53812.80241297922,1,4.0
53818.614750654655,0,1.0
53828.543514553894,1,4.0
53834.8825491596,1,2.0
53854.592893123685,1,4.0
53863.05506616678,1,3.0
53864.84420448394,1,1.0
53868.467454441525,1,1.0
53873.68072195596,1,5.0
53873.681734839876,0,1.0
53873.68712044894,0,5.0
53873.68793116787,1,1.0
53884.859012093955,1,5.0
53896.344463787485,0,5.0
53896.36390907005,0,5.0
53905.93415902916,1,2.0
53913.63139329264,1,3.0
53913.6857781937,1,4.0
53917.660043491385,0,3.0
53926.93800232523,1,4.0
53926.93870875336,0,2.0
53961.615712264334,0,1.0
53961.629289939316,1,4.0
53961.71221437847,0,5.0
53982.75767488017,1,5.0
53987.810766300754,0,2.0
53991.44924937291,1,1.0
54013.923239053496,0,4.0
54021.84801811469,0,2.0
54022.61138890646,0,4.0
54039.09332794163,1,1.0
54062.438652684556,1,4.0
54062.44737868521,1,2.0
54071.162592972934,0,3.0
54077.73556667652,1,1.0
54078.2835270808,1,5.0
54089.93791064635,1,4.0
54100.15112109327,1,5.0
54112.1389504386,1,5.0
54114.00209270918,0,4.0
54117.27037402975,0,3.0
54135.70153284721,1,1.0
54160.95561524009,1,2.0
54168.80765457566,1,1.0
54190.02766955101,1,1.0
54200.031574854635,0,4.0
54205.07928614294,0,4.0
54231.139235805844,0,5.0
54231.83930465732,0,3.0
54234.93321307809,0,1.0
54275.14335573786,0,4.0
54286.46356178683,1,5.0
54287.09478978451,1,5.0
54287.392821172354,0,5.0
54287.41277347973,1,4.0
54287.78471860385,0,1.0
54295.82530136918,0,2.0
54302.83666866482,0,4.0
54347.323238152545,1,5.0
54347.3235238832,1,1.0
54352.37681733273,0,3.0
54355.555679587174,0,1.0
54355.77413073001,1,1.0
54358.59514621647,1,3.0
54377.07889202391,1,2.0
54422.80235939393,0,2.0
54430.16991476946,0,4.0
54432.23455091194,0,1.0
54462.04029761587,0,1.0
54466.31558463076,1,1.0
54481.68363378785,1,1.0
54484.03961858227,0,5.0
54490.03028510821,1,1.0
54490.71420121015,0,5.0
54490.73877546203,0,1.0
54493.97785536417,1,2.0
54511.52380093561,0,4.0
54511.52497153696,1,1.0
54519.935145018084,0,3.0
54526.054294645444,1,5.0
54528.27429975352,0,2.0
54529.5027542105,0,1.0
54552.242367313076,1,3.0
54575.988962929,0,1.0
54582.89575472956,1,3.0
54607.34789366705,1,5.0
54616.066674327405,0,4.0
54616.55395578693,0,2.0
54621.78714628518,0,3.0
54625.704182796595,1,4.0
54625.7050292244,0,5.0
54626.87157026765,1,1.0
54628.33869678494,1,1.0
54632.98183604011,0,2.0
54637.86029228878,0,5.0
54641.807980717946,0,3.0
54643.95021013642,1,1.0
54676.135229408894,1,2.0
54678.112449830885,0,5.0
54679.773964705644,0,5.0
54685.52264090229,1,4.0
54687.97107270474,0,3.0
54696.52563611087,1,4.0
54696.95055119713,0,1.0
54702.95283372929,1,4.0
54703.20945280211,1,5.0
54703.2127958455,1,1.0
54703.24714205461,1,5.0
54703.25474311532,0,5.0
54703.6347187392,0,4.0
54704.20285105086,0,4.0
54713.14836803982,1,5.0
54713.148451841414,0,3.0
54713.26510147976,1,4.0
54713.33440667452,0,3.0
54719.77929411714,1,4.0
54734.364044215195,1,3.0
54734.368067295865,0,1.0
54742.89596259183,0,5.0
54742.89604681336,1,5.0
54744.510165096945,0,1.0
54750.71323553247,0,5.0
54751.85964347236,1,1.0
54755.02338753892,1,4.0
54769.84885726664,1,3.0
54773.591805116346,1,1.0
54791.9284040931,1,2.0
54795.500737685725,0,4.0
54799.626869543186,0,5.0
54801.068619959515,1,5.0
54803.29724643468,1,5.0
54804.50401344957,1,5.0
54832.448194895194,0,3.0
54842.29078085764,0,2.0
54845.86182281058,1,2.0
54846.68731055826,0,3.0
54852.44185673052,0,5.0
54860.99748760914,0,3.0
54862.6282846588,1,1.0
54881.44460783677,0,5.0
54881.49504898264,0,5.0
54881.753425267445,0,5.0
54882.23077609869,1,3.0
54888.11884163254,1,4.0
54888.76901596142,0,3.0
54889.908521075304,0,3.0
54895.786427680985,0,3.0
54896.10484931347,0,2.0
54896.10700113547,1,2.0
54899.080488339205,0,4.0
54900.064377218456,0,4.0
54905.6240017207,1,5.0
54910.44343257826,1,3.0
54920.77094017461,1,2.0
54922.82770810988,1,1.0
54945.14104247377,0,5.0
54945.46120445944,1,3.0
54958.261600859725,1,5.0
54991.30681478493,1,1.0
55002.42828001045,1,4.0
55022.51797324206,1,3.0
55023.319482595005,1,5.0
55023.328637573584,0,3.0
55023.90509422994,0,3.0
55024.8793011726,1,3.0
55024.9043754942,0,3.0
55024.9045933278,1,5.0
55024.97324812586,1,5.0
55025.17759290028,0,5.0
55025.23515292614,0,5.0
55028.07186734502,0,1.0
55028.79690451976,1,4.0
55028.80647262833,1,1.0
55045.72382333127,1,1.0
55051.08412964093,1,4.0
55051.08415112738,0,1.0
55061.27929469506,1,2.0
55066.16976758055,1,3.0
55070.680078557714,1,5.0
55074.95552448594,0,4.0
55078.753048594364,1,3.0
55082.26408077348,1,1.0
55082.42439594361,0,4.0
55095.369654455564,1,3.0
55097.815390429416,0,2.0
55098.184804666336,1,5.0
55108.57518881352,0,1.0
55116.53827874067,1,3.0
55121.45887795897,0,5.0
55139.81447979016,1,1.0
55155.03154429204,0,4.0
55155.32104096422,0,4.0
55157.090580358454,0,5.0
55157.78214356059,0,1.0
55178.567479969584,1,3.0
55178.761700452844,1,2.0
55182.839677076416,1,3.0
55185.9947230579,1,4.0
55189.50343067316,0,2.0
55198.84058833406,0,4.0
55201.14096703358,1,2.0
55207.70573249381,1,2.0
55213.86287848662,1,4.0
55219.403378844916,1,4.0
55227.44206137612,1,3.0
55233.57243251063,0,5.0
55237.92447029735,1,3.0
55258.04249592525,0,3.0
55261.83390542774,1,5.0
55266.72317702849,0,2.0
55270.399321630466,0,1.0
55271.108084909654,1,3.0
55271.9858239832,1,3.0
55272.32596946801,0,2.0
55274.96705844892,1,2.0
55289.37686907395,1,4.0
55301.01896681037,1,1.0
55307.525906468625,1,2.0
55316.54231647844,1,4.0
55318.398219638584,1,3.0
55318.39961781741,0,2.0
55323.42257019473,1,4.0
55343.34401902357,1,3.0
55344.591965041385,1,3.0
55347.26163544359,0,1.0
55375.40337449721,0,2.0
55380.552329447855,0,4.0
55382.08732162424,1,2.0
55382.090193279546,0,3.0
55402.055733652145,0,4.0
55402.08835835517,1,4.0
55405.15705971533,1,3.0
55416.745254402056,0,3.0
55416.815037612716,1,1.0
55420.996538950225,1,4.0
55422.83421400119,0,4.0
55423.03258802941,0,5.0
55423.03317926168,1,5.0
55423.038409187655,0,5.0
55423.08862980751,0,5.0
55423.62298227743,0,1.0
55446.855023939315,0,5.0
55448.2415805781,0,4.0
55470.059023081005,0,5.0
55470.06716472942,0,4.0
55470.10500500535,1,5.0
55470.10975446743,0,5.0
55470.1115109663,0,5.0
55470.17731824576,0,1.0
55473.23366642475,1,1.0
55478.143191217794,1,5.0
55478.18660742498,1,3.0
55486.3986903047,1,5.0
55487.316297135156,0,5.0
55491.05457861563,0,2.0
55506.42521411369,1,5.0
55514.42545287508,1,1.0
55530.76981552022,0,3.0
55537.6435128167,0,2.0
55542.242896226126,0,1.0
55543.150823733995,1,3.0
55546.04910207026,1,1.0
55549.27730335116,1,1.0
55553.54104246297,1,5.0
55560.184174966176,1,3.0
55560.23304384515,0,2.0
55563.22163528228,1,2.0
55563.29739520183,1,2.0
55572.18580557528,1,3.0
55575.30099814575,0,1.0
55578.4782043859,1,2.0
55583.785084671195,1,1.0
55597.90472571225,0,3.0
55605.0033712012,0,5.0
55605.01437997329,0,3.0
55613.15905543336,0,2.0
55620.882524614,1,2.0
55629.42006629618,0,4.0
55637.43557743965,0,1.0
55640.689954390255,1,1.0
55640.70451740202,0,1.0
55651.65645685857,1,3.0
55651.65755000412,1,5.0
55651.6745562145,1,2.0
55662.62052235606,0,1.0
55662.76836337209,0,3.0
55674.33991562063,1,4.0
55676.501473960496,1,4.0
55696.68633702304,1,2.0
55696.71197776639,0,4.0
55699.73277231273,1,3.0
55700.06840067863,1,1.0
55707.45132189575,0,3.0
55711.37943255168,1,4.0
55714.70609987366,1,5.0
55723.46257086633,0,5.0
55723.46301927057,0,2.0
55726.56612983828,0,3.0
55730.55910621605,1,3.0
55744.09058616748,1,2.0
55749.25468773554,0,2.0
55756.81044059855,1,5.0
55756.811170198205,0,2.0
55794.10446866839,0,5.0
55803.808238693986,0,3.0
55844.41563811721,1,4.0
55853.32231503282,1,2.0
55865.18641852814,1,2.0
55868.74515631062,0,4.0
55883.13187443559,1,5.0
55889.64095920479,1,5.0
55895.30691153405,1,5.0
55900.24936181348,0,2.0
55904.32789224538,0,4.0
55909.36417784957,1,3.0
55910.47119697379,0,2.0
55912.48385382532,0,3.0
55927.90199426941,0,2.0
55928.64147134385,0,5.0
55929.84927766622,1,3.0
55940.318840200154,0,3.0
55954.265266151575,1,3.0
55962.356382042766,1,2.0
56006.04089355549,0,2.0
56009.70381866902,1,5.0
56009.823610882966,0,2.0
56020.02771199215,1,5.0
56020.02906506111,0,3.0
56025.33667658577,0,3.0
56062.21611932457,1,3.0
56062.22650761189,0,1.0
56064.349643908594,1,5.0
56071.997361863214,0,3.0
56071.99796684096,1,1.0
56077.80310814971,1,2.0
56083.50817545795,0,5.0
56083.60410494034,1,3.0
56105.94951184103,1,1.0
56114.62856243653,0,4.0
56114.74611433411,1,2.0
56121.8822989258,0,3.0
56121.95303837391,0,1.0
56123.97742405556,0,5.0
56133.08756260077,0,2.0
56140.71665858649,1,5.0
56156.91560410892,1,4.0
56168.75299596523,0,3.0
56169.88604687044,1,1.0
56173.97811631735,0,2.0
56175.8010156759,0,1.0
56182.826913922916,0,5.0
56203.50652152115,1,3.0
56205.019947267785,1,2.0
56217.51668500926,1,5.0
56226.88860766413,1,3.0
56233.84310018385,1,3.0
56233.85130950953,0,3.0
56234.15986850516,1,2.0
56234.86490063979,0,3.0
56235.44749070575,1,4.0
56243.99304346936,0,2.0
56248.50026968165,0,5.0
56249.23323045295,0,2.0
56251.38422245063,0,3.0
56252.32414137718,1,2.0
56270.13218320584,0,5.0
56279.96489723875,1,5.0
56279.96595870271,0,4.0
56279.968275087704,0,2.0
56283.99289087054,0,2.0
56296.35787764807,0,5.0
56296.758655276746,1,2.0
56296.76363884953,1,2.0
56301.96972582173,1,3.0
56304.303950153655,1,4.0
56311.49376129635,0,5.0
56313.98363644462,0,1.0
56314.388219561486,1,4.0
56314.39002494896,1,3.0
56346.19780632703,0,3.0
56350.55504945249,0,1.0
56365.025244767836,0,3.0
56366.88189598929,1,1.0
56369.48454887435,1,2.0
56405.87259127399,1,1.0
56412.337991769215,0,4.0
56412.5191857154,0,4.0
56428.13736817205,1,5.0
56450.17832249676,1,4.0
56450.199921893,1,1.0
56451.16998674597,0,2.0
56461.71515129655,1,1.0
56485.19380857136,0,2.0
56492.464366804605,0,1.0
56495.94464882608,0,5.0
56495.945038206744,1,5.0
56496.41288892912,1,2.0
56498.20277532578,1,3.0
56506.62828296019,0,3.0
56515.94963309744,1,1.0
56515.97883277984,1,3.0
56554.08567935885,0,2.0
56584.66390055521,0,1.0
56618.655131849526,0,3.0
56626.863929422354,0,4.0
56626.86457003365,0,1.0
56626.870583788914,1,5.0
56626.90397421728,1,1.0
56641.23873492468,0,5.0
56641.23906855061,0,4.0
56649.778284210945,1,4.0
56650.097169999826,0,1.0
56651.71627554772,1,3.0
56656.25721392347,0,3.0
56658.699356831814,0,4.0
56660.891391601,0,2.0
56666.119610472226,0,5.0
56693.22781422544,0,4.0
56698.49641729139,1,3.0
56711.94728955846,0,4.0
56714.38965861191,0,2.0
56719.65902406301,1,2.0
56734.30608565808,1,2.0
56736.22567310528,0,4.0
56742.602110667285,0,3.0
56754.0374551581,0,4.0
56770.31841525104,1,3.0
56777.66242831722,0,2.0
56793.96119759821,1,4.0
56793.9729061385,0,2.0
56809.74996386872,1,1.0
56824.15883623378,1,4.0
56825.40056172395,1,1.0
56830.54036497253,1,3.0
56844.85817525939,0,4.0
56860.05704515536,1,3.0
56860.069848964624,0,5.0
56863.427513595285,0,1.0
56864.41862387185,0,1.0
56864.442546215265,0,2.0
56894.72589608248,1,4.0
56896.08003100422,1,3.0
56900.67488967944,0,5.0
56900.87174733058,0,5.0
56907.31702642252,1,1.0
56913.72896281771,1,5.0
56913.729204433694,0,1.0
56913.72979275958,1,3.0
56925.44286846571,0,5.0
56957.50191849935,1,1.0
56959.10274713459,0,3.0
56962.91804436491,1,1.0
56979.92206515255,0,1.0
56993.27783099017,0,2.0
57004.85688230684,1,4.0
57005.83562331303,0,3.0
57006.290249381345,1,3.0
57012.08987559103,1,3.0
57014.21449668153,0,5.0
57014.32376991317,1,4.0
57014.65691292378,1,2.0
57035.30984188724,0,5.0
57036.84347337682,0,1.0
57036.98921538282,1,5.0
57056.654952139186,0,3.0
57066.593202369804,1,4.0
57066.70000442209,1,1.0
57111.76841656459,1,1.0
57112.096967842226,0,1.0
57114.314218133804,1,2.0
57126.63191856583,0,3.0
57131.15077903218,1,4.0
57134.26935336086,1,1.0
57136.819681957604,0,3.0
57144.33681747041,0,2.0
57150.7678988101,1,5.0
57161.6037822461,0,1.0
57165.624813932984,0,4.0
57177.55459404045,1,5.0
57182.44456862761,1,1.0
57206.65333424878,1,3.0
57213.532432218744,0,2.0
57216.51094719159,1,3.0
57250.43971189894,0,3.0
57263.03899746699,1,4.0
57265.50490896734,1,5.0
57265.506936114354,0,1.0
57271.18910058079,0,4.0
57278.11616832524,1,4.0
57288.540528547426,1,3.0
57290.11355157237,0,5.0
57290.21968345371,0,1.0
57309.525869660254,0,5.0
57310.700976183485,0,1.0
57311.378660178416,0,3.0
57320.80774982185,1,4.0
57356.00779012233,1,3.0
57356.20095976103,1,4.0
57356.2392621067,1,2.0
57356.43584108326,1,3.0
57358.16562043621,1,5.0
57358.317241621146,0,1.0
57359.35754914309,1,1.0
57374.02802804967,0,4.0
57374.02908042175,0,4.0
57376.05459258649,0,3.0
57401.62512887011,0,5.0
57401.62561317091,1,4.0
57401.62649254277,0,1.0
57426.91312781981,0,5.0
57428.13136894594,0,2.0
57458.66054103291,0,3.0
57459.40419025137,0,5.0
57459.96762125203,1,2.0
57465.57002158823,1,4.0
57487.3875385743,1,4.0
57510.29249238474,1,3.0
57514.782856997124,0,3.0
57552.692358622386,0,1.0
57556.17153270456,1,1.0
57568.7671792059,1,1.0
57587.433884777085,0,5.0
57587.64941086377,0,3.0
57587.649505887275,0,2.0
57618.67118756355,1,1.0
57620.425298627706,1,1.0
57630.23930413089,0,3.0
57641.78319100207,1,1.0
57650.93581467998,0,1.0
57651.692403516885,0,3.0
57665.23545757069,0,3.0
57673.606254230384,1,1.0
57678.20511257554,1,1.0
57678.77099561933,1,1.0
57688.92893379262,1,5.0
57695.73741182032,1,3.0
57706.29014817141,0,4.0
57724.73433118599,0,5.0
57727.23108223351,0,4.0
57727.52682596995,0,4.0
57737.52116888345,1,2.0
57737.525787214196,1,4.0
57742.35446442884,0,2.0
57746.149003763385,0,4.0
57753.80652996297,1,2.0
57760.23365904373,1,3.0
57769.406670619755,0,5.0
57770.18659543045,0,4.0
57792.2588285456,1,4.0
57792.4846421433,0,3.0
57798.88534009938,1,4.0
57804.80035456872,1,3.0
57805.68849490259,0,3.0
57822.246031511124,1,2.0
57823.9168107482,0,5.0
57829.55561256595,1,2.0
57845.50483802316,0,5.0
57845.50689693112,1,4.0
57845.507775265265,1,2.0
57857.57861732342,1,4.0
57876.12057264559,1,1.0
57895.75730841519,1,1.0
57900.82034653426,1,1.0
57926.51457115984,0,5.0
57926.52702557224,0,1.0
57926.58549352778,1,2.0
57939.535296195565,1,4.0
57944.181920027884,0,3.0
57953.346090002146,1,3.0
57953.812915184535,1,3.0
57954.97193116603,1,4.0
57955.001550369314,1,2.0
57958.42287425666,0,5.0
57958.423170607406,1,2.0
57958.42548077095,1,1.0
57958.95602446753,1,4.0
57958.96098598922,1,1.0
57959.293828693415,0,5.0
57959.80150620939,1,2.0
57978.94034186166,1,5.0
57978.945680651756,0,5.0
57986.38496225473,0,3.0
57986.385510396685,0,4.0
58006.278290078706,0,2.0
58012.3391147516,0,1.0
58017.30838101478,1,1.0
58023.187263860586,0,5.0
58030.81961274695,1,3.0
58035.4705014439,0,4.0
58062.93172222085,1,1.0
58065.00404310526,0,3.0
58071.63237581234,1,5.0
58081.401666467806,1,2.0
58083.36028721282,0,4.0
58088.48206767474,0,3.0
58100.69852327108,0,2.0
58100.72725439263,1,5.0
58100.844423932314,0,2.0
58102.17124455874,0,3.0
58109.66325247654,0,4.0
58109.663963234925,0,3.0
58109.67209429849,1,1.0
58114.472316976135,1,4.0
58115.52012545665,0,2.0
58115.80052721472,0,4.0
58115.826192856744,1,1.0
58128.04002747652,1,3.0
58133.536397888,1,2.0
58133.57739150679,0,3.0
58174.0110818865,1,1.0
58202.94989023676,1,3.0
58203.18867230887,0,3.0
58224.22132789842,0,5.0
58224.26682484057,1,5.0
58235.23695931234,1,3.0
58250.8947710744,1,1.0
58257.07042147046,0,5.0
58282.326940439416,0,2.0
58287.9216453807,1,4.0
58287.925895240856,1,2.0
58291.71373885902,0,1.0
58316.77546687023,0,1.0
58317.769571952915,0,1.0
58325.20948370258,0,1.0
58329.129037015635,0,1.0
58334.77247192531,0,5.0
58334.77291422316,1,5.0
58334.776633775575,0,5.0
58337.00732939176,0,4.0
58337.007934591515,1,4.0
58337.009863770814,0,4.0
58337.01189540705,1,5.0
58337.13431678262,0,4.0
58342.86231479673,0,2.0
58342.86853338512,0,1.0
58352.981408753825,0,5.0
58353.9698292347,1,4.0
58354.00805596204,1,5.0
58374.80921257915,0,2.0
58382.9720292384,0,5.0
58382.97245110387,1,3.0
58383.01413403047,1,4.0
58390.40622253583,1,4.0
58398.0637928114,0,3.0
58401.6960660667,1,4.0
58401.91488867908,1,5.0
58401.914985634045,0,4.0
58406.244718762595,1,4.0
58406.253676923916,0,2.0
58410.55777322343,0,1.0
58424.926673485505,1,3.0
58424.9370514613,1,4.0
58424.93722297743,1,1.0
58425.528275916346,0,2.0
58433.83146354966,1,2.0
58437.70565655196,1,1.0
58440.29458151737,0,3.0
58440.310391243715,0,5.0
58440.42604593748,1,4.0
58441.22509271286,0,1.0
58442.625713741676,1,3.0
58442.70427818383,1,1.0
58449.82946854413,0,2.0
58451.47729665233,1,2.0
58470.61009777,0,5.0
58516.04296454449,1,1.0
58520.16292174679,1,3.0
58527.72628573526,1,1.0
58563.359836913995,1,3.0
58576.588992410514,0,1.0
58576.60133959591,0,4.0
58576.99141383408,1,1.0
58583.1543083605,0,5.0
58586.78539927482,1,5.0
58597.253345680656,0,4.0
58597.30089522089,1,5.0
58598.41498128377,1,2.0
58601.81158182906,0,1.0
58612.009651795284,0,5.0
58651.99941929933,1,2.0
58662.01347092719,0,5.0
58662.01739863197,1,4.0
58667.21163733858,0,5.0
58667.21213358044,1,4.0
58667.21222018893,0,5.0
58667.214818403685,0,4.0
58667.21640516995,1,2.0
58667.25445425388,1,3.0
58667.6642398707,1,2.0
58667.8941500025,1,3.0
58676.2212424439,1,5.0
58684.797753259394,1,1.0
58687.83272533629,0,1.0
58688.17579393483,1,5.0
58688.43590419072,0,1.0
58694.33271648689,1,5.0
58707.96316165531,1,4.0
58711.09101300039,0,3.0
58716.55479150839,0,4.0
58735.146097295474,1,3.0
58746.289532210176,1,1.0
58746.81810920682,1,2.0
58760.55914451478,0,2.0
58768.33582448411,0,3.0
58775.97805581971,1,3.0
58776.22922642894,1,4.0
58784.31664794722,1,3.0
58789.04641391656,1,5.0
58802.551908917594,1,1.0
58813.98308135535,1,5.0
58818.18104201931,1,5.0
58819.26946008192,0,4.0
58819.27902116275,1,5.0
58819.28672832188,1,2.0
58821.83523231778,1,1.0
58824.74256102273,0,1.0
58828.269599716215,1,2.0
58828.27000733802,0,2.0
58840.48935259729,0,5.0
58840.51128060128,1,3.0
58860.70987608043,1,2.0
58863.67911462274,0,3.0
58868.42722495845,1,5.0
58868.45687904829,0,4.0
58868.501501108745,0,4.0
58868.51143845317,1,3.0
58886.10420381707,1,4.0
58888.03738938017,1,1.0
58889.834778550154,0,3.0
58892.1327297186,0,5.0
58894.72592210982,0,2.0
58906.724424992244,1,1.0
58910.11339646044,0,2.0
58923.13326882735,0,2.0
58943.215722661196,0,3.0
58965.22576789595,1,1.0
58966.47964233352,0,4.0
58966.86761070296,0,3.0
58976.75803530543,0,4.0
58981.08061300369,0,3.0
59002.040634257726,0,5.0
59002.318640050544,0,1.0
59004.58104330482,1,1.0
59010.29793042678,0,2.0
59012.13752075415,1,4.0
59013.24874223642,1,4.0
59017.07279543111,1,4.0
59018.18299449627,0,2.0
59022.43990018007,1,5.0
59051.31041514085,1,3.0
59053.559487541715,0,3.0
59073.50996193738,0,5.0
59078.220558161636,1,5.0
59078.224311679434,0,2.0
59078.22841270715,0,3.0
59078.24045657312,1,4.0
59078.56828236508,0,5.0
59093.71560028151,0,4.0
59095.63250587595,1,1.0
59096.78646086096,0,5.0
59098.4178103244,0,4.0
59103.81535006107,0,5.0
59103.98114357182,0,5.0
59111.10988934319,0,3.0
59111.12073893849,1,1.0
59112.039332449436,1,5.0
59119.08159662438,1,5.0
59119.09001129692,0,3.0
59147.33055426855,0,1.0
59161.03372685007,1,5.0
59161.97050399528,1,2.0
59181.524000518686,0,4.0
59186.455279503025,1,4.0
59188.581650265776,0,4.0
59188.6063228897,0,4.0
59189.035350348015,1,3.0
59204.56416959733,1,4.0
59204.5725098954,1,1.0
59204.79078169905,1,5.0
59210.405877722216,1,3.0
59222.88624094454,1,4.0
59225.90563639722,0,3.0
59238.624204517,0,4.0
59266.74223894046,0,1.0
59293.80027060705,1,2.0
59298.37432733016,1,2.0
59306.883726438566,1,5.0
59312.87433692123,1,5.0
59340.07703424509,1,1.0
59361.84197029911,0,4.0
59368.26245028036,0,1.0
59369.761391322194,0,4.0
59370.384145315016,1,5.0
59370.385335818646,0,3.0
59370.38632507256,0,2.0
59377.467504153086,0,2.0
59377.60774896584,0,2.0
59377.61039298356,1,4.0
59391.6045334673,0,5.0
59391.611196727084,0,3.0
59404.54428858954,0,4.0
59406.29934330962,0,1.0
59421.75821274395,1,5.0
59421.76084791578,0,1.0
59436.945670633,0,3.0
59446.77827207022,1,1.0
59469.49285399573,1,2.0
59475.445475242384,1,4.0
59477.70530542082,1,3.0
59477.71180773181,0,2.0
59486.50568672831,1,5.0
59518.12504145758,1,1.0
59529.28662704071,1,1.0
59540.334470276,0,5.0
59540.90306669459,0,2.0
59543.637470053705,0,5.0
59543.64887526789,0,3.0
59543.71090626368,0,2.0
59544.92176446125,1,4.0
59550.360055255274,1,4.0
59552.93243619699,1,2.0
59579.67203709083,0,1.0
59588.89045959008,1,3.0
59603.58887296107,1,4.0
59608.69592308592,1,3.0
59612.466300640495,0,1.0
59613.30295055801,0,2.0
59621.63715046773,1,4.0
59621.638299772436,1,1.0
59625.79148679138,0,3.0
59635.44136297415,1,5.0
59639.64127379085,1,4.0
59639.725293080926,0,4.0
59645.923171849805,0,5.0
59645.925072034916,0,3.0
59653.74997961632,1,3.0
59655.24035858827,0,2.0
59655.74484444757,0,5.0
59670.141569389125,1,2.0
59688.46406111002,1,1.0
59689.21814381987,0,4.0
59690.35031468349,0,3.0
59710.90646947839,1,3.0
59725.21925389056,1,4.0
59730.21752320791,0,3.0
59747.13232525776,1,2.0
59763.75750003241,1,4.0
59788.23240521736,1,1.0
59795.2013793784,0,2.0
59798.33327489521,1,4.0
59798.34027969674,1,1.0
59801.11281638927,0,5.0
59810.478331940176,0,3.0
59827.69277108229,0,5.0
59847.25966331265,1,5.0
59848.713883907185,1,4.0
59856.62462388116,0,4.0
59867.29186252447,1,3.0
59868.1792517058,1,4.0
59869.377323089895,1,3.0
59869.604863385175,1,5.0
59877.06632624023,1,3.0
59882.652638541476,1,3.0
59883.634523567365,0,1.0
59890.85047375504,1,5.0
59896.54325515892,1,2.0
59899.89445175429,1,4.0
59906.55754788617,0,1.0
59935.136106935206,1,3.0
59939.382477032625,1,5.0
59939.439862929525,1,3.0
59939.46769751391,1,1.0
59951.943719718976,1,2.0
59953.300678813575,0,3.0
59961.06517271905,1,5.0
59962.54209392788,1,5.0
59967.318069032954,1,4.0
60012.02482979122,0,3.0
60024.45901009336,0,3.0
60031.654708304,1,1.0
60031.658019549046,1,1.0
60044.558681719485,1,1.0
60050.51745125246,0,2.0
60075.999146304894,0,5.0
60081.69877745082,0,5.0
60081.873242275986,0,4.0
60082.72026288036,1,5.0
60083.16319211582,0,3.0
60083.16498121817,0,2.0
60099.621483741495,0,2.0
60114.077749306634,1,3.0
60123.93039019502,1,3.0
60124.56602641923,0,4.0
60126.44817096334,1,5.0
60127.34005620775,0,5.0
60132.88152407559,1,4.0
60142.90042029883,1,2.0
60149.41357161666,0,2.0
60151.69815635268,1,3.0
60155.07636648804,1,2.0
60155.69549095369,0,2.0
60159.476009077145,1,4.0
60159.4763602146,0,3.0
60160.2723893926,1,4.0
60172.34051982771,1,2.0
60173.65739616696,0,2.0
60176.6802182309,0,4.0
60190.18011549235,1,4.0
60195.23395284253,1,3.0
60198.00698141943,1,2.0
60208.75160132105,1,5.0
60208.7671572743,0,5.0
60208.77808800783,1,1.0
60234.40660228389,0,1.0
60238.136579736696,0,4.0
60240.034466856116,1,4.0
60261.24288163337,1,2.0
60271.769098015175,1,5.0
60292.657427541766,1,2.0
60302.58170470118,0,2.0
60304.148335740996,1,3.0
60309.66429829453,1,2.0
60311.36899568681,0,5.0
60332.18962923661,0,4.0
60343.013881816805,1,1.0
60363.81273285814,0,5.0
60363.83857021469,1,1.0
60368.833525583934,1,2.0
60380.54059250787,1,1.0
60381.482723704146,0,5.0
60381.48926957696,1,3.0
60388.565293513646,1,2.0
60390.650520515504,1,2.0
60391.24601967683,1,1.0
60393.804167693415,1,3.0
60423.109763260254,0,2.0
60433.12136328767,0,4.0
60447.50010496595,1,1.0
60457.76325834083,1,2.0
60458.485086095825,1,2.0
60476.59014993242,0,2.0
60481.45833262177,0,2.0
60485.86254977144,0,1.0
60492.08167734453,0,2.0
60499.23138260987,1,5.0
60499.23582392315,0,4.0
60512.304237723816,0,4.0
60515.23007242714,1,4.0
60533.88155032766,0,5.0
60542.742128044396,1,5.0
60542.74261279133,0,1.0
60543.846177480824,1,5.0
60543.846338418574,0,1.0
60543.867722530886,0,4.0
60559.71650272701,0,5.0
60561.60173645647,0,2.0
60571.96089558475,0,3.0
60573.586968294425,0,5.0
60573.72776225271,1,2.0
60596.78782845896,1,3.0
60602.768012064174,1,1.0
60617.01575603268,1,1.0
60622.571431223485,0,3.0
60626.83548089891,1,5.0
60626.83654497657,0,1.0
60639.612247763696,0,2.0
60642.58002616607,0,1.0
60648.48475256445,1,3.0
60658.569266099126,0,5.0
60668.06892731945,0,5.0
60668.144527190125,0,1.0
60669.77319996284,0,3.0
60685.58220900078,0,1.0
60694.932694737996,1,3.0
60696.684792028136,0,2.0
60696.687058167474,1,4.0
60722.81808490819,1,5.0
60734.96770704656,1,3.0
60746.014244547725,0,5.0
60758.585620199956,0,5.0
60759.161750283834,0,3.0
60759.17662489928,0,1.0
60779.705889993704,1,1.0
60785.29242002588,0,5.0
60842.78617737095,1,3.0
60848.38535793969,1,1.0
60860.515162978954,0,4.0
60860.52177078502,1,3.0
60860.64804883849,0,4.0
60862.49685669825,0,1.0
60868.08011239562,1,1.0
60868.9724997542,0,1.0
60881.09055046041,0,2.0
60888.38053181877,1,4.0
60888.381934326215,1,4.0
60888.52831137282,0,4.0
60889.057072137715,0,1.0
60894.19109926076,1,1.0
60900.02136115216,1,4.0
60905.27358898908,1,1.0
60916.71409621076,1,5.0
60916.72564360724,0,5.0
60920.03600132764,0,4.0
60920.03959278452,1,4.0
60922.066246600414,0,5.0
60922.06690123857,1,4.0
60923.73412171305,1,5.0
60926.311458461794,1,1.0
60931.00281345389,0,1.0
60945.03871315611,1,2.0
60952.942567898244,1,4.0
60964.072372986244,1,4.0
60964.10321904133,1,3.0
60982.1338733533,0,2.0
60985.11356562673,0,4.0
60985.115775127626,0,4.0
60985.20041871021,0,3.0
61011.13782455204,1,3.0
61021.60469033416,0,4.0
61021.609479659826,1,4.0
61021.64282113773,1,4.0
61027.709201084035,1,2.0
61028.93241761881,0,4.0
61038.15040697844,0,2.0
61038.20122636054,1,4.0
61048.607138564286,1,4.0
61055.60251608255,1,4.0
61068.56076458462,0,2.0
61070.420884286206,1,3.0
61073.33999654707,1,5.0
61073.41369956684,1,2.0
61094.97569180407,1,3.0
61098.75874964596,1,2.0
61100.743575476095,1,2.0
61106.292585226336,0,5.0
61114.346489328906,0,2.0
61115.76631909087,1,5.0
61119.499969939825,0,3.0
61137.2599959282,0,2.0
61142.59413284173,1,1.0
61143.2660364427,0,2.0
61148.28555126019,0,5.0
61158.4617093161,0,5.0
61158.46851256647,1,3.0
61164.00925508381,0,5.0
61182.434894791644,0,4.0
61182.43847541188,0,1.0
61182.492938574265,0,4.0
61184.83346241004,0,1.0
61195.08591811302,1,5.0
61202.242650763816,1,3.0
61219.02299970075,1,3.0
61219.35414632126,0,2.0
61219.35466076814,1,1.0
61230.90672694898,0,1.0
61238.1055617421,1,5.0
61248.07818475913,0,3.0
61250.247458809186,1,2.0
61250.365124095115,0,5.0
61250.392429371204,1,4.0
61250.4073306936,1,5.0
61282.05979451746,1,1.0
61307.29821188341,1,4.0
61337.071570423424,0,4.0
61337.072945533895,1,3.0
61337.07296243566,1,2.0
61358.191230438606,1,2.0
61362.340485041466,0,2.0
61363.94847938622,0,3.0
61371.07921398999,1,3.0
61375.54199582429,1,4.0
61389.093530765575,1,4.0
61392.232977454645,1,5.0
61396.596463226284,1,3.0
61408.183114573156,0,2.0
61413.25419626238,0,2.0
61435.35173625894,1,4.0
61438.42636097046,0,3.0
61438.42638516214,1,4.0
61438.42699213689,0,5.0
61440.08542711505,0,5.0
61440.96664456426,1,5.0
61440.97020382468,1,2.0
61448.15493059993,1,1.0
61459.93689778455,1,2.0
61470.365159219786,0,1.0
61473.041955453766,1,2.0
61482.94005085615,1,1.0
61489.772596711075,1,4.0
61498.87910488604,0,5.0
61498.886163547846,0,1.0
61499.29879196085,1,4.0
61499.38948437234,0,4.0
61501.559731035035,0,4.0
61508.94753254197,1,1.0
61518.22638185613,0,1.0
61528.521908018156,1,4.0
61529.99509664543,1,5.0
61530.14907039219,1,1.0
61536.3975147752,0,1.0
61538.2003119038,1,2.0
61538.999780418984,0,4.0
61541.189618471726,0,5.0
61549.327814567994,0,4.0
61551.08032500872,1,5.0
61565.54323686733,0,5.0
61567.29336810586,1,5.0
61567.31874260239,0,4.0
61567.32135264943,1,1.0
61567.47369344583,0,2.0
61606.78997346321,0,4.0
61611.883162865524,1,3.0
61613.88560268964,0,1.0
61640.7277616907,1,2.0
61653.42456578721,1,2.0
61660.13381593843,0,3.0
61668.71247238553,0,3.0
61670.03097405202,0,4.0
61672.12267660419,0,1.0
61675.53257342772,1,1.0
61684.852058090335,1,3.0
61693.365256725105,0,4.0
61709.884479367225,1,3.0
61709.88765839438,0,5.0
61709.89784284081,1,1.0
61719.00439408295,1,3.0
61767.26391110982,0,4.0
61771.71273481446,0,5.0
61776.586538932,0,4.0
61779.72189918736,1,5.0
61788.17974612642,0,3.0
61791.82505542993,1,2.0
61807.47336336157,1,3.0
61814.221037926945,0,3.0
61831.00718069343,0,4.0
61831.00769009196,1,1.0
61831.021252963576,1,4.0
61840.595563911804,1,3.0
61843.19704000003,1,1.0
61843.98467429674,1,2.0
61844.73364343043,1,3.0
61846.55648682611,0,3.0
61854.1205286781,1,5.0
61854.12472670379,0,2.0
61855.01238027983,0,5.0
61855.030958889714,0,2.0
61907.706060361845,0,3.0
61945.138263878325,1,5.0
61956.7108464752,0,5.0
61991.88556344405,1,1.0
62017.074727926956,0,4.0
62024.24833732456,0,4.0
62030.95146173337,0,2.0
62031.37870210133,1,1.0
62031.81962690986,1,3.0
62031.82004548473,0,5.0
62032.11107905912,0,5.0
62032.12578209223,0,1.0
62033.50248071743,1,1.0
62034.1279946703,1,3.0
62045.418040534816,0,1.0
62048.4763439838,1,5.0
62048.50867409018,1,1.0
62048.7590877785,0,5.0
62057.874682249414,0,1.0
62083.17883819973,0,5.0
62086.66718129291,0,5.0
62097.48888203157,0,4.0
62100.47846857426,0,4.0
62127.60940029231,0,2.0
62134.08062458495,0,1.0
62134.82297855941,0,5.0
62134.82775677424,0,2.0
62141.53081007072,1,5.0
62141.53532907265,1,4.0
62158.200768815914,0,4.0
62158.83389110433,1,1.0
62163.45992192658,1,1.0
62166.48010741127,1,2.0
62168.579961639676,0,4.0
62179.36291294506,0,1.0
62192.977838937244,1,1.0
62203.77569953946,1,2.0
62203.828251709485,1,5.0
62203.833925041145,0,4.0
62204.122223617414,1,1.0
62215.652946909395,1,1.0
62215.72953395123,1,4.0
62215.73861277608,1,4.0
62216.46004775946,0,2.0
62226.729453293265,0,3.0
62230.781044797935,0,3.0
62230.857340332295,1,3.0
62243.49344751892,1,4.0
62243.58484670901,0,3.0
62248.70531758091,1,5.0
62250.58752163996,1,2.0
62255.96796671436,1,4.0
62257.660056014625,0,1.0
62257.66510454574,0,5.0
62272.35261813166,1,1.0
62277.46506752957,0,5.0
62278.2442313896,1,4.0
62278.578010593956,0,5.0
62278.582933482925,1,5.0
62278.584109258,0,3.0
62278.588093789076,0,1.0
62278.67483021288,0,5.0
62278.96027150957,1,5.0
62279.34062385522,0,4.0
62281.145618861556,0,1.0
62285.64415181273,1,1.0
62290.98066327542,0,1.0
62292.08979258351,0,5.0
62292.093851804326,0,3.0
62292.09499444509,1,3.0
62292.095241663854,0,3.0
62292.097761720914,0,5.0
62292.15829136886,1,1.0
62297.33177904198,1,1.0
62298.44730326795,1,1.0
62307.24999331614,0,4.0
62307.255278176846,1,2.0
62313.547034003845,1,4.0
62313.548876678906,0,2.0
62315.85463288384,1,4.0
62319.365045678845,1,1.0
62324.890814485865,1,3.0
62325.02787093546,1,3.0
62325.02806078526,1,2.0
62331.13428515743,0,2.0
62332.205474845985,1,3.0
62332.929211997834,0,2.0
62337.19808432746,1,4.0
62339.9755836633,1,1.0
62340.27496245606,0,3.0
62343.70391682236,1,4.0
62343.70491040475,0,2.0
62344.381892385754,1,4.0
62344.42227523837,1,2.0
62347.259763379414,1,1.0
62348.58531943234,1,2.0
62364.63869428148,1,3.0
62366.91957895474,1,2.0
62377.46619569091,0,3.0
62380.38211280635,0,3.0
62389.95026204855,1,1.0
62390.21855629637,0,5.0
62392.44341631742,0,3.0
62397.18765579418,1,1.0
62397.248462784715,0,4.0
62397.25187799835,1,2.0
62397.29656584569,0,5.0
62403.304428571355,1,3.0
62411.9029828515,1,2.0
62412.020507616384,1,3.0
62422.88141954756,1,5.0
62426.682002309644,1,2.0
62430.093741103934,0,1.0
62449.30479650091,0,1.0
62459.878519828126,1,3.0
62459.87957566,0,1.0
62472.29579684824,1,4.0
62504.65203251869,0,4.0
62508.008344073525,1,1.0
62510.183540252336,0,2.0
62511.51948967127,0,4.0
62511.523324456066,0,3.0
62527.89884639343,0,3.0
62528.72999133241,1,5.0
62528.737615576465,1,2.0
62528.74214161787,0,4.0
62549.86318811641,1,3.0
62550.36736760943,0,5.0
62559.12835811635,0,5.0
62559.37836998417,0,4.0
62565.429906694684,0,4.0
62567.90949605481,0,3.0
62594.13190901653,0,3.0
62594.925902056486,1,5.0
62610.10890836209,0,4.0
62610.26526870015,1,1.0
62674.9266533426,0,4.0
62674.99051079045,1,4.0
62677.70313041867,1,3.0
62683.608076575285,0,1.0
62687.707098182684,0,5.0
62692.67381432601,1,2.0
62697.67956681089,0,4.0
62697.68455503978,1,5.0
62718.97857368746,0,1.0
62719.49283960592,1,2.0
62726.670082629935,1,1.0
62732.00672665247,0,1.0
62735.89517328315,1,3.0
62735.9252278319,0,4.0
62740.47636641782,1,3.0
62744.609745558424,1,2.0
62747.78656253218,1,1.0
62751.032850069074,0,2.0
62751.038135739866,0,1.0
62753.09196337413,1,4.0
62767.17235898609,0,4.0
62767.17236447079,0,2.0
62775.844209126146,1,1.0
62779.70360158309,0,3.0
62784.119915164134,0,4.0
62786.82197423742,1,5.0
62787.03733439782,1,4.0
62800.6896475908,0,1.0
62802.01665459739,0,5.0
62802.022436842635,0,1.0
62808.063296715554,0,2.0
62822.10196158234,0,2.0
62839.407881041356,0,3.0
62867.661979653785,1,1.0
62881.94661063303,0,2.0
62884.98878161019,0,1.0
62885.54882654837,0,3.0
62885.60161959727,0,4.0
62885.60288749159,1,4.0
62885.648963911524,0,3.0
62887.18109077209,0,2.0
62892.39048772461,1,1.0
62896.222778633724,1,3.0
62897.28027574951,1,2.0
62897.29124437132,0,5.0
62905.297632506714,0,4.0
62905.30090260861,0,5.0
62908.097365339156,1,4.0
62908.13034066076,0,1.0
62953.43177257182,0,4.0
62954.33854864083,1,2.0
62955.39980088877,0,2.0
62958.970264267904,0,2.0
62996.303599086954,0,3.0
63007.49999966166,1,1.0
63009.98789512154,0,2.0
63016.86867803452,0,2.0
63028.7882747093,1,1.0
63040.16343104277,0,4.0
63058.771662495354,0,4.0
63079.227062076156,1,3.0
63079.71288466699,1,3.0
63087.89503835551,0,5.0
63089.08473685068,0,2.0
63093.22708413069,1,3.0
63096.357785916465,1,2.0
63107.79415539312,0,2.0
63139.017246079566,0,5.0
63139.82537755966,0,2.0
63141.57158958102,0,3.0
63148.79745826622,1,3.0
63148.79929834315,0,5.0
63148.79972379812,1,4.0
63148.80257528139,1,4.0
63148.81685478948,1,4.0
63151.05029687268,0,1.0
63157.01824050013,1,5.0
63158.18742019823,1,3.0
63162.264214365736,1,1.0
63163.7338008632,0,4.0
63179.03741931192,1,4.0
63188.67170105315,0,3.0
63211.22229986331,1,1.0
63218.40960932331,0,5.0
63225.637350315475,1,3.0
63233.99983344947,1,3.0
63253.00011554984,0,1.0
63255.494854538345,1,5.0
63255.49692781949,0,3.0
63261.29871034152,0,5.0
63277.17977131666,1,3.0
63278.73676094175,1,2.0
63278.850417908085,1,4.0
63278.98598070421,1,5.0
63284.533262535966,0,5.0
63293.05235277027,0,1.0
63296.64288677053,1,2.0
63296.738584733255,0,1.0
63330.68620162824,1,1.0
63332.538541243324,1,1.0
63333.96626976718,1,5.0
63335.026422823874,0,4.0
63361.261865503046,0,2.0
63378.70292953735,1,2.0
63385.62127280332,0,2.0
63386.97011989543,0,3.0
63397.82383984364,1,3.0
63397.8257198498,0,3.0
63403.108041650885,1,3.0
63412.75819386757,0,3.0
63413.098178345484,1,4.0
63433.120528117215,1,2.0
63447.7887396285,1,1.0
63453.175414353165,1,5.0
63456.00711104885,0,2.0
63462.63066492817,1,2.0
63463.03399360738,0,4.0
63486.815823064455,0,4.0
63491.813332723934,1,4.0
63504.86470031637,1,5.0
63509.91532225871,1,5.0
63516.128795395096,0,2.0
63518.86362467265,1,2.0
63523.50226040201,1,1.0
63524.366922469235,0,5.0
63532.994980173244,1,3.0
63533.069246618565,1,5.0
63533.14076396725,0,3.0
63535.19770017699,1,4.0
63535.30388386506,1,1.0
63537.96473447865,0,4.0
63540.46517240545,0,5.0
63548.882767426665,1,3.0
63555.79583680285,1,4.0
63564.74682340695,1,1.0
63568.02080819954,0,4.0
63568.02524164389,1,4.0
63576.242277953555,1,2.0
63580.65476220666,1,3.0
63592.626116546075,1,5.0
63594.627482162556,0,4.0
63595.2489164915,0,5.0
63595.26473321853,1,4.0
63602.09342869906,0,1.0
63614.86442343334,1,2.0
63618.37337333291,1,5.0
63618.99978291963,0,5.0
63626.13129837992,1,3.0
63626.47562760542,0,5.0
63628.65732949012,1,4.0
63636.42738683287,1,1.0
63641.19301268789,1,2.0
63650.63366193252,0,5.0
63654.40760074567,0,4.0
63660.97711987404,1,3.0
63660.97721789153,0,2.0
63661.07306108749,1,3.0
63676.841910810006,1,5.0
63680.25432689962,1,3.0
63692.156868160855,0,5.0
63692.52757274183,1,2.0
63699.380431867605,0,2.0
63705.46803593358,0,2.0
63707.710154955676,1,4.0
63714.24671704407,0,2.0
63714.25858791664,1,5.0
63714.26040666656,0,1.0
63725.85046526722,0,4.0
63728.731817026164,0,2.0
63729.88693687069,1,4.0
63730.20481899055,0,4.0
63738.73431111462,1,5.0
63764.352694075984,1,1.0
63768.178455721565,0,3.0
63807.064851330295,0,1.0
63808.35777028776,0,4.0
63811.78291493615,0,1.0
63813.441043230734,1,5.0
63836.396377188685,1,5.0
63836.39646149335,0,4.0
63838.01514190801,0,3.0
63849.63511723894,0,1.0
63850.21902506809,1,3.0
63853.42797249775,0,3.0
63853.429489757924,1,2.0
63857.53367332099,0,5.0
63857.53554006018,0,2.0
63857.53726544654,1,1.0
63859.8296411435,0,5.0
63859.85742017704,1,2.0
63859.859299698386,1,1.0
63862.16666659257,1,4.0
63866.27553133401,1,3.0
63873.020932260035,1,2.0
63873.28389573143,0,5.0
63878.12427987493,0,4.0
63878.136141242794,0,5.0
63887.437677600945,0,1.0
63887.438794988164,0,2.0
63897.483607130074,0,3.0
63913.02070032923,1,5.0
63921.87884764922,1,3.0
63939.270837252196,1,5.0
63939.271085845154,1,5.0
63939.3312102015,1,5.0
63944.55953570213,0,4.0
63953.53241927503,0,4.0
63968.6783360927,1,1.0
63974.92699752241,0,3.0
63976.293589927656,1,4.0
63979.44076402931,1,1.0
63981.658589037965,1,3.0
63997.706283903965,1,4.0
63999.43323515549,0,5.0
64000.858554630184,0,2.0
64013.46124418735,0,4.0
64020.24422812636,1,5.0
64020.24449243597,0,4.0
64030.4433911389,0,1.0
64032.46110208066,0,2.0
64043.90943028833,1,4.0
64046.335412636,1,2.0
64046.634140432965,1,5.0
64052.84580920276,1,3.0
64052.84650002283,0,1.0
64093.36327177594,1,1.0
64104.98396448239,0,1.0
64114.45828166212,0,3.0
64117.42046992047,1,4.0
64125.50996851479,1,5.0
64126.45466673089,1,4.0
64167.44021862189,1,2.0
64184.0419727811,0,5.0
64186.32895467698,0,3.0
64187.539408838435,1,1.0
64190.96184528766,0,2.0
64196.67343251383,1,3.0
64211.21656457658,0,1.0
64215.19410944524,0,1.0
64217.35971580766,0,5.0
64218.83494826954,1,2.0
64229.24273117018,0,5.0
64231.82992305023,0,4.0
64240.34951261231,1,3.0
64245.82931395751,0,1.0
64251.341776734575,1,4.0
64258.53759889632,1,1.0
64264.52905794707,0,5.0
64264.53186994313,1,3.0
64280.081513794496,0,3.0
64287.97523393633,0,3.0
64293.60863634779,1,2.0
64296.28103836039,1,3.0
64304.28046822956,0,2.0
64308.12018650584,1,3.0
64336.18033420841,1,3.0
64336.21312668713,0,3.0
64336.26753369764,0,2.0
64342.80211065129,1,5.0
64342.952040012926,1,2.0
64345.924893201765,0,4.0
64347.81550618674,0,5.0
64348.202780730135,0,4.0
64348.20854691653,0,4.0
64348.34153260925,1,3.0
64361.1620561364,1,1.0
64372.567484049025,0,5.0
64372.568532895246,0,4.0
64372.5702206575,1,2.0
64372.900298552,1,1.0
64390.14475491032,0,4.0
64390.14596909662,0,5.0
64393.047335377094,0,5.0
64393.456756544714,0,3.0
64393.45956599332,0,2.0
64394.65233568088,0,3.0
64394.6797802788,1,3.0
64403.84700649165,0,5.0
64403.955694483804,1,1.0
64409.14999487898,1,2.0
64411.69422134568,0,4.0
64417.107926156634,1,1.0
64423.40812677661,1,2.0
64423.66257703495,1,1.0
64428.67675908436,0,1.0
64471.95636711716,0,5.0
64473.6658589491,1,3.0
64475.621464628006,1,5.0
64494.56743187098,0,2.0
64519.2360125773,1,3.0
64522.43973558076,1,2.0
64525.50511035841,1,3.0
64525.50593983159,0,2.0
64549.50532722002,0,5.0
64549.50647463082,0,1.0
64549.508775725146,1,4.0
64549.528381830656,1,2.0
64587.08666435784,0,5.0
64588.76829136014,0,5.0
64588.815284357566,0,5.0
64588.815773822585,1,1.0
64592.65247026401,0,4.0
64595.44651071079,0,1.0
64616.6108697333,1,3.0
64625.826421678925,0,2.0
64630.38257557963,1,2.0
64631.670135836684,0,1.0
64645.75816826535,1,2.0
64650.13880989232,0,4.0
64659.89559567482,1,5.0
64659.918305339976,0,2.0
64667.012960001986,0,4.0
64671.848402885946,0,2.0
64672.87337765957,0,2.0
64687.711117378916,1,2.0
64691.170773223756,1,4.0
64711.561399075385,1,2.0
64731.54312812714,1,4.0
64731.722881827125,0,3.0
64735.10141989662,1,1.0
64756.713609693725,1,4.0
64757.9689117814,0,2.0
64761.66819335289,1,5.0
64766.34311864283,1,3.0
64766.93892609504,0,4.0
64784.61470489685,0,1.0
64794.25331312172,0,3.0
64801.32318942164,1,4.0
64811.895823648716,0,5.0
64811.90137323969,0,4.0
64811.90906984123,0,1.0
64814.9328278282,1,1.0
64824.30388072056,1,3.0
64825.66613701372,0,3.0
64830.437574496005,1,3.0
64842.71163824858,0,4.0
64875.84775670291,0,1.0
64876.21726175322,1,5.0
64882.43775998686,1,5.0
64882.439174003426,0,5.0
64882.44216851384,1,5.0
64883.45216549908,1,2.0
64888.86535884528,0,3.0
64895.41884450265,0,5.0
64897.09785327563,1,1.0
64904.946968782155,1,1.0
64906.26218403088,1,4.0
64911.01633132038,1,3.0
64920.894679031975,0,5.0
64923.89335222686,1,4.0
64933.11335320453,1,1.0
64934.97157286247,1,2.0
64936.437190950375,0,5.0
64936.44054385126,0,5.0
64938.24426119415,0,4.0
64957.205658613195,0,1.0
64970.02403552967,1,5.0
64970.02418467502,0,1.0
64970.024200223546,0,1.0
64973.92366913375,0,3.0
64986.13514843641,0,5.0
64988.39438131772,1,3.0
64988.3978975762,1,5.0
64993.73856260297,0,1.0
65008.2889289379,0,1.0
65010.017161726704,1,3.0
65013.660692372,0,3.0
65025.32131998742,0,3.0
65025.593432772315,1,2.0
65039.73434880136,1,1.0
65055.560640704054,1,5.0
65055.57938958908,0,3.0
65062.858373699746,0,4.0
65063.2821739026,1,5.0
65065.38384801198,1,2.0
65100.325150659795,0,4.0
65103.934010225006,1,1.0
65124.01470350838,1,1.0
65162.84278893347,1,2.0
65176.67025745133,1,5.0
65176.985761461896,1,2.0
65179.15751930915,1,4.0
65189.50561710658,0,3.0
65205.84446983375,0,1.0
65207.2007028987,0,4.0
65207.56054555946,1,3.0
65219.936001708586,0,1.0
65221.771723820086,1,5.0
65237.21902559541,0,5.0
65237.23301941869,0,4.0
65238.3338897971,0,4.0
65259.08466174994,1,3.0
65266.09854350397,0,3.0
65271.76105055099,0,4.0
65271.76385984358,1,1.0
65276.81876649957,0,4.0
65276.84023263898,0,2.0
65281.63122137951,0,2.0
65288.0649664437,0,4.0
65290.739904258044,1,3.0
65291.105167172485,0,3.0
65294.65805396416,0,3.0
65310.27823236763,0,5.0
65311.77660900878,0,3.0
65313.403928897686,1,5.0
65313.98808429457,0,5.0
65338.18966299513,1,4.0
65353.209655085935,0,2.0
65361.30419952966,1,2.0
65364.77305505095,1,2.0
65366.418131820064,1,4.0
65367.3070598771,1,3.0
65371.738256408855,0,5.0
65371.79480022338,1,4.0
65389.61105723701,0,2.0
65400.55122796474,0,1.0
65412.93919895743,0,2.0
65413.35904050621,1,2.0
65414.79784117925,1,2.0
65421.35837945539,0,5.0
65422.0037980715,0,3.0
65425.53509186725,0,2.0
65427.37978178536,0,4.0
65433.79068167898,1,2.0
65442.75384296837,0,5.0
65454.4673715675,1,3.0
65459.270437195926,0,2.0
65460.81580074979,1,3.0
65472.47702026522,1,4.0
65493.41313154482,0,5.0
65493.734982574846,1,1.0
65498.62039128735,0,5.0
65499.25807730638,0,1.0
65521.646413669216,1,1.0
65556.89215714512,0,3.0
65586.91546952025,0,2.0
65588.73407578317,0,3.0
65593.49039098891,1,1.0
65597.54871854163,1,2.0
65599.95592922256,0,3.0
65611.64966714928,1,5.0
65618.66935550266,1,3.0
65619.47309627963,0,2.0
65620.92815068632,0,4.0
65621.82505230627,0,1.0
65624.28675557647,0,5.0
65624.32963741511,0,3.0
65650.90466715094,0,2.0
65650.93163932643,0,3.0
65665.01332848637,1,1.0
65676.71180582335,1,3.0
65676.78538735528,0,3.0
65677.5359258269,1,5.0
65679.15310526283,1,2.0
65686.6079348328,1,1.0
65690.4105835588,0,5.0
65693.47879471685,0,5.0
65695.61587217974,0,4.0
65710.6969961574,0,5.0
65710.7088703764,0,1.0
65711.83776302761,0,4.0
65714.68422233063,0,2.0
65722.40148637259,0,4.0
65725.5964429454,1,5.0
65725.63074733778,1,4.0
65725.64607490743,1,3.0
65731.9743874293,0,4.0
65738.22989246168,1,2.0
65739.14602313342,1,2.0
65739.28130932648,0,1.0
65740.43668111743,1,1.0
65744.7403556773,1,4.0
65754.3652040666,1,3.0
65754.74664343637,0,1.0
65781.2316016227,0,4.0
65784.41954571485,0,3.0
65790.25973346988,0,2.0
65792.90906351952,1,1.0
65804.7132571911,1,5.0
65804.72262253912,1,4.0
65806.89349844967,1,3.0
65818.87047399083,0,1.0
65822.23680277939,0,5.0
65823.77404480556,0,1.0
65826.04326456528,1,3.0
65830.71695767237,1,1.0
65852.23104099052,0,4.0
65862.83750191811,0,4.0
65869.37918301285,0,1.0
65870.49137704966,1,5.0
65881.20572461895,1,3.0
65887.3197513771,0,3.0
65889.73634253746,0,5.0
65893.1122511674,0,4.0
65898.46902404669,0,5.0
65898.70915499165,0,1.0
65899.1755040745,0,3.0
65900.06979367419,1,5.0
65900.07059623922,0,2.0
65900.10271688625,0,5.0
65901.87357968673,0,1.0
65904.55552628556,1,4.0
65911.69443823704,0,3.0
65914.84992307512,0,2.0
65938.76121351136,0,4.0
65941.39384114496,0,4.0
65941.40068477785,0,5.0
65941.43962046439,0,1.0
65950.23957006443,1,2.0
65958.59022406624,1,5.0
65966.85212512659,0,5.0
65976.21151442426,1,2.0
65984.44912118207,1,5.0
65989.07491112966,1,1.0
66009.17625501516,0,3.0
66009.4456860612,1,4.0
66018.68220911712,0,3.0
66028.59112855422,0,5.0
66046.30104917569,0,4.0
66053.59097005163,0,2.0
66058.13689339031,1,4.0
66058.13693869062,1,4.0
66058.17698863734,0,2.0
66059.62496747736,0,5.0
66077.70395632535,1,5.0
66084.77668271655,1,4.0
66100.13845836135,1,1.0
66104.25730461591,0,3.0
66108.64765520323,0,4.0
66153.854552014,0,1.0
66155.64225701819,0,1.0
66163.74827895126,1,4.0
66183.73263541388,1,2.0
66220.35597060817,0,5.0
66224.3813317983,1,1.0
66224.5620754891,0,1.0
66227.90473549483,1,2.0
66228.40694962571,0,3.0
66239.73449182133,0,5.0
66258.80601430172,1,5.0
66260.8460569182,0,4.0
66261.08854011104,0,1.0
66262.6133495862,1,2.0
66297.60532357289,0,5.0
66297.91886753043,1,3.0
66304.54154311915,0,3.0
66306.359050952,0,5.0
66306.70847446966,0,2.0
66309.00753917542,1,5.0
66317.14064663135,1,4.0
66317.14419200078,1,2.0
66323.30066790462,0,1.0
66337.63243277249,0,4.0
66339.44125206726,0,1.0
66339.75874469662,1,4.0
66339.76580700152,0,5.0
66340.29682273974,0,3.0
66340.7032799348,1,4.0
66347.92085745667,0,3.0
66348.11650947985,1,2.0
66349.31854053814,0,3.0
66358.1839524323,0,2.0
66373.32482062506,1,5.0
66373.32523407783,0,3.0
66373.32563212834,0,4.0
66374.06096061542,0,1.0
66376.55716998817,0,1.0
66380.18400508985,1,2.0
66380.18422341485,0,5.0
66386.04440012749,1,2.0
66394.53038508001,1,5.0
66395.11808621485,1,4.0
66400.61309535165,0,1.0
66402.3768011049,0,4.0
66405.37031724877,0,3.0
66415.02047567653,0,4.0
66415.030952001,1,3.0
66419.02928321132,1,2.0
66440.855191812,1,2.0
66461.49786439861,1,1.0
66465.18941276707,0,2.0
66468.63768292549,1,5.0
66468.74746550906,1,1.0
66504.39548243549,0,2.0
66504.42805293424,0,3.0
66507.21308614574,1,1.0
66509.49657704173,1,2.0
66514.82474550026,0,3.0
66517.09950302192,1,3.0
66517.09967535682,0,1.0
66517.10983284372,0,3.0
66517.14493927383,1,1.0
66518.55084529429,0,4.0
66518.61110811136,0,2.0
66521.78840515965,1,3.0
66526.1260049307,0,3.0
66529.74808529473,1,1.0
66538.21849312697,0,1.0
66539.51316936119,1,1.0
66543.37381940642,0,3.0
66544.25518892902,0,5.0
66544.40805199645,1,1.0
66552.40292613418,1,1.0
66562.1983371721,1,4.0
66562.2002472659,1,3.0
66562.38705570258,0,4.0
66574.29875259973,0,2.0
66601.58588496358,1,5.0
66621.02291657781,1,1.0
66624.07335795122,1,1.0
66624.3731827081,1,3.0
66624.99530992279,1,5.0
66638.21807948065,1,1.0
66643.34530392122,1,3.0
66646.52110642704,1,2.0
66646.5237047076,1,4.0
66649.88314468483,0,4.0
66649.88326759002,0,1.0
66649.88462629424,1,1.0
66651.73934109983,0,2.0
66657.93787181475,0,4.0
66667.62125541423,0,3.0
66675.21596347849,0,3.0
66675.21732157569,0,4.0
66691.35878624333,1,4.0
66691.37915280585,0,5.0
66694.56499159739,1,5.0
66696.93751625918,0,1.0
66701.16900000467,0,5.0
66713.8401481242,1,5.0
66714.06268229613,1,5.0
66726.24173754729,1,1.0
66733.72181315394,0,3.0
66735.8940904026,1,1.0
66739.7235415322,0,4.0
66751.58432883814,0,3.0
66752.99132888793,1,4.0
66753.12854642762,0,2.0
66755.69248953297,0,1.0
66764.55812888716,0,1.0
66767.94597400828,1,2.0
66775.08400186544,1,5.0
66775.45099858569,0,3.0
66781.28815423275,0,5.0
66784.28280851773,1,3.0
66784.56645488467,0,2.0
66811.95159776678,0,5.0
66815.09109315657,1,3.0
66817.22372662327,0,2.0
66817.71534132949,0,4.0
66834.58737073051,1,5.0
66836.41395257047,1,1.0
66852.93854497749,1,5.0
66857.40692757152,1,1.0
66868.23330168624,1,3.0
66874.57565647423,1,1.0
66878.38119731475,1,5.0
66882.69839149197,1,5.0
66886.82778274403,1,3.0
66892.92836141466,1,1.0
66895.78846383515,1,3.0
66918.44457532934,1,5.0
66920.25237185146,0,4.0
66921.83735528299,0,3.0
66942.83646596545,1,4.0
66961.98342614943,0,1.0
66981.39650814734,0,4.0
66981.39658706855,0,2.0
66983.28412673771,1,1.0
66993.83834415683,1,4.0
66994.02504994633,1,5.0
66994.02614342544,1,5.0
66998.58579596007,1,5.0
67003.81995150234,1,3.0
67004.13629326958,0,5.0
67023.89744547523,1,5.0
67032.00438474459,0,4.0
67032.01831165681,0,2.0
67032.97870282919,1,3.0
67038.76311504505,0,5.0
67038.76565062274,1,1.0
67039.77710942904,1,5.0
67040.97563181403,0,5.0
67040.9797872757,0,4.0
67041.54946962142,0,2.0
67049.9008128282,1,1.0
67054.88010004426,1,1.0
67062.48145973384,1,1.0
67073.7780972264,1,2.0
67103.34086749078,0,2.0
67108.92916166395,1,2.0
67125.82706942805,0,2.0
67127.81142807376,0,3.0
67135.86644942818,1,4.0
67149.0909222033,0,5.0
67149.09095941143,0,2.0
67149.37804519295,1,3.0
67155.27423857585,1,4.0
67155.27707308436,0,4.0
67155.27921167205,1,3.0
67159.8055973132,0,3.0
67166.28055546481,0,3.0
67172.29521417785,1,5.0
67172.2991930573,0,1.0
67193.10558891702,0,3.0
67193.70610731453,0,2.0
67196.09554904542,1,2.0
67206.52022993637,1,3.0
67222.02247095434,0,1.0
67225.20662049219,1,4.0
67238.19578029023,0,4.0
67260.80361563945,0,5.0
67266.2221472592,1,4.0
67266.23068243147,1,3.0
67266.33015663706,1,3.0
67270.19240140711,0,1.0
67272.59007612833,1,5.0
67272.59963026515,0,3.0
67272.60961378616,0,3.0
67272.73908790437,1,2.0
67272.95666549112,0,4.0
67296.02136056566,0,3.0
67297.26231891097,0,1.0
67311.71941124246,1,1.0
67312.42928155497,1,4.0
67315.02989578871,1,2.0
67315.27482069818,0,4.0
67318.92202708444,1,1.0
67320.25778079864,1,5.0
67320.27992515614,0,2.0
67330.96559057769,0,1.0
67339.43949104575,1,2.0
67351.12845857708,0,2.0
67369.11123580122,0,3.0
67377.88382061789,0,4.0
67377.89793553518,0,1.0
67389.63054692467,1,1.0
67404.15009638938,0,1.0
67416.6303634986,1,5.0
67429.6119249438,1,3.0
67439.61455304225,1,5.0
67443.80134431396,0,2.0
67463.96709765891,1,1.0
67474.2126624203,0,3.0
67474.43183108231,1,3.0
67474.43365402152,0,3.0
67474.46128431348,1,4.0
67478.7361584109,0,1.0
67497.25655495026,1,5.0
67503.63122679213,1,4.0
67503.63213254091,0,3.0
67503.66126218424,0,2.0
67503.72832452352,1,2.0
67511.20006441788,0,5.0
67512.23386503306,1,5.0
67512.26873400081,0,2.0
67522.75470956539,0,4.0
67522.79406064314,1,5.0
67522.7976734478,1,1.0
67523.3908685182,0,5.0
67524.09390856748,1,2.0
67524.74330982762,1,5.0
67530.79536874242,0,1.0
67534.58316867186,1,5.0
67534.70773993817,1,5.0
67537.68149656036,0,1.0
67540.58641734539,1,4.0
67549.65219734414,0,1.0
67552.08575689643,1,5.0
67553.06483937282,0,4.0
67553.13975010658,1,4.0
67564.05691197299,1,3.0
67567.98479591703,0,1.0
67576.66142424878,1,4.0
67587.07793981589,1,2.0
67597.62714544835,0,5.0
67598.62793209631,0,1.0
67611.24387999105,0,2.0
67623.5132341959,0,1.0
67626.39898800229,0,3.0
67631.76755881139,0,1.0
67634.33641032458,1,2.0
67651.87819729181,1,5.0
67651.88023069823,0,5.0
67664.69237504777,1,2.0
67667.56840673898,0,2.0
67670.7033566285,1,5.0
67670.99438543069,0,2.0
67681.6292526402,1,2.0
67694.59983455867,1,1.0
67714.2576449109,1,1.0
67725.32611206947,1,2.0
67731.19747533278,0,5.0
67731.21888161988,1,4.0
67732.09974203435,1,5.0
67732.10118639264,1,2.0
67738.83638571601,0,3.0
67738.84933430122,1,1.0
67741.1113772616,0,5.0
67741.11319903382,1,3.0
67758.12187415971,0,2.0
67761.9943252468,0,3.0
67763.44849989815,1,3.0
67825.793188132,1,2.0
67838.84315443665,1,3.0
67840.45371607595,1,3.0
67844.8498183226,0,2.0
67850.54156080987,0,5.0
67860.42540878481,0,1.0
67862.45974685416,0,4.0
67862.4647756674,1,2.0
67870.363487976,1,1.0
67893.14691967022,0,2.0
67894.00215702712,0,4.0
67894.57223333853,0,3.0
67896.37599167197,0,5.0
67896.40713474025,1,1.0
67904.04337925404,1,2.0
67906.24464988722,1,4.0
67906.24550360128,1,5.0
67906.26453359328,1,3.0
67907.5711020315,0,2.0
67907.80865964951,0,5.0
67907.8097046566,1,5.0
67910.28721132572,0,2.0
67914.39228067058,0,4.0
67932.58625677144,0,1.0
67950.98029689546,1,1.0
67979.20978513836,1,2.0
67992.04793718408,1,1.0
68003.76289367575,1,5.0
68003.77513495422,0,5.0
68009.99129458322,0,1.0
68030.3979554379,1,2.0
68070.32928772327,1,4.0
68071.91048187834,1,4.0
68081.38168581515,1,1.0
68104.66736935676,1,5.0
68104.66932232851,0,1.0
68113.01778131195,0,4.0
68117.78197315133,1,5.0
68121.56476495237,1,3.0
68121.67465714346,1,4.0
68124.08898296356,0,3.0
68127.58547501612,0,3.0
68139.59690068912,1,2.0
68139.89130192141,0,3.0
68140.02734241923,0,5.0
68160.22819196866,1,1.0
68190.05813624134,0,4.0
68202.40842569422,1,5.0
68208.6883535162,1,3.0
68209.96871976259,1,3.0
68210.57584699671,1,5.0
68220.99392670664,1,1.0
68221.2847870232,0,1.0
68223.13486143631,1,5.0
68223.16896336658,0,1.0
68227.46487638963,1,4.0
68233.91096623403,1,3.0
68239.15177150289,1,1.0
68242.16852511076,0,1.0
68271.39995884651,0,1.0
68280.35860908128,1,5.0
68291.72929539601,1,5.0
68296.305959557,0,1.0
68296.49475601088,0,3.0
68301.75206080683,0,1.0
68306.9539385551,1,5.0
68307.43900318682,1,4.0
68307.4416561336,0,5.0
68331.2093582034,1,3.0
68333.16634881275,1,5.0
68334.57365308436,0,3.0
68345.47598728181,0,5.0
68350.04278352272,0,3.0
68376.39306619288,0,4.0
68382.43767269298,0,5.0
68398.86048842734,1,4.0
68426.1647800157,0,3.0
68426.1669744191,1,1.0
68457.7560111368,1,2.0
68458.28221760398,0,3.0
68468.63486634479,0,2.0
68475.0949743068,0,5.0
68489.54487122953,0,1.0
68507.07566560748,1,5.0
68507.51590098116,0,4.0
68518.83061945926,0,5.0
68536.54547753137,1,1.0
68552.62192407738,1,2.0
68555.90126648598,1,5.0
68555.93010993255,1,4.0
68556.5054589973,0,4.0
68557.36498627697,0,1.0
68562.14976405218,1,1.0
68573.98876035106,0,2.0
68583.95411972185,0,1.0
68585.8165475944,0,1.0
68596.89384019282,1,2.0
68601.24475802903,0,1.0
68603.43547413913,0,5.0
68604.26651597185,0,1.0
68618.34759679492,1,4.0
68624.70862606449,1,5.0
68628.06407429314,1,1.0
68648.934228244,1,4.0
68653.25232648506,0,4.0
68678.89703959365,1,4.0
68678.9214923018,1,2.0
68680.96003086721,1,3.0
68682.75535593001,0,4.0
68682.75812748665,0,4.0
68682.75854024114,1,5.0
68682.76355026703,0,1.0
68682.77045607679,0,4.0
68686.18121773517,1,1.0
68705.99604213242,0,5.0
68705.99901546919,0,4.0
68715.06899098154,0,4.0
68715.08685812859,1,1.0
68726.05413372352,0,4.0
68726.05448633192,0,1.0
68734.91185496932,0,3.0
68743.24045779354,1,5.0
68743.24102202237,0,3.0
68745.81348798677,0,1.0
68754.2470865599,1,3.0
68756.28835603202,0,2.0
68756.6991244778,1,3.0
68773.46686623071,0,4.0
68782.22825702452,1,4.0
68788.12287551332,0,5.0
68788.92305758965,1,2.0
68797.49400004548,0,1.0
68815.1243090312,1,4.0
68821.34676000217,1,3.0
68823.25951143737,0,2.0
68823.26970894964,1,2.0
68849.67184462537,1,2.0
68853.67758063726,0,1.0
68855.72939824301,0,5.0
68855.7668884751,1,2.0
68877.69087051583,0,4.0
68900.32281250981,0,3.0
68900.32591237639,1,1.0
68915.13375800187,1,1.0
68927.66992068556,1,4.0
68933.48640052274,1,1.0
68940.0504598151,1,3.0
68952.5015903885,1,4.0
68952.81051933434,1,1.0
68959.71649044659,1,5.0
68962.17282113315,1,5.0
68976.74636304496,0,2.0
68980.82811598603,1,2.0
68982.14318614535,1,1.0
68982.55276249554,1,1.0
68990.9503350166,1,5.0
68990.9531500782,0,1.0
69000.01461685842,0,3.0
69006.98800935136,0,1.0
69011.71957692812,1,4.0
69011.72686612527,0,1.0
69014.5874747157,1,1.0
69015.02547374797,0,1.0
69019.38769707242,0,3.0
69032.27411998725,1,5.0
69037.86543209653,1,4.0
69037.96930941689,0,2.0
69043.10974483949,1,4.0
69046.78235554938,1,4.0
69053.32429300611,0,4.0
69072.3514251186,0,1.0
69076.04873022475,1,1.0
69076.62876502045,0,1.0
69077.00739303672,1,4.0
69082.85764675104,0,1.0
69096.6583005798,0,2.0
69101.50952199931,0,2.0
69114.55445020465,1,4.0
69116.63977108861,0,2.0
69129.97100175917,1,4.0
69130.39539406935,1,1.0
69132.35415381704,1,3.0
69180.00806036739,1,5.0
69183.76826912204,0,1.0
69185.2117490027,1,4.0
69185.21217208682,0,5.0
69190.60406063686,1,2.0
69190.96718834486,0,1.0
69203.69451262918,0,3.0
69224.82413641964,0,4.0
69224.82731488733,1,5.0
69224.83020494318,0,4.0
69224.83229287247,0,2.0
69224.84211569156,1,4.0
69227.62337256709,1,2.0
69237.44288967525,1,3.0
69244.77857184046,1,5.0
69244.81046774043,0,5.0
69252.4719147296,1,5.0
69254.24707504125,0,3.0
69267.87491467774,1,1.0
69271.17220195945,0,1.0
69296.2759367202,0,3.0
69309.07111100946,0,2.0
69326.91304279427,0,2.0
69326.960785107,1,5.0
69327.05905885581,0,4.0
69329.79267808511,1,5.0
69357.82330084415,1,1.0
69366.63753931453,0,1.0
69369.91981652267,0,3.0
69372.6697088246,1,2.0
69374.54004442597,1,2.0
69381.84922186701,0,2.0
69394.84236216529,0,1.0
69405.84157550153,0,3.0
69405.84169734223,1,5.0
69405.85827774541,0,1.0
69416.46736897442,1,1.0
69425.88833100558,1,2.0
69435.16526971792,0,1.0
69443.71727799604,1,3.0
69446.6347919431,0,2.0
69449.26772166186,1,4.0
69453.00281028704,1,5.0
69468.85960309286,0,5.0
69468.99260744991,0,1.0
69470.91335871197,1,5.0
69470.98219087081,1,3.0
69470.98832035932,1,4.0
69483.03298562119,1,2.0
69498.8381365724,0,5.0
69498.84311528807,0,3.0
69499.37693960601,1,4.0
69499.37791697457,1,4.0
69503.12047463804,0,3.0
69503.53930487776,1,2.0
69506.9694630329,0,1.0
69513.32874834335,0,3.0
69513.33226094287,1,3.0
69517.84275807708,1,4.0
69525.2250082226,1,2.0
69525.25940272669,0,2.0
69566.57314054474,0,5.0
69566.57799670298,1,4.0
69575.27078832366,1,4.0
69577.96001402165,1,1.0
69583.3103838719,1,1.0
69592.44266153249,0,4.0
69595.33015814517,0,1.0
69599.88371763212,0,5.0
69607.86432630465,0,1.0
69613.50402656865,0,3.0
69617.39373259468,0,5.0
69617.74437790317,0,4.0
69617.74918874922,0,3.0
69618.76503100873,0,2.0
69642.49951209183,1,5.0
69642.4996360846,0,3.0
69648.49348646667,0,5.0
69648.49721176397,1,5.0
69648.5411315089,0,5.0
69648.54809797453,1,2.0
69648.8981970898,1,2.0
69663.7586842047,1,1.0
69666.849117307,0,4.0
69669.14969638428,0,4.0
69669.14994386911,1,1.0
69683.1284096681,1,2.0
69687.67594830888,0,5.0
69690.01115579283,0,5.0
69691.60190629425,0,5.0
69720.01928027348,1,4.0
69720.02933827322,1,4.0
69720.73099751514,1,2.0
69737.05612453155,1,1.0
69742.48013869666,0,2.0
69747.50827761863,1,5.0
69749.29854002412,0,3.0
69756.3021001708,1,5.0
69758.3442903499,0,1.0
69760.11929499598,1,4.0
69764.39507682735,1,4.0
69780.1310412936,0,3.0
69801.68811892082,0,4.0
69822.96837182165,0,5.0
69822.96840247841,0,3.0
69823.04587743824,1,3.0
69841.89222999611,0,1.0
69842.14766243895,1,5.0
69842.14808585196,1,5.0
69842.15077917396,0,1.0
69842.22759636925,0,4.0
69864.23211499931,1,4.0
69877.02313105586,1,3.0
69880.27875178166,1,1.0
69883.886354297,0,1.0
69896.63136620002,0,5.0
69899.92422440667,0,2.0
69899.9905521309,1,2.0
69919.96790978195,0,3.0
69922.55457122685,0,4.0
69951.04286317047,1,5.0
69952.85625103937,1,5.0
69952.8794970033,0,1.0
69961.09636509656,1,2.0
69961.7125860462,0,1.0
69968.15493784093,0,2.0
69970.79812050561,0,2.0
69970.7982078322,0,4.0
69974.41258277613,0,2.0
69974.41300826149,1,2.0
69978.83869015114,0,5.0
69979.47102264201,1,4.0
69979.4764176037,1,3.0
69983.65333395844,1,5.0
69986.91768202758,1,5.0
69987.96234386697,1,5.0
69992.90313248408,1,3.0
69992.9041539744,0,1.0
69996.39884446787,0,5.0
69996.39961157438,1,1.0
69996.5346709885,0,5.0
69996.54267009687,1,5.0
70003.27788250617,1,3.0
70006.93497371899,0,5.0
70007.60940547888,0,2.0
70010.97598826022,1,4.0
70020.9730360569,1,4.0
70029.88886922867,1,5.0
70038.6387609867,1,2.0
70059.55610614394,0,1.0
70077.94193901385,0,1.0
70079.00039429386,0,1.0
70084.05411215585,1,5.0
70094.46403243228,1,1.0
70120.35183135739,0,3.0
70123.32554932739,0,2.0
70123.33100936913,1,1.0
70124.34127530115,0,1.0
70137.18832727718,1,5.0
70137.18867171889,1,2.0
70139.48064837081,1,2.0
70153.34812911274,1,5.0
70162.6025754392,1,3.0
70168.37046538864,1,3.0
70178.71270217984,1,5.0
70199.01183084924,1,2.0
70207.95273974331,0,4.0
70208.70937184687,0,2.0
70210.28310987586,1,5.0
70210.32623764368,0,3.0
70210.46897177697,1,4.0
70212.87881734986,1,1.0
70213.07297165142,1,3.0
70214.53665565893,0,1.0
70231.05216524558,1,2.0
70231.87997538726,1,5.0
70231.88242520158,0,1.0
70238.8895773184,1,5.0
70244.23933235074,0,3.0
70247.11026753079,0,5.0
70247.99819281902,1,4.0
70249.64941246406,0,1.0
70254.23723888502,0,2.0
70254.2413610335,1,2.0
70255.71795642813,1,1.0
70258.64349479426,1,3.0
70263.47288755717,1,2.0
70263.49586336628,1,3.0
70272.09092685196,0,5.0
70272.09118050848,0,4.0
70272.09412195424,0,5.0
70290.31240388272,1,5.0
70296.51651911657,0,2.0
70303.54176891706,1,2.0
70327.89882937283,0,3.0
70337.29812366744,0,5.0
70369.18908182971,0,3.0
70380.29447635073,0,1.0
70385.68715324573,0,3.0
70395.91114411342,1,1.0
70401.03882110295,0,2.0
70409.52448874911,1,2.0
70431.00497142826,0,3.0
70433.09415492309,1,4.0
70445.19107864506,0,4.0
70448.39258421544,0,1.0
70448.67321654821,1,5.0
70450.05925742979,1,4.0
70501.284928888,0,4.0
70502.46414518144,1,2.0
70504.52226868413,0,2.0
70508.37246765062,0,3.0
70510.75388593976,0,3.0
70515.3898368603,0,4.0
70525.92017329765,1,2.0
70534.5442424397,1,3.0
70536.47465939468,1,2.0
70537.1742955671,1,3.0
70545.8012670618,0,3.0
70549.36631778076,0,4.0
70550.34742290454,1,3.0
70561.23887607105,0,2.0
70561.82983401323,1,5.0
70564.82638361007,1,4.0
70564.82923674516,0,2.0
70567.08646301832,0,2.0
70580.62660452533,0,3.0
70586.29162428793,1,4.0
70590.4315670963,1,2.0
70605.35440949307,1,1.0
70615.37599970467,1,5.0
70619.61720079409,0,4.0
70625.69005748206,0,4.0
70628.26786577777,1,4.0
70628.26863862222,0,4.0
70637.7964252758,1,3.0
70637.82867027394,1,3.0
70641.52082715888,1,2.0
70643.44661533984,0,1.0
70647.2874657995,0,4.0
70647.39669106544,0,3.0
70656.24250848113,0,2.0
70664.50247343244,1,5.0
70664.50254055156,1,2.0
70664.52575793305,1,4.0
70686.57592985357,1,4.0
70689.2349049956,0,2.0
70701.52238744586,1,2.0
70721.4477572292,0,2.0
70727.10346280313,0,4.0
70740.46304782474,0,4.0
70740.70617994764,1,1.0
70746.80491671799,0,4.0
70760.20315536905,0,5.0
70765.32155318782,0,2.0
70771.04041578672,1,1.0
70780.4109394922,0,4.0
70782.36635188937,0,1.0
70808.20027790149,1,4.0
70808.33601418303,0,4.0
70823.77351547994,0,5.0
70825.01480580807,1,2.0
70839.36362527352,1,1.0
70844.68274261894,0,1.0
70873.52858176253,1,1.0
70874.27638223479,1,1.0
70875.06173195069,0,4.0
70887.7779034946,1,2.0
70889.36911470153,0,4.0
70895.8738864555,0,1.0
70895.96246069392,0,4.0
70902.74615683794,0,2.0
70909.30544438158,1,5.0
70909.30655496473,0,4.0
70909.30856256756,0,1.0
70914.51358711183,1,5.0
70915.33198660826,1,3.0
70915.68925452899,1,1.0
70935.49715935555,1,3.0
70935.5003916672,1,4.0
70935.50640127287,1,2.0
70936.37502836119,1,5.0
70936.37790971398,1,3.0
70936.43116411679,1,1.0
70951.30818070334,0,1.0
70957.59308816142,0,4.0
70966.52599861812,1,2.0
70967.65509034305,1,3.0
70970.76319484427,1,4.0
70971.63811662725,0,3.0
70978.4557638986,1,1.0
70982.01819376812,1,4.0
70986.44175538115,1,2.0
70995.1784664314,1,3.0
70996.83544641368,0,2.0
70997.01053366442,1,3.0
71006.46276126821,0,5.0
71006.7461457953,0,1.0
71012.15546711299,0,2.0
71012.4548173758,1,5.0
71031.3276903071,1,1.0
71033.34690555149,1,5.0
71033.34726691102,0,2.0
71035.29927862095,1,1.0
71062.6144880033,1,5.0
71064.99888276076,1,2.0
71073.71625021574,0,2.0
71078.80328516813,0,4.0
71078.8040293381,0,5.0
71078.80720215493,1,4.0
71080.77888413785,1,3.0
71094.8755658443,0,3.0
71096.0625934977,1,5.0
71096.0783916703,0,2.0
71096.0829875291,1,3.0
71099.15559135356,1,3.0
71106.74100971037,1,3.0
71114.04184598531,1,5.0
71114.06365438267,0,1.0
71121.5918109548,0,2.0
71128.341723578,1,4.0
71128.50344580405,0,2.0
71146.80279064743,1,1.0
71164.74731441124,0,5.0
71164.77934414567,1,3.0
71165.17689348274,0,2.0
71174.2707500025,1,5.0
71179.30919817052,1,5.0
71179.309244954,0,4.0
71179.31034556427,1,3.0
71181.21853842848,0,1.0
71196.59328039743,1,4.0
71196.60573754356,0,3.0
71212.25311909508,0,3.0
71213.66831926354,0,2.0
71218.57640020415,0,5.0
71219.02830389577,0,4.0
71224.74794934904,0,3.0
71229.47548112832,0,2.0
71229.47561978007,1,1.0
71237.53647224941,0,4.0
71241.48808994795,1,5.0
71243.13137532216,0,4.0
71258.87842035772,0,1.0
71261.98884387553,1,4.0
71262.1175595067,0,2.0
71263.65226589647,0,1.0
71271.31305900299,1,5.0
71271.31674826492,0,2.0
71273.43417814454,0,1.0
71285.6091038019,1,3.0
71290.0982177664,0,5.0
71291.43972299575,1,3.0
71293.72241749335,0,5.0
71293.72571616543,1,5.0
71295.75672010987,1,2.0
71306.51025623528,1,1.0
71315.7537852421,1,1.0
71317.50338579166,1,1.0
71322.46716819207,1,3.0
71327.56683540477,0,4.0
71331.74227519441,1,4.0
71335.18264460289,0,5.0
71335.18838055675,1,4.0
71335.19663399167,0,2.0
71350.09461240094,1,5.0
71351.3171412141,1,2.0
71362.11340069481,1,1.0
71365.29973266814,1,2.0
71368.0284377681,1,1.0
71372.31427180079,1,3.0
71373.01070413295,0,2.0
71385.87330264224,1,1.0
71413.09288184707,1,1.0
71416.1282227661,1,4.0
71440.4757531336,1,5.0
71440.48453850835,0,4.0
71440.52053591976,1,4.0
71493.24666149712,0,2.0
71496.09259226706,1,5.0
71496.09330454135,1,5.0
71503.34431720832,1,2.0
71508.80532026988,0,3.0
71519.14656283686,1,5.0
71530.99450810708,0,3.0
71555.99318201642,1,4.0
71556.12203416975,0,4.0
71562.75212144462,1,3.0
71562.76103063268,1,4.0
71563.41284965495,1,2.0
71577.5207249474,0,2.0
71579.98457190796,0,3.0
71587.00642739495,1,2.0
71605.33568132421,0,2.0
71637.3381764966,0,1.0
71640.55166512256,1,2.0
71643.65572661239,0,3.0
71653.51414017804,0,2.0
71663.40601357231,0,4.0
71663.41608247683,0,4.0
71665.74946521323,0,1.0
71686.64508710791,1,1.0
71692.37530724586,1,2.0
71701.48173090952,1,5.0
71705.99246526776,0,4.0
71721.3936326643,0,1.0
71728.56753404213,0,1.0
71751.47244768607,0,3.0
71752.45636547032,1,5.0
71754.7238137295,0,1.0
71761.21976696589,1,5.0
71763.89583897067,1,4.0
71764.99242259035,0,1.0
71765.39643688165,1,5.0
71765.43479753843,1,2.0
71767.22616954248,1,3.0
71767.26171154426,1,3.0
71771.99908511805,1,3.0
71786.870328025,0,4.0
71787.51953303273,1,4.0
71790.19570357495,1,4.0
71790.21598602763,1,3.0
71810.96820956473,1,4.0
71840.57031577498,1,2.0
71842.18785999117,0,3.0
71842.18815059804,1,1.0
71848.53639702071,1,2.0
71861.69002436224,0,4.0
71869.36924744232,0,5.0
71872.55607014723,1,1.0
71878.12625550458,1,4.0
71879.2036030457,1,1.0
71892.31822945632,1,1.0
71901.0023516658,1,5.0
71901.01487282942,0,1.0
71901.28282669018,0,5.0
71911.5949395496,1,5.0
71913.65852707154,1,4.0
71918.51388637825,0,5.0
71941.50048459155,1,2.0
71945.94056129977,0,3.0
71972.36966241995,0,2.0
72009.80451824579,0,4.0
72016.83705733132,0,3.0
72023.05974088861,0,5.0
72023.06010208509,1,1.0
72023.06019548148,0,5.0
72023.0607819331,0,3.0
72023.665578262,0,1.0
72023.96665741157,0,4.0
72042.63123245961,0,3.0
72042.92437252638,0,3.0
72053.35396012156,0,1.0
72056.40993465408,1,1.0
72064.68528379418,1,1.0
72070.99683483558,0,5.0
72071.00053238655,0,5.0
72071.02014400136,0,3.0
72071.65188442891,1,4.0
72077.84031934546,1,3.0
72081.27013776865,1,5.0
72081.27166683145,0,5.0
72081.35185775036,1,5.0
72081.95449979228,1,3.0
72091.34909772864,0,4.0
72093.97471986084,0,1.0
72113.19534648467,1,5.0
72114.71987429172,1,3.0
72116.97114225166,0,3.0
72122.6082823406,0,3.0
72122.83499315352,0,4.0
72122.83543343199,1,3.0
72125.83510165614,0,5.0
72125.84526839701,1,5.0
72125.87559684321,0,3.0
72132.24925587181,0,3.0
72144.41523810895,1,3.0
72162.56136645789,0,5.0
72166.13384675996,0,1.0
72173.68106580948,1,1.0
72176.12529150627,0,4.0
72197.53296155894,1,5.0
72197.53869909781,1,3.0
72197.5606028982,0,3.0
72208.01188961347,0,1.0
72209.86555269547,1,5.0
72221.81906151502,0,3.0
72230.89882426096,1,4.0
72234.42204412138,0,1.0
72250.47736082166,1,4.0
72252.30634680278,0,1.0
72273.26716231678,1,3.0
72280.60982096435,1,3.0
72284.23246085184,0,4.0
72284.23275178109,1,2.0
72311.96649098808,1,2.0
72312.85533542055,0,2.0
72319.33997793589,1,2.0
72329.17471228454,1,5.0
72329.17551594543,1,5.0
72329.7473306368,1,3.0
72331.04541312944,0,5.0
72339.94368056807,1,2.0
72343.70223761554,0,4.0
72343.71231567557,1,2.0
72360.98954295977,0,5.0
72366.10829790845,1,3.0
72366.65073164996,1,1.0
72384.3993289911,1,5.0
72394.52021689614,0,1.0
72395.37613045036,1,1.0
72401.82830077727,1,4.0
72404.03376283255,1,3.0
72409.50621966993,0,3.0
72413.02272368185,1,3.0
72427.62135189965,0,2.0
72444.46409990922,1,2.0
72463.02939080095,1,1.0
72473.9996408851,0,4.0
72475.25403719432,1,1.0
72524.78020840301,1,2.0
72528.21335061906,0,1.0
72538.18725244145,0,1.0
72541.38242904544,0,3.0
72542.23761407929,1,3.0
72559.26618966435,0,4.0
72559.29715060207,0,5.0
72559.95846620103,1,3.0
72581.08981887011,1,4.0
72584.32587799105,0,4.0
72584.38108579168,0,5.0
72584.43233813369,0,4.0
72584.61252509472,0,4.0
72584.76053053123,0,1.0
72586.63593821716,0,5.0
72645.50883450564,1,5.0
72650.95018230271,1,4.0
72657.15852424504,1,1.0
72658.65178871187,1,1.0
72673.82850897712,1,3.0
72696.11171907859,0,3.0
72701.40466568993,0,5.0
72773.8401596049,1,2.0
72810.46509399141,0,1.0
72811.7758127123,1,5.0
72815.7375665196,0,5.0
72816.31761177546,0,1.0
72816.55311410749,0,3.0
72826.17200898677,0,2.0
72832.73101159414,1,2.0
72837.74059988314,1,5.0
72837.76278787585,0,4.0
72845.7524544483,0,1.0
72852.1722764766,0,1.0
72868.12652742304,1,2.0
72868.2042105571,0,3.0
72872.79498485928,1,3.0
72875.93706013043,0,4.0
72878.10212929902,0,1.0
72893.2392342434,0,2.0
72895.6371519358,0,4.0
72910.63881290422,1,4.0
72913.95481382842,1,3.0
72924.83492457408,1,2.0
72944.27861992491,1,1.0
72944.51506039781,0,4.0
72956.77561779569,0,4.0
72965.27486446708,1,4.0
72977.84214267875,0,3.0
72980.61134175476,1,5.0
72986.7433173445,1,5.0
72987.33676709203,0,2.0
72992.17926416508,1,5.0
72999.60294239034,1,5.0
73014.50333755811,1,5.0
73014.50341962646,0,1.0
73042.79779731199,1,5.0
73045.23880493686,1,5.0
73074.8572363269,1,5.0
73102.17736548839,0,2.0
73115.67707331196,0,3.0
73128.47157347258,1,5.0
73128.4719401777,1,5.0
73131.98344337207,0,3.0
73132.29941600542,0,5.0
73133.5953892677,1,3.0
73134.69984680781,1,2.0
73139.28960982582,1,5.0
73140.26144693527,0,1.0
73152.24269107424,1,4.0
73155.97699793863,0,2.0
73169.08793028578,1,2.0
73190.82411234741,1,5.0
73190.82552886693,1,4.0
73191.9076551428,1,3.0
73206.03004454159,0,3.0
73211.48460384444,0,1.0
73228.92872246048,1,5.0
73229.03382367364,1,2.0
73238.5444557562,1,2.0
73239.57782846963,0,3.0
73239.69959856717,1,5.0
73250.46006778283,1,1.0
73251.35389192152,0,5.0
73266.17889720698,0,4.0
73268.10617528476,1,2.0
73279.46703501527,1,1.0
73280.80382928776,1,1.0
73287.61028954129,1,1.0
73309.51915350345,1,3.0
73322.18298854497,0,2.0
73322.45349516113,0,2.0
73336.30668333493,1,3.0
73348.85127100532,0,2.0
73348.867029592,1,4.0
73362.61447199353,1,1.0
73394.46039891956,1,4.0
73395.62656439669,1,4.0
73403.6676057526,1,2.0
73408.8130045942,1,4.0
73414.72272590041,0,4.0
73415.20447422435,0,1.0
73422.13730267464,1,5.0
73422.15602129528,0,4.0
73428.76874111331,0,1.0
73455.41155408979,0,1.0
73459.14075662644,1,4.0
73465.10214888159,1,1.0
73476.35849443449,1,4.0
73496.62221777848,1,3.0
73509.27015170507,0,5.0
73512.32180969333,0,4.0
73513.86955089762,1,4.0
73518.1091465754,1,3.0
73518.11113645716,0,4.0
73523.49477899034,1,3.0
73526.54427897872,0,2.0
73545.50578489015,1,3.0
73566.42888960055,1,5.0
73568.16506972465,0,2.0
73568.17013599952,1,2.0
73598.15452466451,1,5.0
73598.27634442244,1,1.0
73611.69099999123,1,3.0
73631.71769871145,0,1.0
73634.72692457408,0,5.0
73637.90424974007,0,2.0
73645.97678712789,1,2.0
73645.97879182306,0,3.0
73647.53167131092,0,1.0
73688.49046262041,0,1.0
73691.51999826022,0,4.0
73691.54462271233,0,4.0
73691.56367855344,1,1.0
73707.82848776977,1,4.0
73708.32244851187,1,5.0
73713.72209170117,0,2.0
73721.01974234376,0,5.0
73724.06681857814,0,5.0
73724.09467505472,0,4.0
73725.05201230313,0,4.0
73725.10573235438,0,1.0
73725.10711667706,0,2.0
73727.41101831805,1,3.0
73730.29840293365,0,5.0
73730.49856158193,1,3.0
73730.56318888107,0,1.0
73735.71092121674,0,1.0
73741.73260220439,0,5.0
73751.24744797518,0,4.0
73778.8111669904,0,1.0
73786.20714705739,0,3.0
73787.9847619446,1,3.0
73811.77322414551,0,4.0
73816.01895544512,1,1.0
73831.74251497585,0,3.0
73838.14648341671,1,4.0
73838.3156701665,1,2.0
73842.8904284798,1,1.0
73848.94723375633,0,4.0
73849.45907408478,1,2.0
73876.52265376093,1,1.0
73879.90551606406,0,2.0
73882.25871146026,0,3.0
73884.73602826016,1,3.0
73885.66217642337,1,3.0
73887.91029883815,0,2.0
73890.29975658222,0,3.0
73891.06427191383,0,2.0
73891.06712417147,1,1.0
73912.88126894356,1,5.0
73940.10516458027,0,5.0
73948.66972391286,0,4.0
73950.34053326782,0,3.0
73962.30045429914,1,1.0
73966.34931570702,0,3.0
73975.0633277041,0,3.0
73975.64493236436,0,4.0
73984.18497612221,1,3.0
73987.87735792361,1,4.0
73989.96244367782,1,4.0
74000.80878415838,0,5.0
74000.81183487184,1,4.0
74000.85694239833,0,5.0
74001.5814529156,0,2.0
74010.64093114813,1,4.0
74012.15014844624,0,2.0
74016.87662749967,1,4.0
74027.84187047514,0,3.0
74029.02798316932,1,2.0
74032.57405077395,0,5.0
74032.62672854487,0,1.0
74049.63039345875,1,1.0
74050.43741107183,1,3.0
74067.80165649271,0,1.0
74070.23687519153,1,1.0
74071.20329948857,1,2.0
74082.42555610185,1,4.0
74083.90520522902,1,4.0
74086.96312385295,1,1.0
74105.07365178042,1,5.0
74118.45861742111,1,1.0
74119.04699041341,0,2.0
74148.78271741797,1,3.0
74148.78766209325,1,4.0
74160.34471426943,1,1.0
74165.1773655284,0,4.0
74169.87628541634,1,2.0
74173.50421053155,0,1.0
74173.50588303724,1,1.0
74179.55610827367,1,1.0
74179.65032499582,1,1.0
74191.45330080848,1,5.0
74227.34560663461,0,3.0
74227.75048290321,0,1.0
74229.46119463276,0,3.0
74245.76111409764,0,1.0
74249.59831475827,1,5.0
74251.63477432379,1,2.0
74267.15564676124,0,4.0
74271.09711383056,1,4.0
74271.38157140791,1,5.0
74273.96622776573,0,4.0
74274.73070028849,1,5.0
74274.73129892819,0,4.0
74274.74328050883,0,5.0
74290.00891672928,1,3.0
74302.34944047358,1,3.0
74304.30479861391,0,2.0
74313.16368503813,0,1.0
74314.95329677839,1,2.0
74321.06959038482,0,3.0
74326.11567315257,0,5.0
74326.11587295448,1,4.0
74333.98049205386,0,3.0
74343.32999921821,1,3.0
74343.41094164508,0,3.0
74362.12626193889,0,4.0
74363.70786253501,0,4.0
74366.24971672428,0,2.0
74379.79063074193,1,5.0
74382.90760036508,0,2.0
74383.94011567162,1,4.0
74383.94015340041,0,3.0
74384.97097609552,0,5.0
74384.97752474836,0,3.0
74386.2525739636,1,5.0
74386.2586175164,0,3.0
74391.25578687518,1,3.0
74393.23072589321,1,3.0
74399.50035898454,0,2.0
74408.46217189012,1,2.0
74416.8667278502,1,5.0
74420.10768467774,0,1.0
74420.29264999705,1,4.0
74430.65108353892,0,4.0
74434.19403293912,0,3.0
74434.2496986425,0,5.0
74434.33133762541,1,3.0
74434.33619786207,1,5.0
74435.95628636288,0,2.0
74465.64057707827,1,3.0
74478.85313760003,0,4.0
74483.8326627458,1,2.0
74492.36145064341,1,4.0
74493.44194561675,1,5.0
74495.24114025278,0,3.0
74495.25136541468,1,4.0
74516.24289411938,1,3.0
74516.98142008651,0,3.0
74531.92887114777,0,1.0
74537.32542813587,1,1.0
74550.73990208091,1,3.0
74565.69926941016,0,5.0
74565.71172027497,1,5.0
74591.6343113054,1,2.0
74594.82194196871,0,1.0
74603.79313969234,1,3.0
74615.6470047419,1,5.0
74621.55234135676,0,3.0
74623.77672963653,0,4.0
74624.63439959865,1,2.0
74624.69334088522,1,3.0
74626.26536719572,1,2.0
74626.77948951046,0,3.0
74634.33212955846,0,1.0
74635.47662941011,0,4.0
74635.61642794474,1,1.0
74645.5005804547,0,5.0
74645.50665725455,1,1.0
74658.73933968713,1,1.0
74665.46651295733,0,3.0
74665.48904515988,1,1.0
74677.90321771915,0,5.0
74681.53081258417,0,2.0
74687.34549921895,1,3.0
74705.42334497525,1,4.0
74706.90410340132,1,4.0
74715.12237638097,1,1.0
74718.76461932375,0,2.0
74727.1517286165,0,5.0
74727.24015146996,0,3.0
74729.30906848719,0,3.0
74729.31892013158,0,2.0
74735.94960922538,1,2.0
74738.96899447954,1,3.0
74746.06301393626,1,4.0
74746.14194195672,0,2.0
74748.45010094119,1,4.0
74751.68956909697,1,3.0
74761.72551470967,1,1.0
74767.36051276393,1,1.0
74771.95004702591,0,3.0
74776.1939685638,1,3.0
74778.14228768581,1,4.0
74791.80665496786,1,5.0
74796.95273268396,1,2.0
74796.95608879546,0,3.0
74803.44681494788,1,2.0
74803.50747742051,1,5.0
74811.93556730905,0,3.0
74820.51415638051,1,3.0
74828.40031239092,0,3.0
74828.5008649828,0,5.0
74829.423225499,1,5.0
74835.59585580192,0,3.0
74855.96712439749,0,1.0
74858.67290670433,1,1.0
74868.22672850423,0,4.0
74868.3132776975,1,4.0
74870.81893893398,1,3.0
74879.68019115359,1,5.0
74879.88322907478,1,3.0
74880.36091661928,1,4.0
74885.03932856348,1,3.0
74886.60046299578,0,4.0
74886.60945844142,1,1.0
74887.77562663468,1,2.0
74887.78992572437,1,4.0
74889.99606306053,0,1.0
74891.76941961977,0,3.0
74903.1113732975,0,2.0
74914.41394652732,1,5.0
74918.49808155627,1,5.0
74918.65396853675,1,3.0
74919.88929132039,1,5.0
74920.04474222874,0,3.0
74928.4806811166,1,5.0
74928.48862264647,0,4.0
74932.07620764033,1,3.0
74932.07649367354,1,4.0
74932.65606788904,1,3.0
74936.9292105446,0,1.0
74939.79878075201,0,1.0
74940.95860290548,1,1.0
74941.68594175337,0,2.0
74944.80103738252,1,2.0
74949.36293110835,1,3.0
74949.66085824854,0,5.0
74971.8850801746,0,1.0
74982.8010220071,0,4.0
75008.32568490945,0,2.0
75016.04339342208,0,5.0
75016.05933658771,1,3.0
75053.43357721689,1,2.0
75069.43994668205,1,3.0
75081.63814699603,0,3.0
75085.39313215612,0,4.0
75085.42026257356,0,3.0
75085.4531422245,0,4.0
75085.53658297635,0,3.0
75085.74127973572,1,1.0
75086.57718677986,0,1.0
75090.09602522533,1,4.0
75094.38522116431,0,3.0
75102.82307168242,1,5.0
75107.73293158934,1,2.0
75117.2880021112,0,5.0
75117.28864847629,0,5.0
75119.03189297386,1,3.0
75119.2110289659,1,5.0
75138.52754810773,1,5.0
75138.52815630917,1,2.0
75142.9184097375,0,2.0
75145.17433625736,1,1.0
75166.5447580334,1,1.0
75170.06402433812,1,2.0
75170.74470777393,1,1.0
75170.88729219789,1,5.0
75170.88854907914,1,4.0
75170.92124311131,0,4.0
75170.95974240192,0,4.0
75195.74969232031,1,1.0
75198.44047517204,0,2.0
75202.72951906065,1,2.0
75208.94360390844,1,5.0
75217.90691698415,1,5.0
75220.05866429883,1,4.0
75223.19353608282,0,3.0
75224.78470445826,0,5.0
75227.95309641025,0,2.0
75243.9689078279,0,4.0
75246.5861144455,0,1.0
75256.09415600792,0,5.0
75266.10495158297,1,2.0
75268.32404476735,1,1.0
75270.40959463626,0,2.0
75296.54023086456,0,3.0
75317.22271215756,1,1.0
75317.30657340556,1,1.0
75317.33204292957,1,1.0
75319.93305532339,1,5.0
75321.49858916823,1,3.0
75321.5055591697,0,2.0
75333.78122906097,1,4.0
75334.21984966482,1,2.0
75335.47599623253,1,4.0
75339.51619708692,0,2.0
75364.75626037306,0,3.0
75381.82498093422,0,5.0
75410.18831891009,0,5.0
75410.18839115414,0,4.0
75412.39114623374,0,4.0
75419.51451851995,0,4.0
75421.19320026916,1,5.0
75422.93894463657,0,2.0
75429.5323918714,0,1.0
75433.7385127563,0,4.0
75434.24980631424,0,3.0
75444.15113370193,1,4.0
75452.6513906958,1,4.0
75457.84694870982,0,4.0
75460.18962824889,1,3.0
75462.07722689725,1,1.0
75470.89718186358,1,5.0
75488.50370774546,1,5.0
75488.51077991986,1,4.0
75499.45686004806,0,3.0
75500.31643974682,0,4.0
75500.3166049211,1,2.0
75514.94997762065,0,4.0
75515.35199104197,0,5.0
75518.42333447027,0,5.0
75529.96963010437,0,4.0
75530.4737468023,0,3.0
75537.07364575747,0,1.0
75546.06002736925,1,1.0
75546.73988247357,0,5.0
75558.90021360105,0,1.0
75563.95823447309,1,3.0
75572.48167995336,1,3.0
75572.55748686871,0,2.0
75591.57302651777,1,5.0
75593.47754353863,1,4.0
75593.47770988321,0,3.0
75593.47787975798,0,1.0
75593.47964687465,1,1.0
75597.29181652845,0,3.0
75597.29266816731,1,1.0
75598.10670057454,0,4.0
75605.53076497419,0,5.0
75605.55086430948,1,2.0
75606.30961757444,0,1.0
75607.43151071819,0,2.0
75618.13805073404,1,3.0
75618.15981161388,0,4.0
75619.93660444368,0,5.0
75620.55427356952,0,1.0
75624.66941049784,0,2.0
75640.26320445523,1,2.0
75666.62141457596,0,3.0
75666.6322666872,1,3.0
75666.63242412073,0,2.0
75666.81413287786,1,1.0
75724.8741563292,0,5.0
75756.15890846626,0,2.0
75761.87661948604,0,2.0
75763.81318013271,0,5.0
75765.75987220554,0,1.0
75774.67885451287,0,1.0
75776.48677983003,1,5.0
75776.53376686414,1,1.0
75776.69173441746,0,5.0
75776.97308379353,0,4.0
75776.97997502281,0,3.0
75777.92503778118,1,1.0
75785.08264809231,0,5.0
75786.06047097174,0,1.0
75787.50080672087,1,4.0
75789.45095989878,0,4.0
75797.39128403329,1,4.0
75797.51560550835,0,3.0
75804.36510201107,1,1.0
75820.91029347206,1,3.0
75821.8645377407,1,4.0
75821.86654767756,0,1.0
75823.22619558749,1,3.0
75832.39055622314,0,4.0
75832.40752727102,0,2.0
75838.57115040442,0,2.0
75838.57361191812,1,4.0
75848.02585020196,1,5.0
75848.02679024042,0,2.0
75855.97336997793,1,2.0
75865.59716058859,1,4.0
75877.1647494042,1,1.0
75878.5745569038,1,1.0
75886.07371895827,1,1.0
75890.11758659416,0,5.0
75897.25014558506,0,2.0
75900.24601542305,1,4.0
75910.27883310443,1,5.0
75918.450876218,1,5.0
75934.23647957742,1,5.0
75936.46521669583,0,3.0
75986.87315171034,1,2.0
75997.5772709976,1,2.0
75999.49123311337,1,3.0
76011.41444544261,0,1.0
76014.25998795795,1,4.0
76014.28847416489,0,2.0
76017.37642806946,1,4.0
76035.0096909134,0,2.0
76036.2049695755,1,5.0
76047.92369690695,1,3.0
76050.42212634196,0,5.0
76058.17872619494,0,2.0
76075.30052442216,0,1.0
76078.2945512513,0,4.0
76078.30199403061,0,1.0
76078.3214135428,0,2.0
76080.24704135778,1,4.0
76105.88482289581,0,5.0
76105.89018435859,0,3.0
76110.57555587406,0,4.0
76110.58450444504,1,3.0
76116.07255291517,0,4.0
76120.97518269288,1,1.0
76121.38191982351,1,2.0
76122.50612789814,0,1.0
76129.3075875024,0,4.0
76146.97058575836,0,5.0
76160.59264885352,1,2.0
76162.16496155223,0,5.0
76178.04814690512,0,2.0
76185.41443543609,0,2.0
76213.83285889197,0,3.0
76237.02623420315,0,2.0
76242.168106822,1,3.0
76243.8394263369,1,2.0
76245.18533987559,0,4.0
76273.7884665333,0,3.0
76293.03541221176,0,3.0
76296.59281606531,0,5.0
76304.069379799,1,3.0
76305.7345246372,1,2.0
76305.73646724499,0,2.0
76313.4021032247,1,4.0
76320.57057238679,0,5.0
76324.72303666746,1,3.0
76344.80294304845,1,1.0
76351.07006474568,1,1.0
76354.15756824621,1,5.0
76354.32987195544,1,4.0
76367.83842427847,0,3.0
76383.8018213817,0,3.0
76391.22633046035,0,2.0
76395.021345597,0,1.0
76404.78405957483,0,5.0
76404.946511661,0,2.0
76411.61917633582,0,1.0
76419.51421216002,1,1.0
76422.03579307011,0,4.0
76442.28827168404,1,4.0
76442.61820228088,1,5.0
76442.61993328926,0,2.0
76444.53987401711,0,4.0
76448.78232728897,1,2.0
76461.77592115097,0,3.0
76467.42978434081,0,1.0
76485.38278123642,0,5.0
76495.24431784995,1,1.0
76495.54791079629,0,4.0
76504.37153701994,0,2.0
76508.73266864494,1,2.0
76509.46800072893,1,4.0
76509.86544737052,0,4.0
76517.53184406304,0,1.0
76519.25322272046,0,4.0
76525.59773836246,1,1.0
76530.45699945699,0,4.0
76530.46608615242,0,4.0
76532.58475775545,1,3.0
76532.92251359226,0,4.0
76553.86792591117,0,1.0
76565.95065128843,1,2.0
76566.5863611152,1,5.0
76566.5991408724,1,5.0
76566.59938382125,0,1.0
76566.83325092951,0,3.0
76571.59139046045,0,1.0
76576.89284633004,1,1.0
76579.04412780708,0,3.0
76582.65380022857,1,5.0
76582.67267909077,0,5.0
76599.62146626099,1,1.0
76613.46578475606,0,1.0
76628.23037110624,1,1.0
76631.69834976985,1,3.0
76635.47594314197,0,3.0
76636.25612569675,1,4.0
76639.19807497467,1,2.0
76649.5360075803,1,2.0
76652.22353716097,1,3.0
76655.39969738871,0,2.0
76655.45546180803,1,4.0
76662.53393182861,1,5.0
76664.75189024268,1,5.0
76678.73798457913,0,1.0
76721.57738369585,0,5.0
76727.56196678468,1,4.0
76750.30769143841,1,2.0
76767.33232335943,1,1.0
76770.0182983473,0,2.0
76789.51509084598,1,3.0
76794.17416737518,1,2.0
76805.86264218498,1,1.0
76809.26930968702,1,1.0
76832.10733685261,0,2.0
76836.98375915289,1,5.0
76838.40138422581,0,5.0
76838.40148644584,1,4.0
76838.40537491409,0,4.0
76850.9729835874,0,4.0
76857.57119313112,1,3.0
76864.54699912525,0,1.0
76873.13471853294,1,3.0
76877.20817164841,0,1.0
76882.03298350949,1,1.0
76884.12286531104,1,2.0
76896.3908788565,0,3.0
76919.82840010774,0,4.0
76935.85165897083,0,4.0
76935.85275519594,1,4.0
76938.14970758984,1,4.0
76938.1570258979,0,4.0
76944.92662321428,0,2.0
76945.71887516831,1,1.0
76951.40497610098,0,3.0
76953.83876542265,0,2.0
76953.8389213867,1,3.0
76953.85259908892,0,2.0
76973.69999851682,1,2.0
76974.51367009351,1,4.0
76974.51483542228,0,1.0
76976.56794665646,1,2.0
76998.14017100674,1,3.0
77002.80141314073,1,4.0
77004.54098113415,1,1.0
77005.18991194564,0,4.0
77011.28477227566,0,3.0
77029.8025856711,1,3.0
77035.11594470487,1,4.0
77035.11643444488,1,5.0
77035.11674454657,0,3.0
77043.10362621177,1,2.0
77047.71694432767,1,2.0
77049.65810272693,0,5.0
77070.61873709376,1,5.0
77071.12111430615,0,5.0
77071.12238081403,0,2.0
77071.15655502876,0,1.0
77071.22912920229,0,1.0
77079.6061043741,1,2.0
77086.23251914917,1,3.0
77108.59232706552,0,2.0
77116.49212075312,1,4.0
77130.96429340675,0,5.0
77148.94831046129,1,4.0
77152.36786620448,1,5.0
77189.11003556484,1,5.0
77190.10643402192,1,5.0
77190.2646500392,0,4.0
77190.3726179977,1,3.0
77224.28128673916,0,2.0
77228.79947463509,0,5.0
77248.97957163268,1,3.0
77259.09671974099,0,1.0
77266.09998157666,1,4.0
77267.89795125129,0,5.0
77267.8987098341,1,4.0
77267.90226529373,0,3.0
77267.90230550086,1,2.0
77274.35967552614,0,5.0
77291.5487866447,1,4.0
77291.64077947431,0,3.0
77301.45779118125,0,3.0
77302.55500371484,0,5.0
77309.7991392051,1,4.0
77311.73254065028,0,2.0
77318.56900354796,0,2.0
77322.73434408012,0,3.0
77322.74054184597,0,3.0
77331.23033895703,1,5.0
77332.53263439718,0,5.0
77335.95786940906,1,2.0
77366.48232004236,0,2.0
77383.62695124319,1,1.0
77391.45222731568,0,3.0
77419.31778353412,0,3.0
77423.05777685568,0,2.0
77425.9715222547,0,2.0
77434.14983021368,1,5.0
77434.14986527475,0,1.0
77436.87373471695,1,4.0
77439.03123651384,0,1.0
77448.1423585097,0,4.0
77448.14244690603,1,2.0
77461.13696675978,1,5.0
77472.41922479928,0,5.0
77476.42561608618,1,3.0
77482.81816238306,0,3.0
77482.83288343737,1,5.0
77494.62365636912,1,2.0
77498.38910402138,1,5.0
77498.38912198578,0,5.0
77498.39065157983,1,5.0
77498.39071511781,1,3.0
77498.40760073463,0,4.0
77499.01545566223,0,2.0
77499.33173786763,0,1.0
77500.49082414944,1,1.0
77510.72740359532,1,2.0
77512.22102769894,0,5.0
77512.22230874383,1,4.0
77512.725786449,0,3.0
77512.8702742429,1,1.0
77517.00790010662,0,1.0
77520.3615470941,0,1.0
77536.8586903821,1,4.0
77538.48119482167,0,5.0
77541.7708447961,0,1.0
77542.33122501074,1,2.0
77559.81519979706,1,5.0
77559.8159425643,1,2.0
77559.81753396854,1,2.0
77565.12632102177,1,2.0
77566.3886206456,1,2.0
77566.85047977965,0,3.0
77582.95877592546,0,5.0
77587.48766997061,0,3.0
77588.49053136444,0,4.0
77605.63098754988,0,3.0
77605.63377537754,0,4.0
77606.57316585559,0,4.0
77607.00605651557,1,4.0
77622.64521546433,1,1.0
77628.6311125688,1,5.0
77646.78423421888,1,2.0
77661.91221759802,0,1.0
77675.82989472158,1,5.0
77676.69773199888,0,5.0
77676.88533976565,0,1.0
77683.45671635425,1,2.0
77685.24959607133,1,4.0
77687.86955334632,1,2.0
77698.96431794278,0,4.0
77700.15559441112,0,4.0
77700.16652976572,1,2.0
77700.51964797401,1,2.0
77708.13119504882,0,3.0
77766.95778547977,0,4.0
77771.77430260615,1,5.0
77771.77536550457,1,1.0
77780.30951242078,0,2.0
77781.83711320341,1,3.0
77782.94818726051,1,2.0
77784.19099396876,0,4.0
77785.78796495455,0,5.0
77802.68514957318,0,1.0
77803.66027800363,0,2.0
77819.22651440148,1,4.0
77826.03928565104,0,4.0
77829.15461390423,0,5.0
77830.84628728828,1,1.0
77837.08677634248,1,4.0
77842.00455619383,1,3.0
77852.71254471314,0,4.0
77853.29481398976,1,1.0
77860.201234684,1,3.0
77868.19723553881,1,3.0
77877.17883186709,1,4.0
77878.62077744656,1,2.0
77882.39581108348,0,1.0
77883.1933047639,1,2.0
77883.8537227342,1,5.0
77883.85690731627,0,4.0
77883.86708797075,0,1.0
77885.57948234258,0,5.0
77890.87625983266,0,3.0
77892.1155642712,1,5.0
77899.68302301422,1,2.0
77911.9517479919,0,4.0
77911.95403703867,1,4.0
77911.96859262465,0,5.0
77913.61970801107,0,1.0
77926.30866004463,1,2.0
77944.81491278905,0,4.0
77944.83651852307,1,2.0
77948.852655057,0,5.0
77956.06912894316,0,4.0
77956.07159971107,0,5.0
77956.0727430968,0,5.0
77968.58538832603,0,2.0
78007.90037135288,1,3.0
78055.8642389147,1,2.0
78056.04467235983,1,3.0
78061.03132325503,0,3.0
78061.03226561673,1,5.0
78061.55164990081,0,1.0
78067.18365175807,1,1.0
78076.38006373394,1,1.0
78077.56039096027,1,5.0
78079.40478832969,0,4.0
78079.56856786409,0,1.0
78107.87829845892,1,5.0
78107.88699246715,0,4.0
78107.90946353525,1,5.0
78107.93519398161,0,4.0
78107.93823062643,1,5.0
78110.3842177347,0,4.0
78122.01455501205,0,4.0
78122.03302756482,1,4.0
78127.0577816223,0,4.0
78127.07406604788,0,5.0
78127.0918665349,1,4.0
78127.10358841786,1,5.0
78138.25483768186,0,1.0
78148.86669125521,1,2.0
78157.10065849448,0,4.0
78157.10299923063,1,2.0
78162.22195035947,1,1.0
78163.2784101605,0,4.0
78164.63118016566,0,2.0
78167.69450508647,0,3.0
78167.69469693686,0,4.0
78178.19339001812,1,3.0
78179.18460749279,1,2.0
78181.58378005403,1,4.0
78188.31418867466,1,4.0
78188.42903756308,0,5.0
78189.43308604896,0,5.0
78189.48864393,1,2.0
78194.01835938406,1,3.0
78194.01845405606,0,4.0
78206.56003448385,0,1.0
78226.46088665079,0,1.0
78230.90684959006,1,3.0
78230.94230630435,0,3.0
78243.16405196887,1,1.0
78243.37273737577,0,1.0
78259.09272790294,0,1.0
78262.47347203855,0,3.0
78272.3445665335,0,4.0
78285.39649820674,0,4.0
78287.99983647821,1,3.0
78294.87489888624,1,3.0
78295.13632152423,0,4.0
78295.13703492978,1,2.0
78295.13831235783,1,4.0
78295.1430782204,1,4.0
78295.19580441467,1,3.0
78314.36710395632,0,4.0
78317.63853029668,1,2.0
78320.25649485273,1,2.0
78322.30363565846,1,5.0
78322.30879346305,0,3.0
78323.41965380854,1,4.0
78333.19233822379,1,3.0
78336.12149996293,1,4.0
78345.74475504042,1,5.0
78352.07108219503,1,2.0
78362.66193855954,1,4.0
78367.32375548646,0,4.0
78378.11147148158,1,4.0
78378.11668246787,0,5.0
78378.12568001678,1,2.0
78378.12663917466,1,5.0
78378.17896009801,0,5.0
78378.28439440699,1,1.0
78378.47201795258,1,4.0
78378.47263379287,0,2.0
78381.03658251955,0,4.0
78381.18445616614,0,5.0
78381.1894590376,0,5.0
78398.44442339567,1,3.0
78416.48917334649,0,3.0
78422.6663471671,1,2.0
78427.58921216927,0,4.0
78430.04470374153,0,5.0
78430.08645501225,1,4.0
78441.2764313298,0,5.0
78446.34680374523,0,2.0
78452.88036340626,0,4.0
78452.88199156798,1,2.0
78452.90000573074,1,2.0
78459.53586148252,1,3.0
78460.47011306888,0,2.0
78462.0851138624,0,1.0
78494.40968309596,0,3.0
78511.64998004823,0,3.0
78528.15213299524,0,4.0
78528.64292743329,0,4.0
78530.16195629812,1,3.0
78533.33553282935,1,3.0
78536.33102624092,1,1.0
78551.47833236202,0,2.0
78554.77741793965,1,5.0
78554.802173623,0,4.0
78554.81513459104,0,3.0
78554.81637948248,1,2.0
78556.44377220093,1,5.0
78556.4439019729,0,4.0
78580.01580925612,0,4.0
78581.13128625209,0,2.0
78596.25551786745,0,4.0
78597.96306772817,1,3.0
78598.84579929119,1,3.0
78610.17615012109,1,4.0
78619.4639377299,1,4.0
78621.27301212333,1,4.0
78621.30445666288,0,4.0
78621.92665317387,0,5.0
78621.93165490133,1,4.0
78632.53696144679,1,5.0
78644.85006904378,1,5.0
78651.53481065747,1,1.0
78652.6381220525,1,2.0
78652.6695784665,0,2.0
78665.38950583135,0,3.0
78668.59956534998,1,2.0
78675.71930332275,0,4.0
78677.88685593796,0,4.0
78689.4886233344,1,1.0
78695.24773431961,0,2.0
78697.52098243377,1,1.0
78698.15022538307,1,3.0
78698.82373115895,1,4.0
78710.1968540657,1,1.0
78734.82719120246,1,4.0
78736.57246999283,1,2.0
78737.96147299855,1,3.0
78744.36526565826,0,5.0
78746.45381562685,0,3.0
78752.0869224812,0,2.0
78756.20151561534,1,4.0
78763.47997820526,1,5.0
78763.49985605302,0,4.0
78774.62055965714,0,5.0
78774.63351813886,1,4.0
78774.63355009747,0,2.0
78774.64844425597,1,5.0
78774.65753342916,1,5.0
78776.8674394223,1,2.0
78783.19319938743,0,1.0
78791.77779972406,1,5.0
78796.50128178507,0,4.0
78803.42708817478,1,4.0
78807.05338694804,1,5.0
78807.12558567741,0,3.0
78809.75411671633,0,4.0
78809.78429801387,1,3.0
78846.54407660343,0,1.0
78858.10126743272,0,2.0
78859.9277761446,1,3.0
78865.50418372077,1,4.0
78866.09606669465,0,1.0
78885.08832653757,1,1.0
78886.70649883151,1,5.0
78887.83525767946,0,3.0
78889.16775653155,1,2.0
78893.24254864418,0,4.0
78893.45479545789,1,4.0
78894.75757595421,1,1.0
78897.70383001814,0,4.0
78897.70685844615,1,4.0
78897.7130237727,0,2.0
78897.7367540641,1,4.0
78897.79255912472,0,3.0
78897.9340981289,1,1.0
78899.01014246569,0,5.0
78905.52716472837,0,2.0
78910.63249633157,1,1.0
78923.52782051396,1,5.0
78923.75202807155,0,3.0
78929.59234734462,0,3.0
78930.99805681553,1,4.0
78948.99201916452,0,2.0
78962.43514470513,1,1.0
78971.2450074044,0,1.0
78982.16645087379,0,3.0
78982.78038934016,1,5.0
78982.7811043711,0,4.0
78982.8212030489,0,1.0
78982.8969111782,1,3.0
78984.42385568305,1,5.0
79001.55040013467,1,1.0
79002.97563282907,1,5.0
79006.0576247214,0,1.0
79013.77040021626,1,5.0
79013.77143182131,1,2.0
79013.77452900841,1,5.0
79013.88641205209,1,4.0
79013.88749801935,1,4.0
79014.13298021702,0,1.0
79016.0251696426,0,4.0
79016.14533743246,1,3.0
79016.72591076788,1,2.0
79035.10111259304,1,4.0
79035.10121233168,1,3.0
79035.11353839167,0,4.0
79035.12502131108,1,4.0
79050.10809954202,1,3.0
79050.30267099725,0,5.0
79051.86876616225,1,3.0
79059.42296496055,1,4.0
79077.70486395851,1,3.0
79078.41978106556,0,2.0
79078.4245085922,1,4.0
79088.59200470749,1,2.0
79094.4808388508,1,2.0
79111.43756258201,0,4.0
79111.4452717174,0,4.0
79111.44594165705,0,2.0
79111.48408055432,1,5.0
79111.48433827554,0,3.0
79111.48537706624,0,1.0
79111.53033787906,1,4.0
79122.61145633794,0,3.0
79132.88247768987,0,2.0
79140.56698870244,1,3.0
79141.027643621,1,4.0
79148.73166742965,1,2.0
79176.99783437682,0,1.0
79195.43721129808,0,1.0
79211.66009722199,1,4.0
79215.8996036881,1,3.0
79236.539682303,0,2.0
79238.20589212958,1,2.0
79247.79461384655,0,3.0
79257.97149874545,0,1.0
79262.74491165583,0,4.0
79262.74924406849,0,4.0
79263.2099562778,1,3.0
79263.47590941665,0,2.0
79267.22343382094,0,2.0
79269.47006492408,1,1.0
79272.35809593169,1,2.0
79272.35864222852,1,1.0
79282.61811501783,0,1.0
79288.31360887477,1,2.0
79299.16179461677,1,3.0
79302.40514281689,0,5.0
79306.85206863336,0,2.0
79315.80454950382,0,2.0
79354.97789023623,1,5.0
79354.98081696918,0,3.0
79355.12307246665,1,5.0
79355.12346033865,1,4.0
79355.23051768473,0,1.0
79359.87351921058,1,4.0
79359.87420424038,0,3.0
79369.50255473783,0,3.0
79382.61127523526,1,2.0
79382.61339718867,0,1.0
79390.23284778836,1,2.0
79390.2650046967,1,2.0
79394.12365267727,0,2.0
79397.57022073117,0,5.0
79399.80761826289,0,1.0
79413.47053625878,0,5.0
79413.47218248158,0,4.0
79418.65168224642,0,4.0
79421.47615743631,0,5.0
79423.83066381278,1,5.0
79423.84351341065,1,5.0
79424.29853575693,1,1.0
79424.30111678032,1,3.0
79424.325645669,1,2.0
79425.94974037078,1,5.0
79425.98893257251,1,1.0
79426.13760804459,1,1.0
79433.66850273253,1,1.0
79435.94682041788,1,4.0
79447.74865617238,0,1.0
79447.86757637079,1,4.0
79448.05794725208,1,1.0
79454.09837804911,0,4.0
79455.42196437408,1,1.0
79456.91574613647,0,2.0
79459.83898150235,1,2.0
79468.32963599187,0,2.0
79471.47169490557,0,3.0
79474.80327276466,1,1.0
79480.10715757303,0,1.0
79489.19178950271,0,1.0
79504.45965794894,1,4.0
79518.63988595102,0,1.0
79526.07963102157,0,1.0
79526.98438380327,1,1.0
79536.76781715499,1,3.0
79536.85277589229,1,1.0
79544.15739287234,0,4.0
79548.09865711853,0,4.0
79548.09913769821,0,1.0
79549.01825350172,0,1.0
79557.14054827414,0,2.0
79563.00188432142,0,2.0
79568.15372821047,0,1.0
79576.7030077918,1,4.0
79583.24833618634,1,2.0
79605.68949735875,0,1.0
79610.67067733701,0,2.0
79614.9542880222,0,3.0
79627.20842710612,0,5.0
79628.12621623675,1,4.0
79632.04395820101,0,4.0
79633.38575868068,0,4.0
79635.17717284051,0,5.0
79639.30667381868,1,5.0
79647.16110497453,0,2.0
79666.37154506896,0,1.0
79691.1549116093,0,3.0
79691.15540723155,1,2.0
79691.16258050126,0,1.0
79699.30389723158,1,1.0
79705.37662022463,1,1.0
79714.49615467283,0,1.0
79717.89745109082,0,1.0
79725.28392089685,0,3.0
79726.21466901767,1,5.0
79740.97552324319,0,5.0
79740.97651206254,1,1.0
79740.97715481473,1,3.0
79740.98312653578,0,2.0
79740.98336688498,0,5.0
79741.18410384508,1,2.0
79742.32740130079,1,4.0
79753.95192631398,0,1.0
79759.73220504679,0,3.0
79780.33361196943,0,2.0
79781.98894520324,1,5.0
79785.69218204553,0,5.0
79788.29942851148,1,3.0
79788.4292746145,0,5.0
79788.99223465109,0,4.0
79789.13598353056,0,3.0
79813.61055503131,0,2.0
79828.27647477195,0,2.0
79828.95775393139,0,4.0
79832.93997417409,0,3.0
79834.91481318242,0,4.0
79847.30806333484,0,5.0
79847.30817873798,0,2.0
79863.43639271864,1,2.0
79865.19998110949,1,1.0
79890.65096892377,1,4.0
79896.37404897809,1,1.0
79900.69512961581,0,3.0
79910.78414559552,1,1.0
79911.01674932982,1,2.0
79912.47767542573,0,1.0
79924.40163771175,0,5.0
79924.51358067091,0,5.0
79924.58653824942,0,3.0
79924.9652241223,0,3.0
79925.0353080203,1,4.0
79926.55051538176,0,1.0
79928.3695675525,0,4.0
79939.77859523777,1,2.0
79960.95313467506,0,4.0
79963.70552622268,1,2.0
79963.71030163408,0,4.0
79970.76620329572,1,5.0
79972.719757324,0,4.0
79974.15556804923,1,3.0
79975.28825780675,0,5.0
79976.40578439044,0,2.0
79981.56688269795,0,1.0
79985.87587772141,0,5.0
79985.89024780106,1,2.0
79986.89694323877,0,1.0
79994.08022245561,1,5.0
79998.09183194618,1,4.0
79998.99921596012,0,1.0
80000.05063635949,1,2.0
80003.323410108,1,1.0
80004.38896857736,1,1.0
80007.84402784356,0,4.0
80010.2372933682,0,5.0
80010.27059862613,1,5.0
80013.77335015676,0,4.0
80013.96221946768,1,1.0
80016.72945197384,0,4.0
80016.73157742464,1,5.0
80033.86829398798,1,5.0
80033.89917114846,1,2.0
80033.90136310649,0,1.0
80039.23422217862,0,4.0
80045.63270318467,1,1.0
80059.67267814356,1,2.0
80062.85263769899,0,2.0
80075.2120685046,1,1.0
80079.24786959359,0,2.0
80093.13410096796,0,5.0
80098.2083301243,0,5.0
80098.20985982085,0,5.0
80098.85234030614,1,1.0
80099.54674740213,0,3.0
80102.54616482537,0,2.0
80106.29657905454,0,4.0
80124.98494020944,0,5.0
80132.69329408067,1,1.0
80132.69403553252,1,4.0
80142.403338675,0,3.0
80143.83266120453,1,5.0
80149.55376411267,1,1.0
80154.46013403138,0,5.0
80154.9614866475,1,2.0
80159.54714146638,1,1.0
80182.47487096705,1,2.0
80192.14532555042,1,1.0
80205.95592927164,1,1.0
80216.76906786519,1,3.0
80222.48492354639,1,2.0
80226.58833303103,0,4.0
80227.0879068016,0,4.0
80246.75341795417,1,1.0
80246.7623620083,0,1.0
80289.49391167542,1,4.0
80289.49413275262,0,1.0
80290.71312117783,1,3.0
80294.1523172129,0,4.0
80297.72295103778,0,4.0
80297.72443060689,0,5.0
80299.11285475823,0,3.0
80313.85677549553,0,2.0
80320.39583873992,1,3.0
80320.39682629073,1,2.0
80333.27241702215,0,4.0
80338.52494298507,1,1.0
80347.81154071659,0,3.0
80357.0776600308,1,1.0
80358.32618825781,0,5.0
80358.33026917938,1,1.0
80367.33722864531,1,5.0
80368.51198641157,0,1.0
80369.07912962972,1,2.0
80369.59969208862,0,2.0
80374.54654036442,1,1.0
80380.21876258422,0,5.0
80393.91757095468,1,4.0
80394.44761097849,1,4.0
80396.57341939343,1,1.0
80396.61726016075,0,4.0
80398.08080038695,0,2.0
80399.13719057661,0,2.0
80399.137464697,1,2.0
80405.6906005574,1,1.0
80422.6422070078,1,4.0
80424.0614804713,0,2.0
80442.2289819518,0,2.0
80443.5443747281,0,3.0
80448.3119690259,0,5.0
80452.13552361801,1,5.0
80452.16548356084,1,5.0
80452.78155612564,0,3.0
80455.11271482661,1,1.0
80455.36192555778,0,1.0
80459.81150428168,0,5.0
80460.73769110924,0,2.0
80461.07266102031,0,2.0
80468.42765507511,1,1.0
80483.17144028642,0,2.0
80483.79185460017,0,2.0
80484.70873357104,0,4.0
80484.71861655064,0,1.0
80489.65999304758,1,1.0
80497.13226949568,0,2.0
80509.10221646479,1,4.0
80509.10418454434,0,3.0
80511.80326983785,0,1.0
80538.56051117163,0,1.0
80541.25858337319,1,1.0
80546.77060515329,1,1.0
80551.05319227444,0,1.0
80555.89357665868,1,4.0
80555.8937796172,1,5.0
80557.12687225374,1,4.0
80564.16086965699,1,5.0
80564.18428612883,0,4.0
80564.19294817006,1,5.0
80581.59706795316,0,4.0
80581.60544152606,0,1.0
80581.60862518747,1,2.0
80585.18506451401,1,1.0
80591.58131652282,1,1.0
80609.21037458106,0,1.0
80613.99460889137,0,1.0
80619.2311834579,1,4.0
80619.46142431279,1,3.0
80630.02089165364,1,4.0
80633.3928537069,0,3.0
80641.4224627723,0,4.0
80654.16128401688,0,5.0
80655.21918441475,0,2.0
80655.77704106581,1,1.0
80664.98693196243,0,1.0
80667.07705559023,1,4.0
80672.82631829267,1,5.0
80674.91210064168,1,3.0
80674.91849975994,1,5.0
80675.23648051736,0,1.0
80685.69286036644,1,3.0
80687.29453202692,1,3.0
80689.98708094191,0,5.0
80697.96998027695,1,4.0
80702.2575446165,1,3.0
80702.69703405752,1,1.0
80703.02666163442,1,2.0
80705.07300528591,1,1.0
80705.35528119042,0,1.0
80709.78417826645,0,4.0
80709.78614800012,1,4.0
80709.78820698292,0,1.0
80710.02211560408,1,5.0
80721.06100537871,0,3.0
80721.06102510683,0,2.0
80725.37532726045,0,3.0
80727.3744207057,0,1.0
80740.9198018692,0,3.0
80757.27878241143,0,5.0
80765.3051931107,0,5.0
80765.30561435391,1,4.0
80766.85527606406,0,5.0
80766.88667820989,1,5.0
80767.34134734189,1,4.0
80767.34396208928,1,3.0
80768.00031903092,1,4.0
80768.71071513765,0,5.0
80772.17738564084,0,5.0
80780.5368868005,0,2.0
80781.42867139801,0,1.0
80788.07195930959,0,3.0
80809.60122506449,0,2.0
80810.8731095131,0,1.0
80813.42272798557,1,3.0
80825.89527901799,0,1.0
80826.73401345292,1,4.0
80847.15218527122,0,4.0
80851.99214017316,0,4.0
80851.99312065078,0,2.0
80855.67607732712,0,1.0
80867.25672379974,1,3.0
80879.7943915248,0,2.0
80881.99649198606,1,1.0
80908.36528188003,0,1.0
80910.86014699537,1,1.0
80912.65327031877,1,5.0
80917.01423303736,1,4.0
80917.01452687885,1,2.0
80929.27315077522,1,2.0
80930.62675736181,0,5.0
80931.05654091525,1,1.0
80938.84374728778,1,4.0
80941.01180766718,0,5.0
80944.64485527462,1,5.0
80944.96418604274,1,1.0
80947.47872942989,1,2.0
80960.48954095357,0,2.0
80979.99755456198,1,3.0
80982.75640471543,0,2.0
80982.76685431178,1,4.0
81000.16309287932,1,1.0
81005.8258579318,1,2.0
81009.42134153716,1,3.0
81020.76107792134,1,2.0
81034.66267383672,1,5.0
81062.61295488171,0,3.0
81065.19852431842,1,3.0
81072.65003871993,0,2.0
81077.66576102309,1,4.0
81079.18705169193,0,2.0
81086.965162468,1,5.0
81090.3683161837,0,3.0
81092.21779535967,0,5.0
81096.10535563312,0,2.0
81114.2002162605,0,1.0
81129.56085992367,1,4.0
81130.08187413255,0,4.0
81130.08760025141,1,1.0
81166.4696100475,0,3.0
81169.53932537427,0,1.0
81175.67315214429,0,4.0
81176.52289151939,1,5.0
81177.77914797257,1,4.0
81183.13657438394,1,3.0
81186.00060588845,1,4.0
81195.67160311317,1,1.0
81199.18332908924,1,2.0
81199.56385861577,1,5.0
81199.68661451676,0,2.0
81208.22327288394,0,4.0
81209.54928015398,0,5.0
81214.59539102414,1,5.0
81217.32137928686,1,4.0
81217.53928510498,0,5.0
81224.56112134896,1,3.0
81225.8556041401,0,1.0
81238.35229596519,0,5.0
81238.35270757083,0,1.0
81238.35344485017,0,5.0
81238.3599983049,1,5.0
81238.89769423897,1,3.0
81241.40001661595,1,3.0
81287.26070476636,0,3.0
81287.26119832523,0,5.0
81288.44573940299,0,1.0
81302.59577845078,0,3.0
81303.08810439827,0,1.0
81305.0484890644,1,3.0
81308.72879588939,1,4.0
81315.05843229366,1,1.0
81320.36531709936,1,4.0
81320.37163459368,0,5.0
81320.37283378067,1,4.0
81320.37887458921,0,3.0
81320.42454417817,1,4.0
81321.88558053786,0,1.0
81323.42539628269,0,1.0
81325.27348741936,1,2.0
81335.12235144009,1,2.0
81342.55658463172,0,2.0
81342.61609320618,1,4.0
81342.65544925067,1,3.0
81346.75205167643,0,3.0
81348.83630362822,0,4.0
81348.84899377235,0,3.0
81348.85046082249,0,2.0
81352.90869957606,0,3.0
81352.90936294198,0,3.0
81354.13889235364,1,5.0
81364.98311380814,1,4.0
81373.59043976747,1,5.0
81373.59802332004,0,4.0
81373.5983587204,1,3.0
81425.63825261312,1,5.0
81428.39595010383,1,5.0
81428.60975135537,0,1.0
81432.66138689911,0,1.0
81444.13072546748,0,3.0
81461.04808077637,0,3.0
81471.6871277037,1,4.0
81475.26134376928,0,1.0
81489.74223200727,1,3.0
81500.98160201202,1,1.0
81520.09167864898,0,4.0
81520.10784540257,0,5.0
81520.12758735537,0,3.0
81525.4775663511,0,2.0
81528.01020269684,0,4.0
81528.68963377613,0,2.0
81536.16505681748,0,3.0
81538.42809460378,1,4.0
81539.9126304085,0,1.0
81541.81678166254,0,5.0
81544.44020863879,0,5.0
81586.69907766137,1,2.0
81591.76423472173,1,3.0
81600.2052014025,0,5.0
81600.20712256797,0,2.0
81613.378315557,0,4.0
81613.39069819324,0,1.0
81613.39079396942,1,2.0
81615.9340519616,0,4.0
81629.91638481883,1,5.0
81636.34369661768,0,3.0
81648.55988055746,1,3.0
81654.87375805501,1,3.0
81658.30674417992,0,5.0
81664.959407014,0,2.0
81670.59453595,1,1.0
81682.55549463352,1,1.0
81686.30427572451,0,3.0
81689.85972265992,0,5.0
81691.628688201,0,5.0
81693.8698295257,1,2.0
81698.29852621748,0,5.0
81698.3193906791,1,2.0
81706.83324728842,0,5.0
81719.49888060152,0,5.0
81733.70770014332,0,4.0
81772.28239067979,1,4.0
81776.95122670077,1,1.0
81777.39265031282,1,5.0
81789.87161751423,0,2.0
81802.4428639678,1,2.0
81824.28661161273,0,5.0
81826.25611776004,0,3.0
81851.99495460418,0,3.0
81860.49614918273,0,4.0
81860.49671057647,0,4.0
81862.20561120473,0,3.0
81868.08906160365,0,3.0
81882.85607956645,1,2.0
81890.49874482812,0,5.0
81898.9754955675,0,5.0
81919.55439463984,0,4.0
81921.99576006427,0,2.0
81922.16516540093,0,2.0
81930.34708722075,0,3.0
81945.50394950765,0,3.0
81948.17528304014,0,2.0
81948.79824876363,1,3.0
81965.43619362048,1,4.0
81966.73807976492,0,2.0
81972.41997877607,1,2.0
81972.42242166829,0,4.0
81979.46917819262,1,1.0
81983.79713197076,0,1.0
81983.80129896323,0,3.0
81984.24952983118,1,3.0
81985.13331571501,1,5.0
81986.32065394465,1,4.0
81986.32125334872,0,5.0
81991.35446727082,0,3.0
81994.34261037606,0,4.0
81997.47269064974,1,3.0
81998.42433432725,1,4.0
81998.85572773004,0,1.0
81999.00204956673,1,5.0
81999.02581671927,0,3.0
82001.77068268112,1,5.0
82001.77438152794,0,3.0
82001.78041199132,0,5.0
82001.81177706498,1,3.0
82004.9449524048,1,3.0
82015.26391012206,1,5.0
82026.56186250816,1,2.0
82029.7389840643,1,1.0
82032.87293238251,1,1.0
82041.27213948457,1,3.0
82041.2758379563,1,3.0
82041.67328035885,1,3.0
82056.03534453735,1,5.0
82062.72758781663,0,2.0
82097.29351831989,0,1.0
82106.87543806066,1,4.0
82116.7816383223,0,4.0
82133.37888493322,0,5.0
82133.38238687663,1,2.0
82176.61767267308,0,3.0
82180.28298105442,1,3.0
82181.61261405014,0,4.0
82181.74861625649,0,4.0
82181.7509750554,1,5.0
82181.75170507684,0,3.0
82181.78817000934,1,2.0
82181.92105986712,1,2.0
82181.92106664822,1,2.0
82186.11375575146,0,1.0
82196.33975885175,1,4.0
82201.26409573895,0,1.0
82203.15326762886,0,2.0
82203.91148987898,1,1.0
82211.07834454649,0,2.0
82227.29587460707,0,1.0
82239.61598976985,0,3.0
82245.84313279258,0,3.0
82264.6578850672,0,1.0
82267.4818849527,1,3.0
82272.83506116565,1,5.0
82273.74975926112,1,4.0
82278.12660822347,0,2.0
82317.89632788069,1,2.0
82318.78937537606,0,1.0
82319.68399660209,1,1.0
82323.69935065167,0,2.0
82324.15031797635,1,3.0
82341.43287269361,0,1.0
82358.57848114248,0,1.0
82364.82461906229,0,1.0
82381.96218397153,0,5.0
82395.53890907858,0,4.0
82395.54101692139,1,5.0
82396.50288915503,1,4.0
82411.08871137437,1,1.0
82412.70594416322,1,5.0
82413.02657924803,1,5.0
82413.29647011793,0,1.0
82416.9634012054,0,1.0
82418.28506591484,1,2.0
82419.6114598239,0,3.0
82419.64604938947,1,4.0
82419.64610313148,1,4.0
82419.64712385827,0,5.0
82420.57966455283,1,2.0
82425.76002017775,1,3.0
82428.37447465077,1,4.0
82428.63255709762,1,2.0
82432.34382838206,0,5.0
82434.63609364301,0,2.0
82434.79113071073,1,2.0
82446.29854864409,1,4.0
82458.3371737418,0,3.0
82479.23489109075,0,2.0
82480.45467447322,1,3.0
82492.1258182793,1,1.0
82518.05260750483,0,1.0
82519.74525765012,0,5.0
82521.69509425004,0,5.0
82523.86491514798,1,4.0
82523.86771466068,1,5.0
82524.19779657487,1,1.0
82547.83277220829,0,4.0
82554.26390222761,0,1.0
82556.49519819388,1,3.0
82572.59621370214,1,3.0
82579.648714282,1,2.0
82599.85023593134,1,2.0
82618.90088789114,1,5.0
82619.25071082351,1,4.0
82621.1128997902,1,4.0
82622.63924363266,0,1.0
82638.76765735006,0,2.0
82651.09987358982,1,5.0
82652.74162226522,1,2.0
82660.33465829187,0,2.0
82660.40029146214,1,5.0
82669.33466423457,1,3.0
82670.8403007105,1,5.0
82670.88451580908,1,3.0
82670.98792590658,1,4.0
82671.53458929838,0,3.0
82673.35359914033,1,2.0
82691.59658536443,0,5.0
82691.61231809904,1,2.0
82703.08000157941,0,4.0
82703.10673219095,1,4.0
82711.33725143889,1,4.0
82713.82296681966,1,4.0
82745.5564872626,1,5.0
82750.807157207,1,4.0
82756.04912418658,1,3.0
82756.8408459046,0,4.0
82771.80441816803,1,1.0
82772.00799743147,1,5.0
82772.00973386144,1,2.0
82785.53651821738,0,3.0
82791.89141506706,0,4.0
82791.89423860236,0,3.0
82791.90204209284,1,1.0
82791.90283606338,0,1.0
82791.90606319295,1,2.0
82801.1740943079,1,4.0
82824.38012752328,0,1.0
82826.91105076497,1,2.0
82829.04438725256,0,3.0
82829.04520833508,1,3.0
82837.11509164427,1,5.0
82837.32004815861,0,4.0
82844.47926055558,0,2.0
82846.06355316303,1,4.0
82846.09433595375,0,4.0
82853.10348803103,1,2.0
82856.66714377554,0,4.0
82867.9211451971,1,3.0
82892.50037118627,0,3.0
82893.70771410837,1,1.0
82898.66436111866,1,5.0
82903.74914165618,1,5.0
82921.44981126866,0,2.0
82929.09247030863,0,3.0
82929.6070892386,0,1.0
82936.8872422799,0,3.0
82937.23520191747,1,3.0
82945.25094889595,1,5.0
82945.25099177063,0,3.0
82945.25538643934,1,1.0
82946.37174733407,0,4.0
82946.37372535367,1,4.0
82947.74970330048,0,4.0
82947.82825469902,0,2.0
82951.51942337348,0,4.0
82951.7126632897,0,3.0
82952.68417489232,0,3.0
82957.51694199532,1,5.0
82957.51816628718,0,1.0
82957.52207339832,1,4.0
82957.5222352243,0,5.0
82961.33748955738,0,3.0
82961.87381418125,1,3.0
82963.13865469495,0,4.0
82981.23028183341,1,3.0
82983.05417711897,1,1.0
82987.79394235683,0,5.0
82987.79944101255,1,2.0
82989.18226726128,0,5.0
82989.18601246923,0,2.0
82989.20131467599,1,5.0
82991.13823654162,0,1.0
83005.77311946302,1,4.0
83006.26570351061,1,5.0
83006.26579512205,1,2.0
83007.30242879539,1,5.0
83014.63503346001,1,1.0
83023.22782115088,0,1.0
83026.72848047568,0,2.0
83034.89296264622,0,4.0
83034.8944157882,1,5.0
83057.11344676645,1,2.0
83067.04439463293,0,1.0
83070.78644234625,1,5.0
83074.44532985093,1,4.0
83074.61001958825,0,2.0
83076.3570983764,0,5.0
83089.2190026054,1,1.0
83097.33768508388,0,1.0
83099.95210104706,0,5.0
83117.09715628455,1,3.0
83119.56468308883,1,3.0
83124.10179554063,1,3.0
83124.11890064327,0,4.0
83124.14502929697,1,1.0
83127.10365796521,0,4.0
83131.91675323034,1,5.0
83131.91702356387,1,5.0
83131.91866060866,1,4.0
83133.30912693718,1,3.0
83149.36543800612,1,3.0
83154.0263140214,1,4.0
83164.9858098504,1,2.0
83174.30454733981,1,2.0
83175.47334385478,0,2.0
83191.60385006164,1,4.0
83200.97339315685,1,1.0
83251.16822040277,1,2.0
83255.84601856273,1,2.0
83260.73917946007,1,3.0
83260.73975332556,0,3.0
83303.67718629247,0,2.0
83305.26658332389,1,4.0
83305.50489310322,0,2.0
83306.21390181113,0,1.0
83316.5355713258,0,1.0
83317.61895176378,1,1.0
83324.70851686642,0,1.0
83331.42628586659,0,4.0
83331.4268953072,1,5.0
83375.92286120912,0,2.0
83381.01270419067,1,5.0
83381.53905889519,1,2.0
83385.06752087278,1,4.0
83391.63456262911,1,5.0
83391.6349763502,1,2.0
83397.4941916391,0,1.0
83439.59625455335,0,3.0
83441.24217579604,1,3.0
83441.24388390587,0,3.0
83441.382069636,0,1.0
83445.71959177793,0,2.0
83446.37295839105,1,5.0
83459.69296339399,1,4.0
83470.49837235785,1,1.0
83477.42681107383,0,1.0
83477.64268888386,1,5.0
83477.68157524068,0,5.0
83486.96922773223,1,2.0
83489.82883252468,0,2.0
83489.83673229159,1,5.0
83523.30723527956,0,5.0
83523.31033794319,0,1.0
83523.32251574879,0,2.0
83523.95855065026,0,2.0
83533.19410748934,0,1.0
83533.79173185235,0,4.0
83534.63331801092,0,3.0
83553.6706692585,0,1.0
83572.36409771825,1,3.0
83580.7161086381,0,4.0
83581.06812251093,0,4.0
83588.28474280798,0,3.0
83598.39886294346,0,5.0
83599.52810157277,0,1.0
83604.59606829495,0,5.0
83615.28918401766,1,4.0
83619.60425347711,1,3.0
83644.10680527354,1,3.0
83663.25708013673,1,2.0
83672.5551597682,1,2.0
83675.94017804525,0,1.0
83679.52446824501,1,5.0
83686.68220065166,1,4.0
83688.55187674784,1,2.0
83695.518887126,0,2.0
83697.95320353366,1,2.0
83716.76190466357,0,2.0
83717.12745126989,0,2.0
83721.8737078153,0,4.0
83726.82308980598,1,3.0
83758.01570227678,1,4.0
83766.80286629866,0,3.0
83770.7208373989,0,2.0
83770.73376672404,1,3.0
83771.20808009504,1,1.0
83771.39099871839,1,3.0
83784.68639377908,0,5.0
83785.61982486938,1,4.0
83795.6518820861,0,1.0
83796.22251414596,0,2.0
83796.26976957002,1,2.0
83799.71842110895,0,5.0
83805.8129832946,0,3.0
83810.98905400488,1,4.0
83834.82566576861,1,2.0
83836.84737922158,1,1.0
83844.52868669333,1,5.0
83868.49995645639,0,3.0
83870.44345203516,0,5.0
83876.13856587985,0,4.0
83876.14063838849,1,5.0
83885.15618172365,1,4.0
83886.77022578975,1,3.0
83886.94953987634,0,2.0
83887.5170492926,0,1.0
83911.36419130312,0,2.0
83911.59662749698,1,2.0
83919.926140407,0,4.0
83920.73815421971,0,4.0
83921.74368892639,0,2.0
83924.86637674885,0,1.0
83925.09582411252,0,3.0
83933.14801289912,0,1.0
83950.53339994614,0,1.0
83963.01995387493,0,2.0
83976.86099360834,0,1.0
83981.32108081052,1,2.0
83983.69255022919,1,5.0
84003.25508573113,1,1.0
84007.65650626786,1,5.0
84007.6851846431,0,4.0
84007.68528706764,0,3.0
84008.68271677234,0,3.0
84033.55077097967,0,5.0
84033.59383244046,0,5.0
84033.60329430514,0,3.0
84040.68159809614,0,1.0
84054.19436026826,0,3.0
84068.34932403085,1,4.0
84091.3106397941,0,4.0
84108.26989482892,0,1.0
84110.5787027479,1,2.0
84118.35023686348,1,4.0
84121.06696846578,1,2.0
84123.87688667608,0,1.0
84139.5962201756,0,4.0
84145.23427864825,1,5.0
84145.57739586178,1,5.0
84145.5879086305,0,2.0
84168.99966487593,1,4.0
84169.000645191,0,4.0
84170.90306982411,0,5.0
84170.90349736212,1,2.0
84170.92693169975,0,1.0
84171.00991309488,1,1.0
84176.49786161022,1,4.0
84176.81726929816,1,5.0
84176.82024316926,0,3.0
84181.55943339955,0,5.0
84187.11169065582,1,1.0
84188.57397430067,0,2.0
84189.93305451315,1,5.0
84193.91965019757,1,5.0
84193.92851881257,0,3.0
84193.97741163324,1,2.0
84195.81420134456,1,5.0
84200.18656075714,1,3.0
84218.18880410685,0,4.0
84218.30053826657,0,4.0
84225.26262074188,1,1.0
84236.76971056272,1,2.0
84241.3167633554,1,2.0
84244.31396759019,0,1.0
84245.43178440328,0,2.0
84252.11813980591,1,3.0
84271.81747897323,1,2.0
84277.70839740337,1,3.0
84291.31306707612,1,2.0
84300.59253020375,1,5.0
84300.595359396,0,5.0
84300.61047608228,1,3.0
84305.47856928018,1,2.0
84316.9713403196,1,4.0
84325.11599140552,1,4.0
84335.69033400879,1,1.0
84345.73917648013,0,4.0
84346.69775289393,1,3.0
84373.03299462223,1,5.0
84373.03325765986,0,4.0
84373.12571297404,1,1.0
84379.88841094478,0,1.0
84382.34158794871,0,3.0
84394.62276553613,0,1.0
84398.27423542395,1,4.0
84400.66781942062,0,2.0
84423.123959583,0,3.0
84431.63239988359,1,1.0
84431.87904069808,0,5.0
84431.88091187977,0,2.0
84431.8835934249,1,4.0
84432.18102617988,1,2.0
84438.46646548301,1,4.0
84448.3080835593,1,2.0
84457.07847393262,1,2.0
84471.29430121851,1,3.0
84473.94236008177,0,5.0
84481.6000630432,1,4.0
84495.29422799061,1,5.0
84500.77056157621,0,4.0
84500.78734308877,0,1.0
84504.93104383192,1,5.0
84504.93827618983,0,4.0
84504.93919402739,1,1.0
84525.44987323621,1,2.0
84537.72837467991,1,2.0
84539.6581486573,1,5.0
84539.67625143491,0,2.0
84547.99889688074,1,3.0
84561.81938658898,0,4.0
84561.83142318625,0,2.0
84567.19979170633,1,4.0
84567.27196413401,1,3.0
84579.13513942975,1,5.0
84584.14011235654,1,3.0
84598.5612546069,1,2.0
84604.09436908239,1,3.0
84604.10459183439,1,5.0
84615.06354940818,1,2.0
84631.6410254659,0,1.0
84635.98241462966,1,3.0
84638.23744934764,0,4.0
84645.07135002967,0,5.0
84645.07154514898,1,4.0
84645.58260618155,0,3.0
84653.40479999423,1,3.0
84680.7170202042,0,2.0
84686.36120570549,0,3.0
84707.20055796008,1,5.0
84707.2028438195,1,3.0
84720.62232306246,1,1.0
84723.38096916924,1,3.0
84725.7551700841,1,1.0
84732.14292604086,1,4.0
84735.24429700937,0,4.0
84740.80169786657,0,5.0
84748.42865882485,1,4.0
84754.85148624537,0,3.0
84755.48071281039,1,2.0
84755.52795153506,0,2.0
84776.28021901527,1,5.0
84777.75567183695,0,5.0
84778.21875749354,0,2.0
84818.12527110547,0,4.0
84821.39898576209,1,1.0
84835.91863802845,0,5.0
84850.01858817723,0,2.0
84850.64762310749,0,1.0
84852.5827921246,0,4.0
84852.5858012883,1,5.0
84852.58886527007,1,1.0
84852.58978975612,0,5.0
84852.5900544438,1,4.0
84852.59296164449,0,4.0
84852.62966111398,0,5.0
84852.69288700107,1,5.0
84882.91117187419,0,2.0
84886.70525377028,1,4.0
84886.70719930851,0,5.0
84886.70776145654,1,2.0
84886.70850556828,0,5.0
84894.45534801124,1,1.0
84912.65063826203,1,5.0
84915.35212541145,0,5.0
84922.90516602523,0,1.0
84942.64004558936,0,1.0
84951.97435983233,0,1.0
84956.32993253341,1,2.0
84960.28397082307,0,5.0
84960.28399394844,0,4.0
84960.40656877085,1,4.0
84960.73384290066,1,2.0
84960.75624603376,0,4.0
84961.0446493564,0,2.0
84964.08415181265,0,1.0
84967.19963504186,0,5.0
84985.42442624162,0,4.0
84989.19621234918,0,2.0
84991.04057745296,0,1.0
84994.88009909737,0,1.0
85001.33786896596,0,1.0
85014.532107621,0,3.0
85014.53237971233,0,2.0
85019.1265757739,1,3.0
85020.65630992774,1,1.0
85035.53737160009,1,5.0
85036.5572026989,1,2.0
85038.18138851204,1,1.0
85061.97780565766,0,4.0
85066.5995246221,1,1.0
85081.47587464444,1,4.0
85081.5558670773,1,4.0
85085.58487016476,0,5.0
85120.43188612018,1,4.0
85121.16464465842,1,3.0
85121.16476354755,0,2.0
85149.5325490494,0,4.0
85178.93231892781,1,3.0
85192.099449988,1,2.0
85197.554083781,0,1.0
85197.90322894925,0,5.0
85205.47439881928,0,3.0
85225.7113677297,1,2.0
85234.37019468102,0,2.0
85241.52690778303,1,1.0
85271.86857799064,0,5.0
85274.15074671566,1,2.0
85274.74711718751,1,1.0
85275.54441046857,1,2.0
85280.76747496772,1,1.0
85295.84787080732,1,4.0
85313.49862305715,1,3.0
85314.41360243445,0,3.0
85332.57450821108,1,5.0
85332.89303060186,1,3.0
85339.05593206383,1,5.0
85339.45660537072,0,3.0
85342.94915324567,1,3.0
85342.96343003256,1,4.0
85342.96463654027,0,4.0
85409.06172658366,1,2.0
85429.22533367408,1,3.0
85429.27792749362,1,1.0
85455.38961218884,0,2.0
85461.57625923901,0,2.0
85462.22114446905,0,4.0
85475.6554574285,1,3.0
85477.01103677669,1,4.0
85477.01231034608,0,5.0
85477.0133840116,1,2.0
85477.66950416256,1,5.0
85486.41764508361,1,4.0
85491.0385277593,1,5.0
85491.03860143496,0,5.0
85491.0453200894,0,3.0
85491.04954687406,1,5.0
85491.05311272368,0,3.0
85504.94366447604,1,2.0
85508.08047662575,1,2.0
85510.43109503621,1,2.0
85511.5057242897,1,1.0
85560.03927149763,1,4.0
85562.01944589397,1,4.0
85565.9974055542,0,4.0
85567.63998739074,0,5.0
85567.92668320485,0,3.0
85573.40882043984,0,4.0
85587.01210234783,0,5.0
85587.01531258922,1,3.0
85587.02887610978,1,1.0
85590.35442504453,1,5.0
85590.36307450738,0,3.0
85590.41956555213,1,2.0
85590.47719809621,0,3.0
85590.56571577847,1,2.0
85590.56620408421,0,4.0
85590.56722611858,1,3.0
85590.56816284142,0,5.0
85591.16816096808,0,5.0
85591.2815917024,1,2.0
85591.39293227605,0,4.0
85609.30796372308,0,5.0
85613.95957950565,0,4.0
85618.09821968134,1,3.0
85623.53898119068,1,1.0
85625.78153041554,0,5.0
85630.61877640698,0,2.0
85640.19874991137,0,2.0
85643.50834105621,0,3.0
85649.80205193054,1,5.0
85655.07113361305,0,3.0
85668.10475842893,0,2.0
85672.4759512028,1,1.0
85704.48666631599,1,4.0
85707.36530420798,1,5.0
85707.889123925,1,5.0
85716.8205454456,0,5.0
85716.82515125876,1,2.0
85716.82527884589,0,4.0
85733.82955429638,1,4.0
85769.79494353403,1,1.0
85772.59166689085,1,2.0
85781.80738913108,0,1.0
85781.84123667989,0,3.0
85786.09506850546,1,3.0
85816.60484842461,0,4.0
85833.00777919547,1,2.0
85835.05829831063,1,5.0
85837.1693310284,0,4.0
85860.8726990625,0,3.0
85866.6992583717,0,4.0
85878.58211068822,1,1.0
85903.25210213213,0,4.0
85903.25285569743,1,3.0
85903.33305892734,0,1.0
85917.57365318581,0,5.0
85922.79370613633,1,1.0
85922.80306404513,1,2.0
85924.27629399054,1,4.0
85934.1930736241,0,4.0
85934.19309565709,1,3.0
85934.19353084675,0,3.0
85934.20692030338,1,1.0
85936.26509763753,1,1.0
85948.0285706826,0,2.0
85968.03921286593,1,5.0
85968.04307369684,0,1.0
85973.04478688228,1,4.0
85988.41905728354,1,3.0
85988.42237016468,1,3.0
86001.98821416972,1,1.0
86015.97884304232,1,2.0
86017.90639875371,0,4.0
86017.90747832478,1,1.0
86022.6275165532,1,2.0
86029.27258107011,0,1.0
86034.21863845568,1,3.0
86041.73977136778,1,2.0
86044.72402481332,1,4.0
86044.73907298032,1,1.0
86061.30977410487,0,2.0
86064.27308913086,1,4.0
86066.90637723292,1,3.0
86070.82293941567,1,3.0
86072.87902814687,0,1.0
86095.33104297481,0,5.0
86105.05504733375,0,3.0
86106.1186976043,1,2.0
86106.5602224648,1,5.0
86119.03234120243,1,5.0
86119.03465663757,0,4.0
86122.09979353302,1,2.0
86129.93359784238,1,5.0
86144.73639390129,0,1.0
86160.10817982475,1,3.0
86168.3809636507,0,4.0
86174.70295222104,1,1.0
86179.15128524823,0,2.0
86193.60326203781,1,1.0
86200.80844160794,0,2.0
86204.20093705559,1,1.0
86207.47779818857,0,3.0
86216.46035661029,0,3.0
86232.6796192488,1,3.0
86237.45570951953,1,2.0
86237.4564408211,0,1.0
86237.46197501388,1,1.0
86249.60910035104,0,5.0
86249.70438796679,0,4.0
86253.93870933642,0,1.0
86260.60748260314,0,4.0
86267.17179086494,0,2.0
86273.39956642645,0,1.0
86279.74063740246,1,4.0
86288.31184210243,0,2.0
86302.51069521859,0,2.0
86311.37701703425,1,1.0
86327.88043702414,0,5.0
86327.88163663403,0,2.0
86331.81407401118,0,2.0
86347.05872265654,1,4.0
86361.44014479313,1,3.0
86368.67264651005,0,4.0
86387.60835192844,1,4.0
86392.61718188907,1,5.0
86392.6206969212,1,5.0
86402.36510250141,1,4.0
86404.71868259714,1,3.0
86426.45929174611,0,4.0
86426.53467542505,1,1.0
86433.44612330223,1,5.0
86435.81904478102,1,4.0
86441.23363700505,0,4.0
86448.0691633476,1,3.0
86451.64428772329,0,2.0
86451.64558556395,0,2.0
86451.7097023528,0,5.0
86454.0440995983,0,5.0
86461.4300426609,1,5.0
86461.43353602863,0,2.0
86463.476888764,1,1.0
86468.33453100266,1,2.0
86472.91582579701,0,1.0
86492.22021655005,0,1.0
86498.74563076331,1,2.0
86500.01835547062,0,5.0
86500.026993711,0,2.0
86500.06350174668,0,1.0
86500.56029763055,1,1.0
86517.42760870172,0,1.0
86538.58395580231,1,2.0
86538.62795465834,1,3.0
86538.72061412576,0,1.0
86551.36857347547,0,3.0
86552.92772444422,0,5.0
86583.02916084102,1,1.0
86586.95700405608,0,2.0
86614.35248293537,1,1.0
86626.2708784753,0,2.0
86665.84469690174,1,3.0
86675.75001087296,1,2.0
86680.96730140901,1,5.0
86683.90075561941,1,5.0
86683.96067770573,0,5.0
86684.30910341114,1,3.0
86700.77005826616,0,3.0
86733.64266367602,1,1.0
86741.91008532264,0,2.0
86747.80030801325,0,4.0
86765.67710231486,0,3.0
86765.68248031172,0,3.0
86765.78036502156,0,5.0
86767.30248502883,0,1.0
86772.0155508772,0,2.0
86784.54636443329,1,4.0
86786.32102722839,1,4.0
86788.8846495695,1,5.0
86809.29719246621,1,5.0
86825.34406338229,0,1.0
86837.69675186984,1,3.0
86857.74898039318,1,3.0
86859.48489867678,0,3.0
86865.44939411816,0,5.0
86867.94969883775,1,3.0
86875.92329550395,1,5.0
86875.93590064654,0,4.0
86883.28020687542,1,5.0
86894.54728333259,0,3.0
86894.5478639143,0,3.0
86894.94187666586,0,5.0
86898.20676643866,0,5.0
86914.70007099646,1,1.0
86914.74879691184,0,2.0
86934.74557127472,1,5.0
86934.75816309528,1,3.0
86938.27389836308,1,1.0
86940.73754390405,0,1.0
86945.11079266327,0,3.0
86950.68941882506,1,1.0
86966.06141861815,0,5.0
86966.15587433323,0,3.0
86969.2520788983,1,4.0
86971.89047214268,0,4.0
86997.69861598528,1,2.0
87010.18593897605,0,2.0
87010.64042827254,0,5.0
87011.60332302637,0,1.0
87012.26185657666,1,2.0
87018.01934609562,1,4.0
87018.120513536,1,5.0
87019.51359120694,1,1.0
87020.10187901513,0,2.0
87023.95975359865,1,5.0
87023.96750370221,0,2.0
87024.5095522952,1,1.0
87025.01417527876,0,3.0
87027.37868462787,1,3.0
87030.1526815007,0,1.0
87031.61056555739,1,2.0
87031.94498212081,0,3.0
87038.36853598926,1,5.0
87039.83689391712,1,3.0
87044.01944395104,1,3.0
87045.4368780267,1,4.0
87045.43816211246,0,1.0
87066.63628088585,1,2.0
87069.44383010862,0,5.0
87069.7224150772,1,5.0
87069.74126743233,0,1.0
87070.09240089255,0,4.0
87077.49192829493,0,2.0
87081.99753668858,0,1.0
87112.07351429299,1,4.0
87120.40050208021,0,4.0
87153.17565515323,0,5.0
87153.1802195538,1,3.0
87153.18079906324,0,5.0
87153.18476032016,0,3.0
87153.1866770347,1,4.0
87153.60024809724,0,5.0
87156.23068278171,0,4.0
87169.47929529934,0,5.0
87173.11742600941,0,1.0
87185.17451783095,0,3.0
87185.17889772919,1,3.0
87197.61395555457,0,2.0
87206.66262125314,1,4.0
87215.01484917686,1,4.0
87237.23786526074,1,2.0
87242.22857780523,1,5.0
87245.8013416132,1,3.0
87259.29421909171,0,3.0
87293.59237089973,0,2.0
87299.43989518475,0,3.0
87302.48597271126,0,3.0
87304.21121930673,0,5.0
87304.23646130305,1,1.0
87305.47904956464,1,1.0
87340.12364265027,0,1.0
87343.76766011445,1,2.0
87357.40173496852,1,2.0
87358.65851816713,0,5.0
87407.48286908708,1,3.0
87407.48595605828,0,1.0
87409.32039541661,1,3.0
87412.1151511982,1,3.0
87412.90696920532,1,3.0
87418.13590105668,1,5.0
87418.23360871317,1,4.0
87419.84026864536,0,5.0
87424.26576432894,0,1.0
87427.26693618002,1,5.0
87427.55043744417,1,2.0
87427.57295793456,0,1.0
87428.76704807529,0,4.0
87430.06121597686,1,3.0
87434.58621825323,0,2.0
87438.82276842103,0,1.0
87441.01275741181,1,5.0
87444.92048152129,0,4.0
87452.3469287761,1,3.0
87493.89188942981,0,2.0
87496.29929708142,0,4.0
87502.53531803275,0,4.0
87507.80438299845,1,4.0
87509.8268025314,1,3.0
87512.26296581846,0,3.0
87540.55297985632,1,4.0
87544.60983045306,0,4.0
87546.30673014579,0,2.0
87549.05925327695,0,1.0
87575.51087343263,0,1.0
87594.5023443523,0,2.0
87602.49520682133,0,4.0
87602.58607013998,0,2.0
87610.52400077065,1,4.0
87616.00979691555,1,4.0
87621.87346275436,0,4.0
87624.1396362408,0,3.0
87626.75164572071,0,2.0
87637.19092362365,0,3.0
87639.38289748163,1,5.0
87641.1596278166,0,4.0
87664.71980756627,1,5.0
87664.72098252298,0,2.0
87665.36245915566,0,4.0
87686.6445226819,0,5.0
87690.66169292355,0,3.0
87695.04902678805,1,1.0
87706.36067274176,0,3.0
87709.44732597376,1,3.0
87709.45499968875,1,4.0
87711.10302112755,0,5.0
87711.77944946985,0,1.0
87713.54186978561,1,3.0
87730.19723518383,0,2.0
87742.39447768829,0,5.0
87742.42834472324,1,4.0
87752.35815655248,0,3.0
87757.680958404,0,3.0
87760.95433357953,1,1.0
87766.03332680067,0,4.0
87777.28252110968,0,3.0
87789.25666483318,1,3.0
87798.42264812786,0,1.0
87801.66517257698,0,3.0
87813.8160299336,0,1.0
87814.53294157158,1,1.0
87814.6573588168,0,2.0
87818.70145485507,1,1.0
87821.19363299252,0,2.0
87826.29559935941,1,4.0
87842.8434554637,0,5.0
87848.6023221298,1,1.0
87861.72416903295,1,4.0
87861.72719140614,1,3.0
87861.73090837934,1,5.0
87878.58794772362,1,1.0
87887.35631003129,1,5.0
87897.94852056015,1,3.0
87899.5085518699,1,4.0
87901.31487488207,0,2.0
87907.45806034566,0,2.0
87911.76596884971,1,1.0
87914.00250399645,1,3.0
87914.00288148964,0,3.0
87924.85498159812,1,4.0
87927.10982974924,1,1.0
87938.02646203362,0,3.0
87957.57396470486,1,2.0
87965.35379792431,0,3.0
87972.23967307572,1,5.0
87972.24045227912,0,3.0
87975.87832244246,1,1.0
87984.58861797879,0,2.0
87993.00358343104,0,2.0
88025.2080453206,0,2.0
88026.12601917353,0,2.0
88028.79404995155,1,4.0
88049.98210226421,1,3.0
88058.49663952898,0,5.0
88059.04247427566,1,1.0
88068.95086866649,0,5.0
88070.03573250565,0,2.0
88096.04027394562,0,2.0
88101.8216547821,0,1.0
88108.037774605,1,5.0
88108.05159162813,0,1.0
88113.29844310973,0,1.0
88124.6305949562,0,2.0
88127.98487223854,0,3.0
88134.01185963464,0,4.0
88134.14078942031,1,3.0
88146.49854594533,0,3.0
88148.75030432662,0,5.0
88161.74306510817,0,3.0
88161.84757133342,1,5.0
88161.84925295874,0,5.0
88163.93249348948,1,1.0
88164.10698223418,1,2.0
88164.73416993418,1,3.0
88164.97450386823,1,3.0
88183.25384933111,1,5.0
88184.75309213226,1,1.0
88187.46708200233,0,1.0
88188.47129677185,1,2.0
88221.73957237507,0,5.0
88228.89535250746,0,1.0
88229.57478817031,0,2.0
88234.96561413498,1,2.0
88234.96797869113,0,4.0
88235.1717433159,1,5.0
88239.56281601028,0,2.0
88254.16647593972,1,1.0
88260.35276573112,1,3.0
88276.92235864728,0,3.0
88278.3002947123,0,2.0
88278.88636092495,0,1.0
88283.61799724754,0,5.0
88283.93066196013,1,4.0
88284.55486867351,0,5.0
88284.55644724992,0,5.0
88284.89868982563,0,3.0
88290.96105937789,1,2.0
88293.98248201274,0,3.0
88302.33424487502,0,5.0
88307.57298716945,1,5.0
88307.57395412898,1,4.0
88307.57468959385,1,5.0
88307.62930895973,1,2.0
88309.84078919564,1,1.0
88321.44236535064,1,3.0
88326.1802263558,0,3.0
88337.84897477135,1,4.0
88338.42987376002,0,5.0
88339.25763243061,1,4.0
88349.33707501329,0,1.0
88350.646178813,0,1.0
88353.35400217354,0,3.0
88361.76908458203,1,5.0
88388.33947583674,1,4.0
88388.49643007493,0,4.0
88390.85198057415,0,5.0
88390.88314488181,0,1.0
88422.60634437275,0,4.0
88423.97861599823,1,4.0
88424.67856064416,1,2.0
88425.0354433102,0,1.0
88435.15701306611,1,5.0
88450.51513373999,0,5.0
88460.78247137659,1,3.0
88469.33311393911,0,4.0
88469.33405719805,0,5.0
88486.987625056,1,4.0
88492.92477845777,0,1.0
88493.52920440423,1,2.0
88501.01801591244,0,5.0
88509.68992077444,1,1.0
88511.85684535107,1,3.0
88513.23733296174,1,3.0
88520.32481897865,1,3.0
88528.28423156736,1,4.0
88541.37588687924,1,1.0
88555.26966742106,1,1.0
88577.1519584634,1,4.0
88582.92864053418,1,4.0
88597.5175596884,0,2.0
88620.40598868564,1,3.0
88624.27905558854,1,5.0
88625.34009212702,1,1.0
88625.41304369515,0,3.0
88625.41617086747,1,5.0
88625.85701566905,1,5.0
88630.92989187448,1,4.0
88632.93883169121,0,1.0
88635.21617150927,0,1.0
88643.43632963568,0,5.0
88648.94097164967,1,3.0
88659.61481002055,0,3.0
88660.17090304055,0,3.0
88677.15149441561,1,3.0
88677.1613656486,1,1.0
88684.34650534867,1,2.0
88684.435866657,1,5.0
88685.53769056113,1,1.0
88704.30859047071,0,5.0
88709.00507009805,0,3.0
88735.37432599609,1,3.0
88746.56867868977,0,5.0
88746.8571205762,0,4.0
88773.96979228969,1,3.0
88780.19906002223,0,4.0
88780.36678943815,1,4.0
88792.17713204978,0,2.0
88805.50500567058,0,4.0
88807.61604325067,1,2.0
88819.21359260066,1,1.0
88840.80410975155,0,2.0
88854.7330368868,1,3.0
88861.85782779749,0,1.0
88875.95415888565,0,4.0
88875.95424822695,1,5.0
88876.23898120881,0,2.0
88876.25750797814,1,5.0
88876.63680757603,1,3.0
88877.03293765364,1,5.0
88878.07456714453,1,5.0
88886.08965513826,1,1.0
88888.06600285952,0,4.0
88893.17929058193,1,4.0
88899.9869329454,0,1.0
88901.52848546219,1,3.0
88904.90431654919,0,3.0
88909.89427101686,0,4.0
88910.17977066517,1,4.0
88910.18850595821,1,3.0
88910.3149729112,0,2.0
88922.06751292746,0,5.0
88928.19337951254,0,3.0
88936.72658947368,1,2.0
88938.68953977225,1,3.0
88938.69600104194,0,5.0
88941.2819028801,1,2.0
88941.81159964517,1,4.0
88948.21361262762,0,1.0
88951.13674082515,1,2.0
88953.14416100318,1,1.0
88968.77688603487,0,4.0
88985.37334044879,0,4.0
88985.37349831763,1,2.0
88985.43765180504,0,2.0
88986.62871285027,0,2.0
88986.69415205989,0,4.0
89027.87658457292,0,4.0
89040.6168548988,1,5.0
89047.83367027019,1,1.0
89056.64470188331,1,2.0
89058.52167032995,1,1.0
89066.36913558705,1,1.0
89067.83413279938,1,2.0
89068.9074045711,1,2.0
89075.57410449529,1,4.0
89075.5840843658,0,3.0
89099.72734611745,0,5.0
89099.73442237488,1,1.0
89101.12756620848,0,3.0
89113.69235921836,1,1.0
89115.07843607373,1,2.0
89123.8660047113,1,1.0
89125.50686016907,0,2.0
89142.72609828264,1,5.0
89142.72622162457,1,2.0
89142.72647989231,0,1.0
89142.72654995507,1,3.0
89142.76065293573,0,3.0
89154.0264158488,0,2.0
89155.74992309774,1,2.0
89167.92094843471,1,2.0
89193.42166384222,0,3.0
89193.42748527559,0,3.0
89202.51703149712,0,2.0
89208.78842532642,0,1.0
89208.79297025742,0,4.0
89213.34196095589,1,4.0
89214.66792309101,1,4.0
89214.67279908809,0,1.0
89220.19879495191,0,1.0
89220.5427252005,1,4.0
89222.85717506683,0,2.0
89227.65062767616,0,5.0
89250.55932467658,1,2.0
89250.56569081826,0,3.0
89265.74643262224,1,5.0
89265.77895263591,0,2.0
89314.3336888609,0,3.0
89316.68280000876,1,4.0
89316.68513615621,1,3.0
89319.69332366419,1,3.0
89321.02478083062,0,4.0
89326.84810665493,1,5.0
89329.87736839057,1,3.0
89329.89256171275,1,2.0
89340.82719179147,0,2.0
89341.71475837889,0,4.0
89372.14061832844,0,5.0
89379.82156506952,0,5.0
89379.82689385735,1,3.0
89382.06537519282,0,5.0
89385.41956770487,0,1.0
89414.42353409395,0,4.0
89414.42832025059,1,4.0
89416.55135969023,1,3.0
89422.6810833336,1,1.0
89434.2261559995,1,2.0
89460.757518396,0,5.0
89463.11022032372,0,5.0
89469.42209643479,1,4.0
89476.5319247806,0,1.0
89477.03758089076,0,4.0
89491.77264216826,1,3.0
89502.10841600198,1,4.0
89502.46768950205,1,2.0
89517.42329211991,0,4.0
89517.43080801093,0,3.0
89517.56357542596,0,2.0
89520.98672886776,1,1.0
89528.83387778234,1,2.0
89541.1062336381,0,4.0
89546.5609199535,0,3.0
89546.56244677465,0,4.0
89573.16566741731,1,4.0
89573.16639064712,1,3.0
89579.38499545802,0,2.0
89583.64646218628,0,5.0
89595.06539191159,0,4.0
89602.83102263721,0,1.0
89613.62807628317,1,2.0
89628.99240129167,1,4.0
89631.37698400942,1,3.0
89634.63886527906,0,5.0
89639.27346508476,1,1.0
89643.27727841359,1,2.0
89648.54829199747,1,3.0
89661.0441346698,1,3.0
89662.13751917538,0,4.0
89662.28125193046,1,4.0
89664.25110691159,1,3.0
89664.8142080166,0,1.0
89683.22620504328,1,4.0
89683.2264747415,0,5.0
89683.23241681494,0,3.0
89683.2850855078,1,1.0
89691.84108957136,1,4.0
89701.97112021431,0,1.0
89711.02076566021,0,2.0
89713.64551153789,0,2.0
89733.11226823671,0,1.0
89737.70536559414,1,2.0
89750.07094257936,1,1.0
89752.5856228446,1,2.0
89755.22059632758,0,3.0
89767.3143570686,1,3.0
89770.72569272324,0,4.0
89770.7366303523,1,1.0
89793.03324229272,1,5.0
89797.29010132566,0,4.0
89797.29063421514,0,2.0
89797.2959881458,0,4.0
89800.30418431631,1,4.0
89801.04222928034,1,1.0
89810.66944271071,0,5.0
89810.6695526337,1,1.0
89810.726576638,0,5.0
89837.18034680914,0,1.0
89851.50952924142,1,4.0
89859.34239030823,0,4.0
89859.72375390392,1,1.0
89869.41570829162,1,4.0
89869.43572783172,0,1.0
89875.27407715781,1,2.0
89882.15563300527,0,4.0
89949.5596899913,0,4.0
89978.03909282417,1,5.0
89978.06447203831,0,1.0
89978.28699408758,0,2.0
89978.68866177334,1,4.0
89979.42418884352,0,1.0
89982.5402051388,1,1.0
89984.67658473684,0,2.0
89993.11018950492,1,1.0
89995.7244960089,0,4.0
89996.16407707191,0,4.0
89996.20184309392,1,4.0
89997.28385690528,0,1.0
90007.04380727562,0,5.0
90008.46841281511,0,2.0
90012.5221124523,0,1.0
90016.77084695648,1,3.0
90020.24852157006,0,2.0
90021.00119947123,1,3.0
90027.40404661543,1,5.0
90049.16629799342,0,4.0
90059.6859198437,1,2.0
90091.31524505811,0,4.0
90105.19703437593,0,2.0
90109.49724108558,0,3.0
90118.5196355246,0,5.0
90119.18465498998,0,5.0
90121.7992350364,0,5.0
90137.89909071238,0,1.0
90147.49979952512,1,3.0
90175.32614870262,1,1.0
90177.47037854358,1,5.0
90190.54280435789,1,5.0
90198.67395928458,1,3.0
90198.67720554309,0,1.0
90204.1260878402,1,3.0
90204.12658940046,0,2.0
90215.80619450875,0,5.0
90233.25951134473,0,5.0
90233.26570459435,1,4.0
90233.31600144989,0,2.0
90235.87186457933,1,4.0
90237.3083940759,0,2.0
90239.36650451629,0,2.0
90250.72339089001,0,3.0
90255.21891942328,1,5.0
90257.21711437851,1,3.0
90277.89580488879,0,4.0
90277.9068233321,0,5.0
90277.90757787901,0,2.0
90277.99660973957,1,1.0
90290.51363831833,1,1.0
90292.49776672776,1,3.0
90308.91094969737,1,5.0
90325.26118483534,1,2.0
90353.76539534217,1,4.0
90367.76251240105,0,5.0
90369.83125293266,0,5.0
90388.57908907553,1,4.0
90397.47435086766,1,1.0
90399.06752237595,0,5.0
90399.0725083326,1,2.0
90399.86324376799,0,5.0
90400.6004850928,0,4.0
90400.60101257583,1,2.0
90402.68597370108,1,3.0
90406.25283721436,1,1.0
90424.98139763964,1,1.0
90427.85783899718,0,2.0
90429.4355765355,0,2.0
90442.88318971338,1,4.0
90446.87525337814,1,5.0
90448.03219158438,0,5.0
90453.72711783416,1,3.0
90458.65002166094,1,3.0
90459.8850270289,0,5.0
90460.47658035996,0,5.0
90460.48575535267,0,5.0
90460.56915300754,0,1.0
90462.18813952614,0,2.0
90462.18919467887,0,4.0
90463.90902849479,0,1.0
90464.68639666843,0,5.0
90488.92664242379,0,4.0
90493.45470481037,0,3.0
90501.788621799,1,2.0
90503.29153052627,1,4.0
90503.91258391758,1,5.0
90507.16221050038,0,3.0
90509.9658935716,1,4.0
90510.33794729432,1,4.0
90512.45192284386,0,2.0
90523.9200623572,0,5.0
90523.92038143957,1,1.0
90538.07539278948,0,3.0
90554.72387489004,0,3.0
90558.35922463774,0,2.0
90566.16463734981,0,5.0
90566.1770455816,1,2.0
90566.18208029913,1,4.0
90575.95819651934,0,5.0
90576.42787137974,0,5.0
90603.81433125857,1,3.0
90603.81662042016,0,5.0
90605.85251232139,1,4.0
90619.61306748715,1,1.0
90627.65025922658,0,5.0
90629.0087067126,0,3.0
90654.62954179716,1,5.0
90670.91767541006,0,5.0
90670.91891376131,0,4.0
90671.16226852543,0,3.0
90688.73685914301,0,1.0
90694.37712871259,1,1.0
90699.87667498266,0,5.0
90725.72093974594,1,4.0
90755.4904022342,0,2.0
90756.16646796987,0,5.0
90767.24767545033,0,4.0
90786.32912992191,1,2.0
90786.37686978029,1,2.0
90814.96774788802,0,4.0
90824.55059796061,0,1.0
90829.01905510719,1,1.0
90840.16554941726,1,2.0
90849.01927077713,1,3.0
90849.02026018174,0,2.0
90850.0834470545,1,3.0
90850.08650223896,0,3.0
90885.68041560678,1,2.0
90902.88904651754,1,1.0
90904.39364091532,1,4.0
90919.61574190044,0,1.0
90935.69463602915,1,2.0
90937.04089212399,0,2.0
90937.04145706903,1,4.0
90937.04260232676,0,2.0
90941.62427129169,0,1.0
90994.03002412754,0,3.0
91003.77744074605,1,5.0
91004.11460565556,0,5.0
91034.92555379696,0,4.0
91038.05989871697,1,1.0
91049.9106595955,1,4.0
91053.01788481972,0,2.0
91059.77197465979,0,2.0
91078.36240885474,0,1.0
91088.94237334121,0,2.0
91093.46378377544,1,2.0
91098.77215666276,0,4.0
91131.66408268831,1,3.0
91131.75181511785,1,5.0
91138.68736779991,0,4.0
91141.56069541523,0,3.0
91153.40002134176,0,2.0
91160.40576590679,1,5.0
91161.36456292441,0,1.0
91171.87799449693,0,5.0
91171.88693255173,1,4.0
91177.60836755861,1,2.0
91195.81785588746,0,2.0
91195.82439864488,1,1.0
91201.36797650784,0,2.0
91204.38621779818,0,5.0
91213.65338273154,1,5.0
91213.65897585779,1,5.0
91214.93329049717,0,3.0
91264.60908048604,0,3.0
91270.68994989172,0,3.0
91271.04108642084,1,4.0
91271.04234520119,0,3.0
91271.35321291191,0,4.0
91277.4874691604,1,3.0
91291.01836452355,1,1.0
91306.76191309778,1,3.0
91308.52233267769,0,5.0
91308.62090220739,1,1.0
91328.48924670108,1,4.0
91328.60427341078,1,5.0
91328.60532230677,0,3.0
91328.61004942193,1,2.0
91339.18053605384,0,2.0
91343.10811106434,1,2.0
91350.24390402946,1,5.0
91378.58726570736,1,3.0
91378.99041295219,0,1.0
91397.88273334214,0,1.0
91401.7561070354,0,4.0
91417.24163874866,0,5.0
91420.22702827491,0,2.0
91433.65664538798,0,2.0
91446.27346940625,0,1.0
91452.062303054,0,4.0
91468.78749771185,0,2.0
91475.01705466733,1,2.0
91483.55802069786,0,4.0
91494.72139225,1,1.0
91494.73306949787,1,3.0
91501.80515704285,1,3.0
91507.75730049059,1,4.0
91510.2244749218,0,3.0
91539.09980542064,0,2.0
91539.27445358304,1,5.0
91539.27605560902,0,2.0
91543.37519156234,0,5.0
91544.10172965658,0,5.0
91550.44535275605,1,2.0
91579.36552099521,1,4.0
91579.36856312175,1,4.0
91579.94349638635,1,2.0
91583.76820140303,0,4.0
91583.78138544728,1,4.0
91593.71442544078,0,1.0
91631.39979110904,0,2.0
91633.63191891703,1,1.0
91639.81966462456,1,2.0
91645.01495440086,0,1.0
91668.47778518277,0,2.0
91691.19922846208,1,4.0
91698.44122117748,0,1.0
91701.85977847553,1,1.0
91704.91363176816,1,5.0
91704.91371134894,0,5.0
91704.92248148052,1,1.0
91705.34371741136,0,2.0
91724.9886459795,1,2.0
91730.67675179342,0,1.0
91747.71548150244,0,4.0
91775.89067037826,1,3.0
91775.8978070709,1,4.0
91781.7716980652,0,1.0
91789.20239024977,1,3.0
91791.38606161671,1,4.0
91795.1004892567,1,3.0
91800.88934935257,1,2.0
91812.30179429436,0,4.0
91818.48424437473,1,2.0
91826.31082220838,0,1.0
91827.33234505668,1,1.0
91834.26857909291,1,1.0
91854.5376452968,0,2.0
91859.94978086973,1,5.0
91864.06332577416,1,2.0
91874.8327470396,1,2.0
91876.19456171003,1,1.0
91893.47897416237,1,5.0
91893.49395766096,0,1.0
91897.45618675218,1,3.0
91897.46057734365,0,5.0
91899.39239840643,0,1.0
91902.92285607754,1,4.0
91905.83675252947,1,2.0
91920.5148394383,1,3.0
91933.17126791537,0,4.0
91939.70862799496,0,3.0
91943.53351840486,1,1.0
91945.3358580469,0,1.0
91953.34744664664,0,4.0
91956.54937329737,0,5.0
91961.65914784763,0,4.0
91964.44963591799,1,1.0
91970.6056801407,0,4.0
91971.86302140159,0,3.0
91975.41132415464,1,3.0
91975.72813562202,0,3.0
91992.49165186724,1,3.0
92030.40393808739,1,3.0
92039.79755488457,1,5.0
92039.79944278995,0,2.0
92062.25180633493,1,1.0
92086.46816781958,0,3.0
92087.78783178653,0,1.0
92093.75998596156,0,5.0
92094.93567697225,0,1.0
92101.64442272618,0,1.0
92111.24853417755,0,1.0
92116.50410970267,0,4.0
92145.67420414614,0,1.0
92148.06606706062,1,3.0
92149.98028024218,1,3.0
92149.98568406896,1,5.0
92153.4935540007,1,3.0
92153.79123644506,1,5.0
92165.96121167486,0,5.0
92166.76634642138,0,5.0
92166.7678232773,1,4.0
92173.33448365274,0,5.0
92176.0133023553,1,3.0
92181.58665013836,0,5.0
92188.0923654277,1,4.0
92195.9669544972,1,5.0
92195.96950296701,0,5.0
92196.34854938928,1,1.0
92202.91455121002,1,5.0
92212.97827194046,1,4.0
92216.42104357663,1,3.0
92216.42303434062,0,3.0
92216.42422808074,0,3.0
92217.15209652923,0,2.0
92222.66953881663,1,2.0
92232.10432142083,0,4.0
92232.8961688998,0,1.0
92234.1666976051,0,3.0
92241.37375894826,1,5.0
92243.05213361335,0,2.0
92253.9387220557,0,5.0
92262.20594367846,1,1.0
92267.92999343452,0,4.0
92268.70002787172,0,2.0
92269.36787287786,1,1.0
92270.15747675142,1,3.0
92275.63991191683,0,2.0
92283.77375317218,0,2.0
92284.06502984172,1,2.0
92291.99180290653,0,4.0
92321.86072567171,1,4.0
92323.01799824745,0,3.0
92327.75374078876,1,3.0
92333.82690280426,0,4.0
92334.94499537573,0,1.0
92340.12907902713,0,4.0
92347.02024651531,1,3.0
92350.43716226157,1,3.0
92350.43740455917,0,1.0
92351.12524843248,1,5.0
92351.1385597703,0,5.0
92351.14561305824,0,5.0
92351.18016285957,0,4.0
92351.30625946046,0,1.0
92356.11489420079,1,2.0
92372.18288440014,0,5.0
92392.59649066813,0,5.0
92396.09796782235,1,2.0
92397.65626479682,1,3.0
92397.96341972958,0,3.0
92406.40397327788,0,3.0
92406.4047228365,1,2.0
92439.2781768025,0,2.0
92439.33112735566,1,3.0
92442.83778855109,0,3.0
92443.10111727318,1,3.0
92450.86941536283,1,5.0
92457.05735728874,0,5.0
92458.59094128924,1,5.0
92480.4677452265,1,4.0
92480.52187523621,0,1.0
92495.21996520551,1,1.0
92499.28568756723,0,4.0
92499.29759083717,0,3.0
92522.55492783443,0,1.0
92531.66082108977,1,1.0
92533.31641653807,1,2.0
92539.38408058434,1,5.0
92546.74609814871,1,2.0
92548.63944783868,0,4.0
92548.89758390235,0,4.0
92623.5181098949,0,3.0
92629.08120159015,0,5.0
92629.09075203845,1,4.0
92629.09085250332,0,1.0
92629.09189594057,0,2.0
92639.10866797632,0,5.0
92670.93209746198,0,2.0
92679.2798173693,0,4.0
92681.84495461521,1,3.0
92688.11474567825,1,2.0
92699.17637633224,1,1.0
92704.95928437731,1,1.0
92746.7315631386,1,2.0
92748.07971558927,0,3.0
92751.99062532556,0,2.0
92753.22052490516,0,2.0
92759.88733300928,0,4.0
92762.37873571926,0,3.0
92776.25162585829,0,2.0
92776.77010755197,0,3.0
92776.77054580877,1,2.0
92779.02994841903,1,2.0
92799.37030592735,1,3.0
92804.60837480218,1,5.0
92806.0878737536,1,5.0
92811.92629729207,0,5.0
92831.81302414431,1,5.0
92831.81404691366,1,2.0
92838.72081438037,0,5.0
92843.85565980912,1,5.0
92852.29625446646,0,4.0
92852.3042115397,0,5.0
92857.33419578557,0,3.0
92857.3861512294,1,3.0
92892.8913782645,0,2.0
92935.20230379245,1,5.0
92935.31628645689,0,5.0
92943.12694082834,1,5.0
92943.2877629886,1,5.0
92943.28823316113,0,2.0
92944.78365850187,1,4.0
92946.08115463721,1,2.0
92948.84888087171,1,1.0
92955.98503535123,1,3.0
92962.23422420322,0,5.0
92979.46173554423,1,4.0
92989.52315159926,0,3.0
92995.1603681738,1,4.0
92996.47047495595,1,1.0
93004.08256543534,0,3.0
93004.23875095102,1,4.0
93004.24155204438,0,1.0
93004.26932034569,1,3.0
93026.17427896036,0,3.0
93037.4542831036,1,1.0
93045.55966473481,1,3.0
93048.98603870092,0,3.0
93072.69046780746,1,2.0
93099.27821463521,0,1.0
93111.25625171626,0,3.0
93120.09761377888,0,4.0
93130.64364934764,1,5.0
93140.31332649017,0,4.0
93144.14213422968,1,4.0
93145.60690088519,0,3.0
93145.7094996661,1,1.0
93146.15801527495,0,4.0
93148.86495933439,1,1.0
93154.10425210923,0,5.0
93164.33114258591,0,2.0
93166.7206090623,0,4.0
93186.98525554406,0,3.0
93190.20770736995,1,5.0
93190.20777608248,0,5.0
93190.21345163583,1,5.0
93195.28107582469,1,5.0
93201.87571008666,1,1.0
93207.30674418995,0,2.0
93208.19644602509,1,4.0
93208.208221815,1,5.0
93209.3218779317,0,4.0
93211.93141527043,1,4.0
93231.19552382869,0,2.0
93231.19643876275,1,2.0
93231.1967009361,0,5.0
93231.19708808663,1,3.0
93231.22406254402,0,3.0
93231.70706400141,1,2.0
93232.0428655441,1,2.0
93243.67721137594,1,4.0
93249.75213893033,1,5.0
93261.85389009326,1,1.0
93300.71744382879,1,5.0
93302.62428561784,0,5.0
93302.62540058096,1,1.0
93302.8771483699,1,3.0
93320.65563327631,0,2.0
93330.55509382987,0,1.0
93335.06390715262,0,5.0
93340.00039134492,1,4.0
93344.51494491025,1,2.0
93352.58415142323,1,3.0
93360.15852040406,1,4.0
93394.55012533443,1,5.0
93418.3966370891,0,3.0
93419.08284452162,0,5.0
93420.19192841722,1,5.0
93420.19217519868,0,1.0
93420.27977724893,1,3.0
93420.31675966801,0,4.0
93420.33802490329,1,1.0
93423.94529001623,1,3.0
93434.88815193277,0,1.0
93439.22021104029,1,2.0
93439.45802462954,1,4.0
93450.77477864844,0,5.0
93456.33637261335,1,4.0
93456.37161504474,1,1.0
93460.8003931128,1,4.0
93460.8601817666,1,4.0
93461.30442539713,0,4.0
93461.30574146063,0,2.0
93488.32085047409,0,1.0
93493.88158035981,1,4.0
93500.49615247856,1,1.0
93508.52480041448,1,2.0
93524.66901700677,1,4.0
93529.16911857406,1,1.0
93535.95447273809,1,3.0
93539.90132545953,0,3.0
93541.86152800235,0,2.0
93542.54164543978,0,4.0
93542.56729955702,1,2.0
93572.62932046322,1,4.0
93578.58094408148,1,4.0
93582.47859783235,0,4.0
93589.27863555591,1,3.0
93597.87660641254,0,2.0
93601.10161542599,0,2.0
93604.81259310094,1,3.0
93629.29933346332,1,5.0
93639.45402421197,1,3.0
93639.79335286444,1,2.0
93655.48676957084,1,5.0
93674.54859547323,1,2.0
93707.38288350853,0,1.0
93708.98751754714,1,3.0
93714.7631277836,1,2.0
93732.93377609384,1,2.0
93734.61348948102,1,5.0
93740.55058258465,0,1.0
93744.31718373491,0,2.0
93763.86985334812,0,2.0
93768.74187856307,1,1.0
93785.19436527217,1,5.0
93790.65131701439,0,3.0
93791.8798759459,1,1.0
93793.23636375104,1,2.0
93795.76401958692,0,4.0
93808.00863779962,0,5.0
93808.00871080987,1,4.0
93808.0898755746,0,2.0
93808.14790012027,1,4.0
93812.64518087958,0,3.0
93814.29114618353,1,2.0
93814.75556559501,1,1.0
93821.45831952611,0,4.0
93858.74353308418,0,3.0
93867.63810397172,0,5.0
93871.5626880404,0,3.0
93875.40424040845,1,3.0
93876.47986610423,1,3.0
93895.52026587118,1,3.0
93895.57070792855,1,5.0
93899.51669013154,0,4.0
93910.19443912571,1,4.0
93927.01153342033,1,3.0
93927.10312485904,1,4.0
93930.54120842551,1,5.0
93930.54910729286,0,4.0
93932.80866061925,1,3.0
93935.20898561963,1,2.0
93939.1013406867,1,3.0
93939.20390770401,0,1.0
93941.16317050863,1,4.0
93943.88107547341,0,3.0
93946.33963163028,1,4.0
93949.93654843654,0,5.0
93949.94692681408,1,1.0
93952.74690513723,0,2.0
93960.82829502872,0,3.0
93960.8574278415,1,5.0
93960.93600438909,0,2.0
93964.04335969998,0,2.0
93970.70586165627,0,2.0
93992.23683445706,0,1.0
93994.99701378477,0,3.0
93995.37328172724,1,5.0
93995.46704351537,1,3.0
93998.23685694241,0,3.0
93999.21425673497,1,4.0
93999.40733039952,1,2.0
94000.79747392259,1,5.0
94000.96588094928,0,4.0
94007.08829848738,0,5.0
94007.08881849138,0,1.0
94033.54847667858,0,4.0
94036.82641566923,0,2.0
94037.05881029935,1,4.0
94039.70194943518,0,2.0
94044.59124525033,0,5.0
94057.59490484104,1,5.0
94057.59491624216,1,2.0
94062.9547084827,0,1.0
94069.3935381011,1,5.0
94072.727389114,0,1.0
94075.96556750065,0,5.0
94076.72237778801,1,4.0
94076.72320025245,0,4.0
94081.12077164717,1,5.0
94087.6181627585,1,4.0
94091.0813032492,1,5.0
94091.91375117208,0,1.0
94099.09902297729,1,1.0
94100.60673031345,1,5.0
94102.14610420394,0,2.0
94115.95217094797,0,2.0
94135.60515937727,1,4.0
94135.7017785662,0,1.0
94140.83323480102,1,2.0
94158.96061336389,1,2.0
94205.88778813941,1,5.0
94205.89269639079,1,4.0
94205.89533342744,0,1.0
94224.34501586296,1,2.0
94224.66852020014,1,3.0
94233.72439442879,0,5.0
94233.7328593861,1,2.0
94233.73485807754,1,2.0
94234.83234847432,1,2.0
94235.12009384982,1,5.0
94243.9945278014,1,3.0
94247.58568628278,0,3.0
94250.50641019587,1,3.0
94250.50904700963,0,4.0
94255.35304582531,0,4.0
94275.20343683555,1,4.0
94275.20916707905,1,1.0
94275.38758517957,1,3.0
94275.40885622163,0,5.0
94277.71485548641,0,2.0
94278.57092495338,0,1.0
94278.58784706396,0,2.0
94287.00484855328,1,4.0
94325.88153718587,1,2.0
94329.09555219403,1,2.0
94332.47018647223,1,2.0
94332.84480133062,0,4.0
94335.99702775577,1,1.0
94352.01136500525,1,2.0
94354.40344647484,0,1.0
94365.47898816853,1,4.0
94372.29613440002,0,4.0
94372.29653186751,0,4.0
94372.2983819849,1,2.0
94373.41208748083,0,2.0
94375.43329368279,0,2.0
94382.4868447245,1,1.0
94389.13693130895,0,4.0
94396.70833764087,0,5.0
94403.34262805329,1,5.0
94403.34386508899,1,3.0
94411.09752014869,1,4.0
94411.09791294359,0,2.0
94421.02356646192,1,2.0
94425.5086593955,1,1.0
94431.25130189011,1,3.0
94434.97526303475,1,5.0
94434.97637729943,0,3.0
94434.97793836445,1,2.0
94439.14871055541,1,1.0
94443.83111083516,0,2.0
94476.56311242079,0,3.0
94476.56598712766,1,4.0
94480.73968105462,1,4.0
94481.08748666495,0,2.0
94502.65202861093,0,4.0
94503.20083612434,1,2.0
94509.39370323012,0,3.0
94516.9900754642,0,2.0
94524.55223139947,0,4.0
94524.55302279787,0,2.0
94534.32286440548,0,3.0
94537.56838676063,1,5.0
94537.57450176032,0,3.0
94542.80696474503,1,3.0
94555.40162841804,0,1.0
94556.71381816218,0,1.0
94578.39816370278,0,5.0
94581.27808517282,0,5.0
94592.21439209105,0,4.0
94607.40605854556,0,4.0
94607.4156548405,1,4.0
94607.41567700192,0,3.0
94607.41575564731,1,1.0
94607.42839967714,0,2.0
94609.1785945672,0,1.0
94615.02742038478,0,1.0
94616.43996989558,0,1.0
94617.61418055953,1,4.0
94620.24542378083,0,3.0
94627.28877800998,1,4.0
94628.27462079235,0,2.0
94630.65332347958,0,3.0
94634.4026247726,0,2.0
94636.94278687863,1,5.0
94648.85001624128,1,2.0
94655.64944277506,0,2.0
94658.60073894655,1,4.0
94659.3219500435,1,3.0
94680.95267762984,1,4.0
94691.55494139422,0,5.0
94691.55743498856,1,4.0
94691.63397318803,0,2.0
94691.7331592631,1,5.0
94698.29663940624,1,1.0
94702.03728582073,0,4.0
94710.29370913119,1,4.0
94710.29518420283,1,2.0
94710.29646149458,0,2.0
94722.53540745238,1,5.0
94734.19470194608,0,2.0
94745.41117495067,0,2.0
94753.90276840108,1,2.0
94761.09504361046,1,3.0
94774.46268935068,0,2.0
94777.37750158776,1,5.0
94781.333704682,0,3.0
94782.03267758293,0,1.0
94782.03517416089,1,2.0
94782.14507404932,0,4.0
94800.08872264811,1,4.0
94800.09020875713,0,2.0
94806.9688914048,1,2.0
94807.07475717229,0,5.0
94812.25398650562,0,5.0
94825.39986090474,0,4.0
94827.05530377144,1,4.0
94827.07553033734,1,4.0
94827.1342502315,1,3.0
94828.49118995381,1,3.0
94829.35785505484,1,4.0
94829.3606774685,0,2.0
94829.6074911711,1,5.0
94854.37289927434,1,5.0
94854.9695058792,1,1.0
94857.10481830148,0,2.0
94858.58015639239,1,3.0
94869.19258982175,0,5.0
94869.19437872352,1,3.0
94886.88630943467,1,3.0
94887.96824930316,0,2.0
94901.9430682369,1,3.0
94904.3739242879,1,4.0
94904.71452700997,1,5.0
94915.46805059252,1,1.0
94932.87593227085,0,2.0
94951.41045410314,1,4.0
94957.80369964181,0,5.0
94960.07537158833,1,1.0
94977.44174401984,1,5.0
94997.75445938966,1,1.0
94999.25226640925,1,4.0
95004.73273643156,0,2.0
95018.96288932231,1,4.0
95020.17014958507,1,1.0
95036.70375473847,0,4.0
95036.70678462363,1,1.0
95063.05132529291,1,4.0
95063.9753939509,1,5.0
95064.00565741793,1,2.0
95066.42173098259,1,4.0
95066.42281395363,0,1.0
95066.42478837073,1,5.0
95083.93964003706,1,3.0
95096.71956836722,1,5.0
95097.0021734813,0,3.0
95121.13718084648,1,4.0
95125.2571645986,0,5.0
95150.59472710777,1,1.0
95163.44467811225,1,4.0
95171.67795769089,0,4.0
95171.69737564902,1,2.0
95179.39210835905,0,3.0
95182.62243012276,0,5.0
95183.90763158696,0,5.0
95185.60620198616,0,3.0
95185.60683914644,1,5.0
95195.56411299747,0,4.0
95196.58706192445,0,5.0
95211.50153260193,1,5.0
95214.57771873605,0,1.0
95226.79946334283,1,5.0
95226.80824991131,1,2.0
95227.07490435085,1,1.0
95228.1126633808,0,3.0
95232.01884193587,0,1.0
95249.04264030987,1,2.0
95282.84119204315,1,2.0
95310.05130722714,1,3.0
95312.46637790189,0,1.0
95340.5934686468,1,1.0
95343.64866340494,0,3.0
95348.31054474905,0,4.0
95357.22797124529,0,1.0
95374.16723682551,1,5.0
95387.17632541656,1,2.0
95391.01121735295,1,2.0
95391.79166431124,0,2.0
95408.33392902529,1,4.0
95408.35218991197,1,5.0
95409.14175554617,0,5.0
95411.89886070197,0,3.0
95412.56830596575,1,3.0
95427.0637305621,1,4.0
95427.06384151883,0,4.0
95427.06789854294,0,3.0
95427.06958788547,0,4.0
95435.81891808151,0,4.0
95445.1885335261,0,1.0
95451.82719810365,1,2.0
95475.97212877129,0,2.0
95477.21791391773,0,1.0
95478.51457468774,1,5.0
95478.64690064592,1,5.0
95478.65364369733,0,5.0
95478.65515199018,1,5.0
95479.03128236515,0,1.0
95479.57278699074,1,2.0
95513.30930937812,1,4.0
95514.26261237508,1,2.0
95518.65447839371,0,1.0
95527.91251928374,0,4.0
95534.67443492568,0,4.0
95540.90977909185,0,1.0
95542.64423725648,1,4.0
95560.15782998329,0,3.0
95560.28210518441,1,1.0
95564.21196843257,1,3.0
95571.54980388883,0,2.0
95571.5702805384,1,5.0
95571.57199224095,0,2.0
95573.57132730227,0,1.0
95580.58140543384,0,2.0
95584.56447330107,0,3.0
95586.85257383941,1,5.0
95596.5666532792,0,3.0
95601.42992123762,0,3.0
95622.9725323662,1,4.0
95623.41666094471,1,1.0
95695.80786140087,0,1.0
95714.47421121947,0,5.0
95720.91617736625,0,1.0
95740.6257416783,1,1.0
95746.10179919288,1,1.0
95753.59481546261,0,1.0
95762.75096512964,0,5.0
95767.57606540721,0,4.0
95767.58800840753,1,1.0
95777.83594367163,1,4.0
95785.64438915436,0,1.0
95795.21352078061,1,5.0
95795.41180799383,1,5.0
95825.2817470588,1,1.0
95832.15955751686,1,4.0
95836.4752744295,0,4.0
95844.15483407742,0,3.0
95851.86268793698,0,4.0
95852.09770534324,0,1.0
95866.17921492533,1,1.0
95874.97867500939,0,5.0
95876.0782732323,0,4.0
95876.4370601363,0,1.0
95888.02518034214,0,2.0
95909.98276801532,0,1.0
95929.8884439753,0,5.0
95945.67725658239,1,3.0
95970.71168271957,0,4.0
95980.22880959747,0,5.0
95980.84616491529,1,1.0
95980.95178656421,1,2.0
95990.96596984453,0,3.0
95999.58667720736,0,2.0
96000.36218621225,0,3.0
96002.2663568025,1,3.0
96011.08839602316,0,3.0
96015.92509123833,1,4.0
96016.76827166027,1,4.0
96016.78808737577,1,5.0
96016.86842955534,1,3.0
96017.62049081006,1,2.0
96030.55048370808,1,4.0
96030.5506497726,0,5.0
96030.55643852131,1,2.0
96030.60227772022,0,2.0
96056.47884825195,0,1.0
96061.8992024999,0,2.0
96065.55005734386,1,5.0
96065.61411666813,0,4.0
96067.36882606926,0,4.0
96068.03113480171,1,1.0
96068.20637924482,0,2.0
96077.61878108329,0,5.0
96077.62670370404,1,2.0
96095.75541345282,0,5.0
96095.95827955427,0,1.0
96116.29644939433,0,1.0
96117.47672761827,0,3.0
96130.88640138654,1,2.0
96133.88165024994,0,3.0
96133.89694549094,0,3.0
96155.90608575665,1,4.0
96159.3567430276,1,3.0
96175.26618398762,0,2.0
96176.83926852739,1,2.0
96178.27680700917,0,1.0
96180.1935470745,0,4.0
96187.36266602938,0,3.0
96187.36297330748,1,5.0
96187.3722417831,1,1.0
96191.92772897579,0,4.0
96194.27148286309,0,3.0
96206.3169798618,0,1.0
96212.96243189728,1,1.0
96213.83584897945,1,3.0
96225.11554481424,0,3.0
96229.56578181245,1,2.0
96232.5230087619,1,4.0
96253.78720924148,0,5.0
96255.0399203383,1,5.0
96259.71607017868,1,5.0
96270.63132925269,0,3.0
96285.27485189674,0,5.0
96293.47923187082,1,5.0
96311.76081956142,0,3.0
96312.67231136365,1,5.0
96320.46706369564,0,3.0
96321.51085078469,0,1.0
96331.27585479656,0,2.0
96349.07172110188,0,2.0
96360.07136795476,1,5.0
96370.11375418138,1,2.0
96378.87603747664,1,4.0
96413.26825690547,0,3.0
96421.55714401591,0,4.0
96450.23218414892,1,3.0
96455.09536923538,1,3.0
96457.53889351046,1,1.0
96466.07052024067,1,5.0
96470.16352723008,0,3.0
96475.8578548517,1,3.0
96475.86030143999,0,2.0
96476.06742233735,0,2.0
96476.07901192326,1,4.0
96480.58355688195,0,4.0
96490.2502165758,1,1.0
96490.29779610761,0,4.0
96497.77162519781,0,4.0
96498.63680152992,1,3.0
96498.6374442242,1,4.0
96498.64069460436,0,2.0
96500.60214145713,1,5.0
96500.6463496736,1,3.0
96500.90231898024,1,1.0
96500.90433376265,0,4.0
96501.29087433417,0,4.0
96503.23536690763,0,3.0
96503.24373347229,0,4.0
96504.9741074483,1,5.0
96506.9461353463,0,4.0
96506.95050371853,0,5.0
96506.95310667901,1,2.0
96506.96118626943,1,4.0
96507.52078307161,1,1.0
96512.04320037755,0,1.0
96525.0054471142,0,2.0
96535.30093110361,0,2.0
96538.36826540354,0,5.0
96552.21163150642,0,1.0
96555.71209841823,1,5.0
96567.56116350832,0,4.0
96573.63055843429,1,5.0
96576.71187029648,1,2.0
96587.52785331961,0,5.0
96587.5292299742,1,3.0
96587.5424522539,1,1.0
96597.36746233611,0,1.0
96597.86089803085,1,1.0
96598.3193813941,1,1.0
96598.88094888662,1,1.0
96599.07382051389,0,1.0
96608.44801739813,1,2.0
96622.94001414864,1,2.0
96626.17086289778,0,3.0
96644.05673151354,1,4.0
96654.3626711954,0,3.0
96654.47199307776,1,3.0
96689.8419684836,1,1.0
96692.9940850173,0,2.0
96694.12073306118,0,5.0
96695.2555659914,1,2.0
96712.03781243642,1,4.0
96712.12120945341,1,1.0
96714.91420150954,0,4.0
96714.91556960404,1,3.0
96715.04623464253,1,3.0
96715.27737417464,1,4.0
96715.27810881422,1,5.0
96720.87902019516,1,5.0
96721.973984986,0,2.0
96760.6086184489,0,2.0
96769.92084993873,0,2.0
96807.48269380617,0,5.0
96807.49021465248,1,5.0
96807.49078699667,0,2.0
96807.55645938969,0,4.0
96807.5585959935,1,4.0
96807.83874595286,0,5.0
96807.84253387456,1,1.0
96807.85653717801,0,3.0
96807.85762230119,0,4.0
96810.15257443069,0,3.0
96821.21703888747,1,5.0
96825.90762116014,0,2.0
96858.14758856122,1,1.0
96863.79495931465,1,1.0
96882.62498040585,0,2.0
96916.5089654543,1,3.0
96917.35325010549,0,3.0
96945.73472072766,1,3.0
96945.92543230759,1,5.0
96946.09156161449,0,1.0
96947.31309375243,1,1.0
96958.22504344265,0,4.0
96962.338787087,0,1.0
96978.46720502252,1,3.0
96979.38888851863,1,5.0
96981.37145053511,0,5.0
96981.37382020126,1,5.0
96981.49458800981,1,2.0
96983.98415525077,0,4.0
96991.68023889179,1,5.0
96992.7047032011,1,5.0
96993.25556440756,1,3.0
97001.30228573002,1,1.0
97012.46953015427,1,4.0
97012.46985789039,0,5.0
97023.69443832387,0,1.0
97024.57402526242,1,5.0
97027.40558753033,1,4.0
97027.42788046495,0,4.0
97027.43396346986,1,4.0
97030.71638936573,0,4.0
97058.42814916455,0,1.0
97065.21898735099,1,3.0
97094.42105512368,0,3.0
97100.43551555352,0,3.0
97102.19900308464,0,3.0
97126.15576267155,1,2.0
97154.38974726656,0,3.0
97156.69556989128,1,4.0
97165.98331062721,0,3.0
97168.5363593991,0,4.0
97170.37345279014,0,2.0
97178.60325059744,0,4.0
97178.69246435493,0,2.0
97185.50806550813,0,2.0
97188.56823471554,1,5.0
97188.56897744485,1,1.0
97201.40610349743,1,3.0
97221.65733504112,1,2.0
97231.36007492807,0,3.0
97250.18486836823,1,2.0
97264.33705296592,1,1.0
97267.6014822878,1,5.0
97267.60268361492,1,3.0
97278.47529841104,1,5.0
97281.60537106812,0,1.0
97281.78738336237,0,2.0
97283.94644789986,0,3.0
97290.16822074677,1,1.0
97293.66669551899,1,2.0
97314.89140261432,0,4.0
97318.30793498148,0,4.0
97323.34288944333,0,5.0
97332.91005253582,0,2.0
97341.16355377749,0,1.0
97345.3944553705,1,5.0
97365.45232975272,1,1.0
97370.06469330544,0,3.0
97371.71515532912,0,1.0
97378.5792626106,1,1.0
97379.96542324402,1,1.0
97391.10373772237,0,4.0
97391.10887616259,1,5.0
97431.8080523471,0,2.0
97437.36197760998,1,2.0
97445.07093197905,1,1.0
97455.1625367873,1,4.0
97459.81018576906,1,3.0
97461.2597789783,0,3.0
97462.05331392105,0,4.0
97489.90840991458,1,4.0
97489.91064454586,1,4.0
97489.92291194144,1,4.0
97495.29644277455,0,4.0
97506.69965460843,1,5.0
97507.4029463877,1,5.0
97508.36249898843,0,4.0
97508.41188191721,0,3.0
97508.47710779433,0,2.0
97541.19708973693,0,5.0
97556.44760769563,1,5.0
97556.44811317908,0,2.0
97564.71852461935,1,2.0
97601.53678621704,1,4.0
97601.78001877939,1,1.0
97622.88622600971,1,1.0
97636.18692846721,0,4.0
97644.46488030565,1,5.0
97651.51125865395,1,4.0
97671.87310097803,1,3.0
97671.87315126766,0,2.0
97690.37629554082,1,3.0
97695.0240686963,0,5.0
97711.09772008768,1,3.0
97711.16672808261,0,2.0
97721.93886266934,1,2.0
97746.18856879351,0,4.0
97753.94339534614,1,1.0
97765.46947113695,1,2.0
97783.5016506111,0,2.0
97798.29475420907,0,2.0
97816.2311520592,1,5.0
97845.01458356998,1,5.0
97851.82762687642,0,3.0
97892.9193907137,0,2.0
97893.89023788004,0,1.0
97900.55745392398,0,5.0
97900.5604912194,0,5.0
97900.56090943565,1,3.0
97903.56073622084,0,4.0
97903.56262496408,1,5.0
97903.57038869144,1,3.0
97903.61727232284,1,1.0
97903.8312639499,1,5.0
97904.14384854306,0,1.0
97904.28155600389,0,4.0
97904.34282304194,1,2.0
97910.57122124468,1,1.0
97951.89946679259,0,4.0
97954.35133283869,1,4.0
97954.35314846579,1,4.0
97954.36026299534,1,3.0
97987.95207343833,0,3.0
97987.95520674154,0,1.0
97989.53597108186,0,5.0
97991.78361707852,0,4.0
97996.37121507578,0,2.0
98024.07046119531,0,1.0
98026.45087352568,0,1.0
98027.48262028224,1,3.0
98035.2565034986,0,2.0
98051.468354122,0,5.0
98051.49329825166,1,4.0
98051.49426747892,0,5.0
98053.02022995087,1,3.0
98056.91740542193,0,1.0
98070.78954080096,0,2.0
98072.97608969828,0,3.0
98097.16222318068,0,3.0
98108.12203707542,0,2.0
98109.34548104768,0,4.0
98109.3465908468,1,1.0
98111.56865837473,0,4.0
98135.28235733807,0,5.0
98152.35016599704,1,4.0
98156.9261978892,0,4.0
98166.15945375271,0,5.0
98169.58333912717,0,3.0
98170.00746438779,0,5.0
98172.50749931748,1,3.0
98176.7313587185,0,4.0
98176.9040853691,1,2.0
98192.72129140513,0,5.0
98211.86800531404,0,2.0
98228.78788207719,1,4.0
98232.83106561853,1,4.0
98237.57566410476,0,2.0
98240.37859352685,0,2.0
98240.38583485299,0,3.0
98252.67528281793,0,5.0
98264.13543428798,1,1.0
98298.68284683806,0,3.0
98303.63427865137,0,1.0
98304.91593938309,0,3.0
98310.92072126428,1,2.0
98313.48008599108,1,2.0
98330.22248075795,0,4.0
98335.11334870389,1,1.0
98344.76731913556,1,2.0
98355.27617947584,0,1.0
98373.41941235085,0,1.0
98379.2648479262,1,4.0
98390.1833297894,1,4.0
98399.5947452167,0,3.0
98418.39469124282,0,4.0
98419.64559309227,1,4.0
98422.17740762868,0,5.0
98433.53228650629,1,5.0
98433.59032699413,1,2.0
98434.73104377702,1,1.0
98437.38190832044,0,3.0
98439.22132362671,1,2.0
98443.94275482252,0,4.0
98447.61613410474,0,1.0
98458.32872084786,0,5.0
98469.91645554452,0,2.0
98487.1489119822,1,1.0
98493.06400467818,1,4.0
98505.85161275357,0,5.0
98539.61034182129,1,4.0
98559.50518146362,1,4.0
98574.79097351294,0,5.0
98574.79510088942,0,2.0
98580.81139251712,0,1.0
98584.45782759115,0,4.0
98588.3827978007,1,4.0
98588.90043296412,1,3.0
98591.90085407738,1,5.0
98591.90357227744,1,1.0
98593.81832423102,1,2.0
98596.02079013652,0,4.0
98597.257007738,1,2.0
98601.96516693212,0,1.0
98622.78209637021,1,5.0
98624.49627332648,1,4.0
98632.38751872898,1,1.0
98632.65737798224,1,3.0
98632.67725215109,1,3.0
98634.02264073354,0,5.0
98654.34703894545,1,4.0
98656.88349973765,1,3.0
98666.01637820077,1,1.0
98667.7742162419,0,3.0
98672.80427102678,0,3.0
98677.46539078446,0,2.0
98683.25302154454,1,1.0
98683.65437846626,1,5.0
98687.41673641319,0,1.0
98698.02734586265,1,1.0
98701.9892825209,0,3.0
98702.0634645329,0,5.0
98702.06927078133,1,4.0
98702.0920997932,0,2.0
98713.97143137397,1,1.0
98720.41276147497,1,4.0
98734.02697347738,0,2.0
98736.20593110553,0,5.0
98736.20614262712,0,1.0
98745.57523122162,1,1.0
98758.8977061371,1,5.0
98758.89876901188,0,2.0
98758.90119617897,0,4.0
98758.90531773327,0,3.0
98759.97281594886,0,5.0
98760.94241352918,0,5.0
98762.86297661615,0,1.0
98765.60936744726,0,3.0
98767.92255475238,1,2.0
98783.78338550561,0,5.0
98783.7896802448,0,4.0
98788.59637763063,1,3.0
98788.60513879244,0,1.0
98798.95322101437,0,1.0
98815.89804969494,0,4.0
98816.19667104614,0,4.0
98816.2680672461,0,3.0
98824.81073437199,1,4.0
98840.74891356842,1,5.0
98848.58173711813,0,3.0
98854.05305185838,0,5.0
98855.17583324552,1,4.0
98857.87499991899,1,2.0
98873.577710622,1,1.0
98880.93686913644,1,5.0
98880.93809854213,1,1.0
98881.52756556994,1,5.0
98887.54490593796,1,4.0
98893.877012568,0,4.0
98893.88311185046,0,2.0
98894.71354444815,1,5.0
98898.37245521437,0,3.0
98898.37338990484,1,3.0
98906.70822962052,0,4.0
98914.14764660121,0,1.0
98915.2152448711,1,3.0
98915.82927578969,0,5.0
98917.47451617174,0,1.0
98920.24149361842,1,5.0
98926.08665826918,0,2.0
98930.70304262632,0,2.0
98956.99049938766,0,1.0
98958.04607271873,0,4.0
98982.67068059172,1,1.0
98982.95847621677,0,1.0
99003.76055730303,0,3.0
99025.12704538905,0,5.0
99025.13209516188,1,3.0
99027.108907832,1,2.0
99030.79528701362,1,4.0
99043.3209631429,1,5.0
99047.72524406815,1,3.0
99047.87781068087,1,3.0
99051.7103073343,1,3.0
99059.00448751076,0,5.0
99059.00450663372,1,4.0
99060.48187636361,0,1.0
99060.62117439669,0,1.0
99062.30907733492,0,1.0
99070.54276631157,1,4.0
99070.64929432841,0,2.0
99074.4036236017,1,4.0
99078.56087189491,1,3.0
99094.62092976375,1,4.0
99103.56147624335,1,4.0
99106.9029333393,1,2.0
99107.20269876151,1,5.0
99107.20337966204,1,5.0
99108.12472721,1,2.0
99113.8705029988,1,5.0
99125.88133649678,0,3.0
99135.0000310031,0,1.0
99135.47033089564,1,1.0
99160.78902291266,0,4.0
99179.35488295759,1,5.0
99196.23419423777,0,2.0
99199.59323487968,1,5.0
99210.17214808914,1,5.0
99210.62835498097,0,3.0
99212.84323662806,1,5.0
99252.8278444465,0,3.0
99266.96275808685,0,3.0
99276.2208227315,0,4.0
99295.19923237766,1,1.0
99298.81774737412,0,1.0
99306.26085096305,0,1.0
99307.45901656835,1,1.0
99310.39363506105,0,4.0
99314.95424198262,1,2.0
99315.35275131399,1,1.0
99316.68663588072,0,2.0
99318.34031038251,1,4.0
99321.54882353838,1,2.0
99341.12432527335,1,4.0
99347.21630412442,1,3.0
99351.10777146836,1,5.0
99354.67282078376,1,4.0
99356.88568466718,0,5.0
99360.09165374182,1,3.0
99364.83813981093,0,1.0
99376.51028406825,1,2.0
99392.18213658311,1,5.0
99395.03854780077,1,5.0
99395.03934818343,0,2.0
99395.29985674097,0,4.0
99395.74741814939,0,4.0
99396.29889284635,1,1.0
99411.78273747498,0,3.0
99412.13725157974,0,1.0
99418.18223059285,0,5.0
99420.33712592034,0,1.0
99439.4082759807,0,4.0
99439.61080155094,0,1.0
99466.89523857212,1,5.0
99466.89625807025,1,3.0
99466.89705723316,0,3.0
99468.03629341598,1,5.0
99497.12582945045,0,1.0
99503.63850263224,0,4.0
99503.64108282392,1,1.0
99505.94792156313,1,2.0
99506.65348192402,0,5.0
99506.79028734913,0,5.0
99512.18222243087,0,3.0
99541.33952976216,0,1.0
99558.30129578363,0,4.0
99564.16031832072,0,2.0
99587.41137925636,1,3.0
99588.51966896339,0,2.0
99597.26538414416,0,4.0
99600.58270434263,1,4.0
99600.98338458406,0,4.0
99600.9948299152,1,3.0
99603.62833476004,1,4.0
99603.6289410411,0,2.0
99613.41916089176,0,2.0
99620.40124266205,0,1.0
99626.93774131939,1,3.0
99645.1253235785,0,4.0
99645.5624613072,1,1.0
99656.59977215421,1,4.0
99663.67277351624,0,1.0
99665.71664800453,0,5.0
99666.35695494256,1,1.0
99668.51160199945,0,1.0
99671.47816738985,0,1.0
99674.59590879321,1,5.0
99674.59616510301,0,4.0
99674.68717882359,0,5.0
99682.1326107068,1,4.0
99686.92433690363,0,4.0
99716.91647157467,0,3.0
99717.55382815182,0,3.0
99733.19444241398,1,4.0
99745.56269306483,0,3.0
99761.30760957759,0,5.0
99761.31609680422,0,5.0
99801.82597877977,0,2.0
99809.02646319951,1,2.0
99815.67542220418,0,4.0
99815.80935874165,1,5.0
99816.83239234249,1,1.0
99834.71996692587,1,1.0
99835.00458807708,1,4.0
99835.00489704992,1,5.0
99835.04500704272,1,2.0
99835.66625272663,1,5.0
99844.27498873431,1,5.0
99846.6728204191,0,5.0
99846.96011362506,1,2.0
99847.43377985322,1,5.0
99862.34251967147,0,5.0
99862.34362123552,0,5.0
99862.42821955531,0,3.0
99862.59273429718,0,3.0
99866.08469493486,1,2.0
99908.37665648812,1,4.0
99913.03078399901,0,3.0
99913.03427714121,0,4.0
99926.26405412042,1,1.0
99927.52558065752,1,4.0
99927.53377416424,0,4.0
99927.53538674916,1,3.0
99927.53584563172,1,5.0
99927.5360536211,0,2.0
99927.53749630376,0,5.0
99927.53854711063,0,4.0
99928.24427068238,0,1.0
99928.28880617369,0,5.0
99928.31900644417,1,3.0
99931.3208059439,1,3.0
99932.89683262094,1,3.0
99940.21822088915,1,4.0
99941.0600859333,1,5.0
99941.06949425032,0,5.0
99944.75439385447,1,3.0
99945.70725312439,0,2.0
99951.1419161849,1,2.0
99954.66492836394,0,3.0
99955.21284378252,0,1.0
99964.23437449489,1,4.0
99964.23920529425,1,5.0
99992.30147701222,0,2.0
99994.91787102155,0,3.0
99998.29842745405,0,1.0
100001.31143632309,0,5.0
100008.88815368817,1,5.0
100008.91023828067,0,5.0
100008.92227030694,0,1.0
100016.53839954438,1,4.0
100016.53917976852,0,4.0
100016.57935523381,0,3.0
100022.75293539818,1,3.0
100049.71501671779,0,1.0
100077.46283963845,1,4.0
100078.81198057011,1,2.0
100100.63071909134,1,4.0
100100.87637876418,1,2.0
100112.31087339346,0,3.0
100132.38835055583,1,3.0
100132.64142977225,0,5.0
100133.03589477822,1,4.0
100143.60647302704,1,1.0
100143.76812040602,1,4.0
100153.68155177994,0,4.0
100153.68324645855,0,4.0
100160.41507791686,0,5.0
100160.41649368106,0,1.0
100163.7402699758,1,3.0
100169.14360444009,1,4.0
100184.54573151952,1,5.0
100184.67739007699,0,3.0
100216.34242595425,0,5.0
100216.3425330383,0,1.0
100231.05961304881,1,3.0
100247.7382619282,0,2.0
100252.36384233557,0,5.0
100263.31769173736,1,1.0
100271.20009420183,0,1.0
100277.42265986382,0,2.0
100283.80200967145,0,3.0
100307.82305706087,1,5.0
100308.68302501539,1,4.0
100308.68373391122,0,1.0
100308.68422529314,0,5.0
100309.76560641445,0,2.0
100311.6784327188,1,5.0
100311.6971220868,0,3.0
100319.23170164009,1,1.0
100324.39524482698,1,3.0
100334.65038833185,1,1.0
100335.90574538993,0,5.0
100337.08665528943,0,3.0
100338.45972128278,1,5.0
100343.41321266895,1,2.0
100348.6333792426,1,1.0
100349.79496734636,0,4.0
100378.3130214508,1,2.0
100394.76924407577,1,2.0
100397.61848111659,0,5.0
100397.6516720887,0,5.0
100397.69768139109,1,4.0
100419.42933710225,0,1.0
100420.2036001426,0,1.0
100423.07493452038,0,1.0
100424.65566225059,0,3.0
100425.04107500814,0,1.0
100425.96433722386,1,3.0
100431.03286884143,0,1.0
100436.14295954428,0,2.0
100447.5357042307,1,2.0
100451.12406239007,1,2.0
100452.54917622333,0,5.0
100452.55694627126,1,2.0
100457.36378201903,0,1.0
100457.53566279501,1,4.0
100457.54062679764,1,5.0
100457.54105778059,0,2.0
100459.04934721197,0,1.0
100460.33705107465,0,3.0
100481.7243633457,1,1.0
100481.90143321632,1,2.0
100482.99841329597,0,4.0
100498.10969042697,0,5.0
100498.10990795298,1,2.0
100537.21000304318,1,1.0
100537.76613264452,1,3.0
100546.843901145,1,5.0
100546.84464238903,0,2.0
100549.2297187202,1,5.0
100549.23005028217,1,1.0
100552.35040067951,0,2.0
100557.3174658915,0,2.0
100557.3612271721,0,5.0
100587.00237535936,1,4.0
100589.41513046349,1,2.0
100592.53249631502,1,4.0
100592.5428064201,0,1.0
100616.17731936075,1,2.0
100632.32956801442,1,2.0
100643.88806984398,1,3.0
100645.36483428066,1,1.0
100646.39554691233,1,2.0
100647.65140851155,0,1.0
100648.41115527967,0,3.0
100659.4422249005,1,3.0
100659.44228234154,1,1.0
100669.40492216081,1,2.0
100675.54645340871,0,5.0
100675.58086921772,1,2.0
100691.91385315848,0,5.0
100693.70618868443,0,1.0
100700.25050245336,1,3.0
100701.25245493054,1,3.0
100702.50051413225,0,4.0
100705.90907287381,1,2.0
100706.00121002541,0,1.0
100717.62588433492,1,1.0
100739.27192949806,1,2.0
100745.01097110278,0,4.0
100745.7083387213,0,4.0
100745.9364614523,1,1.0
100752.66313931774,1,5.0
100752.66365663038,0,4.0
100752.66378243468,1,1.0
100752.66657102459,0,1.0
100762.23375693211,1,2.0
100768.63743441387,1,5.0
100777.93645700053,1,1.0
100786.26778134769,1,4.0
100794.51551904644,1,2.0
100795.66080268688,0,2.0
100795.7883026866,0,2.0
100795.81151427164,0,1.0
100798.51007941765,0,3.0
100798.51342489623,1,5.0
100810.07161237192,0,1.0
100812.94139769932,0,3.0
100814.2577522227,1,4.0
100818.05262214565,0,3.0
100819.74266857811,1,2.0
100823.5100037645,1,2.0
100836.30631361605,1,2.0
100842.73060078721,0,2.0
100847.47544999763,1,5.0
100850.75095777637,1,5.0
100880.63491536267,1,3.0
100880.63522413367,1,5.0
100881.10307775164,0,2.0
100896.93323602519,0,4.0
100904.51632071001,0,2.0
100906.5878494099,0,4.0
100907.94682560994,1,2.0
100911.29950207297,0,5.0
100957.1697508961,0,4.0
100965.70858397029,0,4.0
100976.03051740665,1,2.0
100981.35040538538,0,3.0
100987.8549189676,1,5.0
100994.48931381322,1,5.0
100994.48951619111,1,5.0
100994.49072334342,1,4.0
100994.49219382106,0,2.0
100994.49437749309,1,5.0
101000.12478108062,1,1.0
101005.60999790095,0,5.0
101022.6516459054,0,1.0
101032.53806658824,1,4.0
101033.79218583198,1,4.0
101046.49785449587,0,2.0
101048.36567144269,1,3.0
101062.15459050798,0,2.0
101066.72395329631,1,4.0
101077.0250738349,0,1.0
101088.05898394724,0,2.0
101094.2135636614,0,1.0
101097.34853110324,0,3.0
101105.72025110516,0,5.0
101108.19689719962,1,3.0
101126.128219288,1,2.0
101126.21309458576,0,4.0
101127.29658021363,1,5.0
101128.21483640153,1,2.0
101130.2356245108,1,4.0
101131.99719673886,0,1.0
101142.04538481768,1,2.0
101159.04076769683,0,5.0
101159.07689127095,0,3.0
101175.2187523996,0,4.0
101175.21985136205,0,1.0
101188.52451667534,1,5.0
101188.52536519094,0,3.0
101188.52553956881,1,5.0
101188.52628521595,1,4.0
101188.52922906214,0,1.0
101188.53579873951,0,3.0
101188.61041998614,0,5.0
101193.74903519341,1,5.0
101193.89109590245,0,2.0
101194.92191905678,1,1.0
101197.8171642323,1,2.0
101198.24166565598,0,2.0
101221.44964605744,0,3.0
101222.56649935491,0,4.0
101244.9363727507,1,4.0
101246.86817122043,0,5.0
101246.86950622982,1,2.0
101248.32332633411,0,1.0
101255.0936781431,0,3.0
101270.30746775308,0,4.0
101270.315661793,0,2.0
101293.77110647863,1,1.0
101295.21170047442,0,2.0
101296.17359567912,1,4.0
101297.9070977235,1,2.0
101297.90804756385,0,5.0
101302.53626114882,1,4.0
101303.24420266674,0,5.0
101303.47745097383,0,1.0
101308.52626622967,1,1.0
101309.60507586971,0,1.0
101310.10371196951,0,2.0
101313.2916625583,1,5.0
101323.54844927948,0,1.0
101323.56852795034,1,5.0
101325.10680687716,0,3.0
101325.85060788307,1,1.0
101328.9739177673,1,2.0
101332.53046415687,1,3.0
101348.08185375367,0,2.0
101351.53735538838,1,5.0
101351.53791226052,0,3.0
101360.10416382547,0,1.0
101370.5019677616,0,4.0
101371.5874203533,0,3.0
101375.59546423913,1,1.0
101375.70144187871,1,1.0
101375.74136467844,0,4.0
101386.33347778578,1,3.0
101398.05314531775,0,1.0
101407.4798486673,1,2.0
101407.49276963164,1,4.0
101407.50286054044,0,3.0
101415.79153390374,0,2.0
101419.31482996837,0,1.0
101419.34610282132,0,1.0
101420.58963444455,0,2.0
101448.57402917414,0,3.0
101448.60693800599,0,3.0
101449.40261668056,0,5.0
101449.40439071426,1,3.0
101449.80514892915,1,1.0
101450.37496730605,1,5.0
101458.59157188756,0,2.0
101469.28849410135,0,2.0
101471.0464353184,0,5.0
101503.7268252497,0,3.0
101527.7090806508,0,2.0
101528.33073853453,0,1.0
101531.881650071,1,3.0
101548.03318470404,0,4.0
101548.03617381281,1,3.0
101555.71244310321,1,1.0
101567.05856787624,1,3.0
101567.26180968952,1,1.0
101572.00860723117,1,4.0
101582.52943819265,0,2.0
101586.92942249995,0,5.0
101590.2729970181,1,1.0
101599.57340555888,0,1.0
101611.16073751872,0,5.0
101615.66005499568,1,2.0
101620.81701062611,1,5.0
101624.59332356401,0,1.0
101632.83276063847,0,5.0
101632.84033376626,1,5.0
101634.57792205704,1,2.0
101634.61260228751,0,1.0
101634.8868940479,1,3.0
101634.88721117328,1,2.0
101636.80928816696,1,1.0
101637.47911595993,0,5.0
101637.48136648338,1,5.0
101637.71870389253,1,4.0
101639.39452799907,0,1.0
101655.30206466425,0,4.0
101655.3055232396,1,2.0
101655.6110880268,1,2.0
101694.60769987483,0,2.0
101700.65500876191,1,5.0
101701.33139430617,1,4.0
101701.33192865078,0,3.0
101701.3333148509,0,1.0
101739.83737766014,1,1.0
101742.16615014327,0,1.0
101761.27944547235,0,4.0
101761.44133313342,0,5.0
101764.71374934123,0,5.0
101767.99616880786,0,1.0
101770.59549113653,1,1.0
101778.8681622875,1,2.0
101782.13946712388,0,5.0
101799.7713121266,0,3.0
101815.73890427759,0,3.0
101823.83361403242,1,5.0
101833.04231051302,0,4.0
101833.04385211044,0,3.0
101836.63813202825,1,3.0
101837.44969619227,1,2.0
101839.60034528814,1,1.0
101846.87647900952,0,4.0
101860.87183897883,1,5.0
101861.95390302334,1,3.0
101865.36975547037,0,2.0
101883.82845337834,0,5.0
101891.30162544065,1,5.0
101891.3057923033,0,4.0
101891.30618819906,0,5.0
101891.30658975137,1,5.0
101897.88937823822,1,1.0
101911.77101329227,0,2.0
101912.59936421698,1,2.0
101915.05791888206,0,5.0
101927.83477078938,0,5.0
101937.2698084395,0,4.0
101943.7546246932,0,4.0
101970.15643346836,0,5.0
101972.98895023561,1,3.0
102015.73414401982,1,3.0
102039.07981738239,0,1.0
102043.97577156538,0,4.0
102047.7156451685,0,5.0
102047.71644421096,0,1.0
102066.43147678414,0,5.0
102089.53772223339,1,2.0
102091.84347443585,0,2.0
102092.94041725103,0,3.0
102093.46009895633,1,3.0
102093.4727675916,1,4.0
102093.75225440788,0,4.0
102096.68224434865,1,3.0
102097.01040844526,1,1.0
102098.22220680797,0,1.0
102100.9391760743,1,4.0
102101.60450032324,1,5.0
102101.60451319776,0,1.0
102101.60931652055,1,1.0
102104.46098624566,0,5.0
102115.25197254604,1,3.0
102124.80828635299,0,2.0
102125.9341332241,0,1.0
102148.93026160756,0,3.0
102154.57322284827,1,5.0
102154.60325853905,1,2.0
102158.94120713086,1,3.0
102178.83577555364,0,1.0
102179.18641369064,1,5.0
102201.26817165251,1,3.0
102220.62107683784,1,2.0
102221.08165118155,1,2.0
102221.25523134897,0,3.0
102228.7028843183,0,3.0
102242.59904134268,1,2.0
102247.109608751,0,5.0
102247.12498928503,1,2.0
102266.53506787508,1,5.0
102267.32802261715,1,3.0
102279.89832423693,0,2.0
102282.49645823696,1,5.0
102283.03311936471,0,1.0
102291.97993921816,0,5.0
102294.3383083093,0,3.0
102299.2675574694,0,5.0
102309.96038904095,0,2.0
102315.03499511832,0,4.0
102315.0430385768,1,1.0
102336.95298720888,0,1.0
102338.14187350094,0,4.0
102357.6191309132,0,3.0
102360.08004211822,1,2.0
102370.2861501937,1,5.0
102373.71225216055,1,3.0
102383.61693292037,0,5.0
102392.98155530477,0,1.0
102396.4447160615,0,1.0
102400.65385627032,0,5.0
102419.5856610897,1,2.0
102465.07647079571,1,1.0
102468.25837523806,0,5.0
102468.29293868659,1,2.0
102469.35136626387,0,4.0
102474.78931823908,1,3.0
102505.21999845987,1,4.0
102509.19971146902,1,4.0
102524.9847877892,0,3.0
102524.98714327774,1,2.0
102525.44078690132,1,5.0
102536.03195026467,1,3.0
102536.15479217866,1,3.0
102551.44620725847,1,4.0
102551.71119185147,0,3.0
102551.7134501534,1,2.0
102584.84455149181,0,4.0
102585.96921255912,0,4.0
102598.37095824754,1,4.0
102598.38421086405,1,2.0
102617.22889733789,0,5.0
102617.2325291894,1,2.0
102617.23329795143,0,2.0
102617.27927940217,0,2.0
102617.7664974521,0,4.0
102622.09004984259,0,3.0
102623.76873950314,0,1.0
102645.70502803946,1,4.0
102670.72241799464,0,5.0
102675.7760768233,1,1.0
102684.87380580629,1,4.0
102692.68556628494,0,5.0
102715.90228830901,0,4.0
102716.37278248917,0,2.0
102719.00064614309,0,5.0
102730.11637420671,0,3.0
102737.1684825481,1,4.0
102740.32421218362,1,1.0
102751.48980258864,1,5.0
102759.47430613873,1,3.0
102769.44348415472,1,4.0
102769.44957786708,1,3.0
102778.75315675567,1,2.0
102783.80457403584,0,4.0
102789.54127799752,1,4.0
102795.5845702472,0,2.0
102798.98186057025,1,5.0
102803.79900788258,1,1.0
102804.90689705922,0,5.0
102826.73846798843,0,4.0
102831.96372489247,0,2.0
102841.05140564729,0,5.0
102843.90374242302,1,4.0
102850.49865223259,0,4.0
102857.42096569178,0,3.0
102857.6186806356,1,3.0
102857.66849088027,0,3.0
102859.34814389393,1,2.0
102861.83361053237,1,3.0
102867.00488384043,1,1.0
102895.74978115207,0,5.0
102895.75034261135,1,4.0
102895.82446314767,0,5.0
102895.94304947805,1,1.0
102896.15797193769,1,3.0
102898.63030145355,0,1.0
102911.94014991696,1,4.0
102915.30653773932,1,1.0
102916.92770492009,0,5.0
102919.71028632538,1,2.0
102925.840630694,0,2.0
102952.29911592529,0,4.0
102952.29984166588,1,1.0
102965.73600179346,0,4.0
102966.00778337955,0,5.0
102966.00813004842,0,1.0
102966.00899973375,0,2.0
102973.93243187023,0,1.0
102982.10489645645,0,4.0
102982.10700146998,1,1.0
103010.41360925398,0,3.0
103018.60141309904,0,1.0
103018.60999333196,0,3.0
103061.61840860803,0,4.0
103066.63975417553,1,4.0
103066.64266011,0,4.0
103066.64283477218,1,5.0
103066.6477482621,0,2.0
103071.27710327493,1,1.0
103073.3573455391,1,3.0
103110.07509470606,0,2.0
103118.97513541197,1,1.0
103126.11137608736,1,2.0
103134.33325463133,1,2.0
103151.23771223733,0,1.0
103158.81520186628,1,4.0
103180.19659093018,1,1.0
103183.36260004032,1,1.0
103187.28709913383,1,5.0
103187.28749895543,1,1.0
103190.8040087799,0,5.0
103192.58665263752,1,2.0
103197.14998905522,1,1.0
103213.62200363087,0,2.0
103221.43714033956,1,5.0
103222.04729357839,0,4.0
103235.15649742525,1,4.0
103241.19933965165,1,1.0
103243.5310974467,0,5.0
103246.77690436985,0,5.0
103249.64748860193,1,5.0
103250.05344907781,1,1.0
103264.902836075,0,3.0
103271.62976763888,0,3.0
103271.62982963707,0,3.0
103272.37903583654,0,5.0
103282.73206210461,0,1.0
103292.99020112565,1,4.0
103300.32735413192,0,3.0
103312.55686885002,0,2.0
103319.29939304848,1,2.0
103338.34800240495,0,4.0
103339.74871351133,1,1.0
103383.25119391402,0,4.0
103383.25561599428,1,2.0
103383.2709980028,1,2.0
103418.37694914355,1,3.0
103425.88074526837,1,2.0
103431.86421980674,1,1.0
103445.96121506447,0,4.0
103447.12219099817,1,4.0
103463.08682280079,1,5.0
103463.17967773082,1,3.0
103463.4893400828,1,5.0
103466.08680637577,1,4.0
103476.32724335608,1,5.0
103476.32904651102,0,3.0
103476.330716238,1,2.0
103477.18715563326,1,3.0
103477.95594555582,0,3.0
103489.34570108808,1,4.0
103489.85107124058,0,2.0
103492.44545460942,1,1.0
103528.1045592082,1,4.0
103536.3980236598,1,3.0
103548.45315447522,1,5.0
103551.59185029777,1,1.0
103554.10609440829,1,1.0
103563.4270202585,0,5.0
103563.4348751063,1,4.0
103563.48483409267,0,3.0
103565.9392667341,1,1.0
103573.35556149794,1,3.0
103580.07328720052,0,4.0
103580.09875882369,1,2.0
103582.53788671421,0,3.0
103590.97080075691,0,5.0
103608.28970039071,0,5.0
103608.29076273892,0,4.0
103608.39692708082,1,4.0
103633.95451008818,1,4.0
103637.84932049406,0,1.0
103638.28362641821,0,5.0
103638.92031784645,0,2.0
103646.41367940335,0,3.0
103649.78080195718,1,4.0
103673.81422789491,0,3.0
103692.45738620916,0,3.0
103692.46474526374,1,1.0
103692.64595190813,0,5.0
103701.61738161396,0,3.0
103702.82382190262,0,4.0
103716.94217940052,1,5.0
103721.65068488462,1,5.0
103721.6528219087,0,5.0
103721.71320528761,1,3.0
103722.90105389753,1,4.0
103724.25649359966,1,4.0
103725.44263223995,1,3.0
103729.19859729563,1,2.0
103732.07047480739,1,4.0
103738.2177127826,1,2.0
103745.24075947785,1,2.0
103751.21783483538,1,3.0
103751.72664261224,1,5.0
103751.91540563689,1,1.0
103757.67872179435,1,1.0
103770.19968661093,1,3.0
103772.06284706287,1,3.0
103774.15828018352,0,1.0
103821.23646410192,1,4.0
103826.955523011,1,4.0
103827.64882713775,1,3.0
103830.2485720941,1,2.0
103842.74789249653,1,3.0
103843.05192607113,0,5.0
103843.07706302291,0,2.0
103845.67365947466,0,5.0
103845.67379705133,0,5.0
103845.73579142467,0,5.0
103852.57721784199,1,5.0
103853.79917284742,0,4.0
103866.6109492516,1,2.0
103872.4865341091,0,3.0
103886.2323091751,1,5.0
103886.28515800631,0,2.0
103888.26667972619,0,3.0
103904.20355976139,0,1.0
103925.34297976902,0,5.0
103925.3523005598,0,2.0
103925.37830621256,1,2.0
103925.8787918411,0,4.0
103933.25289188989,0,2.0
103937.14547281405,0,4.0
103954.98450764957,1,3.0
103959.6686174396,0,5.0
103960.66205623644,1,3.0
103963.0941234296,0,1.0
103966.85908389773,1,5.0
103966.86084971428,1,2.0
103977.10541312063,0,1.0
104013.82917223021,0,2.0
104035.19882870985,1,4.0
104037.372273888,1,4.0
104039.20475658336,1,4.0
104039.20605572365,1,4.0
104039.24330581044,1,1.0
104039.97578069226,0,2.0
104040.69732903586,1,2.0
104041.41020053615,1,1.0
104042.19577654141,0,4.0
104043.12826154435,0,4.0
104045.02125443716,1,1.0
104049.43858056967,1,3.0
104049.43870359454,0,1.0
104053.38164198078,0,5.0
104071.31618748221,1,2.0
104072.21791887649,0,1.0
104084.23470575399,1,4.0
104098.35419514858,1,5.0
104098.35795514054,1,2.0
104099.79419766532,1,3.0
104101.51735398607,1,3.0
104101.54718273996,1,3.0
104101.85578161929,1,4.0
104116.75468390953,0,3.0
104117.88319627172,1,4.0
104117.9011188166,1,1.0
104124.19711885761,1,1.0
104126.06088375047,1,1.0
104150.95850500563,0,5.0
104177.18179003903,0,1.0
104177.18442073978,1,2.0
104187.84203910222,0,2.0
104199.59712211507,0,1.0
104208.07255267928,1,1.0
104209.76313826532,1,3.0
104212.85485501494,0,3.0
104221.22901486543,0,3.0
104226.46628186828,0,1.0
104247.84377485432,1,4.0
104256.26847911299,0,4.0
104274.4268721842,1,3.0
104276.18896599443,0,5.0
104276.18897487325,0,1.0
104276.2235566369,0,3.0
104276.2251548782,0,2.0
104297.21077739901,0,3.0
104298.43796626075,1,1.0
104300.95895708141,1,2.0
104303.90072694527,1,2.0
104305.47532820753,0,5.0
104312.93653000107,0,1.0
104313.83995477055,1,4.0
104313.83998587163,0,2.0
104314.41082208414,0,4.0
104323.30113193534,1,1.0
104325.65446789662,1,3.0
104326.31476028546,1,3.0
104331.38790006204,1,2.0
104331.39476591136,0,4.0
104347.5475700153,1,2.0
104360.43489212723,0,4.0
104360.43716573197,0,2.0
104361.91777647124,0,3.0
104371.56012729197,0,3.0
104376.49986864845,1,3.0
104395.88723328755,0,3.0
104396.47715976779,0,1.0
104399.84982553135,1,2.0
104401.97499495972,0,1.0
104407.31235401309,1,1.0
104413.87006731606,0,3.0
104415.23463428894,0,5.0
104417.93461322306,0,4.0
104417.93473367332,1,4.0
104419.1748498229,1,3.0
104420.06108692216,1,2.0
104423.68955436762,1,3.0
104441.69722323929,1,4.0
104441.89494744228,0,3.0
104441.89510006164,0,2.0
104454.179292834,1,5.0
104454.18245694092,1,5.0
104454.40741621112,1,1.0
104456.8796969261,1,4.0
104471.63273001107,1,3.0
104478.78507356497,0,3.0
104485.94735726115,0,3.0
104489.41401045394,1,3.0
104493.40141642478,1,3.0
104495.2809683242,1,4.0
104499.42640861798,0,3.0
104499.5440649896,0,4.0
104502.58163904147,1,2.0
104504.01656441783,0,3.0
104512.83211846893,1,5.0
104512.86819298682,1,1.0
104519.15155449935,0,3.0
104519.18936995465,1,5.0
104524.79150048007,0,1.0
104538.2396102714,1,1.0
104544.11986691227,0,3.0
104552.2580057306,0,3.0
104560.14654753704,1,4.0
104572.28728814483,0,4.0
104596.12228741695,1,1.0
104607.97481714601,1,5.0
104608.14429372801,0,3.0
104611.01596034042,1,2.0
104613.58840441148,0,3.0
104615.446642847,1,5.0
104629.09116414028,0,5.0
104630.42606594392,1,3.0
104632.73072046273,1,1.0
104659.98087432902,0,2.0
104665.38094870806,1,4.0
104672.12089114758,0,2.0
104693.55765627256,0,4.0
104709.17289314588,0,3.0
104722.35933309555,1,3.0
104725.21450070739,1,2.0
104729.49172895409,0,1.0
104732.02674203395,0,3.0
104732.429337503,0,4.0
104732.4481699925,0,4.0
104734.54572247836,0,2.0
104735.74047305045,0,3.0
104735.74456685266,0,5.0
104735.8231901291,0,3.0
104746.19784058977,1,2.0
104746.50395390038,1,2.0
104749.27491753486,1,5.0
104768.72078139325,1,4.0
104768.72299891427,0,2.0
104772.99085416892,1,2.0
104785.28912269963,1,3.0
104790.02057410804,1,2.0
104790.02247795973,0,3.0
104832.70335679594,0,2.0
104832.70743356545,1,1.0
104849.21311788898,1,2.0
104854.00333783808,1,3.0
104861.6346131159,1,3.0
104865.90726505368,0,5.0
104871.02197527174,1,5.0
104887.0765648317,1,1.0
104890.434275817,0,2.0
104911.3549560668,0,3.0
104914.95988484133,0,3.0
104914.98209729268,1,2.0
104915.24715613398,1,1.0
104917.05464598509,1,4.0
104917.41682050766,0,5.0
104926.71500113695,1,4.0
104926.71646106355,0,4.0
104936.76795219032,0,4.0
104945.76693165267,1,4.0
104959.90185260057,1,3.0
104960.95762411416,1,2.0
104967.8572030712,1,1.0
104973.19256723291,0,5.0
104973.19790893704,1,1.0
104973.43895536235,1,3.0
104976.1682221191,1,5.0
104976.1699707483,0,1.0
104976.69916676126,0,1.0
104985.06657424911,1,2.0
104988.83275510203,1,1.0
104989.11084651649,0,3.0
104989.2361176779,1,4.0
104992.95666292205,0,4.0
105002.14693835887,1,5.0
105002.401570406,0,1.0
105003.69545435821,1,1.0
105004.07301110201,0,2.0
105017.64181434184,1,2.0
105027.29146366539,1,5.0
105039.2490555193,1,3.0
105066.59501582464,0,5.0
105076.12059357543,1,3.0
105082.73703952077,1,2.0
105098.60043717123,1,2.0
105101.15046939052,1,3.0
105101.16423046675,0,1.0
105102.86002484335,0,1.0
105114.28608764976,0,3.0
105114.28864616204,1,3.0
105114.29753760288,1,2.0
105127.55083280876,0,1.0
105131.81218978525,1,4.0
105132.58583927942,0,4.0
105136.3193843031,1,1.0
105141.11498950656,1,5.0
105149.0983614884,0,3.0
105150.4971800966,1,4.0
105150.64561493827,0,4.0
105150.80323583183,0,1.0
105164.83075409725,1,3.0
105168.21928934613,0,3.0
105168.96615184167,1,5.0
105168.96907842696,0,3.0
105168.986387748,0,5.0
105174.07673633733,1,2.0
105190.28433920827,0,4.0
105190.42529858348,1,2.0
105198.8874642704,1,4.0
105208.71199337873,1,3.0
105212.58106517355,1,3.0
105225.68603522416,1,2.0
105252.61570936708,1,2.0
105253.6254309413,1,2.0
105289.84763443004,0,2.0
105317.42679888294,1,2.0
105320.60302114926,1,1.0
105320.89234505355,1,5.0
105326.886740665,0,1.0
105334.71006353066,0,2.0
105364.39399935494,0,4.0
105368.62794436263,0,3.0
105368.62874613708,1,5.0
105396.39333362876,1,5.0
105408.97114332719,1,4.0
105416.10482170152,1,3.0
105431.74457874265,0,1.0
105433.96243277282,0,4.0
105433.96267622239,0,5.0
105440.95339398115,0,3.0
105440.95411530517,1,3.0
105440.97586626244,1,5.0
105441.86531660498,1,4.0
105441.87906416888,0,4.0
105442.3880628537,1,2.0
105449.16871622014,0,5.0
105451.99325984408,1,5.0
105453.55468543002,0,5.0
105455.47584982579,0,4.0
105460.20441915949,1,2.0
105490.1986586358,1,2.0
105512.76114294429,0,4.0
105513.66971194957,0,5.0
105515.76316588915,0,1.0
105518.15999288693,0,1.0
105525.89748474739,1,4.0
105536.22485932328,0,3.0
105554.69963064945,0,1.0
105560.33965720386,0,1.0
105561.47409941228,1,3.0
105561.55467812999,1,4.0
105567.61204554857,1,3.0
105573.4139533296,1,5.0
105575.69114615035,0,2.0
105576.72226143791,1,3.0
105577.5103937708,0,3.0
105578.76311220748,0,5.0
105578.76411381637,1,2.0
105595.77917177763,0,4.0
105608.68241338286,0,4.0
105628.94208465952,1,3.0
105629.57490906323,0,1.0
105630.46357138663,0,3.0
105633.07473708176,1,1.0
105640.83563043384,0,3.0
105660.16000221985,0,3.0
105669.42384395558,0,4.0
105669.55842904643,1,5.0
105669.92797555028,0,3.0
105701.98288506031,1,4.0
105701.9839734405,0,5.0
105710.88403262667,0,5.0
105738.52330925861,0,3.0
105740.03567667832,0,1.0
105740.43559553231,1,3.0
105740.43795193746,1,3.0
105752.02042934897,1,4.0
105757.11743832524,1,2.0
105769.9170440309,1,1.0
105769.98178002117,1,5.0
105782.03675417925,1,1.0
105782.19467471,0,4.0
105783.81452424436,0,3.0
105791.47364335392,1,2.0
105794.22257153112,0,3.0
105804.66341599304,0,3.0
105826.38405801315,0,4.0
105827.01742818984,1,2.0
105828.9194294631,0,1.0
105861.51948870899,0,1.0
105875.92241648346,1,5.0
105876.3722882661,1,5.0
105877.79693705669,0,2.0
105880.68403048797,0,1.0
105895.40644187975,1,4.0
105901.05770075186,0,2.0
105905.08496891952,1,5.0
105906.04307926596,1,1.0
105921.53618953172,1,5.0
105921.53663820354,0,1.0
105921.92406497762,0,5.0
105922.52216667136,0,3.0
105941.17836136212,1,1.0
105951.49213256274,0,1.0
105954.85407986294,1,1.0
105963.85829978595,1,3.0
105963.86099427356,0,1.0
105965.77359603853,1,1.0
105967.0817832949,1,3.0
105975.50822660263,1,1.0
105983.177660602,0,4.0
105983.17781161824,0,1.0
105991.31265432258,1,3.0
105994.79821324887,1,2.0
106012.58832768993,1,1.0
106017.07384209611,1,2.0
106017.21967897337,1,2.0
106017.22047647502,0,4.0
106017.23117734095,1,4.0
106033.64914439803,1,4.0
106087.61241601301,0,5.0
106087.62939087221,0,3.0
106087.63264293467,0,4.0
106087.81138477578,0,5.0
106087.86350951975,0,3.0
106087.9301680383,1,3.0
106088.12421637023,0,2.0
106095.034020465,1,5.0
106098.70033406655,0,5.0
106104.74687881931,0,3.0
106115.88445033166,0,3.0
106115.8860889189,1,4.0
106118.77024561999,0,4.0
106131.76456705411,0,1.0
106135.55622411783,1,2.0
106137.67727847504,0,2.0
106142.48401078534,0,3.0
106142.9698703348,0,5.0
106149.51269306976,0,1.0
106155.72078072625,0,4.0
106157.3484231145,0,4.0
106161.89968247701,1,5.0
106167.78079031351,1,3.0
106175.29205222045,1,4.0
106195.47655872979,0,2.0
106224.82852133858,1,1.0
106241.3083653076,0,2.0
106252.64763526325,0,2.0
106252.65274319267,1,5.0
106259.75456426456,1,4.0
106261.61075244397,1,1.0
106269.65993485872,1,3.0
106286.45952862437,1,3.0
106291.91279107469,1,2.0
106294.8043501863,1,1.0
106298.92261187639,0,5.0
106299.08376697647,0,4.0
106305.59651145825,1,3.0
106306.80321373712,1,5.0
106310.87315682962,0,5.0
106316.33396856817,0,5.0
106316.35647518873,0,4.0
106317.74406180315,0,2.0
106320.60491422006,1,4.0
106320.64634210047,1,3.0
106321.21101283966,0,2.0
106327.19105581623,0,2.0
106329.26762967909,1,4.0
106334.65459988074,0,3.0
106336.43405069479,0,2.0
106345.35960478558,0,1.0
106353.49658705665,0,1.0
106370.32336118854,1,2.0
106376.04523869194,1,5.0
106379.26863992563,1,4.0
106383.59035281707,0,2.0
106402.31572464341,0,4.0
106403.3587255689,0,1.0
106404.71797002705,1,2.0
106413.45592945271,0,3.0
106413.59569550965,1,5.0
106413.96571447923,0,5.0
106415.6324497074,1,2.0
106416.287361426,1,4.0
106423.56764707489,1,3.0
106430.17160640327,1,4.0
106446.84983980823,1,1.0
106468.58616626234,1,5.0
106470.29776399831,0,1.0
106476.57095491487,1,4.0
106478.82528337646,1,2.0
106486.48435794192,0,3.0
106487.07834383062,0,3.0
106503.84173560177,1,3.0
106525.2640483747,0,3.0
106547.38850582397,1,4.0
106557.59612356193,0,2.0
106562.42537357929,1,5.0
106562.43122753351,0,1.0
106567.70194524237,0,4.0
106568.67399849923,1,4.0
106572.66523221595,1,2.0
106572.71154997828,0,5.0
106574.71721951012,0,3.0
106574.71752501244,0,5.0
106586.47553322243,1,1.0
106597.45901711627,1,3.0
106604.59273016332,1,2.0
106625.51983102731,1,4.0
106626.25829728994,0,1.0
106639.03019800446,0,3.0
106646.77737715792,0,5.0
106657.24967629717,1,4.0
106658.19838673409,1,5.0
106658.19986460241,0,2.0
106658.21489422789,0,2.0
106659.09240356839,1,2.0
106660.77949855983,1,3.0
106668.01102915654,1,1.0
106668.0321663728,1,4.0
106668.05323229375,1,2.0
106693.51354832554,1,5.0
106693.51475227515,0,1.0
106702.4710503548,1,4.0
106704.8425315321,1,5.0
106704.84302308102,0,5.0
106706.74213590118,1,5.0
106706.74580723517,0,4.0
106706.7553295575,0,2.0
106746.88889903898,0,1.0
106749.72602525896,0,1.0
106754.9282691165,0,4.0
106761.86994397163,0,5.0
106771.63310609477,0,5.0
106773.33590695221,1,1.0
106783.57465651628,0,1.0
106796.18059520627,1,3.0
106799.04619412078,1,5.0
106804.2890700566,1,3.0
106804.35451180131,0,3.0
106816.91306196606,1,5.0
106816.91383592617,1,2.0
106817.00843929654,1,1.0
106817.94030305791,1,1.0
106824.66010361501,0,1.0
106827.6550819165,0,1.0
106832.75694188796,1,1.0
106838.88619548568,1,3.0
106854.1159784264,0,2.0
106859.57007101919,1,5.0
106859.60229358246,0,5.0
106859.60436031749,0,3.0
106872.82508214221,1,4.0
106874.29040935075,0,5.0
106883.7955785713,1,2.0
106887.50432783867,1,5.0
106887.5047849045,0,1.0
106887.52090540006,1,2.0
106887.83717164345,0,3.0
106891.50325999541,0,2.0
106898.89826985687,1,2.0
106909.65427525413,1,3.0
106909.65557411115,0,2.0
106914.90060365324,1,1.0
106920.72849340942,1,4.0
106923.10829629037,1,5.0
106933.80950540738,1,4.0
106962.25162302953,1,2.0
106963.58811469267,1,1.0
106967.27509474411,0,5.0
106976.63025599298,0,3.0
106991.24044490863,0,5.0
106991.31190820743,0,1.0
106992.46303829757,1,4.0
106992.4822845035,0,3.0
106993.513670589,0,2.0
107001.23144881199,0,2.0
107018.41321846521,0,1.0
107024.74341074386,1,5.0
107024.98956803318,1,4.0
107026.55240994733,0,3.0
107032.82842684386,1,4.0
107045.93049523902,0,1.0
107046.63925261721,1,2.0
107050.69122056791,0,2.0
107055.25236868007,1,5.0
107073.86881834589,0,4.0
107075.52682338926,1,3.0
107075.75916916301,0,3.0
107077.68605552582,1,3.0
107088.61605832823,1,2.0
107106.73879667062,1,1.0
107110.97440020189,1,2.0
107116.57360083419,0,4.0
107116.68696785746,0,3.0
107116.6869830817,0,2.0
107121.14832656749,0,5.0
107121.52189007163,0,5.0
107121.7681738114,0,1.0
107130.59226428274,1,1.0
107131.94277814541,1,3.0
107136.70889179285,1,1.0
107137.06577191499,0,3.0
107150.09955282618,1,2.0
107169.60931048688,0,1.0
107177.6252687893,0,3.0
107180.62293415125,0,2.0
107182.5410700572,0,1.0
107188.59999674177,1,3.0
107188.60430347241,1,5.0
107197.03729440192,0,1.0
107201.36258878157,0,4.0
107201.36335870546,1,3.0
107208.07793724567,0,2.0
107210.57198084897,1,2.0
107212.5056293619,1,2.0
107215.13003070341,0,4.0
107221.26995610999,1,1.0
107223.92127248169,0,2.0
107225.94936587298,1,2.0
107232.72676077766,1,4.0
107234.69745279841,1,5.0
107234.73684376793,0,1.0
107239.7132537139,1,1.0
107244.29807231383,1,1.0
107264.09570852706,1,3.0
107264.36526835803,0,1.0
107275.37667680178,0,3.0
107282.15510959986,0,4.0
107282.18940076562,1,2.0
107284.02519965236,0,2.0
107284.081073781,1,2.0
107288.22503702794,1,3.0
107295.18193693785,0,3.0
107315.3568597612,0,3.0
107331.40790532435,0,5.0
107346.72959460197,1,3.0
107346.73075592748,1,2.0
107364.12717758161,1,2.0
107367.23222760622,0,5.0
107385.4350131894,1,3.0
107386.84501490096,0,2.0
107391.84557742783,1,4.0
107391.87748131044,0,3.0
107398.80540593919,0,3.0
107400.49183923862,1,3.0
107411.1119252226,1,4.0
107419.88819342612,0,4.0
107419.90117371237,1,3.0
107420.43497768645,1,3.0
107420.8186112667,0,1.0
107429.35172377565,0,5.0
107446.81584143853,0,5.0
107450.61928073879,0,4.0
107450.61957387005,0,5.0
107461.29680312231,0,4.0
107461.76950652094,0,5.0
107463.32351139563,1,1.0
107473.50111586301,0,1.0
107492.40606053367,0,2.0
107496.4088112555,0,5.0
107499.72104402517,0,2.0
107500.40571872836,1,4.0
107500.41031064748,0,5.0
107500.5513059491,1,3.0
107506.59290100267,0,2.0
107509.76307765616,0,5.0
107525.15528167404,1,1.0
107525.82036077902,1,3.0
107532.68537648697,1,2.0
107545.12559638754,1,1.0
107553.57177354819,1,3.0
107557.41456270411,1,2.0
107561.55255431659,1,1.0
107564.04135926576,0,3.0
107564.77096786817,0,5.0
107564.77224635385,0,2.0
107564.88585680685,1,5.0
107565.9769036607,0,4.0
107569.88372319922,1,1.0
107584.24440062423,1,1.0
107584.27869992831,1,4.0
107592.23973949974,0,4.0
107610.33277025621,1,3.0
107614.69108927477,1,4.0
107620.3165456698,1,1.0
107625.76184171894,0,2.0
107625.76602434686,1,1.0
107630.21658811311,1,5.0
107630.55116158896,1,2.0
107630.8739450064,0,3.0
107635.83364144948,1,1.0
107638.24640983649,0,1.0
107645.34100798344,0,3.0
107645.96468777099,0,4.0
107651.00960743376,1,1.0
107651.23719535401,0,1.0
107662.46779755013,1,3.0
107662.49504731866,0,4.0
107668.69863542404,1,1.0
107671.11796457264,1,3.0
107671.11884851535,0,1.0
107675.18181157748,1,3.0
107690.65639549105,1,4.0
107690.97278709043,1,2.0
107698.76748892908,0,3.0
107702.86758756616,0,3.0
107703.29468237403,1,2.0
107708.16933628409,0,5.0
107715.0625269925,1,3.0
107731.07304183648,1,3.0
107731.07351054717,1,2.0
107736.83294863568,0,1.0
107775.70039080459,0,1.0
107794.08486856865,0,3.0
107797.1254138366,1,3.0
107797.2308654733,0,4.0
107797.47259838332,0,4.0
107797.6635112581,1,3.0
107797.69631121197,1,1.0
107802.05201942699,0,5.0
107802.24549186054,0,2.0
107806.40855207363,1,3.0
107821.6201960533,0,2.0
107833.75061923769,1,2.0
107854.92215717968,1,5.0
107861.75622494517,1,5.0
107861.75638643024,1,5.0
107863.17129165385,0,3.0
107869.19986139666,0,3.0
107875.31143709918,1,4.0
107889.01130677552,0,3.0
107894.98898342898,1,2.0
107899.10747283307,0,3.0
107903.50400376823,1,3.0
107904.5156015802,0,3.0
107915.23737635995,0,1.0
107917.43821667368,1,1.0
107923.07513322652,0,2.0
107929.46751800392,1,4.0
107938.86920367696,0,3.0
107942.68851223281,1,5.0
107945.12250183741,1,2.0
107954.99641711135,1,2.0
107956.25209002243,0,3.0
107960.23380934243,1,5.0
107960.23404339635,0,4.0
107978.75681370225,0,2.0
107992.7253119115,1,3.0
108020.59437025839,1,5.0
108042.37777569225,0,4.0
108079.65312001792,1,5.0
108092.4968781746,0,3.0
108099.7094106729,0,3.0
108118.46018154788,0,4.0
108143.70975593956,0,4.0
108148.83781565452,0,3.0
108151.53091074733,1,3.0
108154.24768646243,1,2.0
108170.73204569252,0,2.0
108192.10343888866,0,3.0
108207.44844972886,0,1.0
108209.07386008039,0,1.0
108234.1372857894,0,5.0
108236.6392258416,0,4.0
108240.79239579367,0,3.0
108241.28590491555,0,4.0
108241.29525538048,1,1.0
108265.384315475,0,4.0
108265.65958750845,1,3.0
108265.6796241472,0,4.0
108268.6103863133,0,1.0
108278.98695124121,1,2.0
108286.25096227242,1,4.0
108305.41050073266,0,1.0
108308.15377852872,1,3.0
108321.45835971228,1,2.0
108322.47891061327,1,1.0
108329.78486612656,0,4.0
108335.83449463412,1,3.0
108338.3932058884,0,2.0
108356.46058821781,0,4.0
108356.46119327401,1,5.0
108376.47620423233,0,3.0
108376.48739875172,1,3.0
108378.87598936936,0,1.0
108381.60229428245,0,4.0
108381.60250174062,1,2.0
108386.317490795,1,5.0
108386.31823715985,0,3.0
108386.84465220734,1,4.0
108387.35992140725,1,3.0
108393.1376537699,0,2.0
108398.64827995593,0,4.0
108399.1545259355,0,5.0
108399.5207907893,0,4.0
108401.288179987,1,3.0
108409.3720666404,0,4.0
108409.37872759005,0,4.0
108409.42128695048,0,3.0
108409.64183982518,1,3.0
108409.66542000706,1,3.0
108415.37195018664,0,1.0
108418.28313944132,1,3.0
108418.28398904104,1,3.0
108418.28500676206,1,4.0
108425.64910238035,1,3.0
108425.65039355333,1,5.0
108425.65977279926,0,5.0
108435.97461368544,0,4.0
108436.88039926512,0,1.0
108449.42494560852,1,3.0
108455.44520061072,0,5.0
108455.44728394787,1,4.0
108455.4918678424,0,5.0
108455.51194339851,1,5.0
108455.51212259152,0,4.0
108455.63710499629,1,5.0
108455.63726439296,0,5.0
108458.59366864082,1,1.0
108464.84966377623,1,3.0
108491.37845548855,0,5.0
108496.84052328917,1,4.0
108505.13084387133,0,5.0
108509.5083215946,1,2.0
108516.0940694545,0,2.0
108520.09221566467,0,5.0
108522.45062380536,0,4.0
108523.11868894506,0,1.0
108528.25589544943,1,1.0
108528.66657079324,0,3.0
108529.38941700895,0,1.0
108558.3813599331,0,3.0
108576.72096487416,0,5.0
108582.73950213457,0,4.0
108584.2854217464,1,5.0
108584.28579895379,0,5.0
108591.92776519628,1,2.0
108594.87650122913,1,1.0
108604.44666367027,1,4.0
108610.18888734588,1,1.0
108637.8705085815,1,5.0
108642.4926016594,1,2.0
108643.65625606649,0,5.0
108643.67174790033,1,4.0
108649.69539288536,0,1.0
108655.50356648793,1,5.0
108655.50396003485,0,5.0
108655.50460775736,0,2.0
108672.04737958677,1,5.0
108672.14290622527,1,2.0
108672.14533400835,0,5.0
108672.19701802767,0,2.0
108680.7583576603,1,3.0
108685.28641342914,0,3.0
108685.34228253223,0,4.0
108687.01890465859,0,5.0
108687.01926690535,1,3.0
108687.02052362527,0,4.0
108687.02113103488,1,4.0
108699.27309094502,0,5.0
108699.55262058639,0,2.0
108701.04014418682,0,5.0
108718.19803127929,0,5.0
108737.13783723547,0,3.0
108748.50198864218,0,5.0
108757.94259748244,0,4.0
108776.009989759,1,4.0
108776.01035667224,0,2.0
108783.57176866723,0,3.0
108808.06192495608,0,4.0
108829.17060422777,1,5.0
108829.30852654374,0,4.0
108829.3103565429,0,2.0
108829.70035191001,0,5.0
108830.07842281845,0,5.0
108841.3454294762,1,2.0
108850.39200164747,1,3.0
108850.42689775351,1,3.0
108850.8329397752,1,4.0
108853.22238036216,1,1.0
108854.97642973124,1,2.0
108855.36756996755,1,1.0
108862.78245194559,0,2.0
108863.24430692264,1,3.0
108870.72678198763,1,3.0
108891.20402479741,1,1.0
108902.26377337573,0,4.0
108909.09221684591,0,5.0
108909.10041907532,0,1.0
108929.825240242,0,2.0
108959.06440752363,0,4.0
108959.06633426352,1,1.0
108959.07557931519,0,2.0
108969.91198988754,1,1.0
108982.6586981426,0,4.0
108986.74369105176,0,3.0
109000.82280078344,0,4.0
109000.82388095274,0,2.0
109000.85736314101,0,5.0
109013.59460078766,1,3.0
109016.1008820792,0,4.0
109021.32841927945,0,1.0
109039.43981905533,0,4.0
109039.64124682151,1,4.0
109053.18276955422,1,4.0
109077.19272757819,1,3.0
109078.12105551483,1,1.0
109090.97464689174,0,5.0
109144.12733168162,1,2.0
109144.63689533924,0,3.0
109146.9627169505,1,1.0
109157.41968656467,0,5.0
109161.05104949871,1,2.0
109174.84958926062,1,4.0
109182.86474078211,0,1.0
109191.6200479807,0,2.0
109193.71872122695,1,4.0
109204.07122502064,0,5.0
109216.94464650123,1,3.0
109220.56383687798,0,4.0
109226.71384591161,1,3.0
109241.44257339988,1,2.0
109241.80220837618,0,1.0
109241.81075748113,0,5.0
109242.01958733975,1,5.0
109244.8975863948,1,3.0
109294.67708835605,1,5.0
109307.75600938055,1,5.0
109308.91408523507,1,2.0
109310.60891857435,1,4.0
109311.94362457992,0,2.0
109324.07675185669,1,5.0
109324.07749478423,0,2.0
109325.18442005252,0,1.0
109346.66634653871,0,1.0
109355.9579885864,1,2.0
109356.651589097,0,2.0
109367.09887527453,0,2.0
109375.29808829508,1,5.0
109380.45933770064,0,2.0
109399.8673237041,1,1.0
109407.59942569639,1,4.0
109418.35315284839,0,4.0
109420.9832865958,1,4.0
109430.48745310305,1,2.0
109433.15506932497,0,4.0
109433.15642548086,1,5.0
109433.86711069784,0,5.0
109472.26167822225,0,2.0
109473.99668044584,0,2.0
109492.01511056072,0,1.0
109492.69774722302,0,2.0
109505.80917348342,0,1.0
109509.63506449269,1,5.0
109521.96731993253,1,2.0
109527.71548073506,1,3.0
109527.77921141712,1,2.0
109528.9160410552,0,3.0
109537.77368753286,0,1.0
109555.47011215992,1,1.0
109558.93955244111,1,5.0
109558.94171589246,1,3.0
109560.85248573827,1,5.0
109561.01917734448,1,1.0
109569.71681102546,0,3.0
109570.8564688619,1,4.0
109571.88003887486,1,1.0
109578.95908786204,0,2.0
109583.19941988296,1,5.0
109583.21626348376,0,1.0
109583.57936197918,0,4.0
109588.06199542248,1,3.0
109588.11803742991,1,3.0
109595.342524617,1,5.0
109604.88856064118,1,2.0
109630.04371198826,1,2.0
109630.0443236632,0,5.0
109630.09137735817,0,5.0
109630.49721578583,1,3.0
109643.23248591881,1,3.0
109660.51943544403,1,3.0
109661.30212644697,0,5.0
109661.38923877,0,2.0
109671.6589663512,1,1.0
109672.7028958884,0,4.0
109677.34282068364,0,3.0
109677.45864486897,1,4.0
109684.71261712168,1,1.0
109684.7847258454,0,5.0
109688.70744620063,1,3.0
109725.56946715081,1,1.0
109738.86047699433,1,4.0
109744.41692207707,0,2.0
109747.20201103672,0,1.0
109747.35459525436,0,3.0
109749.7742787396,0,3.0
109749.82345469488,0,2.0
109752.4808872676,0,1.0
109752.5169718625,1,4.0
109753.99423787653,1,4.0
109763.06047188409,1,1.0
109769.67801825453,1,2.0
109771.3595093272,1,1.0
109790.55841976129,0,3.0
109791.38488901366,0,4.0
109797.82321082833,0,5.0
109814.72439895413,1,2.0
109819.67583122717,1,2.0
109823.46143080422,0,3.0
109827.09946668078,1,3.0
109832.23959900193,0,1.0
109833.86695341073,1,3.0
109834.30991722704,1,4.0
109838.45317109115,0,3.0
109844.45297030888,1,1.0
109848.53971486278,0,1.0
109860.89286118653,1,4.0
109862.1535894212,0,3.0
109864.14777665479,1,2.0
109864.56092135263,0,2.0
109865.13710274201,0,5.0
109865.13846191744,1,4.0
109865.40818891139,0,4.0
109876.8695832487,1,5.0
109879.09830173245,0,2.0
109884.68470044555,0,1.0
109888.62464189672,0,2.0
109893.42626115233,0,5.0
109897.94011349956,1,3.0
109904.25643849907,0,1.0
109906.77603512,1,1.0
109919.35357056577,0,5.0
109920.99226153048,0,3.0
109920.99661854483,0,5.0
109921.12916837289,1,4.0
109921.82733256753,0,3.0
109924.88205726338,1,1.0
109927.88592261956,1,2.0
109928.50604322251,0,1.0
109950.91997226056,0,5.0
109950.92087595389,1,4.0
109950.92966075825,1,2.0
109964.0300374741,1,3.0
109967.1145809988,1,3.0
109974.43995518646,0,5.0
109991.89331037167,0,1.0
109992.59921038331,1,5.0
110003.73555803834,0,1.0
110005.80445992043,0,5.0
110006.74638710554,1,2.0
110008.05833562838,0,3.0
110011.22641137302,1,2.0
110030.43589814006,1,1.0
110042.70308370604,1,5.0
110046.6782107331,0,2.0
110047.8826107644,1,3.0
110058.46601418138,0,5.0
110058.46938967695,1,3.0
110058.55805312154,1,1.0
110065.56434796564,0,5.0
110074.1879029618,1,5.0
110075.07901890815,0,3.0
110076.11167624142,0,5.0
110076.11251153321,0,3.0
110078.25931328564,1,2.0
110083.60863567203,1,4.0
110093.03114746306,1,4.0
110099.64453324383,0,4.0
110104.49909416295,1,5.0
110104.50026283179,1,4.0
110113.05252523598,1,2.0
110116.36284696631,0,3.0
110118.19344028505,1,1.0
110142.89279612893,1,3.0
110142.92579363346,0,4.0
110151.28862576176,1,5.0
110152.24520696352,1,3.0
110159.83981125004,0,2.0
110185.26887548533,1,3.0
110188.04587040826,1,3.0
110201.70662458047,1,1.0
110204.4200197438,0,5.0
110205.76312415686,0,4.0
110205.79136487779,1,2.0
110206.69212676142,0,2.0
110208.4117993703,1,4.0
110216.55696742095,0,2.0
110220.86223247116,0,5.0
110220.86267029405,0,3.0
110220.86298469442,0,5.0
110220.88937702136,0,3.0
110223.25194409334,1,3.0
110228.93242015282,1,2.0
110231.32928341422,0,2.0
110231.55894423177,0,3.0
110233.54416222755,1,1.0
110263.36434418101,1,4.0
110278.46500289466,0,1.0
110288.37266892745,0,5.0
110288.51994830737,1,1.0
110296.99240910876,1,1.0
110307.84658960142,1,1.0
110317.66794557852,0,1.0
110331.1330363173,1,2.0
110337.73474559291,1,2.0
110353.94311982571,0,1.0
110361.2677672586,0,3.0
110369.63979438796,0,2.0
110371.98620680522,1,5.0
110371.98924732786,0,3.0
110371.9948363686,0,4.0
110371.99821893212,0,5.0
110382.14519791944,1,2.0
110400.08352303656,1,1.0
110417.85080370014,0,5.0
110418.26197647335,1,1.0
110422.7390580335,0,2.0
110452.99072885308,1,5.0
110453.05466289568,1,3.0
110456.02127104325,1,2.0
110460.33576707364,1,5.0
110460.33676462247,0,2.0
110461.62030054162,0,5.0
110463.8911485419,0,1.0
110476.66030052834,0,3.0
110488.84354624305,0,2.0
110489.75841896469,1,5.0
110498.04462387269,0,2.0
110541.67782818316,1,4.0
110569.63995159382,1,1.0
110576.21748421178,1,4.0
110579.35179504848,0,3.0
110590.89598361088,0,1.0
110606.53276651516,1,1.0
110633.61589753193,0,1.0
110637.23654225282,1,1.0
110653.14768275985,0,2.0
110663.29321370056,0,1.0
110667.28382259555,1,3.0
110668.19482156863,1,4.0
110674.56877837644,1,5.0
110682.34914141172,1,1.0
110701.60246403444,1,2.0
110708.79210541048,0,4.0
110718.3886414895,1,1.0
110720.62534765176,1,1.0
110730.84570775925,0,3.0
110730.92016570334,1,2.0
110732.71023373611,1,5.0
110737.04647430162,1,3.0
110739.98737722576,0,2.0
110749.56733291902,0,4.0
110749.57093933785,0,3.0
110749.57371917837,0,2.0
110749.65456198665,0,3.0
110749.66174210425,0,4.0
110749.67185191641,1,2.0
110755.15669697017,1,4.0
110755.15786800646,1,2.0
110757.59069802419,0,3.0
110757.59420342314,1,5.0
110770.66070420691,0,3.0
110772.03500742835,1,2.0
110776.10628391468,1,1.0
110778.66493853327,1,2.0
110797.80692325045,1,1.0
110799.0167079781,1,5.0
110799.06404029453,0,5.0
110848.58804252635,0,5.0
110852.90482124171,1,2.0
110852.92665711853,1,5.0
110862.99918410224,0,4.0
110881.94719798115,1,4.0
110883.81217584443,0,2.0
110885.6799898599,0,5.0
110885.69851137538,1,3.0
110886.18951750504,1,4.0
110894.63344497961,0,1.0
110897.2276220652,1,4.0
110905.86649746563,1,3.0
110905.86746128408,0,4.0
110908.45547160775,0,3.0
110930.55114803299,0,5.0
110948.7642686611,0,1.0
110956.18099381424,1,1.0
110963.7594511313,1,4.0
110964.06111560317,1,3.0
110964.06125112693,1,1.0
110968.19735083904,0,2.0
110977.53630303692,1,2.0
110989.46919091248,1,1.0
110992.42970068086,1,1.0
111007.86462775069,0,4.0
111011.0014592447,1,3.0
111018.22858036328,1,1.0
111023.11084928732,0,2.0
111030.76205218615,0,1.0
111031.2967980536,1,4.0
111034.5647721993,0,2.0
111042.60344379803,1,2.0
111050.98459996925,1,1.0
111051.26118041507,0,1.0
111063.96319420046,1,5.0
111064.21430826731,0,3.0
111071.48639183525,0,3.0
111086.07418030252,0,5.0
111090.19010594297,0,4.0
111097.29898414559,1,4.0
111097.3023977342,0,3.0
111099.57455742972,1,1.0
111102.96178027964,1,2.0
111121.15382481599,1,3.0
111136.20161955548,1,3.0
111151.07529647023,1,5.0
111158.18678092059,1,2.0
111160.28621797188,1,5.0
111179.08922106515,0,5.0
111179.0896507754,1,2.0
111180.45403872835,0,4.0
111180.82327291556,0,4.0
111180.82811224843,0,1.0
111187.93473278145,1,2.0
111201.38662114892,1,2.0
111202.10303599437,0,5.0
111202.10633872982,0,1.0
111202.1323943911,1,2.0
111227.11230344637,0,1.0
111228.8482927319,0,2.0
111232.88318772631,0,1.0
111235.28996183797,1,1.0
111239.26700167915,0,5.0
111239.26807056757,0,5.0
111239.27461814106,0,4.0
111239.2829445844,0,1.0
111264.57308598945,1,3.0
111266.72586445902,0,4.0
111267.11765895704,1,2.0
111270.3757710667,0,2.0
111282.84979562256,0,4.0
111285.72836841413,1,3.0
111292.29489968476,1,5.0
111298.71142843827,1,5.0
111303.56816781753,0,5.0
111303.56850783469,1,3.0
111315.33042805281,0,5.0
111315.54561458496,1,3.0
111317.11364974796,0,1.0
111320.12695499907,1,4.0
111323.30817648263,0,2.0
111345.82215673049,1,4.0
111347.27059978592,1,1.0
111352.1327389832,1,3.0
111353.32456950952,1,1.0
111386.475172211,0,2.0
111392.94020549064,1,4.0
111395.8201045039,0,5.0
111407.64784816746,1,5.0
111412.4067650026,1,1.0
111414.08659876054,0,5.0
111414.09818189376,1,4.0
111416.33732306374,0,5.0
111416.58566089111,1,1.0
111418.5515775749,0,5.0
111418.56779239886,0,3.0
111427.05792027219,0,3.0
111427.13751315139,0,5.0
111440.75094515391,1,4.0
111440.751496294,1,3.0
111447.53861774063,1,3.0
111448.11311937521,1,5.0
111450.50960858418,1,5.0
111450.51629139436,0,4.0
111451.8043599499,1,4.0
111451.80805215696,1,4.0
111451.81297895266,0,3.0
111465.61353671583,1,2.0
111469.01698602721,1,4.0
111469.06064993508,1,4.0
111469.06115424396,0,3.0
111469.574047568,1,2.0
111476.61506150504,0,1.0
111476.94480086655,1,1.0
111478.99507121863,0,4.0
111481.27154535419,1,1.0
111488.28030680853,1,5.0
111489.65644881294,1,2.0
111489.65884479915,1,1.0
111493.88540107191,1,1.0
111505.45547000048,0,1.0
111505.56552373614,1,4.0
111505.56567347329,1,1.0
111505.74726279487,1,1.0
111508.86810963844,0,2.0
111508.93055758861,1,5.0
111515.84461124288,1,4.0
111515.84532393886,0,1.0
111521.78300915638,0,4.0
111535.5715721891,1,1.0
111540.89900604368,0,4.0
111547.11632446139,1,1.0
111547.49037000026,0,5.0
111563.46229492905,1,2.0
111563.469093904,0,5.0
111577.54133674798,1,4.0
111577.5484579392,0,5.0
111589.5312610389,0,2.0
111597.1903443927,1,4.0
111602.36259643373,1,3.0
111605.46017915751,1,3.0
111610.26188245365,0,5.0
111626.1204856502,1,2.0
111626.13166865219,1,2.0
111664.96216883756,1,3.0
111683.23905157416,1,4.0
111687.16482684464,1,3.0
111690.26284420094,0,4.0
111696.9828725654,1,2.0
111701.80371846083,1,3.0
111701.95423790542,0,4.0
111717.38007744115,1,2.0
111734.29751862328,0,2.0
111740.00551090961,1,4.0
111772.84698596016,1,1.0
111778.51492471043,1,5.0
111779.11773709496,1,4.0
111779.1331064449,0,1.0
111779.1334022026,0,5.0
111780.10669276283,0,2.0
111791.19933010012,1,5.0
111796.19209916552,1,2.0
111803.71551655627,1,4.0
111803.71653606415,0,1.0
111804.64395142766,0,5.0
111829.3597590392,1,3.0
111831.69513960127,0,2.0
111843.43211268121,0,5.0
111846.39059184564,0,2.0
111852.3106756711,1,5.0
111856.52725687831,1,5.0
111856.53210261065,1,2.0
111868.90826353614,1,3.0
111887.80712629035,0,4.0
111898.73913052744,0,3.0
111903.6195534277,1,4.0
111927.73560722364,1,3.0
111932.4307025947,0,5.0
111936.67411599291,0,3.0
111936.79797083962,1,1.0
111981.6982215191,1,1.0
111988.78196263059,0,2.0
112000.83542833543,1,2.0
112004.10685585775,0,2.0
112004.26739478119,0,3.0
112024.56461008053,0,2.0
112027.7071031722,1,3.0
112037.80197806358,0,4.0
112045.91335191345,1,2.0
112058.70874427934,1,4.0
112072.40821867004,0,3.0
112079.64308925743,1,3.0
112097.83032433821,0,1.0
112099.79290737938,0,2.0
112108.65955187385,0,4.0
112121.51607648247,0,5.0
112140.12476883674,0,1.0
112158.57177731267,1,3.0
112161.32765318923,0,1.0
112180.86656545443,0,5.0
112187.06451325331,1,1.0
112197.04999044839,1,2.0
112197.36953771829,0,3.0
112199.22862260304,0,4.0
112209.43053131136,0,1.0
112213.2086876839,0,3.0
112231.55668349445,1,3.0
112231.55852417773,1,3.0
112231.59554672443,1,3.0
112231.59605638047,0,5.0
112232.34037592352,0,4.0
112232.34044126923,1,2.0
112233.90369340987,1,5.0
112233.90419051996,0,4.0
112233.91237951926,1,2.0
112236.69848317635,0,5.0
112238.52045714101,1,4.0
112255.53340244258,0,3.0
112255.54054897791,1,1.0
112266.13214003456,0,5.0
112266.18232105135,1,2.0
112266.18686029722,0,1.0
112309.76759616048,1,5.0
112323.63196572634,0,4.0
112347.54465480996,0,4.0
112347.56314470287,0,3.0
112352.2222535455,1,2.0
112359.35849809147,1,4.0
112365.49099848303,1,2.0
112374.24734482716,0,4.0
112374.25146740816,1,1.0
112376.88813278699,0,1.0
112394.35411182547,0,2.0
112405.20733848169,0,2.0
112417.05310565619,1,4.0
112420.4954421791,1,3.0
112428.70926913408,1,4.0
112437.16750736492,0,3.0
112437.66716229409,0,2.0
112444.32237490732,1,1.0
112444.33375146796,1,2.0
112466.39755315776,0,5.0
112466.41993367604,1,1.0
112468.10248658601,0,3.0
112472.7842946776,1,1.0
112481.24311072768,0,3.0
112483.50587307388,1,3.0
112483.77316857832,0,2.0
112486.59644233098,1,3.0
112491.48766407622,0,1.0
112499.70447464757,0,2.0
112501.33093747722,1,3.0
112508.54029706966,0,3.0
112516.56938814792,0,2.0
112561.78040259391,0,2.0
112565.9428221706,0,4.0
112566.54765049399,1,2.0
112567.16826952893,0,5.0
112567.16951669997,1,1.0
112567.18148905243,1,1.0
112586.23553863453,0,4.0
112612.49019612344,1,4.0
112617.73214785659,0,2.0
112618.34596745136,1,4.0
112618.67304378557,1,2.0
112623.22770381808,1,2.0
112635.66161944212,1,4.0
112650.53057032013,0,4.0
112650.53858180028,0,2.0
112660.63985251996,0,2.0
112687.79921787127,1,2.0
112696.06750741204,0,4.0
112698.92116684481,0,4.0
112727.41310642925,1,4.0
112728.3185737212,0,5.0
112730.26276133064,0,5.0
112730.26324849176,0,5.0
112732.67510377953,1,2.0
112739.37964372626,0,3.0
112741.55070277871,1,3.0
112741.57245600484,1,5.0
112743.11508108952,0,3.0
112745.5110931218,1,4.0
112753.25156897819,1,5.0
112758.77230304154,1,1.0
112759.29415774487,1,4.0
112763.85964517959,1,4.0
112765.01259420221,0,5.0
112765.07598858836,1,2.0
112765.57387533132,1,1.0
112766.49966686717,1,2.0
112766.50032930028,0,3.0
112766.50851594956,1,1.0
112778.7574328913,0,3.0
112778.7759969517,1,4.0
112785.91885620767,1,5.0
112785.91950962572,1,5.0
112798.91460330064,1,5.0
112804.28101832993,1,4.0
112804.36826040653,0,1.0
112805.75462771129,0,1.0
112811.88723763051,1,3.0
112812.7188728052,1,4.0
112812.72565387737,0,4.0
112813.11556354094,0,1.0
112815.8208767555,0,1.0
112836.3649982897,1,5.0
112836.36586172799,1,2.0
112842.2338747822,0,1.0
112842.66656919771,1,4.0
112848.03185801084,0,5.0
112848.03619353088,1,1.0
112849.8007272171,0,5.0
112854.82938395024,1,3.0
112859.64920289045,1,5.0
112859.65144671273,1,2.0
112877.49229729429,1,2.0
112889.88631428106,0,3.0
112889.93893211569,1,4.0
112925.79313145544,1,4.0
112937.15557059628,1,5.0
112937.98855539062,1,4.0
112949.77127564633,0,1.0
112950.0312167779,1,3.0
112950.06275332144,0,2.0
112951.08923785167,1,4.0
112952.97791989424,1,5.0
112954.63823829523,1,2.0
112965.28882542341,0,3.0
112965.45864465075,1,5.0
112976.5071335423,1,3.0
112981.89356163387,0,4.0
112990.8468546839,0,2.0
112992.86679599354,1,1.0
113001.9126767017,0,1.0
113014.18751718075,1,2.0
113039.99101660353,0,3.0
113054.176306934,1,4.0
113054.9427570143,1,1.0
113055.25046248078,0,4.0
113059.49392850444,1,3.0
113059.49706745298,0,3.0
113060.62884567237,0,2.0
113075.07022287692,1,2.0
113076.11678416781,1,2.0
113106.22816567187,0,5.0
113111.51525631588,1,4.0
113128.73635215442,0,2.0
113129.71373904697,0,5.0
113129.7203288193,0,3.0
113144.26821259005,0,2.0
113148.07984732524,0,5.0
113175.9295814632,0,1.0
113177.0872922728,1,3.0
113177.33659404278,1,3.0
113180.76607785668,1,4.0
113194.23362606775,0,5.0
113194.24756928602,1,5.0
113194.24764841351,1,4.0
113194.25490613891,0,1.0
113194.26023546045,1,4.0
113196.64120796522,1,1.0
113197.30758282125,0,4.0
113197.30777520203,1,4.0
113197.31229899125,0,5.0
113197.31999795976,0,5.0
113197.32491279261,1,1.0
113199.61222132752,1,4.0
113199.65467410306,0,4.0
113199.66045978382,0,2.0
113205.96223528146,1,3.0
113214.61079751393,1,3.0
113218.0513778546,1,2.0
113235.65244976591,1,2.0
113252.42302527698,1,2.0
113252.91337262315,1,4.0
113252.93682365246,1,3.0
113264.60637969116,1,2.0
113265.22936857598,0,2.0
113286.47466844239,0,3.0
113286.50642833301,0,4.0
113287.59996463334,1,3.0
113288.16711035787,0,2.0
113304.5140403772,1,4.0
113304.5774458313,0,3.0
113307.56978583276,1,3.0
113324.84232325843,0,4.0
113350.68566689959,1,4.0
113362.14168780697,0,3.0
113362.14971913071,1,4.0
113367.3564615284,1,2.0
113376.09003131329,0,4.0
113380.25948342751,1,4.0
113385.63118514375,0,2.0
113412.05954405022,0,1.0
113418.17348756839,1,2.0
113440.04878368592,1,4.0
113443.42658758361,1,1.0
113446.6587999279,0,5.0
113447.01901728296,1,2.0
113450.50474744238,0,4.0
113452.33868018251,1,4.0
113453.89472820157,0,1.0
113480.45850319073,0,1.0
113504.65700676457,1,3.0
113509.50869984434,1,1.0
113524.3029552459,1,5.0
113525.4529555436,1,1.0
113525.72536811043,1,4.0
113546.11501410621,1,1.0
113559.2813621758,0,2.0
113570.84089128135,1,1.0
113572.92803149433,0,1.0
113576.2234907961,0,2.0
113581.39218952911,1,1.0
113584.54700452807,0,3.0
113588.49797719312,1,4.0
113607.2304776273,0,2.0
113610.15990747973,0,5.0
113610.16173505764,0,5.0
113619.71595663275,1,3.0
113620.26926757753,0,5.0
113626.67838751452,1,4.0
113634.8933331695,0,2.0
113635.29310646364,1,3.0
113635.30175261245,0,3.0
113636.2333652858,0,4.0
113642.29477304345,0,3.0
113646.47110747783,1,1.0
113660.47168826814,0,5.0
113664.7713554588,1,1.0
113679.03594632544,1,4.0
113679.07324465587,1,4.0
113679.07329654056,0,3.0
113692.91512477283,0,4.0
113692.91520418614,1,1.0
113695.70170760262,0,5.0
113714.94458824403,1,5.0
113719.83763084961,0,5.0
113726.41719683613,1,5.0
113726.42270672286,1,1.0
113727.58748905137,1,1.0
113739.29989111588,0,3.0
113739.35793656742,1,2.0
113739.37509550226,1,3.0
113742.07964874257,0,3.0
113744.54675399505,1,5.0
113744.54760545134,0,5.0
113744.55156435558,0,5.0
113744.56231056884,1,5.0
113762.96009704456,1,3.0
113768.63301006837,1,3.0
113769.58100691807,1,2.0
113770.29419791194,0,2.0
113776.75682064715,1,3.0
113784.69642027956,1,2.0
113790.35258718223,1,4.0
113791.70331719406,1,5.0
113814.4075632239,0,3.0
113830.83256203095,0,5.0
113830.84148664781,1,5.0
113830.89071785254,1,3.0
113830.89098215828,0,4.0
113838.60878414441,0,4.0
113863.0630136484,0,2.0
113863.54186652809,0,2.0
113875.84997722713,0,1.0
113882.17935415226,0,1.0
113900.76253547144,0,1.0
113907.17735260309,0,3.0
113926.65800433207,1,2.0
113931.404867288,1,4.0
113933.8569086111,1,4.0
113937.76710751772,1,2.0
113955.63543908992,0,3.0
113964.32062562917,1,3.0
113964.91221469645,0,2.0
113966.1041440307,0,2.0
113970.81020568073,0,1.0
114005.59889947773,1,2.0
114012.93974951742,1,2.0
114015.11844928388,0,5.0
114016.66527282723,0,4.0
114017.83288763568,0,4.0
114027.73337195165,1,4.0
114027.78429777369,0,4.0
114034.07017532912,1,2.0
114041.34943403224,0,2.0
114049.84482967123,1,1.0
114059.57631792361,1,3.0
114059.94265017097,0,4.0
114071.8563368779,0,4.0
114071.85655489622,1,3.0
114071.85735223882,0,3.0
114071.85900958713,1,4.0
114075.53472679736,0,4.0
114075.53541034154,1,1.0
114091.27979734933,0,3.0
114104.59846151172,0,4.0
114104.59973527533,0,5.0
114104.6003234202,1,2.0
114104.65529697691,1,2.0
114135.61038612544,1,4.0
114148.94968608922,0,2.0
114153.67688737996,1,4.0
114157.3895184408,0,5.0
114157.38953768715,0,5.0
114157.40361409634,1,5.0
114165.04401067553,1,4.0
114176.67560480254,0,1.0
114183.87091305204,0,4.0
114184.76790003454,1,2.0
114187.70397865312,1,4.0
114195.16068269484,1,2.0
114204.92109406574,0,3.0
114220.3883767629,1,2.0
114220.39198304892,1,1.0
114234.6439817921,1,4.0
114239.94486471247,1,2.0
114241.10071703409,1,2.0
114251.40254724724,1,5.0
114257.60353225649,1,5.0
114267.6459404835,1,5.0
114270.26072500671,0,2.0
114280.02810661565,0,5.0
114280.0286055426,0,3.0
114280.03750141776,1,1.0
114280.8958523589,0,3.0
114289.142062946,1,1.0
114299.68735176367,1,2.0
114302.66088041216,0,5.0
114316.14696984671,0,1.0
114332.0785364747,1,2.0
114332.85410927511,0,5.0
114338.55375989348,1,2.0
114341.00105422363,1,3.0
114345.60944195322,1,2.0
114346.71647483806,0,1.0
114348.00468578134,0,4.0
114348.01775579974,1,5.0
114348.97358632556,0,4.0
114349.13088525514,0,2.0
114351.02655332292,0,1.0
114365.69488932245,0,5.0
114382.33541006713,1,3.0
114384.22679564916,1,3.0
114386.56858238573,0,3.0
114395.48319150713,0,1.0
114398.26511456436,1,1.0
114399.06226929424,0,4.0
114399.9016626862,1,4.0
114399.92908791777,0,5.0
114401.75280955764,0,3.0
114413.25545692326,0,3.0
114431.65087404056,1,4.0
114431.6523904564,0,4.0
114432.17810429665,1,5.0
114432.17870181978,0,5.0
114432.1819488649,1,5.0
114432.18832052803,1,3.0
114433.20360701552,0,1.0
114441.59633822116,1,5.0
114449.1048866966,1,5.0
114449.21191267527,1,2.0
114455.50638263414,1,3.0
114456.03573809526,0,3.0
114457.27686900551,1,4.0
114462.72968008104,0,4.0
114466.42591209033,0,1.0
114474.751225359,1,4.0
114474.75375444358,0,1.0
114474.78220476377,1,1.0
114477.36626069166,1,3.0
114499.0936290332,1,2.0
114517.6624873385,1,1.0
114524.8805209989,0,2.0
114525.95883396245,1,3.0
114562.9573952366,0,1.0
114564.34664698172,1,2.0
114572.90233275016,1,3.0
114574.78606700357,0,1.0
114576.94575191493,0,5.0
114576.94839884146,0,4.0
114576.9539460864,0,3.0
114577.43590318573,1,1.0
114586.31844960767,1,4.0
114601.66764546181,1,2.0
114603.04857651242,0,3.0
114603.06583321381,1,3.0
114604.94661590381,0,4.0
114622.56501516688,0,3.0
114624.92126525394,0,5.0
114628.13060280656,1,3.0
114628.2686452625,0,3.0
114633.42044228685,1,1.0
114653.55514729643,1,1.0
114660.41479903372,0,2.0
114661.4107737201,1,4.0
114662.86721088096,1,3.0
114663.91832755189,0,3.0
114674.86948919746,1,4.0
114675.22787961725,1,3.0
114677.55697493014,0,1.0
114687.47686986015,0,1.0
114688.90666953917,0,4.0
114692.28940075601,1,4.0
114696.52933336179,1,4.0
114709.78892434643,0,5.0
114709.79045451959,1,5.0
114729.40872419302,0,2.0
114747.72427499936,0,4.0
114747.86025739247,1,5.0
114747.88706868111,0,2.0
114755.1697223633,1,3.0
114771.40701843036,0,2.0
114773.55655840831,0,5.0
114790.50048682687,0,1.0
114800.55900449173,0,5.0
114800.56324000872,1,4.0
114801.0090455438,0,5.0
114802.55674778516,0,2.0
114808.8744901571,1,3.0
114812.30540502854,1,1.0
114825.28690685643,1,3.0
114833.9483270651,1,4.0
114841.86442893092,1,1.0
114858.39258262832,1,1.0
114862.36932940224,0,5.0
114862.38288727381,1,4.0
114862.38380616176,0,2.0
114863.5697803448,1,2.0
114868.86624939663,0,4.0
114876.51444934194,0,4.0
114883.68149483403,1,5.0
114883.70568831981,1,1.0
114889.02673041869,0,5.0
114898.15328979412,0,2.0
114900.7896057817,0,3.0
114912.33923470974,1,3.0
114929.85354304107,0,1.0
114931.54909425072,1,4.0
114931.5493612988,1,3.0
114932.92451459897,0,3.0
114946.1578559038,1,1.0
114965.03430498768,1,2.0
114969.54029413797,1,2.0
114970.4887098863,1,5.0
114970.5279575962,0,5.0
114970.5292717784,1,3.0
114974.42733684984,1,4.0
114997.330165433,0,4.0
115015.39959324554,0,3.0
115024.64779187739,0,3.0
115041.15740948117,1,3.0
115046.46487198332,1,4.0
115046.46659921086,1,3.0
115046.4695734473,0,5.0
115050.5610457292,0,5.0
115050.59818094122,1,5.0
115051.00152192383,0,5.0
115051.02760740992,0,4.0
115064.46945964736,1,2.0
115067.12295014012,0,3.0
115067.13984590273,1,4.0
115077.9256378111,1,2.0
115087.24516842882,1,4.0
115088.4568296076,0,1.0
115089.54524581817,0,4.0
115089.68055984502,0,2.0
115092.45244412555,1,1.0
115094.686795611,1,3.0
115094.9541053643,1,1.0
115120.6555062697,1,4.0
115120.99847942269,1,2.0
115134.45483584439,1,3.0
115137.03530241898,0,4.0
115149.03118343718,0,3.0
115151.48116634304,1,5.0
115178.00311465313,0,4.0
115178.06216224212,0,3.0
115180.46436057557,1,5.0
115180.85398835613,1,3.0
115182.87499842719,0,3.0
115186.46011565682,0,2.0
115194.69090322303,1,3.0
115194.91573703496,0,1.0
115199.00236443111,1,1.0
115200.1763633571,0,5.0
115206.04403672088,1,2.0
115219.12663279471,0,5.0
115223.74853037353,0,1.0
115240.2996430314,0,5.0
115240.31162108353,1,3.0
115243.6514782923,1,5.0
115254.09302128865,1,2.0
115257.96472688163,0,1.0
115261.90163906646,0,4.0
115263.42827672986,0,4.0
115266.77483380004,1,1.0
115268.7546861104,0,5.0
115269.42887044686,0,3.0
115272.39730465863,1,3.0
115279.36743171417,0,5.0
115279.37598864219,0,4.0
115279.3769797786,0,1.0
115279.98325571185,0,4.0
115279.985278041,0,4.0
115294.01028359597,0,4.0
115294.089156265,1,4.0
115297.86630520668,1,2.0
115298.24322808429,1,3.0
115315.53908671043,0,3.0
115320.1781944927,0,5.0
115325.45066838794,0,2.0
115336.41124171791,1,2.0
115337.3627594067,0,3.0
115341.5844249734,1,5.0
115341.58474948339,0,2.0
115351.45867323222,1,5.0
115353.31875143656,0,1.0
115357.12108303966,1,3.0
115357.12135448724,0,5.0
115357.12204901356,0,4.0
115358.57505886839,1,4.0
115365.98260431792,0,1.0
115367.83217070812,1,5.0
115382.47854688126,1,5.0
115383.31665706528,1,4.0
115390.31068423062,1,1.0
115411.91376481809,0,5.0
115413.54424932077,1,1.0
115419.01153986514,0,3.0
115419.2037098592,0,1.0
115421.6985615651,0,2.0
115427.295291519,1,2.0
115427.30295680474,0,4.0
115428.84948634492,1,2.0
115429.48865716193,1,5.0
115431.93017148778,0,2.0
115434.92800321519,0,3.0
115434.92923943362,1,3.0
115434.93893586953,0,3.0
115501.85823469186,0,5.0
115527.35360080886,0,3.0
115536.26261050408,1,2.0
115564.32589439885,0,2.0
115565.07232111681,0,3.0
115566.645210384,0,3.0
115568.68499800802,1,3.0
115570.4359802675,1,1.0
115574.43598981782,1,1.0
115596.62433973092,1,5.0
115596.62515720812,1,1.0
115596.77434895156,0,4.0
115614.61723271295,1,3.0
115632.1957921718,0,1.0
115634.04116666935,0,1.0
115635.01393538988,0,2.0
115635.03474491094,0,3.0
115637.84952761244,1,1.0
115638.57450958097,1,3.0
115651.31744969505,1,4.0
115677.86170131013,1,2.0
115718.05652495891,1,2.0
115718.28955721995,1,1.0
115778.95890252372,1,1.0
115788.67804760922,0,1.0
115791.20734580056,0,5.0
115791.20741682658,1,3.0
115813.62707866871,0,2.0
115820.9790430363,1,1.0
115824.40173912646,1,3.0
115829.60393168351,0,3.0
115839.51114145854,1,1.0
115850.55687941225,1,4.0
115850.67103331999,0,1.0
115863.44996494974,1,2.0
115863.49736257309,1,2.0
115863.49940688975,0,5.0
115868.00077843446,1,3.0
115872.88153245467,1,4.0
115874.2322593564,1,1.0
115879.07381203689,1,4.0
115888.90952494548,0,3.0
115892.57211471035,1,5.0
115892.57231785741,0,1.0
115903.37943027007,1,1.0
115904.60555296096,0,4.0
115907.90091494755,0,3.0
115913.16468558612,1,1.0
115918.54652374484,0,3.0
115925.60789931538,0,2.0
115938.45976888397,1,5.0
115946.9501233664,0,5.0
115946.96564992784,0,4.0
115946.97734960724,0,3.0
115947.86737358995,0,4.0
115963.13700812514,0,1.0
115963.52773301105,0,2.0
115963.52789874595,0,2.0
115968.58461339101,1,5.0
115974.247061224,1,5.0
115975.53349960556,1,4.0
115977.83155461324,1,3.0
115984.22842878474,1,5.0
116001.30970789275,1,5.0
116003.51071934338,0,2.0
116007.74788169505,0,1.0
116013.3100874948,1,4.0
116023.8763792769,0,5.0
116023.88104432328,1,1.0
116033.81448662277,0,5.0
116033.81497154897,1,2.0
116034.08971002551,0,3.0
116069.62690698897,1,1.0
116077.2828133192,1,1.0
116078.35640549478,0,4.0
116090.29029521284,0,2.0
116090.30094942643,0,4.0
116090.45889058417,1,2.0
116117.67910191022,0,1.0
116121.86439199872,0,3.0
116123.72885076693,0,1.0
116124.58389715801,0,2.0
116135.16165946462,1,2.0
116136.53070546669,1,4.0
116146.23285563206,1,4.0
116148.74677246509,1,3.0
116152.34197060444,1,5.0
116152.36623603063,0,3.0
116154.38552321392,1,5.0
116167.82073972693,0,1.0
116170.43626982227,0,2.0
116170.46486509341,0,4.0
116172.99558143767,0,3.0
116179.16170972554,0,2.0
116193.9335472438,1,5.0
116194.15201322308,1,3.0
116197.62711140235,0,4.0
116197.63013482455,0,3.0
116197.69435458134,0,4.0
116197.88759343416,0,3.0
116214.44445198702,0,3.0
116221.77228259605,1,2.0
116249.20801670598,0,5.0
116249.23419511098,1,5.0
116249.25348132108,1,1.0
116269.71587194184,0,1.0
116275.53483730376,1,5.0
116275.57131199635,0,3.0
116285.98694017448,1,4.0
116294.98072085292,1,2.0
116297.1119586955,1,5.0
116301.4330503657,0,2.0
116308.4619755782,0,3.0
116324.73890554438,0,2.0
116330.58230635447,1,1.0
116337.20895826301,0,4.0
116352.71179224357,1,3.0
116352.71438643352,0,4.0
116364.24045347697,0,4.0
116364.24094152573,1,4.0
116364.24150559652,0,1.0
116364.25918382598,1,1.0
116364.34727299717,0,1.0
116364.3826805238,0,5.0
116364.9607598428,1,1.0
116366.96793298442,1,2.0
116381.05581139355,1,5.0
116381.0731476151,0,1.0
116387.08758573672,0,3.0
116395.83592962095,0,3.0
116411.74795565101,1,2.0
116415.13658936859,0,1.0
116426.0396135499,0,3.0
116426.03963647579,1,4.0
116426.06303395485,0,2.0
116437.52810045076,0,2.0
116443.56643853433,1,4.0
116453.77675857239,0,3.0
116458.62914857271,1,4.0
116468.92107429958,0,4.0
116469.27199832142,1,3.0
116469.31200252615,0,4.0
116469.5600667528,0,3.0
116469.81228144802,0,4.0
116469.81231239329,1,1.0
116471.27315244917,0,4.0
116471.27416771666,1,1.0
116479.07606916389,1,2.0
116519.41317657243,1,3.0
116519.4138678003,1,3.0
116522.74329050034,0,2.0
116567.28454377026,1,1.0
116576.27938784336,0,3.0
116577.03582783198,0,5.0
116577.04966219909,1,2.0
116583.9279860148,1,3.0
116584.59840232901,1,3.0
116599.92245773858,0,4.0
116601.50539818408,1,1.0
116601.60255897332,0,3.0
116617.74692498526,0,3.0
116618.01348798245,0,5.0
116618.65105516624,1,4.0
116621.75906272247,1,3.0
116621.82862121388,0,1.0
116621.91461595881,1,4.0
116622.13196944482,1,5.0
116642.72758021868,0,4.0
116668.87313815324,1,5.0
116669.40087460398,0,2.0
116674.95231562873,1,2.0
116703.1306852943,0,1.0
116720.90599886113,0,2.0
116721.76296308197,1,1.0
116739.12328919153,0,4.0
116740.4083882406,0,5.0
116746.81573457501,0,1.0
116749.51044588006,0,1.0
116756.14554228542,1,5.0
116761.80645583557,1,4.0
116766.61500519587,1,5.0
116766.6185524824,1,1.0
116771.23559814406,1,4.0
116771.23953998847,0,3.0
116781.53146063772,0,2.0
116788.03092101075,1,5.0
116806.70276755272,1,5.0
116807.502496938,0,4.0
116808.89030276568,1,3.0
116809.17995948107,0,5.0
116813.26525386203,0,1.0
116815.57931595562,1,3.0
116822.16553633181,1,1.0
116824.09955894372,0,1.0
116826.48687344701,1,5.0
116840.49595331342,0,1.0
116841.33206033021,1,3.0
116843.30686106387,1,2.0
116848.6042571282,1,5.0
116848.60444346747,1,5.0
116849.07170065407,0,2.0
116852.63152816823,0,1.0
116884.6328216069,1,1.0
116897.1464184404,1,1.0
116913.92388225698,0,2.0
116935.09745147257,1,3.0
116939.18194845426,0,3.0
116939.93733441141,1,4.0
116954.59106351271,1,3.0
116974.27890798825,1,5.0
116980.7332465647,1,2.0
116990.16918130737,0,4.0
116994.9852145545,0,2.0
116999.44093554298,1,5.0
117004.06843684967,1,4.0
117007.02353081286,0,1.0
117007.73268619548,1,3.0
117013.04806540436,1,1.0
117014.07505606908,1,4.0
117020.88792808246,0,2.0
117028.51850726524,0,1.0
117028.92055116507,1,2.0
117034.7949030702,1,3.0
117037.65416390689,1,4.0
117037.74199920047,1,4.0
117038.35268793112,1,2.0
117043.55761011271,1,1.0
117048.77987906235,0,2.0
117058.04088380962,1,4.0
117062.99405207334,1,5.0
117066.112385965,1,2.0
117076.2583506117,0,4.0
117076.25907573513,0,5.0
117076.53807442005,0,4.0
117079.0318249807,0,4.0
117086.25112945492,1,3.0
117090.94097752472,1,5.0
117091.09795544941,0,5.0
117091.09978865269,0,1.0
117093.68327014172,0,5.0
117093.68494390318,1,5.0
117096.14564159609,1,1.0
117097.00982709449,1,1.0
117109.9735530188,1,1.0
117114.01445081222,1,5.0
117114.0706982723,1,2.0
117114.19495396724,1,3.0
117122.74729460552,1,1.0
117132.68990875318,0,1.0
117149.28707064017,1,4.0
117149.48004194334,1,3.0
117149.48200924325,1,4.0
117150.11731968359,0,1.0
117164.51182288745,1,2.0
117165.41497761973,1,2.0
117170.44112781787,0,4.0
117173.51935523938,0,5.0
117177.55338178546,0,5.0
117177.56118648878,0,5.0
117185.75471466707,0,4.0
117188.33990568014,0,3.0
117191.37929002129,0,2.0
117203.53983834866,0,4.0
117206.08750817935,0,3.0
117215.00323569046,0,2.0
117218.31389196594,0,2.0
117224.92510553787,0,5.0
117228.09529661342,1,2.0
117243.37236245279,0,4.0
117265.13078650767,0,3.0
117275.23651750183,0,3.0
117284.34120413862,1,5.0
117284.52119445731,1,3.0
117286.47740288386,1,3.0
117291.60580750153,0,1.0
117295.06544077983,0,2.0
117343.13588454336,0,4.0
117345.15634042269,0,4.0
117369.81071980397,0,3.0
117369.81585406642,1,5.0
117371.56688904497,0,2.0
117381.82238965393,0,5.0
117381.83573804375,1,2.0
117382.4981246859,0,3.0
117410.25912998569,1,1.0
117416.1319833067,1,1.0
117434.6284162481,0,5.0
117442.71675772672,0,3.0
117444.02419143698,0,3.0
117444.99544428321,1,3.0
117446.73526011415,1,4.0
117446.7386162857,0,5.0
117493.4560734746,1,3.0
117497.91711934906,1,2.0
117529.41788196456,1,3.0
117530.31104569403,1,3.0
117532.68238637356,0,3.0
117571.41337251413,0,2.0
117572.25390001947,0,4.0
117593.70573718996,0,4.0
117593.70655169338,0,3.0
117593.73539710583,1,5.0
117601.85482933522,1,2.0
117612.12326179196,1,4.0
117612.1309268354,0,2.0
117612.26426039137,1,2.0
117654.18288527326,0,1.0
117661.98057641729,0,3.0
117661.9893203001,0,3.0
117681.14877702766,0,5.0
117688.25836892243,0,5.0
117705.39687034822,0,3.0
117705.39765000356,0,1.0
117711.3993133745,1,3.0
117712.50343629242,0,3.0
117720.54617621377,0,4.0
117720.62438513564,1,2.0
117721.11996613702,1,5.0
117731.12522621966,0,5.0
117731.13260381669,1,1.0
117731.1472536522,0,1.0
117731.54215036498,1,3.0
117738.77390505555,0,1.0
117742.43600482708,1,2.0
117766.8402873894,1,2.0
117768.4196223506,0,5.0
117768.4238989859,1,4.0
117768.65222365258,1,5.0
117769.35441602652,0,5.0
117769.53268727288,0,5.0
117770.44326884935,0,5.0
117770.4449975398,1,2.0
117776.30329484843,0,3.0
117780.79540851408,0,5.0
117781.07068259732,0,5.0
117782.16933454266,0,1.0
117783.58004795999,1,1.0
117803.2333653957,1,1.0
117813.80967074813,1,1.0
117816.0495247232,1,1.0
117831.69749529978,0,4.0
117839.31360287714,1,4.0
117848.5246700874,0,4.0
117856.20282022016,0,4.0
117882.32301394356,1,4.0
117882.83881743898,1,5.0
117891.04539555298,0,1.0
117891.04830554394,1,5.0
117891.79168963282,0,5.0
117899.90284385234,1,1.0
117906.03513541394,0,3.0
117906.22880760866,0,3.0
117909.93020749328,1,4.0
117910.58942055203,0,3.0
117926.12423732529,0,4.0
117957.20682451558,0,5.0
117961.77063168121,0,1.0
117963.14831209207,1,4.0
117963.170175765,0,4.0
117977.91096042478,1,5.0
117979.19830143268,1,4.0
117981.99890505437,0,3.0
117987.92497539932,0,5.0
118006.4517828027,0,2.0
118008.64802041589,1,4.0
118008.66144112061,0,4.0
118020.02068259225,1,1.0
118040.0169785835,1,1.0
118042.85242961193,1,1.0
118058.48951244392,1,2.0
118070.27570035527,0,2.0
118072.12893801971,1,5.0
118072.71402178843,1,3.0
118073.28749986632,1,5.0
118075.22654299537,1,1.0
118080.91154224273,0,4.0
118080.92880891784,1,2.0
118091.72167043434,1,3.0
118105.8434169304,1,2.0
118106.61509870052,1,3.0
118118.79524526381,0,1.0
118121.80040785826,0,2.0
118124.18043610886,1,5.0
118133.26758065187,1,2.0
118134.80009548925,0,5.0
118135.51751757307,0,2.0
118146.88935822887,0,5.0
118154.79159632251,0,3.0
118155.78325883346,1,1.0
118171.68198961331,0,4.0
118185.34411278403,0,5.0
118194.24336677122,1,3.0
118194.24771905028,1,2.0
118200.3540278885,0,2.0
118223.66642864908,1,2.0
118225.97886087322,1,3.0
118257.31845436194,1,4.0
118262.19102344004,1,1.0
118262.5693869617,0,3.0
118268.7770107415,1,2.0
118269.99869282577,0,1.0
118287.27429804545,0,4.0
118287.28760503289,1,2.0
118303.40178642112,1,3.0
118315.46822983683,0,1.0
118331.3471841703,0,1.0
118338.45488411104,1,3.0
118362.93261117651,1,1.0
118363.04756380914,0,3.0
118363.14837080766,0,3.0
118384.65258711432,1,2.0
118436.67225663955,0,3.0
118465.6101949753,1,4.0
118467.8254129856,0,4.0
118477.77784949378,0,1.0
118482.92899037828,0,4.0
118482.9377051331,0,2.0
118483.83294821596,1,5.0
118483.8573815111,0,1.0
118485.07283516147,0,5.0
118486.56119448664,0,5.0
118499.52589866355,1,2.0
118503.82262154754,0,1.0
118504.91240216205,0,5.0
118510.70555726162,0,1.0
118517.17219236623,0,5.0
118525.93060330916,0,1.0
118530.02379785613,0,4.0
118554.2586211785,0,1.0
118576.5680325707,0,2.0
118583.33715460011,1,5.0
118583.34624064747,1,1.0
118606.89040323552,0,3.0
118606.90006932322,0,1.0
118632.31487096114,0,4.0
118636.70542155684,1,2.0
118656.58443402164,1,2.0
118656.6523733093,1,1.0
118657.53768952178,0,3.0
118681.35246260409,0,3.0
118686.98715341372,1,4.0
118688.43130885827,0,3.0
118691.95335432283,1,3.0
118701.48337289823,1,2.0
118708.4589669358,1,3.0
118714.14900207327,1,3.0
118728.1433807756,1,4.0
118728.14376477545,0,1.0
118730.39260875838,0,3.0
118730.46309957319,1,5.0
118751.56179618319,1,5.0
118751.56314902572,0,2.0
118751.59936012317,0,1.0
118760.33315732166,0,2.0
118799.99430713011,0,2.0
118812.89335828467,0,1.0
118817.05950236371,1,4.0
118817.16172858544,1,4.0
118821.4974898051,1,1.0
118826.204771375,1,2.0
118838.74237827428,1,4.0
118838.74509903608,0,3.0
118848.5714919826,0,5.0
118848.57785332717,1,1.0
118868.01180104636,0,3.0
118870.86122776949,1,1.0
118881.02376290745,1,2.0
118881.86273593514,1,4.0
118884.96299501772,0,2.0
118929.22471470918,1,2.0
118936.25266642166,0,5.0
118938.38310199621,1,4.0
118950.71395546733,0,5.0
118950.73249122703,1,1.0
118954.7486664074,1,2.0
118956.45295463076,0,4.0
118958.58191170526,1,4.0
118958.59074977176,1,5.0
118958.59164182672,0,3.0
118958.5920896547,0,4.0
118964.21596468426,0,1.0
118991.5991471956,1,4.0
118991.60518831953,1,3.0
118992.25164291856,1,5.0
118994.20243594487,1,1.0
119000.99840358782,0,2.0
119001.45543695735,1,4.0
119003.13584073083,0,2.0
119013.46043109015,1,4.0
119019.20523954627,0,1.0
119032.16344784334,0,4.0
119041.45384571482,1,1.0
119044.91031574363,1,2.0
119053.66386171544,0,1.0
119062.10015707568,1,1.0
119068.5954120906,0,4.0
119078.23826776962,1,4.0
119102.30141825505,1,3.0
119102.32784849174,1,4.0
119102.53865689013,1,5.0
119102.53950794952,1,4.0
119102.54383259283,0,3.0
119103.10857609009,1,4.0
119115.38915737778,1,5.0
119116.4738720344,0,2.0
119116.75070554667,1,1.0
119122.01816484147,1,5.0
119132.20152258771,0,1.0
119132.20281110742,0,4.0
119132.86729607714,1,1.0
119139.14489546294,1,4.0
119142.70288612625,1,4.0
119142.70293757273,0,1.0
119142.72060954379,0,3.0
119144.11645524138,1,2.0
119149.2548237673,0,5.0
119150.58673586107,1,2.0
119154.49400122993,0,3.0
119174.74720920411,1,1.0
119177.67184560829,0,3.0
119195.83431057844,1,4.0
119200.20367698706,1,1.0
119201.09722775144,0,3.0
119220.1708317015,0,3.0
119220.1817858888,0,1.0
119220.42433234445,1,2.0
119227.4289499467,0,4.0
119227.43119161464,0,4.0
119248.07103077194,1,3.0
119253.59803110197,0,1.0
119262.4531491611,1,4.0
119265.47539159501,1,3.0
119270.00082860106,1,4.0
119270.00330080815,1,2.0
119272.20084530569,0,2.0
119292.4679255699,0,1.0
119315.2457170087,1,3.0
119315.34860232938,1,2.0
119315.7780504721,0,1.0
119323.66627629292,0,3.0
119328.10991632652,0,4.0
119331.15693552415,1,3.0
119342.87277877681,0,3.0
119354.97538310316,1,5.0
119354.97616523168,0,2.0
119355.02994472638,1,1.0
119355.16417341736,0,2.0
119362.48266367262,1,3.0
119378.43182038123,0,1.0
119382.42186532613,1,3.0
119389.50019297714,1,3.0
119390.25169007787,1,4.0
119390.33086602505,0,5.0
119394.0481553523,0,2.0
119420.65616167392,1,1.0
119423.292210775,1,4.0
119431.0190456382,0,2.0
119431.33005729994,1,3.0
119446.50265028191,0,4.0
119451.83302112023,0,4.0
119456.51934799942,1,5.0
119456.51994631044,0,5.0
119456.52069817547,0,2.0
119463.92037680084,1,2.0
119463.93110899178,1,2.0
119476.4782829578,1,1.0
119476.87280768753,1,2.0
119479.95580787922,1,5.0
119483.53192982708,0,2.0
119503.3807600585,1,4.0
119507.3668740185,1,4.0
119515.99485262008,0,5.0
119515.99489391565,0,3.0
119516.01768474052,0,3.0
119517.67501323846,0,5.0
119517.68418929861,1,5.0
119517.75605450443,1,1.0
119518.63754463004,1,3.0
119519.52602939666,0,1.0
119524.29638805904,1,1.0
119525.11295017641,1,2.0
119535.78125717583,1,1.0
119543.89991448841,0,2.0
119547.17324640647,1,3.0
119553.47505669972,1,1.0
119581.65038425667,0,4.0
119581.8344617222,1,4.0
119600.05429696423,0,1.0
119618.23896599286,1,1.0
119634.5728394591,1,5.0
119634.58603598559,0,5.0
119634.62957063725,0,3.0
119634.6299462146,0,2.0
119634.92946625255,0,4.0
119634.99670373414,0,3.0
119637.83364944217,1,1.0
119637.84923997341,1,5.0
119637.858616414,0,3.0
119643.39920870501,1,3.0
119647.49947933498,1,3.0
119648.18605551276,1,3.0
119653.67489496958,1,5.0
119659.78769600899,1,2.0
119665.02581661812,1,3.0
119666.83253709425,1,1.0
119675.35773557346,0,4.0
119679.869527805,0,1.0
119679.88400793666,1,1.0
119690.36073898737,1,3.0
119701.46562386118,1,1.0
119736.43126165941,1,1.0
119736.67265140056,1,2.0
119745.13300163283,0,2.0
119748.98293509982,1,1.0
119757.49259917106,1,4.0
119757.49447771488,0,3.0
119764.66542648652,1,4.0
119765.06853954193,0,3.0
119766.92663280647,1,5.0
119767.74075101859,1,3.0
119776.10142110124,1,2.0
119777.25258001122,1,5.0
119779.70395258073,1,3.0
119781.20131440299,0,4.0
119781.20615562609,1,5.0
119781.24302122304,1,4.0
119795.32220087602,1,3.0
119795.38025814985,1,2.0
119815.77037629744,0,1.0
119835.27122883486,0,1.0
119836.56212047536,0,2.0
119837.26085091403,1,1.0
119841.57359570719,1,3.0
119842.87717340402,0,3.0
119854.49332737278,1,3.0
119863.78893506154,1,3.0
119863.79356349616,1,4.0
119869.46849993235,1,1.0
119869.53363787483,0,4.0
119869.53521001426,0,5.0
119875.31308634148,0,3.0
119876.47035539756,0,5.0
119876.47223627858,1,5.0
119876.82922078145,0,1.0
119891.66523821952,0,1.0
119892.19929040826,1,4.0
119898.29782785388,0,5.0
119898.29820297135,1,4.0
119905.86535753301,1,1.0
119921.20998455996,0,3.0
119922.43795473591,0,1.0
119925.2078041063,0,2.0
119928.4874520419,1,5.0
119934.74108798247,1,3.0
119943.32284836566,1,4.0
119953.55073737292,0,1.0
119962.5837794195,1,3.0
119964.50078734076,0,1.0
120006.52141757788,0,3.0
120020.1373521465,0,5.0
120020.13776948399,1,5.0
120020.39287949433,0,3.0
120026.84382569586,0,3.0
120026.8450846503,1,1.0
120033.17619095542,1,2.0
120034.07214259461,1,5.0
120034.16037054433,1,1.0
120040.07642565288,0,5.0
120079.81469139527,1,2.0
120081.04534935245,0,5.0
120096.75574614038,0,2.0
120102.17701306105,1,5.0
120113.81441047572,0,1.0
120118.07139277554,0,5.0
120118.83785703113,1,4.0
120120.74197574746,1,4.0
120127.09440879183,0,5.0
120129.33286796954,0,4.0
120130.33926162547,0,3.0
120132.90095263241,1,4.0
120133.17516712575,1,4.0
120138.07705488909,1,3.0
120138.51770632567,0,2.0
120138.5207350315,0,2.0
120149.40914952633,0,1.0
120149.74589790018,0,2.0
120189.11803392383,1,4.0
120189.76324588087,0,3.0
120209.65900268749,1,2.0
120209.66743763504,1,3.0
120227.87804707255,0,3.0
120244.73897536742,1,1.0
120248.91222878214,1,4.0
120280.3914308852,0,4.0
120282.02846912346,0,5.0
120296.79809401894,0,5.0
120299.1227060814,0,1.0
120310.70928990099,1,2.0
120320.80245027882,1,3.0
120340.89046019898,1,3.0
120346.8036598864,1,1.0
120352.96737334499,0,5.0
120359.52378943072,0,1.0
120360.6427872779,1,4.0
120371.49970761072,0,2.0
120375.13047224718,0,5.0
120377.88195780756,1,1.0
120386.63676702994,0,2.0
120388.6605438628,1,5.0
120388.9144841432,1,1.0
120397.92442479609,0,4.0
120409.41005555322,1,4.0
120417.95873955819,0,2.0
120429.59060715539,1,5.0
120442.13505113269,1,1.0
120457.80268006299,1,2.0
120476.56291892873,0,3.0
120487.7590870365,0,5.0
120488.10266184031,0,1.0
120512.69081195643,0,1.0
120531.52447004346,0,1.0
120558.07580953982,0,1.0
120569.69254079655,1,1.0
120570.3103334086,1,4.0
120580.09565376374,0,1.0
120588.05468216544,0,4.0
120588.86199252248,1,4.0
120588.86213001909,1,1.0
120589.10568496214,1,2.0
120589.2182286142,1,3.0
120596.21062517283,1,1.0
120630.80060820398,1,2.0
120632.70356798742,0,3.0
120634.67047608839,0,5.0
120635.5662912794,0,3.0
120646.28574381281,0,3.0
120657.74271538474,0,3.0
120660.09297767375,1,5.0
120674.50145849468,1,4.0
120675.94030851134,0,1.0
120676.22823652477,1,1.0
120688.65610515352,1,4.0
120706.78143781162,1,2.0
120719.36950380512,1,2.0
120720.01830129974,0,2.0
120721.73124234853,0,3.0
120721.74008409747,0,5.0
120733.09996085809,1,3.0
120733.22996305862,1,1.0
120738.42865907436,0,2.0
120747.82854358082,0,3.0
120748.32259588956,1,3.0
120749.33718561652,1,4.0
120757.74093506232,0,2.0
120780.45978864773,1,4.0
120800.53948645605,0,3.0
120810.36525156679,0,1.0
120820.06978837417,1,2.0
120828.65930988138,1,3.0
120833.96612189357,1,5.0
120841.19568502209,0,4.0
120842.70026624577,0,3.0
120849.6135576659,1,5.0
120849.6141459857,1,2.0
120859.93383513104,0,3.0
120860.37806482549,0,2.0
120860.43605101599,1,3.0
120864.28941256239,0,3.0
120900.05928645315,1,5.0
120901.41189251876,1,3.0
120902.70188812091,1,4.0
120902.7030894415,1,2.0
120902.89257741219,0,3.0
120905.78525811672,1,1.0
120918.4002523922,0,3.0
120925.92807124666,0,5.0
120925.93016834595,1,3.0
120928.4610370365,1,1.0
120929.62896196006,0,5.0
120937.03881318541,1,5.0
120957.1111405071,0,4.0
120959.65841930918,1,4.0
120959.66059810042,0,4.0
120968.4736798442,0,3.0
120975.78948460193,1,4.0
120982.1616421525,0,3.0
120993.1860979486,0,5.0
120999.68264408121,1,3.0
121023.72248178018,0,4.0
121023.78332727088,0,5.0
121024.0157607851,1,3.0
121031.02104050416,1,3.0
121031.02863919923,1,3.0
121031.39526183251,0,3.0
121032.00151388778,0,3.0
121057.06299736044,0,3.0
121064.03877083193,0,5.0
121077.95850837677,0,2.0
121106.84978955456,0,3.0
121111.06396767269,1,4.0
121116.64240320536,1,5.0
121116.6683725436,1,4.0
121117.801410551,1,5.0
121120.5597822591,0,1.0
121134.75614997352,1,2.0
121134.82547414419,1,4.0
121137.06423216552,1,4.0
121167.51057495257,1,1.0
121174.22641995984,0,3.0
121175.84945502414,0,2.0
121179.67025598788,1,3.0
121229.71974854411,1,1.0
121237.59739829617,1,2.0
121238.11804414101,1,1.0
121246.55963168788,1,4.0
121246.76020895493,0,1.0
121304.91097817705,0,4.0
121305.54573358115,1,1.0
121355.99859891606,0,2.0
121371.78054158049,1,2.0
121387.30364840718,0,5.0
121390.90723104586,0,5.0
121392.630861696,0,4.0
121392.63542875441,1,5.0
121395.41823303777,1,1.0
121396.76522365415,1,4.0
121398.42381940907,0,4.0
121400.15377412137,0,2.0
121402.05683204751,0,3.0
121402.12358329662,1,1.0
121402.49438569369,0,1.0
121415.46620346165,1,4.0
121462.86428946235,1,5.0
121462.89345401693,1,1.0
121463.25546985355,0,1.0
121476.11816254017,1,3.0
121484.11391129097,0,2.0
121484.40142607667,0,2.0
121490.17076301124,0,3.0
121493.18036558345,1,5.0
121502.256315225,0,3.0
121509.5561149942,0,5.0
121511.12141299473,0,5.0
121520.72448551968,1,2.0
121520.74591386439,0,5.0
121536.50550922715,0,3.0
121540.51234930626,0,3.0
121540.78850986842,0,1.0
121550.4729724676,1,2.0
121566.66537913411,1,4.0
121566.75174453668,1,3.0
121581.85776193609,0,4.0
121592.6320778946,0,4.0
121594.97227653212,0,2.0
121600.92231096489,1,2.0
121621.0691100271,0,2.0
121627.43238631751,1,1.0
121627.7417124348,0,3.0
121645.677796171,1,4.0
121646.67824551341,1,3.0
121661.90688005925,0,2.0
121670.60095179595,0,4.0
121673.50635817826,0,2.0
121675.87446169846,0,4.0
121675.87879184577,0,5.0
121675.87898193618,1,1.0
121684.63145754328,1,2.0
121699.27216380904,0,2.0
121703.62134214478,1,1.0
121712.86669664737,0,3.0
121716.86385559682,0,3.0
121733.24698890232,0,4.0
121738.0941755794,0,2.0
121740.2841092575,1,4.0
121743.24845736173,1,4.0
121743.38307650949,0,4.0
121749.83174443038,0,2.0
121763.88204900232,0,5.0
121767.30291412302,0,1.0
121777.74393230333,1,2.0
121779.01766272298,0,4.0
121790.88268649743,1,2.0
121792.65908621204,1,4.0
121816.7709026123,0,5.0
121816.77672223479,1,4.0
121816.78883082386,0,1.0
121828.3803312101,1,3.0
121852.7859947911,0,1.0
121858.19284987706,1,3.0
121871.60855670575,0,4.0
121871.93380645549,0,1.0
121874.51187533047,0,1.0
121877.97543557118,1,2.0
121877.97636239445,0,4.0
121878.66200690648,0,1.0
121886.81198042909,0,3.0
121893.37788447576,1,1.0
121898.65920921731,1,2.0
121905.3182132024,0,2.0
121912.59658000445,1,5.0
121917.71827429297,1,3.0
121944.8535662411,0,4.0
121953.7184548724,0,2.0
121957.99732112393,1,3.0
121960.8052121044,1,5.0
121971.80438871414,0,4.0
121972.20040812559,0,5.0
121973.53601084618,1,3.0
121994.80468556387,0,3.0
121994.82246179096,0,5.0
122020.04703931748,1,5.0
122027.83373934162,0,3.0
122046.41876429533,1,2.0
122047.01920526395,0,3.0
122051.62307662342,0,1.0
122061.22198346887,0,3.0
122092.55847966003,1,4.0
122107.20939326719,1,1.0
122111.78169985735,1,5.0
122115.7461074119,0,4.0
122118.24189502872,1,1.0
122128.12101127006,1,3.0
122131.46819299794,0,3.0
122132.31439417682,1,4.0
122133.06517858575,0,5.0
122134.34420438414,0,5.0
122134.87329422717,0,3.0
122135.26274778004,1,3.0
122142.58498567255,1,1.0
122143.25730092212,0,4.0
122143.92649767088,1,5.0
122144.83698477264,0,3.0
122146.33038427412,0,4.0
122149.71463486554,0,4.0
122162.81724460243,0,2.0
122173.78565410379,0,2.0
122174.03199549213,0,1.0
122175.32328091077,0,2.0
122175.42115472449,1,1.0
122175.42837653263,0,4.0
122175.42866307545,1,3.0
122175.43970136585,1,4.0
122175.69896585574,0,1.0
122181.06199287316,0,5.0
122181.07188396312,0,1.0
122181.45861871883,1,3.0
122199.13678653953,0,5.0
122199.14250018958,1,2.0
122225.11691307455,1,4.0
122228.42116192386,0,1.0
122254.77671163244,0,2.0
122256.91279522653,1,3.0
122259.29698644909,0,1.0
122268.6094624473,0,5.0
122268.66388915121,0,3.0
122276.76903235701,0,5.0
122278.6178815643,0,4.0
122282.61869694601,1,1.0
122282.77283241374,1,4.0
122285.01249063983,0,3.0
122301.32421408172,1,1.0
122303.43984272826,1,2.0
122309.37332417665,0,2.0
122314.15597181956,0,3.0
122314.16213824731,1,4.0
122320.8150811005,0,4.0
122320.86262544728,1,4.0
122320.8646119772,0,2.0
122323.41966029117,1,5.0
122324.06160409536,0,2.0
122332.93137477561,0,5.0
122340.03206674068,1,5.0
122340.37975422022,1,5.0
122340.39252893267,0,5.0
122340.4381753072,1,2.0
122352.58527564653,1,3.0
122354.10951939334,0,2.0
122365.03157408869,0,1.0
122370.4974504161,0,4.0
122370.50870074358,1,5.0
122370.51607335106,0,4.0
122370.5252881183,0,1.0
122371.70079115497,1,2.0
122379.29335497115,1,1.0
122387.8866621549,0,5.0
122388.06202999716,1,1.0
122388.0652091471,1,1.0
122394.75516038442,0,2.0
122398.18206253248,0,4.0
122405.89464277533,1,1.0
122408.16990995669,1,5.0
122429.65377791449,1,1.0
122437.01195157616,0,3.0
122437.22068394619,1,1.0
122459.65038821737,1,4.0
122473.76179980049,1,4.0
122473.76332049463,0,2.0
122473.77431723819,0,2.0
122474.05956882283,0,2.0
122474.36297041368,0,2.0
122475.35956586678,1,1.0
122477.39995553707,0,3.0
122493.8010552452,1,5.0
122493.90634823285,0,4.0
122494.13660648327,1,5.0
122503.92523893897,1,4.0
122507.77019035586,0,4.0
122518.85198125358,1,1.0
122523.44451629106,1,5.0
122528.88337021905,1,3.0
122532.56894516299,1,1.0
122540.50752216476,0,2.0
122556.23332296665,1,3.0
122561.56950759981,1,5.0
122561.56954338988,1,5.0
122561.91934209321,0,5.0
122561.91951464467,1,4.0
122561.91980026264,1,5.0
122561.92184044095,1,4.0
122561.9290734045,0,5.0
122561.92947579917,1,4.0
122561.99696312314,1,3.0
122562.18671283274,1,4.0
122562.64153026395,0,2.0
122563.91579625873,0,3.0
122567.82086410958,1,1.0
122571.19700359342,0,3.0
122588.2383981356,0,2.0
122588.24113814424,0,2.0
122602.35921689209,0,1.0
122603.92278873685,1,4.0
122603.92329687031,1,3.0
122603.92828971575,0,1.0
122626.94031332701,0,4.0
122631.59995486999,0,1.0
122640.16539173013,1,3.0
122660.01821901259,1,1.0
122664.0232101325,1,3.0
122671.04451550024,0,4.0
122671.34632934639,0,3.0
122683.22689795183,0,2.0
122684.51702852787,1,3.0
122698.83970040345,0,2.0
122721.9097221121,0,3.0
122725.02158436186,0,4.0
122727.39211695992,0,4.0
122727.60472336916,0,4.0
122735.89012774844,0,5.0
122745.03648988239,1,1.0
122747.3122193425,0,1.0
122762.76372394145,1,3.0
122780.86589895525,1,1.0
122799.98631732135,0,1.0
122802.33742720622,0,5.0
122808.18595861114,1,1.0
122813.66021638217,1,4.0
122815.80129474889,0,3.0
122820.46623907695,1,3.0
122839.57989529967,0,5.0
122840.62752223044,0,2.0
122848.87731773211,1,2.0
122856.44075360989,1,4.0
122860.54091901341,0,3.0
122870.3161142982,0,3.0
122870.34170379871,1,3.0
122906.70768816276,0,1.0
122919.7139977894,0,4.0
122919.7154447214,1,3.0
122923.26245380167,1,1.0
122940.21095219288,0,3.0
122940.29032364757,0,5.0
122940.30715615244,0,3.0
122956.71923269334,1,4.0
122956.72001386421,1,2.0
122956.98996825505,1,4.0
122958.06541005998,1,5.0
122958.0658546029,1,4.0
122958.06692826503,0,3.0
122958.06765507282,1,4.0
122958.61225963547,1,5.0
122962.57410658566,1,1.0
122962.75448973969,0,2.0
122965.15282876132,1,3.0
122968.90400406493,1,2.0
122976.37071426604,0,2.0
122986.04124997476,1,2.0
122994.06617436306,1,1.0
123025.91210527034,0,3.0
123027.2738793641,0,1.0
123034.42656957817,0,5.0
123034.42661137451,1,2.0
123037.28188250186,0,1.0
123039.14994625209,0,1.0
123041.26829736703,0,2.0
123042.87040990843,1,1.0
123055.47603995705,1,2.0
123058.63872461875,1,4.0
123060.06417673075,1,5.0
123060.06682377914,0,5.0
123075.5036990727,1,3.0
123076.88155292034,1,2.0
123088.04647518128,1,1.0
123092.58278777715,0,3.0
123097.71823933373,0,1.0
123126.63194152614,0,2.0
123126.67883315601,0,3.0
123131.30358708785,1,5.0
123139.06532090409,1,5.0
123139.07826996519,1,2.0
123140.19236432732,0,4.0
123140.22878803928,1,5.0
123140.65384150155,1,4.0
123153.18955552168,0,1.0
123153.25918356588,0,5.0
123153.26105575552,1,2.0
123154.02079118544,1,1.0
123154.89248576731,0,5.0
123171.59004437194,1,3.0
123174.13546229397,1,1.0
123179.89789417452,0,1.0
123205.62194660744,0,1.0
123208.46863298074,0,3.0
123220.41219967035,1,4.0
123221.98629737974,1,2.0
123245.93580637386,1,4.0
123245.93845376105,1,5.0
123245.9550939701,0,4.0
123248.17874491123,1,3.0
123258.16833190265,0,3.0
123269.69202928052,1,3.0
123273.8333820112,1,1.0
123273.8408407894,1,4.0
123291.47576707779,0,5.0
123292.18696546844,1,4.0
123292.18847964088,1,2.0
123299.47448728354,1,5.0
123300.2827489959,1,3.0
123300.30362032037,1,5.0
123304.13752376243,0,3.0
123320.95085513679,1,2.0
123326.69299437024,0,2.0
123326.69624265331,0,3.0
123337.06442269614,0,3.0
123337.77397103647,0,3.0
123371.00397518392,1,1.0
123372.73822923363,0,3.0
123395.28538882916,0,5.0
123401.02528148386,0,5.0
123401.02704439561,0,2.0
123406.63469176086,0,4.0
123413.06988352243,1,4.0
123415.09295128996,1,4.0
123415.94952387293,1,4.0
123427.79554488274,0,2.0
123455.58444812773,0,5.0
123455.60188238774,1,3.0
123466.1242043465,1,1.0
123468.16165210106,0,5.0
123471.21066591739,0,4.0
123471.22200166232,1,3.0
123473.11591322164,0,3.0
123474.67721431183,1,4.0
123474.75084894004,0,5.0
123491.88376523036,1,3.0
123499.06079533926,0,1.0
123510.58255856663,0,4.0
123511.12576400638,1,4.0
123513.35325562752,1,1.0
123517.97465840542,0,5.0
123517.97482343587,0,5.0
123517.9751978898,1,2.0
123517.9785761519,1,2.0
123517.99339335335,1,2.0
123536.68391392908,0,4.0
123536.68417757598,1,3.0
123537.53374647272,1,1.0
123539.66760872223,0,1.0
123565.70098322566,1,2.0
123576.03309020656,1,3.0
123582.4632004096,1,2.0
123591.695627529,0,2.0
123595.46605848019,1,3.0
123600.12178874802,1,2.0
123604.17070764171,0,5.0
123606.50076442932,1,3.0
123618.16284818262,1,5.0
123618.17607251636,1,3.0
123633.05464419266,0,2.0
123651.45688299781,0,1.0
123652.2456680226,1,2.0
123653.41329705695,0,1.0
123654.16651724905,0,3.0
123660.28494842448,1,2.0
123670.46003417927,0,3.0
123670.8621235429,0,2.0
123672.47735818209,1,5.0
123677.8221199516,0,3.0
123677.82292120348,0,4.0
123682.73775286494,1,1.0
123691.24623897078,0,1.0
123698.44961718681,0,4.0
123728.02858184662,1,5.0
123728.05713549582,0,5.0
123728.05776520623,1,4.0
123728.06147641415,1,3.0
123728.06150163396,0,4.0
123732.5211650625,0,1.0
123775.54072682654,0,2.0
123780.39541817918,0,2.0
123784.6505782798,1,1.0
123791.82501751471,0,2.0
123821.29889275275,1,5.0
123850.61765934878,1,1.0
123860.8133223432,1,5.0
123871.46173723512,0,5.0
123871.46240792419,0,2.0
123874.91814347681,1,1.0
123883.17345202532,0,3.0
123897.28300809854,1,2.0
123897.76817930695,0,4.0
123904.73438999,1,1.0
123913.748875751,0,5.0
123913.77303405934,0,3.0
123920.92544957594,1,5.0
123921.77167626683,0,3.0
123944.57268062896,0,2.0
123956.42622391088,1,5.0
123956.42747382146,0,4.0
123957.34087049669,0,4.0
123957.53151226467,1,3.0
123962.74073443537,1,1.0
123983.82354974638,1,3.0
123988.2906832075,0,3.0
124002.63491112902,0,1.0
124007.54119202805,0,2.0
124014.90865650601,0,5.0
124025.3270065486,1,2.0
124029.38451157998,0,5.0
124032.71425560761,0,2.0
124034.28677977236,0,3.0
124040.21339410299,0,1.0
124042.94863141197,0,3.0
124049.0195167369,0,5.0
124050.57007835737,1,4.0
124054.81048144067,0,1.0
124067.62452565644,1,4.0
124068.67550104139,0,3.0
124070.28492077117,1,3.0
124096.55655226769,1,1.0
124103.23985762232,1,5.0
124103.24015334481,1,3.0
124103.24089657326,1,3.0
124103.24283715068,1,4.0
124103.25059155017,1,4.0
124110.9646584516,1,4.0
124113.04583751642,0,1.0
124115.70785964002,1,1.0
124130.98193487509,1,5.0
124138.85408293088,0,1.0
124160.37685862508,0,3.0
124181.92112748929,1,4.0
124185.618598646,1,2.0
124188.78075923811,0,1.0
124196.04528122436,1,3.0
124196.26524069326,0,2.0
124215.93026693279,1,4.0
124215.93365946507,0,2.0
124226.90865444789,0,2.0
124231.37845423893,0,4.0
124231.37963031005,1,2.0
124232.4530350253,0,5.0
124255.17703390097,0,3.0
124261.79065610936,1,5.0
124261.79980854831,0,5.0
124261.79990008967,1,3.0
124261.80441098296,0,1.0
124261.94685257805,1,2.0
124262.75254141499,1,5.0
124262.75314823649,0,4.0
124262.75326499993,1,3.0
124285.59133296073,0,5.0
124285.59557311448,0,4.0
124285.68298139551,0,5.0
124285.71470891948,1,3.0
124291.89371568244,1,4.0
124291.98969952147,0,2.0
124292.15273208456,0,1.0
124305.5866544149,0,4.0
124309.63238797136,1,3.0
124309.64071040179,1,3.0
124309.78168754005,1,2.0
124311.28338215819,1,4.0
124314.98940115485,1,3.0
124316.39947697276,1,1.0
124326.85859586159,1,2.0
124331.99509628398,0,1.0
124346.26104532611,1,4.0
124348.57415143435,0,3.0
124348.58080523497,0,1.0
124360.19147102465,1,1.0
124360.4456743383,0,3.0
124360.74627908098,0,5.0
124361.12487370422,0,4.0
124361.13703676681,1,4.0
124361.99988160188,0,1.0
124364.00264484507,1,5.0
124364.1082625869,0,1.0
124381.95782951129,1,2.0
124399.69494737238,1,3.0
124400.6905471877,1,3.0
124405.44331706404,1,1.0
124408.3389546654,0,1.0
124423.28691047174,1,2.0
124432.36439504767,1,2.0
124432.41626016027,1,4.0
124443.67325809404,1,2.0
124450.11489130321,1,2.0
124469.19792833053,1,1.0
124470.66582365584,0,3.0
124470.9896829816,0,4.0
124471.80121411973,0,1.0
124472.23365258821,0,2.0
124475.75559002,1,1.0
124476.95558525503,0,4.0
124500.30082399267,1,1.0
124516.3669134398,0,3.0
124533.14660153187,0,5.0
124533.14892311984,0,2.0
124535.98768514066,1,4.0
124540.19863267509,0,2.0
124558.47657854191,0,4.0
124559.4110947244,0,5.0
124566.19419068763,1,5.0
124566.56345812013,1,4.0
124567.45387930324,0,3.0
124567.45508056373,1,5.0
124567.46296408142,0,1.0
124567.50962143588,1,5.0
124567.50992941618,0,5.0
124567.6090628386,1,4.0
124567.66502093448,0,2.0
124567.71576109504,0,4.0
124568.60879752792,0,5.0
124568.60888582894,1,4.0
124571.95642102482,1,1.0
124574.8200367907,1,5.0
124574.82405185502,1,3.0
124581.61176423379,1,4.0
124591.30485718872,0,5.0
124591.32033026323,0,4.0
124591.41377154467,0,5.0
124596.46585554458,0,1.0
124606.31437589323,0,5.0
124606.3165020104,1,1.0
124608.79298416869,1,3.0
124616.47456879653,1,3.0
124662.1995947441,1,2.0
124674.36580702578,0,3.0
124680.57904531751,1,3.0
124690.12035426307,1,2.0
124692.19774741484,1,1.0
124693.57604387165,1,2.0
124706.28475470221,1,5.0
124706.60366053382,1,5.0
124712.58459363773,1,5.0
124721.09601472097,1,4.0
124721.0970098433,0,3.0
124721.12592261023,0,1.0
124723.2090283783,1,4.0
124730.72501810848,1,5.0
124731.39328732633,1,2.0
124743.21821360126,0,1.0
124748.49318479835,0,1.0
124753.93917688672,0,4.0
124769.02181056721,1,1.0
124774.2611595351,0,4.0
124785.33107485918,0,1.0
124800.35434959733,0,2.0
124801.21004984883,1,1.0
124806.80169186518,1,3.0
124809.48319889903,1,5.0
124813.0152213602,0,2.0
124827.31938573689,1,1.0
124843.91672917445,1,1.0
124844.37251752912,1,2.0
124849.04447590932,1,3.0
124856.58577217933,0,5.0
124859.87930867124,1,3.0
124861.93954722848,1,3.0
124862.85270342405,0,4.0
124865.78214318315,0,3.0
124889.95533446442,0,5.0
124896.0575403071,1,4.0
124907.86618125872,0,3.0
124911.71360836265,0,2.0
124921.61972681314,1,5.0
124941.2618790855,0,2.0
124957.48554752789,0,4.0
124960.22164827744,1,2.0
124973.25725513726,1,1.0
124999.52141812915,1,5.0
125005.14676918449,0,5.0
125005.18189267839,0,2.0
125015.11409086495,0,1.0
125024.69239894864,0,1.0
125035.37800288583,1,4.0
125048.77662277831,1,3.0
125049.66716505366,0,2.0
125054.38606514044,0,3.0
125055.0238995887,1,3.0
125059.12336618823,0,3.0
125060.06213047821,1,2.0
125060.41431764378,0,4.0
125060.41444520166,1,5.0
125062.55336905374,1,5.0
125066.37078589298,1,2.0
125067.43551947585,0,1.0
125075.35086603802,1,1.0
125076.85295952535,1,3.0
125096.27167439053,0,4.0
125112.90414479232,0,2.0
125117.86608037763,1,4.0
125126.48874227717,0,1.0
125135.08404884639,1,4.0
125138.81008840869,0,2.0
125141.43844066793,1,1.0
125163.07064433428,0,5.0
125203.84801499244,1,2.0
125209.15138410439,1,3.0
125212.1879433219,1,4.0
125239.49598924452,1,5.0
125246.39271339605,0,2.0
125253.25859616867,1,2.0
125255.0553037901,0,4.0
125259.01854672175,1,3.0
125264.0033587165,0,1.0
125264.00995130186,0,3.0
125275.06419453335,1,1.0
125290.29163883436,1,2.0
125294.44870708915,1,2.0
125328.35874044472,1,2.0
125347.75565984914,1,4.0
125355.13031723487,0,5.0
125355.13150367,1,5.0
125377.27921402219,1,1.0
125384.32353729774,1,4.0
125394.45611220505,0,3.0
125395.83552869322,0,3.0
125395.83559585841,1,2.0
125398.38119852135,0,3.0
125399.28130143357,0,3.0
125400.52076731253,1,3.0
125400.53368675546,0,1.0
125410.83802354333,0,2.0
125410.96074508896,1,3.0
125415.03214437662,0,2.0
125438.15579734762,0,4.0
125439.61916579868,1,1.0
125455.19999275,1,1.0
125485.6446855643,0,5.0
125485.64809874,1,1.0
125485.66140435617,0,3.0
125489.28983103644,0,5.0
125499.07974699864,0,1.0
125502.22322375186,1,5.0
125504.85989397396,0,1.0
125513.12790756814,0,2.0
125517.02559800025,1,1.0
125529.88417349647,0,1.0
125529.88816201477,1,5.0
125529.88819967628,0,1.0
125529.88846765774,0,4.0
125531.21591002092,0,5.0
125531.22377975806,0,3.0
125573.6616791429,1,3.0
125574.23834492922,1,4.0
125588.68472418717,1,5.0
125599.36032511696,0,4.0
125604.17852001435,1,1.0
125616.80428189722,0,1.0
125619.26334632997,0,1.0
125625.38852975232,0,3.0
125636.13658234474,1,5.0
125636.1372232091,0,5.0
125636.16360946967,0,1.0
125636.35104201324,0,4.0
125641.2204211819,0,3.0
125654.37149784224,0,4.0
125659.08793087775,0,4.0
125659.09361173499,1,4.0
125659.66133040065,1,3.0
125669.10381041047,0,5.0
125673.12311017356,1,1.0
125677.10841245735,1,1.0
125677.88286678851,0,4.0
125682.17509609504,1,5.0
125682.2785139038,1,2.0
125682.58728023322,0,2.0
125688.18060558055,0,2.0
125694.74062995364,0,5.0
125696.81682548698,0,2.0
125702.57660913562,1,1.0
125707.9309716762,1,1.0
125731.95309643258,1,2.0
125732.04466571643,0,3.0
125742.24619320383,1,4.0
125743.5141631887,0,1.0
125749.95042417913,1,1.0
125762.00966709899,1,3.0
125764.31132218678,1,4.0
125768.09972562036,1,1.0
125783.88402439027,0,2.0
125795.10942151722,0,2.0
125828.70185595701,0,3.0
125828.70465033573,0,5.0
125829.86214919203,0,1.0
125840.51087180256,0,1.0
125843.80318938095,0,2.0
125851.82433478246,0,1.0
125855.71457136772,0,5.0
125855.71873375193,1,3.0
125856.79926992829,1,1.0
125875.36008467917,0,4.0
125880.08434066536,0,3.0
125886.67659892101,1,2.0
125889.67636859974,0,2.0
125899.72799701752,1,3.0
125906.89929098455,1,3.0
125907.30080431134,1,3.0
125912.3340162669,1,3.0
125914.6332138037,0,4.0
125915.79813418818,0,4.0
125941.38598998162,1,1.0
125949.5138379121,0,1.0
125955.234018475,0,3.0
125963.77694783606,0,5.0
125963.80874454988,0,3.0
125964.06882710753,0,3.0
125964.06972887518,0,3.0
125968.27640746081,1,4.0
125970.4354585374,1,2.0
125970.4617822475,0,5.0
125970.4685411907,1,4.0
125970.48100382538,0,5.0
125979.6411885875,0,4.0
125979.64224563689,1,3.0
125980.3224070721,1,5.0
125982.83636430698,1,2.0
125988.58619120171,0,3.0
125997.49485060106,0,5.0
126018.44006694718,0,5.0
126031.55226397734,0,5.0
126047.425176414,1,4.0
126059.30492737539,1,4.0
126059.58562311313,1,4.0
126059.59131075858,1,1.0
126069.14264687515,0,3.0
126073.36496906668,1,1.0
126074.11832336798,0,4.0
126074.15365806394,1,5.0
126078.97872930342,0,5.0
126089.86177076385,1,2.0
126108.57102325866,1,3.0
126114.04600086482,0,4.0
126114.04711391973,0,4.0
126114.45970705025,1,5.0
126114.56400801484,1,3.0
126116.05366059321,0,2.0
126118.91132182724,0,3.0
126138.92471762952,0,3.0
126143.20294703712,0,1.0
126147.15429711642,0,1.0
126147.98404489926,0,5.0
126148.2951806371,1,4.0
126165.57176776379,0,5.0
126165.98464470552,1,5.0
126194.20355813835,1,5.0
126194.70336293313,0,1.0
126220.20673884162,1,5.0
126223.93052964307,1,5.0
126228.33474214315,1,4.0
126228.59588648574,1,1.0
126240.55648122098,1,2.0
126242.89081548502,1,1.0
126243.17396510018,0,3.0
126254.02435057021,1,5.0
126262.73587968045,1,3.0
126263.8629390213,1,5.0
126268.26676261419,1,4.0
126268.58069254285,0,1.0
126278.93200841808,0,1.0
126278.93323309523,0,2.0
126283.49904514157,1,2.0
126289.54075653783,1,3.0
126318.08753499838,1,2.0
126325.78951504931,1,5.0
126326.68312183148,0,5.0
126326.68446972551,1,4.0
126326.68526416863,1,2.0
126326.72514949895,1,1.0
126327.33638814208,1,5.0
126327.33709931884,0,4.0
126344.6929708525,1,2.0
126363.79294834606,0,4.0
126376.91403742957,0,5.0
126376.91573532262,1,1.0
126376.93278949459,0,5.0
126376.93954348669,0,3.0
126376.9432804142,0,3.0
126391.42191054422,0,3.0
126394.77155662523,1,5.0
126394.83218279722,1,4.0
126394.83385381929,0,3.0
126400.15080033372,1,1.0
126403.1508051908,0,2.0
126403.1519218059,0,4.0
126422.7690159661,1,1.0
126425.77177852963,0,3.0
126425.78162449221,0,5.0
126428.13261195505,0,2.0
126428.14423400095,1,2.0
126431.49712426357,1,3.0
126466.56897150667,1,3.0
126466.86220325434,1,1.0
126474.33773510062,1,4.0
126474.40072474066,1,2.0
126532.46672413345,1,1.0
126552.8766139922,0,5.0
126552.87787693647,1,1.0
126554.39623291061,1,3.0
126567.33435188992,1,4.0
126568.97683756422,1,3.0
126570.95009091061,1,2.0
126576.00607370072,1,1.0
126597.2822928107,1,4.0
126609.36363103699,0,4.0
126623.88563944156,1,5.0
126670.67459342655,1,3.0
126690.615933544,1,4.0
126707.58875550957,1,4.0
126709.0839206264,0,5.0
126720.35295571332,0,5.0
126728.72242678772,0,4.0
126742.16681818708,1,2.0
126749.50272752198,1,4.0
126756.69036292328,1,5.0
126756.70739181999,1,5.0
126773.75848125582,1,5.0
126775.74074147192,1,4.0
126795.08107531056,0,2.0
126796.46569888538,1,3.0
126801.67377601854,0,1.0
126803.0441767312,0,5.0
126803.04443150247,1,3.0
126803.04870009687,1,5.0
126803.05230843194,1,4.0
126803.05807417288,1,1.0
126804.58681231877,0,5.0
126804.58696927011,1,5.0
126804.5918470121,0,1.0
126804.59466281501,0,5.0
126804.62082985725,1,2.0
126806.93017837599,1,4.0
126806.9372519276,0,1.0
126816.07286787815,0,3.0
126816.08083053619,1,1.0
126824.67329542854,0,5.0
126824.68184226504,1,4.0
126825.05715793381,1,2.0
126853.20977418216,0,4.0
126859.61173342283,1,2.0
126884.35092669666,0,3.0
126884.35426399046,1,4.0
126906.96952963951,1,2.0
126907.50877206729,0,2.0
126907.51097211413,0,1.0
126919.17354485655,0,3.0
126920.4060712768,1,1.0
126923.42436873303,0,1.0
126925.11740646364,0,3.0
126934.09961646152,0,1.0
126960.60954807159,0,2.0
126963.81974827076,1,1.0
126970.12318055816,1,3.0
126971.0291129658,1,1.0
127001.11779730803,1,3.0
127013.4288084964,1,5.0
127020.23454345505,1,4.0
127055.20936840051,1,2.0
127066.73910587386,1,2.0
127066.76454080608,1,5.0
127071.11285833098,0,5.0
127071.12523514009,1,4.0
127071.12545062826,0,1.0
127072.3789778939,0,1.0
127073.00720564942,1,4.0
127073.06494275446,1,1.0
127074.34104643801,1,1.0
127077.57727321771,0,3.0
127088.35372742603,0,4.0
127106.47063086373,1,2.0
127130.91197156467,1,5.0
127131.19473858803,1,1.0
127131.59930759935,0,1.0
127145.44325265428,0,3.0
127146.06383155854,0,1.0
127152.54279926006,1,4.0
127152.55639203916,0,4.0
127158.83310680225,1,4.0
127167.06052639002,1,3.0
127170.88352697564,0,5.0
127171.05549007471,1,1.0
127179.69541435875,0,3.0
127185.85683781715,1,5.0
127191.13769612851,0,3.0
127195.62230520781,0,4.0
127195.64598363165,1,4.0
127197.58180324272,1,1.0
127214.25474162296,0,5.0
127219.8663182591,1,4.0
127233.43266162553,0,3.0
127233.43538455894,0,4.0
127238.48581804696,0,3.0
127238.48589984167,0,5.0
127240.0805248241,1,1.0
127243.57472087,1,1.0
127255.47832409393,1,1.0
127259.48943903112,0,4.0
127267.54467190953,0,3.0
127278.59863088049,1,5.0
127284.50163492806,1,3.0
127285.93648060552,0,4.0
127305.16937813691,1,4.0
127305.22386364914,0,1.0
127324.58953459603,0,5.0
127330.03357398867,0,4.0
127330.05153604448,0,4.0
127333.43567046248,0,3.0
127333.4692807691,1,2.0
127337.66377995732,1,4.0
127337.66685760784,0,1.0
127356.89589609625,1,4.0
127367.12796901795,1,3.0
127370.55538248514,0,5.0
127370.59258272283,1,4.0
127371.158215582,0,5.0
127372.17533349172,0,5.0
127373.27170397788,1,5.0
127375.12067338468,0,2.0
127377.97627901353,1,4.0
127379.54266094089,0,3.0
127386.92882771479,1,2.0
127388.54180447603,0,4.0
127391.57612676593,0,1.0
127412.88376231193,1,1.0
127415.25563987283,1,5.0
127415.25596898438,1,2.0
127415.26122584478,0,5.0
127416.71111773304,1,5.0
127421.19611318028,0,5.0
127421.22918736647,0,2.0
127421.95164895005,0,4.0
127426.78116984114,1,4.0
127432.86531509843,1,5.0
127432.8676876217,0,2.0
127433.87926719173,1,2.0
127434.68252459378,1,3.0
127438.24350091803,1,2.0
127453.23310491508,0,4.0
127454.13692054784,1,3.0
127454.78901850649,1,4.0
127459.16338201286,0,5.0
127459.3736275289,0,2.0
127467.45571081761,0,5.0
127470.29217510163,1,3.0
127477.73531810446,1,1.0
127484.20597043962,1,2.0
127487.36974010301,1,5.0
127487.37004419914,0,4.0
127500.5895996377,1,1.0
127501.1248677471,1,5.0
127502.22658402215,0,5.0
127502.22937029874,0,3.0
127504.88656271821,1,5.0
127527.2387270646,0,5.0
127529.17026085217,1,1.0
127532.68519864425,0,3.0
127535.462295452,0,3.0
127537.48983349174,1,3.0
127539.58178781987,0,5.0
127546.00270859204,1,2.0
127557.82384552935,1,3.0
127568.98215868114,0,4.0
127572.4844301302,0,5.0
127572.48516133853,0,3.0
127572.5346256938,1,4.0
127574.58043070801,0,5.0
127574.58096505342,1,4.0
127574.59869244548,0,4.0
127578.20611723713,1,3.0
127587.46243777998,0,2.0
127598.17528205393,0,3.0
127602.87668295082,0,3.0
127607.98085311156,1,4.0
127607.98288374726,1,5.0
127608.03355328672,0,4.0
127608.03463045658,1,4.0
127608.04193563969,1,2.0
127617.10430970317,0,2.0
127627.08758569753,0,4.0
127635.79119980718,0,2.0
127649.31386956746,1,1.0
127653.4000343968,0,3.0
127656.5263036511,0,1.0
127661.49143211266,1,3.0
127668.59984763585,1,3.0
127670.3623777384,0,4.0
127675.33861230039,0,3.0
127687.14783105742,1,4.0
127687.14787930295,1,1.0
127687.18596861718,1,2.0
127698.56733232467,1,1.0
127700.64138488843,0,3.0
127703.87683194062,0,3.0
127709.34782873174,0,3.0
127719.56699546293,0,3.0
127719.78067100765,0,2.0
127728.67679081064,1,3.0
127734.20550113387,0,5.0
127734.20650605383,1,2.0
127741.89535282405,0,2.0
127744.03869465951,0,3.0
127753.74730748117,1,2.0
127758.74232547224,1,1.0
127759.26942376755,1,2.0
127765.35933327221,0,4.0
127765.37085782774,1,5.0
127765.55902917247,0,1.0
127769.1597138429,0,1.0
127783.82458293132,1,4.0
127783.83873169434,1,1.0
127783.89053695819,1,3.0
127783.89222932726,0,5.0
127784.84150088875,0,3.0
127799.5820184711,1,3.0
127816.74294886315,1,5.0
127824.18778297747,1,2.0
127841.26122175131,0,4.0
127841.26178119451,0,1.0
127845.11170498781,0,4.0
127846.73386267309,0,1.0
127849.19327654436,1,5.0
127849.26990422381,1,5.0
127849.26991983777,0,5.0
127855.61815549053,1,4.0
127855.61973499,0,4.0
127855.62159408175,0,4.0
127863.05898149907,1,2.0
127886.06331127124,0,2.0
127900.61356695138,0,5.0
127905.26022852061,0,1.0
127912.83741172371,1,2.0
127914.29586593815,1,2.0
127914.29721751512,1,3.0
127918.32880734651,1,2.0
127922.95136451541,1,5.0
127923.27919152423,0,1.0
127926.49436243591,0,4.0
127926.49961604681,1,4.0
127928.5510140419,0,3.0
127931.15181169653,1,2.0
127938.75467685677,1,3.0
127942.88050924783,1,5.0
127943.64983198333,1,3.0
127948.23566424723,1,3.0
127948.36881232726,1,2.0
127974.64410697714,0,2.0
127977.77472692584,0,4.0
127977.77612558901,1,3.0
127978.08825244875,1,5.0
127978.63078112749,1,5.0
127978.63140950004,0,4.0
127978.65979325665,1,2.0
127978.6673992254,1,3.0
127978.77500012577,1,1.0
127979.07475281254,1,3.0
127993.2752683247,0,3.0
128017.87691244316,1,3.0
128022.24426077571,0,4.0
128022.2455341332,1,4.0
128023.7625604268,1,2.0
128023.87920696716,1,5.0
128023.88661047509,0,3.0
128023.89193864666,0,1.0
128025.10945902838,0,4.0
128037.41524869014,0,2.0
128037.54422452342,0,1.0
128037.59156255364,0,3.0
128047.02004518597,0,1.0
128054.08913732583,1,4.0
128054.14569366598,0,2.0
128060.7489807008,1,5.0
128070.88937395827,1,3.0
128088.14438872717,0,4.0
128088.1581129268,1,4.0
128088.16107709047,0,5.0
128091.36059760417,1,3.0
128110.96148147815,0,5.0
128110.96364181879,0,3.0
128113.03535153125,0,3.0
128128.0711046375,1,2.0
128128.21373573878,1,1.0
128128.78133170892,1,3.0
128144.67136874585,1,5.0
128151.94939443034,0,4.0
128152.00014468355,1,2.0
128172.24746922444,0,5.0
128172.25097374416,0,1.0
128179.98115493912,0,5.0
128179.98129338867,0,4.0
128179.98951233935,1,1.0
128210.9764928107,0,2.0
128219.36084484242,1,1.0
128239.17726687032,1,4.0
128239.1811147407,0,4.0
128239.18201771124,1,5.0
128239.1850900056,0,5.0
128239.1924743586,0,3.0
128239.37519821372,1,1.0
128243.00539349116,1,1.0
128244.10444199014,0,3.0
128244.67754415242,0,3.0
128244.87297530397,1,1.0
128245.27173127136,0,3.0
128253.36152709824,0,4.0
128253.38097950035,0,4.0
128257.89349918168,0,4.0
128264.08331402468,1,1.0
128264.15699407001,1,5.0
128264.1573507637,0,3.0
128264.4443475545,1,1.0
128277.76231150787,0,5.0
128287.00319722008,1,2.0
128287.00684419523,1,1.0
128287.08976234046,0,3.0
128295.99943215771,0,5.0
128300.80122145667,1,1.0
128302.71347477015,0,5.0
128302.71972343094,1,1.0
128308.16793238395,0,1.0
128318.84727592683,1,1.0
128323.34834517965,0,4.0
128326.94024873324,0,1.0
128328.01443319485,1,5.0
128328.01498409151,0,2.0
128329.85432682346,0,4.0
128329.95515179317,0,4.0
128330.33351711447,1,2.0
128330.5541162364,1,1.0
128343.99293379826,1,2.0
128344.00254151893,0,2.0
128364.6328798083,1,5.0
128369.63089215285,1,5.0
128383.36291484277,0,2.0
128388.4487814239,0,4.0
128410.94968188477,0,3.0
128410.98215748118,0,1.0
128411.0781378785,0,1.0
128417.26807453405,0,2.0
128437.84610050397,0,1.0
128439.37784705726,0,4.0
128449.84818485532,0,5.0
128449.84954454923,1,5.0
128449.86373971599,1,2.0
128459.20179128512,1,4.0
128474.44271958286,1,4.0
128474.51983220193,1,3.0
128475.0697231936,0,1.0
128475.07023790354,1,4.0
128476.2641072693,0,5.0
128476.59654680415,1,5.0
128476.59740510648,0,2.0
128481.91450289263,0,2.0
128486.60989963163,0,3.0
128513.90790098539,0,4.0
128514.71454873294,1,3.0
128517.70546220598,0,5.0
128519.89519444417,1,5.0
128535.59104174234,0,1.0
128538.44317763319,1,4.0
128554.27110144706,1,5.0
128554.27283830273,0,3.0
128554.41017957716,1,5.0
128561.26617783315,0,1.0
128561.29861093276,0,4.0
128566.53696285003,0,3.0
128575.59813544333,0,2.0
128578.64953909093,0,4.0
128580.04737786598,1,1.0
128595.89724845333,1,5.0
128605.35706524535,0,3.0
128607.52922063961,0,5.0
128617.27904062992,1,2.0
128620.44695789796,0,5.0
128620.4507587339,1,1.0
128620.5626946108,1,4.0
128620.59224148942,0,2.0
128625.95598224562,0,2.0
128633.98912847429,0,3.0
128641.12594007535,1,1.0
128646.40986007708,0,1.0
128650.07361150793,0,4.0
128651.75663715028,1,1.0
128653.55238823628,0,1.0
128657.14228258732,0,2.0
128658.42426090987,0,4.0
128658.4260227201,1,2.0
128666.79393835738,1,4.0
128670.05464212337,0,2.0
128670.4531171213,1,5.0
128671.17686170925,0,3.0
128674.14813224303,0,2.0
128674.59486980898,1,1.0
128674.79552039536,0,3.0
128700.99084669002,0,3.0
128700.99115621932,1,2.0
128701.4015653523,1,3.0
128704.4594212345,1,1.0
128709.2316315014,0,5.0
128711.28996751651,0,1.0
128716.435152703,0,2.0
128725.97350208882,0,3.0
128726.56318486876,1,1.0
128739.53637246098,0,3.0
128740.0709752312,1,5.0
128741.5476478857,0,1.0
128747.63700082588,1,5.0
128750.24452217117,0,1.0
128755.56385197541,0,4.0
128760.46718929899,0,5.0
128795.03605433328,0,5.0
128801.82193277389,1,3.0
128801.82322416874,1,3.0
128802.79037351192,0,3.0
128805.89599847316,1,5.0
128812.45209000287,1,5.0
128830.85527035376,1,3.0
128841.01707376725,1,2.0
128848.39688039622,0,5.0
128852.30771605465,1,1.0
128856.75014747093,0,2.0
128859.08296258267,1,2.0
128881.01483179202,0,5.0
128881.11520967996,0,3.0
128888.23448713777,0,5.0
128926.5876973609,0,3.0
128926.64485271377,0,5.0
128962.77839099475,0,1.0
128978.02897732191,1,5.0
128978.02908876564,1,2.0
128978.03098817523,1,1.0
128984.09757560081,0,5.0
128984.81502528983,1,2.0
128997.86953011535,0,2.0
129019.28601018368,0,3.0
129030.91466558746,1,5.0
129034.88271153136,1,5.0
129035.11024082835,0,1.0
129059.05085067586,0,4.0
129068.7227554326,1,2.0
129075.5492549651,1,4.0
129077.48117490574,0,3.0
129092.83165516355,1,2.0
129098.47636577584,1,1.0
129103.2083125495,0,1.0
129103.60013762445,0,3.0
129112.02123653462,1,2.0
129112.055697531,0,1.0
129123.16632967463,1,1.0
129146.1943983963,1,5.0
129146.20572012973,0,4.0
129154.90150688932,1,2.0
129158.71789922922,0,2.0
129166.52014862318,0,4.0
129166.52265904617,0,3.0
129166.67690895477,0,1.0
129186.81860647642,1,5.0
129192.04985149167,0,1.0
129198.16052028873,0,2.0
129198.1670784066,0,5.0
129212.67857084083,0,2.0
129219.58005902074,0,2.0
129227.20475021613,1,1.0
129230.83901607095,1,5.0
129259.62485784518,1,3.0
129261.90344652384,0,4.0
129261.90660986942,0,4.0
129262.07709385121,0,1.0
129263.07297330741,1,4.0
129268.11694545689,1,4.0
129268.13474935133,1,1.0
129269.04449511284,0,3.0
129273.23578099652,0,2.0
129289.86484867313,1,2.0
129299.7417623034,0,3.0
129301.5294961559,1,5.0
129307.37658328732,1,4.0
129307.6354154052,1,1.0
129309.1897125827,1,4.0
129324.66762480556,0,5.0
129349.49852070678,1,2.0
129359.44028104855,0,5.0
129364.38005482292,0,5.0
129364.38010152616,1,1.0
129364.4405426591,1,2.0
129374.40838113002,1,3.0
129379.6471275742,0,3.0
129380.29478020784,1,3.0
129381.18754029721,1,4.0
129381.83425775004,1,5.0
129383.21739893124,0,4.0
129394.38573278431,1,4.0
129428.50342923786,0,5.0
129428.51402769994,1,4.0
129428.51828077299,0,2.0
129429.45764049937,0,2.0
129430.72820436777,1,4.0
129439.79240713897,1,4.0
129439.79591543063,1,4.0
129465.07229574028,0,1.0
129466.71069537419,0,5.0
129473.72205972936,0,1.0
129484.86850576242,0,1.0
129502.51608659289,1,1.0
129513.35507623495,1,5.0
129513.35542671781,1,2.0
129513.35671780293,0,5.0
129513.35673027662,1,1.0
129513.40214657824,1,2.0
129523.33550995549,0,3.0
129532.57424440069,0,3.0
129536.24830654409,1,2.0
129536.54812612954,1,1.0
129540.47547736974,0,2.0
129540.47703439574,1,3.0
129556.21716839478,0,4.0
129557.1284045676,0,2.0
129569.75950855364,1,1.0
129583.16424350672,1,5.0
129583.63032931088,1,2.0
129586.00268754225,1,2.0
129594.19606030494,0,5.0
129599.67305301415,1,1.0
129602.41503690874,0,4.0
129602.41819343656,0,1.0
129602.71658983949,0,5.0
129602.72244182178,1,3.0
129615.16653090173,1,5.0
129616.47321827263,1,4.0
129635.17287539362,0,1.0
129638.84703724219,0,1.0
129639.13476043391,0,3.0
129645.26235484128,0,5.0
129645.26266805707,1,1.0
129645.26336366766,1,1.0
129685.72709636958,1,4.0
129686.82946171897,1,5.0
129687.94336154642,0,2.0
129708.66642979847,0,2.0
129724.59963634606,0,2.0
129727.76624169263,0,3.0
129731.75535273456,1,4.0
129733.32275666055,1,4.0
129758.63603393344,0,5.0
129759.27502234695,1,2.0
129766.10388989767,1,2.0
129802.79154174316,1,1.0
129830.37987524485,0,5.0
129848.47681014311,0,3.0
129874.28715964708,0,2.0
129892.2911758373,1,3.0
129897.70073940289,0,5.0
129897.7255871038,1,5.0
129930.8305381265,0,5.0
129930.86626731702,1,4.0
129932.72409520333,1,2.0
129945.95377680141,0,5.0
129950.43468428912,1,4.0
129950.91767923844,0,4.0
129952.29503129884,0,2.0
129958.60326968807,0,1.0
129970.14194318389,1,2.0
129981.85263343749,1,3.0
129995.756775956,1,3.0
129995.75834390517,0,3.0
129996.10740484508,1,2.0
129996.18274314766,1,5.0
129996.94394360653,1,5.0
129997.17262758533,1,1.0
129997.9238370508,1,3.0
130001.273064257,1,2.0
130009.3558442464,1,4.0
130014.47933183554,1,3.0
130019.52105620269,0,2.0
130033.36842398913,1,1.0
130038.0602268961,1,1.0
130047.87966153852,1,2.0
130049.6140003238,1,4.0
130049.61678320503,0,1.0
130051.43025954286,0,1.0
130051.43031417362,1,2.0
130064.1761933665,0,3.0
130073.90687706528,1,5.0
130075.77002865645,1,1.0
130080.95061714484,0,4.0
130094.2863247163,0,5.0
130094.41369941787,1,3.0
130106.90685571755,0,5.0
130109.25183357233,0,3.0
130116.45126280581,1,5.0
130135.9934575403,1,4.0
130135.99546056439,1,5.0
130159.67189743703,0,1.0
130163.03895362982,1,1.0
130166.14287670208,0,5.0
130168.30297457115,1,4.0
130222.7181278983,0,4.0
130227.48254237573,0,2.0
130255.60216987472,1,5.0
130269.28006886282,1,4.0
130269.2849216402,0,4.0
130269.28584714266,1,1.0
130276.15167283705,1,1.0
130277.20198747647,0,4.0
130277.2104757923,1,3.0
130280.80834081434,0,5.0
130280.80866903995,1,4.0
130282.04691013797,0,5.0
130282.295636922,1,4.0
130282.29624686725,0,1.0
130291.58085830716,1,2.0
130299.53866628106,1,5.0
130299.5678930642,0,3.0
130326.49530406107,1,3.0
130327.64171991125,0,4.0
130340.82778249469,1,4.0
130342.60928300199,0,3.0
130342.61854641988,1,2.0
130353.12211121753,0,1.0
130360.75514653102,0,2.0
130360.7796972929,1,1.0
130370.00045995097,1,1.0
130374.94019056077,0,2.0
130375.24109089594,0,1.0
130395.30068884815,0,4.0
130405.99427817085,0,2.0
130409.86758828972,1,5.0
130415.23766650991,1,3.0
130415.25871334522,0,2.0
130428.75430180065,1,1.0
130435.23129886425,0,4.0
130435.23158486476,0,5.0
130435.2323925175,1,4.0
130435.2402926518,1,1.0
130440.84808560193,1,5.0
130442.93456435509,0,1.0
130444.10637871383,0,4.0
130454.93104195624,0,1.0
130464.49049253456,0,4.0
130474.90424259451,1,3.0
130483.31866024654,1,5.0
130488.28688672103,1,1.0
130496.9078104928,0,4.0
130496.93924146812,1,2.0
130501.56403105847,1,4.0
130501.57013691922,0,5.0
130501.57104363604,1,3.0
130501.58252600003,0,5.0
130501.6363816408,1,1.0
130503.98155841825,1,4.0
130508.43834736753,0,1.0
130515.59331599076,0,5.0
130515.60437320093,1,3.0
130517.50271021438,1,3.0
130518.55621298558,0,1.0
130542.2325532972,0,2.0
130563.77659066215,1,5.0
130569.08251819327,0,2.0
130574.81423936262,0,4.0
130575.16592952306,1,5.0
130575.20268200651,1,1.0
130604.59294029073,1,3.0
130615.43398154562,0,2.0
130634.93320791653,0,2.0
130638.38046833882,0,1.0
130640.41804928714,0,4.0
130640.75255394424,1,5.0
130646.29022302039,0,1.0
130658.09637515429,1,1.0
130663.81021757875,1,4.0
130704.17705178028,0,3.0
130711.58579534736,0,2.0
130719.6677941822,1,1.0
130737.73925611081,0,1.0
130738.00239720778,0,2.0
130745.4665669098,0,1.0
130747.40852905915,0,5.0
130749.96262399942,1,5.0
130749.96634027749,0,2.0
130769.69355372671,0,2.0
130789.68152201867,0,3.0
130836.92320555466,0,2.0
130836.92893872624,0,1.0
130840.28646560574,1,2.0
130841.46830131441,1,3.0
130869.57752727382,1,4.0
130872.52706477506,1,3.0
130872.53297484282,1,3.0
130872.62317759618,0,5.0
130878.90996122679,0,1.0
130886.92831919692,1,5.0
130886.92883059541,0,1.0
130893.55124258385,0,1.0
130910.71165587049,1,1.0
130918.31227533067,0,5.0
130918.3164826156,1,1.0
130918.63105800399,1,3.0
130921.33936917038,1,2.0
130921.35049791362,1,2.0
130930.29001740919,0,5.0
130934.70577375455,1,5.0
130963.8185985159,0,4.0
130963.81955183705,1,5.0
130963.81967641824,0,4.0
130998.0284107268,0,5.0
131001.64333368577,0,5.0
131013.77462211264,0,4.0
131022.20373373762,1,2.0
131033.10886736124,1,5.0
131033.11073943472,0,4.0
131033.11136281348,0,3.0
131037.90600452511,1,2.0
131041.54561632978,0,4.0
131041.5473925171,1,3.0
131048.68430867346,0,1.0
131052.39205749921,1,1.0
131054.66621327725,1,2.0
131056.86837519525,0,4.0
131065.84082712707,1,4.0
131072.8531376502,0,3.0
131073.74750605467,0,4.0
131081.93306155104,1,1.0
131082.30989008263,1,4.0
131082.31014830063,1,1.0
131090.0367134951,0,4.0
131092.97548891717,0,1.0
131097.1392193354,0,4.0
131160.54948591246,1,1.0
131165.8916253224,1,3.0
131174.28288922584,1,1.0
131183.12364724436,1,2.0
131188.6139395957,1,3.0
131188.70417748825,1,2.0
131199.5458170107,1,3.0
131199.7471084916,1,1.0
131199.86417496452,0,5.0
131199.86417754638,0,5.0
131201.15531002128,0,2.0
131212.65180489904,1,5.0
131216.4472621915,1,1.0
131220.71889736853,1,5.0
131229.84827730033,1,1.0
131238.71146158403,0,4.0
131238.73132865247,1,1.0
131242.29921521325,0,1.0
131243.87897428693,1,4.0
131243.88639544212,0,2.0
131243.8867592651,1,2.0
131245.68047753183,1,3.0
131247.91523774888,1,2.0
131251.30221631704,0,1.0
131262.30064691097,1,2.0
131262.30139038476,0,4.0
131263.1883646717,0,5.0
131263.18886104217,1,3.0
131263.7057609118,0,4.0
131270.15462826943,1,5.0
131271.69516225613,0,3.0
131285.62913583708,0,2.0
131293.6920702327,1,2.0
131293.72221074763,0,1.0
131303.84232341117,0,2.0
131305.64738205317,0,2.0
131311.15019503413,0,3.0
131318.59031163208,0,5.0
131319.73839870768,0,4.0
131319.7388989082,1,1.0
131333.25591876075,0,4.0
131346.3209604307,0,1.0
131350.05664039028,1,3.0
131352.80256816745,0,2.0
131365.2390707167,1,3.0
131390.1137831096,1,5.0
131390.19854888375,0,4.0
131399.91444209218,1,3.0
131415.2444898047,1,3.0
131423.2081023571,1,4.0
131423.2681568887,1,3.0
131423.28259778593,1,1.0
131462.07532076217,0,3.0
131469.57845553325,1,4.0
131476.60563343746,0,5.0
131501.33627436627,0,4.0
131501.34086618182,1,5.0
131501.35804484392,0,2.0
131501.36094815843,1,3.0
131509.7559679566,1,1.0
131515.66289899498,0,2.0
131525.68012756036,1,2.0
131537.71665808978,0,5.0
131546.26525592152,0,3.0
131568.10921568787,0,4.0
131570.23981663678,1,3.0
131580.5839019212,0,1.0
131581.78463954583,0,2.0
131590.76016458086,1,3.0
131607.64388215123,0,3.0
131607.64429816866,0,3.0
131607.64742210257,1,2.0
131621.09038590945,1,2.0
131657.38839258664,1,2.0
131678.90996419155,0,4.0
131683.63480263576,0,4.0
131684.05648133272,1,4.0
131695.57602872766,0,1.0
131709.071393284,0,1.0
131710.351769872,1,5.0
131721.18245300776,0,5.0
131721.1837000574,1,5.0
131721.18377031895,1,1.0
131721.18692769972,1,1.0
131721.20654014224,1,3.0
131722.2569018897,0,5.0
131728.91759171232,1,1.0
131735.31831358487,1,5.0
131735.3216121224,0,3.0
131737.6023241305,1,5.0
131737.61327854838,0,4.0
131782.1299248825,1,1.0
131789.12173857822,1,2.0
131791.018873191,1,3.0
131793.46484030207,1,5.0
131793.48103370797,0,1.0
131802.84466860816,1,2.0
131806.4002639885,1,2.0
131811.44841480575,1,3.0
131814.9322622144,1,1.0
131831.8218575793,1,4.0
131848.02772299643,0,2.0
131864.50972630526,0,4.0
131865.47295292735,0,1.0
131877.2258171333,1,3.0
131895.84673378424,1,2.0
131902.09829855975,1,2.0
131918.0689658342,1,3.0
131924.70938163387,1,2.0
131930.05763044822,0,2.0
131953.11739333786,1,4.0
131960.08237635673,0,5.0
131960.0837725453,1,3.0
131960.10155573898,1,4.0
131961.99565327642,1,3.0
131982.77577582924,0,2.0
132007.46037356526,0,1.0
132021.22459148834,1,2.0
132038.68164391821,0,2.0
132040.192180876,1,4.0
132041.25779701804,1,2.0
132049.77173802213,0,1.0
132076.6006902741,0,2.0
132092.05038749857,0,4.0
132101.44587571983,0,1.0
132152.1178422792,0,4.0
132155.54296655633,1,2.0
132163.31894183814,0,1.0
132168.39064439735,1,1.0
132169.78389147017,1,2.0
132179.89123297762,1,3.0
132181.72209164518,1,3.0
132186.9558372844,0,4.0
132201.1797373814,0,5.0
132234.89755123478,1,1.0
132239.68118103297,1,3.0
132241.9471669258,0,1.0
132247.45799473897,1,1.0
132247.6671626085,0,2.0
132267.06089438475,0,3.0
132295.07444034272,1,4.0
132299.70748682396,0,1.0
132300.13234393907,0,4.0
132309.62801490226,0,4.0
132309.86044370703,0,2.0
132316.24095892385,1,1.0
132316.68493297507,1,2.0
132325.5085765701,1,3.0
132330.6997306263,0,2.0
132330.70297971662,0,2.0
132340.31704770253,0,5.0
132341.49685425425,1,4.0
132342.52797417995,0,3.0
132343.30876260702,1,4.0
132346.03018500013,0,2.0
132348.03473705213,0,2.0
132355.0794805936,0,3.0
132369.06720808995,1,5.0
132369.0685272785,1,1.0
132369.08325890743,1,3.0
132369.29564906823,0,1.0
132369.87766094957,1,2.0
132374.66017440156,1,5.0
132374.86383596787,0,4.0
132376.37468339392,0,1.0
132394.7048462633,0,3.0
132395.87792410635,0,2.0
132406.75751297575,1,2.0
132408.03595954337,1,4.0
132421.2992232214,1,5.0
132430.45811983215,0,4.0
132436.1813153552,0,1.0
132441.63100324583,1,3.0
132444.13722398848,0,4.0
132458.14881803116,1,5.0
132458.9941171873,1,3.0
132467.0269637213,1,4.0
132469.0604866178,1,2.0
132473.39518877235,0,4.0
132493.57023001873,1,1.0
132503.65269127878,1,2.0
132539.13643465258,0,3.0
132542.00451239254,1,5.0
132547.30990688974,0,3.0
132555.88467808373,0,3.0
132560.06340704238,0,5.0
132560.06437547423,1,2.0
132560.0646687309,0,3.0
132560.30393335078,1,4.0
132570.46952958012,0,3.0
132583.90291673475,0,1.0
132585.0807362081,0,5.0
132595.2334166386,1,5.0
132595.2335757317,0,4.0
132602.8657500776,0,3.0
132602.87003681462,1,1.0
132610.44353963388,0,1.0
132616.94625563396,1,1.0
132630.68239588337,1,4.0
132644.35651684896,0,4.0
132659.14722301534,0,5.0
132666.6469712969,1,5.0
132666.66205534816,1,4.0
132677.4798197738,1,1.0
132679.10189178545,0,4.0
132684.5464536105,0,5.0
132690.28034625892,0,1.0
132690.97800218032,0,4.0
132691.4917967035,0,3.0
132701.24693837442,0,4.0
132702.84676821018,1,4.0
132724.50186453824,0,1.0
132734.59974610785,1,2.0
132734.76714473593,0,5.0
132737.57091231845,0,4.0
132738.38466835857,0,4.0
132776.15046744392,0,4.0
132779.92092869038,0,5.0
132785.11636780042,1,2.0
132789.19415293,1,2.0
132802.53952227967,0,5.0
132802.5487837565,0,1.0
132803.66699524256,1,2.0
132803.68203784127,0,5.0
132823.93882597663,0,3.0
132828.53112268436,0,5.0
132833.02631783413,1,3.0
132834.5324557214,0,1.0
132850.86026876216,0,4.0
132866.2046878093,1,2.0
132878.27413548957,0,1.0
132884.10463673648,1,2.0
132939.836162889,0,3.0
132941.84325825277,0,1.0
132946.2435319194,0,1.0
132948.75410023963,1,4.0
132948.75789650425,0,2.0
132960.3855664211,0,2.0
132972.01487195236,0,4.0
132972.96504639028,1,4.0
132972.96585127202,0,4.0
132978.136225413,0,2.0
132983.8567038751,1,4.0
132984.19498161375,0,1.0
132984.26372721503,0,2.0
133011.46135883295,0,5.0
133011.48168183732,1,4.0
133011.8308799234,1,2.0
133011.832950297,1,2.0
133012.16719490386,0,5.0
133015.22387210047,0,2.0
133015.35435871655,0,2.0
133016.00660462253,1,2.0
133023.29110022465,1,3.0
133031.88736214404,0,2.0
133034.65395307797,1,3.0
133036.2084874737,1,1.0
133039.8129725487,1,1.0
133062.30994670492,1,2.0
133073.59630714482,0,3.0
133079.31889939148,1,2.0
133091.69148666985,0,1.0
133120.86126740612,1,5.0
133136.3324372836,0,4.0
133150.87111911786,0,1.0
133154.0400451729,0,2.0
133154.48373677087,0,1.0
133156.7288499132,1,3.0
133157.21323343558,0,4.0
133157.21647196746,1,5.0
133157.21748607352,0,5.0
133157.23616135766,0,3.0
133157.2405410015,1,5.0
133161.02422636704,1,5.0
133162.4610314505,0,1.0
133166.08282329878,0,5.0
133166.10723150306,0,5.0
133166.16520652175,1,1.0
133167.02507707846,0,3.0
133169.09540158662,1,1.0
133177.44468053314,0,2.0
133187.73173251183,1,1.0
133214.66290077876,0,3.0
133226.52042506266,0,3.0
133228.45799610115,0,1.0
133256.07268948556,0,5.0
133259.11034189526,1,1.0
